0,1,2,3,4,5,6,7,8,9,10,11,12,13,14,15,16,17,18,19,20,21,22,23,24,25,26,27,28,29,30,31,32,33,34,35,36,37,38,39,40,41,42,43,44,45,46,47,48,49,50,51,52,53,54,55,56,57,58,59,60,61,62,63,64,65,66,67,68,69,70,71,72,73,74,75,76,77,78,79,80,81,82,83,84,85,86,87,88,89,90,91,92,93,94,95,96,97,98,99
0.08157956173503406,0.08175033334612553,0.08193431036089763,0.08213183102530311,0.08234315289283753,0.08256844166192495,0.08280776019642472,0.08306105793435023,0.08332816090217926,0.08360876256067681,0.08390241571237883,0.08420852570029189,0.0845263451215427,0.08485497026835756,0.08519333949169952,0.08554023366011468,0.08589427885797438,0.08625395143364975,0.08661758546969067,0.08698338270444089,0.08734942488850678,0.08771368851104633,0.08807406178103233,0.08842836369863355,0.08877436500288893,0.08910981073519839,0.08943244411509049,0.08974003138648726,0.09003038726042076,0.09030140055490682,0.09055105961532403,0.09077747708988604,0.09097891363510968,0.09115380013582458,0.09130075804324062,0.09141861746263394,0.09150643265882422,0.0915634946920438,0.09158934094806914,0.09158376138342311,0.09154680136772211,0.09147876106936817,0.09138019139622042,0.09125188656803149,0.09109487346071968,0.09091039792244004,0.09069990831648977,0.09046503659505017,0.09020757724952208,0.08992946451685771,0.08963274824616105,0.08931956884550626,0.08899213173524273,0.08865268173110924,0.08830347776860203,0.08794676835979404,0.08758476814595287,0.08721963587479564,0.08685345409112888,0.0864882107851419,0.08612578319500111,0.08576792391091062,0.08541624937772455,0.08507223084373874,0.08473718775558614,0.08441228355424332,0.08409852378591229,0.08379675640472206,0.08350767411237431,0.08323181855344894,0.08296958616433434,0.08272123545872673,0.08248689552327865,0.08226657549305214,0.08206017477760022,0.08186749381432115,0.07850979395721808,0.0750035460317565,0.0715099363958131,0.06802848051011408,0.06455864959735066,0.06109988063684492,0.05765158575450058,0.05421316092763419,0.05078399394513464,0.05,0.05,0.05,0.05,0.05,0.05,0.05,0.05,0.05,0.05,0.05,0.05,0.05,0.05,0.05
0.0822331414167255,0.08242565869981316,0.08263306293291803,0.08285573543346991,0.08309396655124598,0.08334794308433408,0.08361773590153565,0.08390328800241473,0.08420440326005293,0.08452073610120012,0.08485178238327523,0.08519687172700377,0.08555516155691545,0.08592563308912579,0.08630708948660273,0.08669815637644118,0.0870972848916935,0.08750275736236712,0.08791269573683913,0.08832507276686771,0.08873772593750567,0.0891483740686018,0.08955463645842002,0.08995405438352708,0.09034411471389639,0.09072227534958294,0.09108599213677748,0.09143274687793843,0.09176007601432681,0.09206559953080376,0.09234704961318307,0.09260229857855651,0.09282938559936263,0.09302654175284245,0.09319221294891045,0.09332508032108588,0.09342407770640254,0.0934884058903008,0.09351754335030474,0.09351125329647436,0.09346958687569074,0.09339288247912356,0.09328176116599685,0.09313711829021623,0.09296011148776454,0.09275214525029249,0.09251485237241458,0.09225007261542409,0.09195982897721156,0.09164630199610252,0.091311802544365,0.09095874358481235,0.09058961137104965,0.09020693656859155,0.08981326576068818,0.08941113377987114,0.08900303727483477,0.08859140988336411,0.08817859933682684,0.08776684677160151,0.08735826846913092,0.086954840190505,0.08655838421502182,0.08617055913641855,0.0857928524166881,0.08542657564675832,0.08507286241681777,0.08473266865756285,0.08440677527776838,0.08409579289381405,0.08380016842340435,0.08352019329878671,0.08325601304421712,0.08300763795799576,0.08277495464071491,0.082557738117921,0.07917721313814793,0.07564980415155316,0.07213664278577409,0.06863718280139801,0.06515082808780567,0.06167694393053523,0.058214867596928205,0.054763918149414184,0.05132340541929928,0.05,0.05,0.05,0.05,0.05,0.05,0.05,0.05,0.05,0.05,0.05,0.05,0.05,0.05,0.05
0.08380089110813457,0.08401748190668484,0.08425082120874858,0.08450133801397358,0.08476935897921409,0.08505509426091099,0.0853586235897256,0.08567988283754566,0.08601865135256687,0.08637454034898773,0.0867469826432159,0.0871352240277326,0.08753831656637842,0.08795511408042311,0.08838427007315552,0.08882423831184144,0.08927327624992262,0.08972945142965105,0.09019065095656756,0.09065459408315432,0.09111884788062802,0.09158084591639284,0.09203790979149229,0.09248727332897183,0.09292610914195698,0.09335155725108246,0.0937607553662913,0.0941508703995215,0.0945191307338773,0.09486285874285552,0.0951795030311858,0.09546666985773083,0.09572215320129329,0.09594396294240545,0.09613035065823877,0.09627983256333947,0.09639120917533098,0.09646358134107294,0.0964963623237918,0.09648928572391363,0.09644240908403218,0.09635611310977807,0.09623109652134482,0.09606836663305907,0.09586922583864851,0.09563525425582153,0.095368288853622,0.0950703994481269,0.09474386200501353,0.09439112973019465,0.09401480246126337,0.09361759489237198,0.09320230417318454,0.09277177741880621,0.09232887965252679,0.09187646267753707,0.09141733533845475,0.09095423558972626,0.09048980473712712,0.09002656416216709,0.08956689477881041,0.08911301940916086,0.08866698820124677,0.08823066714931166,0.08780572971651526,0.08739365150297959,0.08699570784980781,0.08661297422300257,0.0862463291808544,0.08589645969487658,0.08556386856804313,0.0852488836750373,0.08495166873734061,0.08467223534101445,0.08441045590650917,0.08416607732721654,0.08076028382763739,0.07720944851821006,0.07367464243753771,0.0701552510411562,0.06665060367719994,0.06315998626270487,0.059682653192946966,0.05621783838183893,0.05276476535785493,0.05,0.05,0.05,0.05,0.05,0.05,0.05,0.05,0.05,0.05,0.05,0.05,0.05,0.05,0.05
0.08624835636848989,0.0864915356164425,0.08675351939587113,0.08703478936995072,0.08733571229557353,0.08765652412775514,0.08799731438480558,0.08835801106631573,0.08873836643350723,0.08913794397365914,0.0895561068763419,0.08999200834834721,0.09044458408591007,0.09091254720665358,0.09139438591940395,0.09188836417758862,0.09239252552154086,0.09290470026711427,0.09342251614323811,0.09394341242032524,0.09446465750591744,0.09498336991496197,0.09549654245117754,0.09600106936475396,0.09649377618189812,0.09697145183530774,0.09743088266333082,0.09786888779111523,0.09828235536110826,0.09866827904430749,0.09902379423895132,0.09934621335086001,0.09963305955008821,0.09988209841228023,0.10009136688013455,0.10025919902031884,0.10038424810331266,0.10046550459692012,0.10050230973720346,0.10049436442166855,0.10044173325677504,0.10034484368316011,0.10020448019514354,0.10002177376385642,0.09979818666345515,0.0995354929851688,0.09923575520235071,0.09890129721943437,0.09853467439715295,0.09813864109429234,0.09771611630166342,0.0972701479663018,0.09680387661290323,0.09632049886530737,0.09582323145392775,0.095315276266194,0.09479978695741513,0.0942798375903292,0.09375839371451812,0.09323828623352658,0.09272218833971142,0.09221259572638539,0.09171181021550513,0.09122192686872548,0.09074482458171222,0.0902821600976436,0.08983536531710089,0.08940564772911626,0.08899399374283455,0.08860117466164018,0.08822775501205012,0.0878741029182848,0.08754040220009572,0.08722666586583645,0.08693275067443144,0.08665837244818224,0.0832246706540551,0.07964796169936453,0.07608924970400924,0.07254784468271913,0.06902299365513957,0.06551389487826326,0.06201971121774626,0.05853958254361155,0.055072637065538485,0.05161800155116214,0.05,0.05,0.05,0.05,0.05,0.05,0.05,0.05,0.05,0.05,0.05,0.05,0.05,0.05
0.08951882438227379,0.08979130100623833,0.09008484766514599,0.0904000040512482,0.09073718110701082,0.09109664321447547,0.0914784906768017,0.09188264281922559,0.09230882205627677,0.09275653928572497,0.09322508097647156,0.0937134983166564,0.09422059877895986,0.09474494044196616,0.09528482937924593,0.0958383203914735,0.09640322131163873,0.09697710105972035,0.09755730156181641,0.0981409535806928,0.09872499643128971,0.09930620147742297,0.0998811992264356,0.1004465097587608,0.1009985761512266,0.10153380047849508,0.10204858190832061,0.10253935634529521,0.10300263702627036,0.10343505543035461,0.10383340183869416,0.10419466486526471,0.10451606928040619,0.1047951114642165,0.10502959185719102,0.10521764382023954,0.10535775837463054,0.1054488043632984,0.1054900436567553,0.1054811411176961,0.10542216913613828,0.10531360664925576,0.1051563326644703,0.10495161440831624,0.10470109032457031,0.1044067482407004,0.10407089910955744,0.10369614681136471,0.10328535456768176,0.10284160857270278,0.10236817948693117,0.10186848246328509,0.10134603638577208,0.10080442299617004,0.10024724656519968,0.0996780947323676,0.09910050109422447,0.0985179100657183,0.0979336444753598,0.09735087628394373,0.09677260074059083,0.09620161421092038,0.09564049583226011,0.0950915930718857,0.09455701118816984,0.09403860652285123,0.0935379834868306,0.09305649504314958,0.09259524644003922,0.09215510190478865,0.0917366939760737,0.09134043512841936,0.09096653132753083,0.09061499714896215,0.09028567209445945,0.0899782377495999,0.08651378426375692,0.08290856556400357,0.07932351203361646,0.07575785056033953,0.07221073744740733,0.06868127436064968,0.06516852331073658,0.06167152054227247,0.05818928923472122,0.05472085095176989,0.05126523580516265,0.05,0.05,0.05,0.05,0.05,0.05,0.05,0.05,0.05,0.05,0.05,0.05,0.05
0.0935358997421396,0.0938405827387899,0.09416882622034561,0.09452123366996079,0.0948982646029514,0.09530021465096289,0.09572719597285423,0.09617911835821225,0.09665567141133502,0.09715630821876256,0.0976802309109743,0.09822637852781665,0.09879341758683508,0.09937973573343012,0.09998343882133298,0.10060235173125823,0.10123402318498576,0.10187573475208583,0.10252451417787484,0.10317715308511335,0.10383022901985925,0.10448013172544768,0.10512309343969414,0.10575522292119138,0.10637254282320355,0.10697102995042782,0.10754665785706094,0.10809544117638242,0.10861348101450105,0.10909701069585925,0.10954244111712566,0.10994640495047381,0.11030579893780784,0.11061782353470037,0.11088001919665377,0.1110902986503329,0.11124697455773744,0.11134878206054885,0.11139489578336062,0.1113849409760862,0.11131899858514635,0.11119760415744864,0.11102174059791703,0.110792824917568,0.11051268922204238,0.11018355629735727,0.1098080102479011,0.10938896272905851,0.10892961539134963,0.10843341921299648,0.10790403144220162,0.10734527089839244,0.10676107239296181,0.10615544102477759,0.10553240708454106,0.10489598226595243,0.10425011783195054,0.10359866532272563,0.10294534032067607,0.10229368970812214,0.10164706276862634,0.10100858639448573,0.10038114457361227,0.09976736224077534,0.09916959349307275,0.09858991408935511,0.09803011807974663,0.0974917183457118,0.09697595077434493,0.09648378174344543,0.09601591855691496,0.09557282244321594,0.09515472371292458,0.0947616386644059,0.094393387828727,0.09404961515530597,0.09055135657907826,0.08691479734308395,0.08330078677251662,0.07970846037428524,0.07613687472779446,0.0725850253169762,0.06905186328341567,0.06553631095711791,0.06203727605866535,0.05855366450188086,0.055084391759013446,0.05162839278043031,0.05,0.05,0.05,0.05,0.05,0.05,0.05,0.05,0.05,0.05,0.05,0.05
0.09820688539095421,0.09854688891400207,0.09891318418276807,0.09930644463948793,0.0997271830690169,0.10017572937424454,0.1006522087161007,0.10115652042648565,0.10168831812692294,0.10224699150274039,0.10283165019100049,0.10344111023922148,0.10407388358033867,0.10472817094675191,0.10540185861235357,0.10609251930608413,0.1067974175840889,0.10751351988055222,0.10823750938070284,0.1089658057745902,0.10969458985861391,0.11041983285532775,0.1111373302228609,0.1118427396257301,0.11253162264132091,0.11319948968343424,0.11384184753855461,0.11445424883436231,0.11503234269577212,0.11557192579350795,0.11606899295566767,0.11651978649528857,0.11692084340755221,0.11726903960946503,0.1175616304326226,0.11779628663550071,0.11797112527461062,0.11808473486231044,0.11813619434114328,0.11812508551793433,0.11805149872285797,0.1179160315863608,0.11771978095710392,0.11746432811380364,0.11715171754984921,0.11678442972882117,0.11636534831868142,0.11589772250989863,0.11538512510590584,0.1148314071412746,0.11424064983250587,0.11361711469754945,0.11296519269274624,0.1122893532100222,0.11159409375351256,0.11088389107448479,0.11016315448797945,0.10943618202587951,0.10870712000130234,0.10797992647064744,0.10725833898482334,0.1065458469226562,0.10584566859977657,0.10516073324780931,0.10449366786371744,0.10384678883971826,0.10322209820207995,0.10262128421379563,0.10204572603277953,0.10149650206465324,0.10097440160787144,0.10047993935903315,0.10001337232758156,0.09957471870127768,0.09916377820616412,0.09878015351632005,0.0952448211100477,0.09157389090504002,0.08792812333060085,0.08430655367685187,0.08070812915670075,0.07713172880505963,0.0735761821740856,0.07004028666435892,0.06652282337343277,0.06302257138265123,0.05953832043984986,0.056068882028992725,0.05261309884757406,0.05,0.05,0.05,0.05,0.05,0.05,0.05,0.05,0.05,0.05,0.05
0.10342676374305515,0.10380541102703067,0.1042133382961602,0.10465129553406505,0.10511985380715932,0.1056193805140864,0.10615001504118476,0.10671164527872626,0.10730388547991579,0.10792605596358146,0.10857716517085642,0.10925589458483956,0.10996058700931313,0.11068923867742245,0.1114394956234129,0.11220865470001729,0.11299366956119555,0.11379116185531601,0.11459743778858109,0.11540851012395748,0.11622012557884007,0.11702779747725542,0.11782684340195834,0.11861242748089043,0.11937960683389265,0.12012338160212463,0.12083874788715998,0.12152075284193817,0.12216455108421384,0.12276546154715637,0.12331902384327029,0.12382105319838127,0.12426769301313065,0.12465546413080325,0.12498130993237508,0.12524263644185157,0.12543734670614384,0.12556386881223994,0.1256211770181085,0.1256088056000169,0.12552685515479106,0.12537599123772694,0.1251574353619511,0.12487294852948416,0.12452480760458337,0.12411577497273624,0.12364906205078893,0.12312828732226491,0.12255742966451219,0.12194077780891782,0.12128287683057273,0.12058847259852795,0.11986245513179755,0.11910980179972938,0.11833552127902838,0.11754459913482415,0.116741945831424,0.11593234790187434,0.11512042291656474,0.11431057879248402,0.11350697787915004,0.11271350614751821,0.11193374769713416,0.11117096468713364,0.11042808269092289,0.10970768137477666,0.10901199030914793,0.10834288963984004,0.10770191527563922,0.10709026819045298,0.10650882739198514,0.10595816607567671,0.1054385704618783,0.10495006080551628,0.10449241407010759,0.10406518777088195,0.10048929333535805,0.09678075826867723,0.09310024574022494,0.0894466813941475,0.08581889278679047,0.08221563154760116,0.07863559419921334,0.07507744145843394,0.07153981588609057,0.06802135779764575,0.06452071938737403,0.061036577056140615,0.0575676419659751,0.05411266887341581,0.05067046331787625,0.05,0.05,0.05,0.05,0.05,0.05,0.05,0.05,0.05
0.10908254318227113,0.10950336912492979,0.10995673663826629,0.11044347924883098,0.11096423163584175,0.11151940212358082,0.11210914562504966,0.11273333754228067,0.11339154915898418,0.11408302508226036,0.11480666330052079,0.11556099842330504,0.11634418865432929,0.1171540070211282,0.11798783734262876,0.11884267535986758,0.11971513538516577,0.12060146274215254,0.12149755217424045,0.12239897229408257,0.12330099603314461,0.12419863693113532,0.1250866909822833,0.12595978363221133,0.12681242139848742,0.127639047472972,0.12843410055795773,0.12919207609386824,0.1299075889567709,0.1305754366417356,0.13119066190530165,0.1317486138187255,0.132245006184458,0.13267597229206363,0.13303811503654106,0.1333285514911156,0.1335449511167931,0.13368556690044814,0.13374925883956224,0.13373550933203704,0.1336444301804811,0.13347676107839457,0.1332338596069214,0.13291768293138873,0.13253076154280458,0.13207616553707613,0.1315574640604213,0.1309786786701157,0.13034423146261048,0.12965888890396832,0.12892770235885098,0.1281559463529231,0.1273490556191097,0.12651256197088584,0.1256520320165041,0.12477300667817402,0.12388094341157664,0.12298116193605642,0.12207879418704302,0.12117873909264319,0.12028562265899416,0.1194037637270322,0.1185371456399205,0.11768939393850274,0.11686376008459733,0.11606311110125651,0.11528992491748523,0.11454629111417707,0.11383391668961294,0.11315413639779244,0.11250792716172876,0.11189592602682526,0.11131845109637746,0.11077552488156885,0.11026689950121234,0.10979208318082954,0.10617191634670299,0.10242233655282013,0.09870390081189837,0.09501541509235734,0.09135557634852111,0.08772299715009019,0.08411622882143792,0.08053378289259225,0.07697415071515264,0.07343582114523556,0.06991729624098604,0.06641710496358466,0.06293381490752692,0.05946604211794038,0.05601245907968479,0.05257180098493819,0.05,0.05,0.05,0.05,0.05,0.05,0.05,0.05
0.11505772297996152,0.11552447520177538,0.11602732037527187,0.11656718299281214,0.11714476699848571,0.1177605252785019,0.11841462965208642,0.11910694192343833,0.11983698658888627,0.12060392581673164,0.1214065373288181,0.12224319581124764,0.12311185846575033,0.12401005528218483,0.12493488456603873,0.1258830141925451,0.12685068898150653,0.12783374449494367,0.12882762745455528,0.12982742285943433,0.13082788775871346,0.13182349150139427,0.1328084621494618,0.1337768386037,0.13472252785778327,0.13563936666871157,0.13652118681395403,0.1373618830011511,0.13815548240803727,0.13889621476123098,0.13957858181510435,0.14019742506799548,0.14074799055389048,0.14122598957405674,0.14162765428496005,0.1419497871354492,0.14218980324625868,0.14234576494631074,0.14241640782042952,0.14240115777870044,0.1423001388251609,0.1421141713787768,0.1418447611785033,0.14149407898230065,0.14106493144294507,0.14056072370717443,0.13998541443522883,0.13934346407168474,0.1386397773126038,0.1378796408059786,0.1370686571904301,0.13621267661996134,0.13531772693984168,0.13438994367064727,0.1334355009250135,0.1324605443263206,0.1314711269224117,0.13047314899312162,0.12947230254082298,0.1284740211316211,0.12748343562467607,0.1265053361918816,0.12554414089325538,0.12460387093821564,0.12368813263253885,0.12280010588802219,0.12194253905915454,0.12111774977045923,0.1203276313112026,0.11957366410198557,0.11885693168101406,0.1181781406167937,0.1175376437283998,0.11693546598374384,0.11637133244945537,0.11584469768190277,0.11217632479759403,0.10838205340710322,0.10462232493434234,0.10089581503868372,0.09720107846829583,0.09353657637752005,0.08990070199144336,0.08629180439790432,0.08270821030416718,0.07914824364967188,0.07561024301667284,0.07209257682648693,0.06859365634994136,0.06511194659609068,0.06164597517319663,0.058194339240319026,0.054755710686786654,0.051328839690556294,0.05,0.05,0.05,0.05,0.05,0.05
0.12123663537003453,0.12175327356820152,0.1223098622939769,0.1229074248484728,0.12354674041256723,0.1242283102764614,0.12495232462323534,0.12571863048686932,0.1265267015423701,0.1273756104114866,0.12826400418028544,0.12919008382306407,0.13015158820946682,0.13114578333732013,0.13216945738211744,0.13321892208517433,0.1342900209166653,0.13537814434795098,0.13647825245123368,0.13758490491558623,0.13869229842918163,0.13979431123098046,0.14088455448442966,0.14195642997442887,0.14300319348067808,0.14401802303938227,0.1449940911750089,0.14592464006810568,0.1468030585275759,0.14762295955941424,0.14837825727140297,0.14906324182676084,0.1496726511606904,0.1502017382029429,0.1506463324069125,0.15100289447061382,0.15126856324566057,0.15144119396477068,0.1515193870734317,0.15150250712361535,0.15139069137277744,0.15118484792538206,0.15088664345214742,0.15049848071931388,0.15002346635169322,0.1494653694344507,0.14882857172518288,0.14811801039599365,0.14733911435159408,0.14649773527123816,0.1456000745975478,0.14465260774270478,0.1436620068016095,0.14263506305268991,0.1415786104911112,0.14049945157788252,0.13940428630410168,0.13829964556517782,0.13719182971858584,0.13608685306414298,0.13499039484172765,0.1339077571916628,0.1328438303714775,0.13180306537313535,0.1307894539405024,0.12980651585093472,0.12885729320009826,0.12794435131773713,0.12706978584584183,0.12623523543077764,0.1254418994181507,0.12469055989374984,0.12398160738557439,0.12331506953007941,0.122690642009311,0.12210772108320779,0.11838698589296655,0.11454416966120884,0.11073958825714209,0.10697177579603417,0.10323913255908947,0.09953995523047746,0.09587246530490755,0.09223483542249886,0.08862521345078457,0.08504174419365146,0.0814825886628089,0.07794594089819593,0.07443004236897141,0.07093319402600565,0.06745376610991217,0.06399020584561724,0.06054104317540697,0.05710489469760002,0.053680465987854795,0.05026655248511447,0.05,0.05,0.05,0.05
0.12750844567632555,0.12807913909232907,0.12869396301039931,0.12935404779838242,0.13006025416189126,0.1308131358405028,0.13161290291591835,0.13245938641747207,0.1333520049514354,0.1342897341091141,0.13527107942285752,0.13629405363712155,0.13735615904226844,0.13845437558084744,0.13958515537911295,0.1407444242804206,0.14192759086235304,0.14312956330697107,0.14434477436504428,0.14556721451261914,0.14679047324450561,0.14800778828735286,0.14921210234851445,0.1503961268497774,0.15155241193138513,0.15267342185587976,0.15375161479737973,0.15477952587411364,0.15574985217420956,0.15665553844035235,0.15748986202092344,0.15824651566595743,0.15891968674730333,0.15950413151460385,0.15999524306210258,0.16038911177501022,0.16068257714651166,0.1608732700049678,0.16095964436220275,0.16094099828404432,0.1608174833890267,0.16059010279546473,0.16026069755577937,0.15983192183468098,0.15930720729930595,0.15869071738955443,0.15798729232091907,0.1572023858357352,0.15634199485832176,0.15541258332192004,0.15442100151844917,0.15337440237448563,0.15228015607799475,0.15114576447049508,0.1499787765796421,0.14878670659955506,0.14757695553314173,0.14635673759534742,0.1451330123422835,0.14391242334254348,0.14270124404787377,0.14150533135500357,0.14033008718307913,0.13918042822586674,0.13806076387847263,0.13697498218821902,0.1359264435414915,0.13491798167532315,0.13395191149614272,0.1330300430998648,0.13215370131814788,0.13132375006545288,0.1305406207302423,0.1298043438405395,0.12911458323797806,0.12847067201391824,0.12469319831597356,0.12079778008739524,0.11694459714939875,0.11313203024353939,0.10935831227441584,0.10562156171036187,0.10191981396327057,0.09825105047884926,0.09461322533829417,0.09100428923860952,0.08742221078042678,0.08386499504830981,0.08033069951850336,0.07681744737246152,0.07332343833108224,0.06984695715434976,0.06638637997422378,0.06294017864541022,0.05950692330954421,0.05608528337383041,0.052674027105909044,0.05,0.05,0.05
0.13377062727866698,0.13439975010290295,0.13507752165045805,0.13580518801983596,0.13658369803842954,0.13741366213943593,0.1382953119133897,0.13922846108987041,0.1402124687502093,0.14124620560348963,0.14232802417370635,0.1434557337437681,0.14462658088057512,0.14583723632358317,0.147083788956441,0.14836174749738054,0.14966605043954448,0.1509910846484678,0.15233071288222533,0.15367831034267515,0.15502681019670367,0.1563687578278926,0.15769637339551365,0.15900162209351965,0.16027629132180196,0.16151207381011842,0.16270065557645094,0.1638338074606744,0.16490347885555706,0.16590189216408555,0.16682163644817302,0.16765575870152896,0.16839785118063288,0.16904213326327708,0.16958352637403168,0.17001772061930248,0.1703412319095279,0.17055144850973628,0.17064666614856194,0.1706261110255782,0.17048995028250732,0.17023928974010977,0.16987615894361272,0.16940348379955675,0.1688250473200814,0.1681454392113145,0.16736999524541538,0.16650472753621687,0.16555624699223562,0.16453167934477048,0.16343857624042912,0.16228482294517596,0.16107854423027682,0.1598280099996604,0.15854154217445926,0.15722742427590147,0.15589381504512706,0.15454866731136754,0.15319965317223871,0.15185409638603053,0.15051891270044535,0.14920055865993972,0.1479049892493344,0.14663762454915147,0.14540332540240156,0.14420637792706587,0.14305048655658306,0.14193877515500236,0.14087379563624017,0.13985754341959164,0.13889147897719695,0.13797655467382905,0.1371132460648741,0.13630158680391166,0.13554120631561195,0.13483136941110613,0.13099256588115282,0.12704028906113618,0.12313457171517017,0.11927362879997698,0.11545551229930412,0.11167814804428523,0.10793937030603037,0.10423695386423416,0.10056864333241428,0.09693217959341212,0.09332532326672652,0.08974587519113005,0.08619169396110296,0.08266071060344349,0.07915094052074545,0.0756604928612614,0.0721875775001728,0.06873050983580693,0.0652877136163488,0.061857722018677855,0.05843917720175529,0.05503082855320386,0.05163152984006897,0.05
0.13993177408829666,0.14062389863289504,0.14136954368918908,0.1421700801426819,0.14302655183839363,0.14393963033962215,0.1449095704288791,0.1459361671822212,0.14701871549799794,0.14815597299565758,0.14934612721738472,0.1505867680629399,0.15187486636447745,0.15320675946210127,0.15457814457180924,0.15598408064516267,0.1574189993050601,0.1588767253056102,0.16035050680820717,0.16183305559309424,0.16331659713920477,0.16479293030870862,0.16625349617079976,0.1676894552965748,0.16909177265838704,0.17045130907798428,0.17175891799320658,0.17300554615803498,0.17418233676001665,0.17528073333675098,0.17629258280278187,0.17721023586273,0.17802664308777932,0.17873544497171118,0.17933105435956764,0.179808729755688,0.18016463816624617,0.18039590631148145,0.1805006592506075,0.18047804569314901,0.18032824951876197,0.18005248728748963,0.17965299178760785,0.1791329819322668,0.17849661957262397,0.17774895403790603,0.1768958554360372,0.17594393794693325,0.17490047450978857,0.1737733044420467,0.17257073562854014,0.17130144298282235,0.16997436490832674,0.1685985994750488,0.16718330197930287,0.16573758547204936,0.16427042572841288,0.1627905719911455,0.16130646465831233,0.1598261609051993,0.15835726903744185,0.1569068921718234,0.1554815816382249,0.15408730029575501,0.15272939576275718,0.15141258337833774,0.15014093854591226,0.14891789796003252,0.14774626908879418,0.1466282471770965,0.1455654389519187,0.14455889214990186,0.14360912994957725,0.14271618937466662,0.1418796627396251,0.14109874123218047,0.1371938085894573,0.13318022378795735,0.12921786102694396,0.1253047565050446,0.12143876712744583,0.11761761101352468,0.11383890555361595,0.11010020268903987,0.1063990211740336,0.10273287565855986,0.09909930250571067,0.09549588232549651,0.09192025926741726,0.08837015716681973,0.0848433926844209,0.08133788561448958,0.07785166656523607,0.07438288223533239,0.07092979852369755,0.06749080171637108,0.0640643979951756,0.06064921150870543,0.05724398123775873,0.053847556875444305
0.14591366475842069,0.14667355224032438,0.14749220019702994,0.1483711137315438,0.14931143888726248,0.15031391297735786,0.15137881572900144,0.15250592215502817,0.15369445812031748,0.15494305960818144,0.15624973671085526,0.15761184336555117,0.15902605383162816,0.16048834685391297,0.1619939983813283,0.16353758360863457,0.16511298898287796,0.1667134346664021,0.1683315077771231,0.16995920653703475,0.17158799525515137,0.17320886985551126,0.1748124334392055,0.17638898114686555,0.17792859337014783,0.1794212361531654,0.18085686743319707,0.1822255475998445,0.1835175527082411,0.18472348856955437,0.18583440386479788,0.1868419003889817,0.18773823853403435,0.18851643616183575,0.18917035910311664,0.18969480164276947,0.1900855555150286,0.19033946612967,0.1904544749785191,0.19042964742491172,0.19026518535137005,0.18996242442609854,0.18952381604007004,0.18895289425637646,0.18825422839512188,0.1874333621436401,0.1864967403268747,0.18545162469064908,0.18430600023635302,0.18306847379528363,0.18174816664154492,0.18035460301216505,0.17889759643121333,0.1773871357215872,0.1758332725352859,0.17424601214289376,0.1726352090990726,0.1710104692473015,0.16938105934871772,0.16775582542198514,0.16614312066922027,0.16455074364282007,0.1629858870851965,0.1614550976533472,0.15996424652792712,0.1585185107066137,0.15712236459804252,0.15577958136874753,0.15449324335395048,0.15326576072553702,0.1520988975182142,0.15099380404801138,0.1499510547156195,0.14897069016959374,0.148052262809651,0.14719488463618818,0.14321882531792499,0.13913929931860267,0.13511601028944284,0.13114680216172694,0.12722932201944587,0.12336106457285943,0.11953941394123777,0.11576168238700495,0.11202514573629738,0.10832707530914536,0.1046647662645473,0.10103556234044582,0.09743687703515094,0.09386621133451811,0.09032116813790575,0.08679946357558659,0.08329893544109118,0.07981754898432973,0.07635340032584281,0.07290471775987671,0.06946986121494131,0.0660473201359374,0.06263571004269677,0.05923376800672804
0.15165254562836827,0.15248513441915934,0.15338210552157766,0.15434510803752588,0.15537539765670588,0.15647378223382896,0.15764056825862277,0.15887550921854948,0.16017775691405411,0.16154581682781427,0.1629775086700645,0.16446993321918407,0.16601944654834866,0.16762164267369634,0.1692713455763194,0.1709626114393472,0.17268874180309662,0.1744423081772049,0.1762151884611276,0.1779986153164982,0.17978323641049682,0.1815591862131659,0.18331616878874385,0.18504355077726758,0.18673046352395262,0.18836591308640915,0.18993889663980174,0.19143852361361874,0.19285413973641752,0.19417545204179593,0.19539265280423107,0.19649654033070402,0.1974786345355719,0.19833128527315802,0.1990477714950229,0.1996223894356094,0.2000505282084526,0.20032873141175273,0.20045474359207405,0.20042754069252833,0.20024734391050208,0.19991561670262775,0.19943504499372233,0.19880950096405775,0.19804399109787119,0.19714458946802693,0.19611835750024192,0.19497325169902252,0.19371802102103652,0.1923620957456778,0.19091546981383567,0.18938857868231046,0.18779217477212873,0.186137202574647,0.18443467542142122,0.18269555582510738,0.18093064116287638,0.17915045630557724,0.17736515460042712,0.17558442839814659,0.17381743008328598,0.17207270432524008,0.1703581320232866,0.16868088617785404,0.16704739968765248,0.16546334485330372,0.16393362416703733,0.16246237178849776,0.16105296495157323,0.15970804441840764,0.15842954299557904,0.15721872105420132,0.15607620795005156,0.15500204822068592,0.15399575144220962,0.15305634465673956,0.1490039751516073,0.14485370234611145,0.14076504691437206,0.1367356465084232,0.13276292309988375,0.1288441317084702,0.12497640618225156,0.12115680163763433,0.11738233326873998,0.1136500113324677,0.10995687220544906,0.10630000549099101,0.10267657722700607,0.09908384930921654,0.09551919529729799,0.0919801128150698,0.08846423278959337,0.08496932579854348,0.08149330581111322,0.07803423161575991,0.07459030622915203,0.07115987457567184,0.0677414197166982,0.06433355789459512
0.15709964923438463,0.15801004045137207,0.15899083027531064,0.16004382191074096,0.16117038838704872,0.1623714130500606,0.1636472310298664,0.16499757277821864,0.16642151083436654,0.16791741102372232,0.16948288931628827,0.17111477556861696,0.17280908534203598,0.17456100092934765,0.1763648626313047,0.17821417120274038,0.18010160223702049,0.18201903307809136,0.1839575826443423,0.18590766432118816,0.18785905183396406,0.18980095775444175,0.19172212402871547,0.19361092364760074,0.1954554723196373,0.19724374875808393,0.19896372196372084,0.20060348368141503,0.20215138403639976,0.20359616822160487,0.204927112014853,0.2061341538580276,0.20720802123200044,0.2081403491125124,0.20892378839333497,0.2095521023125463,0.21002024911293488,0.2103244494043916,0.21046223696947391,0.21043249205686287,0.21023545653404468,0.20987273061240738,0.20934725120677614,0.20866325233873412,0.20782620833045323,0.20684276085504774,0.20572063120305523,0.2044685193856946,0.20309599191814862,0.20161336030548302,0.20003155238639725,0.19836197877357473,0.19661639666309136,0.1948067732696341,0.1929451510809584,0.19104351701707606,0.18911367743119736,0.1871671407054755,0.18521500898088541,0.18326788032344177,0.18133576237509386,0.17942799827384098,0.1775532053606367,0.1757192269269856,0.17393309700283155,0.17220101794487616,0.17052835036560487,0.16891961474700296,0.16737850391331152,0.16590790539639333,0.16450993261664548,0.16318596372232658,0.16193668688024618,0.16076215078983477,0.15966181919884956,0.15863462822999475,0.15450059420227305,0.1502746106117833,0.14611600231688027,0.14202218621668217,0.1379903433753333,0.13401747230402145,0.13010043901923218,0.12623602344859816,0.1224209618668732,0.11865198515022322,0.11492585273534131,0.11123938225943734,0.10758947493686566,0.10397313679735759,0.1003874959691923,0.0968298162381407,0.09329750714992383,0.08978813095072326,0.08629940667766048,0.08282921171996006,0.0793755811726651,0.0759367052992977,0.0725109254087816,0.06909672843630964
0.16222100861899647,0.16321444895375803,0.16428470990624006,0.16543375917570097,0.1666630950441398,0.1679736814393245,0.16936588406310113,0.17083940877807438,0.1723932435172323,0.17402560503078143,0.17573389180904694,0.1775146445168453,0.17936351524086766,0.1812752467855679,0.18324366315384719,0.185261672216329,0.18732128140801177,0.1894136270953295,0.1915290180328882,0.1936569930810974,0.19578639308822465,0.19790544655855427,0.20000186843854856,0.20206297106198126,0.204075786010148,0.20602719537186762,0.20790407063747385,0.2096934172385382,0.21138252255737258,0.21295910508346275,0.21441146229302435,0.2157286147769011,0.21690044414386192,0.21791782228244752,0.21877272967487735,0.21945836061967292,0.2199692134326367,0.22030116395428095,0.22045152099005544,0.22041906264095193,0.22020405283846706,0.21980823777095085,0.21923482226902183,0.21848842659673845,0.2175750244633695,0.21650186341902175,0.21527736911775838,0.2139110352166979,0.21241330092248936,0.21079541839228597,0.20906931234101597,0.20724743429794784,0.2053426139923096,0.20336791033058335,0.20133646435899608,0.19926135648694449,0.1971554700850792,0.19503136337101637,0.19290115126243207,0.1907763986185351,0.18866802601389027,0.18658622890070378,0.18454041072435387,0.18253913026923171,0.18059006323445628,0.1786999777777197,0.17687472352560293,0.17511923333450105,0.17343753690118824,0.17183278516843153,0.17030728435033718,0.1688625383147389,0.167499298005465,0.16621761656448078,0.1650169088207107,0.1638960138461964,0.15967480815961949,0.15536800814466684,0.15113472963887797,0.14697215390174118,0.14287720484406777,0.13884660717058378,0.13487694100467618,0.1309646925275483,0.12710630028535413,0.12329819693318135,0.11953684629203745,0.11581877569270459,0.11214060366731282,0.10849906312500013,0.10489102021171506,0.1013134891060558,0.09776364304331053,0.094238821889106,0.09073653660303485,0.08725447094223358,0.08379048075614173,0.0803425912176972,0.07690899232413698,0.07348803298351246
0.16699666205187144,0.16807852375776017,0.16924404351700792,0.17049536416436972,0.17183411733675688,0.17326135275653617,0.1747774686749252,0.17638214477476644,0.17807427890980534,0.1798519291117163,0.18171226232289506,0.18365151130928442,0.18566494117061438,0.18774682679351598,0.18989044248493747,0.1920880648789985,0.1943309900307267,0.19660956539694008,0.1989132371608594,0.20123061308691018,0.20354954080065463,0.2058572010818636,0.2081402154431613,0.21038476694985425,0.212576732926336,0.21470182789891323,0.21674575485208694,0.21869436263306485,0.2205338071348813,0.22225071372853156,0.22383233830457944,0.22526672422919009,0.22654285252153994,0.2276507826206417,0.22858178122980632,0.22932843690462812,0.22988475828232185,0.23024625413169553,0.23040999372784793,0.23037464641638616,0.23014049962008676,0.22970945494717004,0.2290850024748946,0.22827217369491737,0.22727747400778808,0.226108796033373,0.22477531535289136,0.2232873706084597,0.22165633015056507,0.21989444763703342,0.21801470914461557,0.21603067445362634,0.2139563152061091,0.2118058526193322,0.20959359736117456,0.2073337940656906,0.20504047279071272,0.20272730950072287,0.20040749740425615,0.19809363069330801,0.1957976019305363,0.19353051401656846,0.19130260735246535,0.18912320249906783,0.1870006583327494,0.18494234541253632,0.18295463401228437,0.18104289603833526,0.17921151985149314,0.17746393684486525,0.17580265849764137,0.17422932252973605,0.17274474672289472,0.1713489889489949,0.17004141195368327,0.16882075148035836,0.16450673520402453,0.16011389093896874,0.1558011119808471,0.15156532870654105,0.14740319123888068,0.14331113276423013,0.1392854290191214,0.1353222534365583,0.13141772757472767,0.12756796657641434,0.12376911952425235,0.1200174046633516,0.11630913955756556,0.11264076632790579,0.10900887219096553,0.10541020557166546,0.10184168810849137,0.09830042290123671,0.09478369937191611,0.09128899511997081,0.08781397515425751,0.0843564888778058,0.08091456518816664,0.07748640603759661
0.17141936660937057,0.17259512459837342,0.1738618014396158,0.17522172594746335,0.17667667137086573,0.1782277785390549,0.17987548026802577,0.18161942843984905,0.18345842525146283,0.1853903601884078,0.18741215430806737,0.1895197134128976,0.19170789165404434,0.1939704670275815,0.196300130108197,0.19868848720833684,0.2011260789555311,0.2036024150489412,0.20610602569134154,0.2086245298991772,0.2111447205765202,0.2136526659051767,0.21613382626023236,0.2185731855160022,0.22095539527020888,0.22326493019301577,0.2254862524110511,0.22760398257327713,0.2296030750234174,0.23146899432980203,0.23318789030400036,0.23474676857928675,0.23613365382215643,0.23733774271649946,0.2383495439906527,0.23916100295063583,0.23976560823494905,0.24015847881219474,0.24033642959577858,0.24029801444196117,0.24004354571934164,0.23957509007936442,0.23889644050795064,0.23801306518692047,0.2369320341295912,0.2356619249672918,0.23421270964270532,0.23259562410308618,0.23082302337388202,0.22890822462493515,0.22686534101267078,0.22470910918960885,0.22245471341605036,0.2201176091885025,0.21771334921762603,0.21525741444908966,0.21276505262897108,0.2102511266777429,0.2077299748608704,0.20521528443779996,0.20271998014325385,0.2002561285140571,0.19783485872993065,0.19546630029616235,0.19315953756763948,0.1909225808044641,0.18876235316542547,0.1866846927920931,0.18469436891721272,0.18279511074927485,0.18098964774224355,0.1792797597560239,0.17766633554877725,0.17614943801516186,0.17472837459263227,0.17340177129799692,0.1689891977464172,0.1645049815068598,0.16010777955365468,0.15579425584682083,0.1515607697686865,0.14740344493689644,0.14331823385397296,0.13930097783984485,0.1353474618373362,0.1314534638170674,0.127614798635195,0.12382735631305868,0.12008713481075381,0.11639026745602299,0.11273304526523784,0.10911193445459265,0.1055235894872931,0.101964862037132,0.09843280627128831,0.09492468086654816,0.09143794817463738,0.08797027094528133,0.08451950700130625,0.08108370223990262
0.17549295188830416,0.17676815791991674,0.1781419729083449,0.17961692264389018,0.18119493036056614,0.18287723338130074,0.1846643011305611,0.18655575604588331,0.18855029901154505,0.19064564100140874,0.19283844264952288,0.1951242634626469,0.1974975223453871,0.19995147102385594,0.20247818182642985,0.2050685511101003,0.2077123194091084,0.21039810913127277,0.21311348034019484,0.21584500484312213,0.21857835846063584,0.22129843099254332,0.22398945302238166,0.2266351383294965,0.2292188403119998,0.23172372047554518,0.23413292672129316,0.236429778880885,0.23859795870531653,0.24062170132604244,0.24248598507704744,0.2441767165011911,0.2456809073664914,0.24698684059001658,0.24808422210871478,0.24896431594592883,0.24962005999573533,0.2500461603790053,0.25023916260793233,0.2501974982209484,0.2499215060074348,0.24941342742048977,0.24867737626462894,0.24771928323180098,0.24654681633167308,0.24516927870937355,0.2435974857551233,0.24184362377583568,0.23992109281056517,0.23784433642292446,0.23562866148930023,0.23329005111876336,0.23084497388775782,0.228310192550653,0.225702575298546,0.2230389124875106,0.22033574154952557,0.2176091825416192,0.2148747864894065,0.21214739834904825,0.2094410360560625,0.20676878675991708,0.20414272096937292,0.20157382496422663,0.1990719514728917,0.1966457882798377,0.19430284411894408,0.19204945093386955,0.18989078134893006,0.18783087999678372,0.18587270719425625,0.184018193345485,0.18226830238163486,0.18062310251712435,0.17908184261103546,0.1776430324658364,0.17312607429131857,0.16854508357132164,0.1640584669859942,0.15966260632619347,0.15535355304327494,0.15112710288244596,0.1469788660005204,0.14290433196766505,0.1388989292084497,0.13495807858551712,0.13107724096690115,0.12725195874344541,0.12347789137443255,0.11975084513646786,0.11606679733241612,0.1124219152837282,0.10881257048118792,0.10523534830664559,0.10168705376264706,0.09816471365919104,0.09466557570846346,0.09118710497072717,0.08772697807903229,0.08428307564851185
0.17923044746911374,0.18061070144933405,0.18209768751970765,0.18369413953816058,0.18540213916940923,0.18722302566362478,0.18915730711516462,0.19120457485901257,0.1933634227618834,0.19563137323399243,0.19800481182165017,0.20047893223605504,0.2030476936265991,0.20570379181524223,0.20843864607068213,0.2112424028169589,0.21410395744187835,0.21701099509865948,0.21995005108332324,0.22290659102570967,0.22586511076008706,0.22880925534973076,0.23172195633723153,0.23458558588808756,0.23738212609935336,0.24009335136805474,0.24270102136602376,0.2451870818587312,0.24753387034491844,0.24972432328973873,0.2517421815838458,0.2535721907900497,0.2552002927417134,0.2566138051349956,0.2578015859103798,0.2587541794455954,0.2594639418779505,0.25992514323318405,0.2601340444523314,0.26008894786829523,0.25979022017898984,0.25924028748222494,0.25844360246636283,0.25740658437736447,0.2561375328943412,0.25464651752980616,0.25294524461593615,0.25104690433392884,0.24896600058102256,0.2467181667416827,0.24431997063046926,0.241788712000806,0.23914221606495026,0.23639862644664922,0.2335762008919642,0.23069311290009892,0.2277672622109742,0.2248160968073654,0.2218564487653995,0.21890438592769892,0.21597508098856844,0.21308269918068018,0.21024030534794758,0.20745979078953433,0.2047518198743906,0.20212579606266026,0.19958984663696788,0.19715082514899132,0.19481433032954207,0.19258473999693848,0.190465258330725,0.1884579747563968,0.1865639326111041,0.18478320572858067,0.1831149810909956,0.18155764574246294,0.17693042506083,0.1722472105023243,0.16766614435888114,0.16318331036328818,0.15879443469637614,0.15449496676846175,0.15028015511320952,0.1461451177440419,0.1420849064917792,0.1380945650023841,0.13416918022274366,0.1303039273381788,0.12649410824622376,0.1227351837561407,0.11902279979212196,0.1153528079501518,0.11172128081445293,0.10812452248006942,0.10455907475448686,0.10102171952452861,0.097509477776517,0.0940196057493851,0.09054958868363475,0.08709713260533099
0.18265211091059955,0.18414302935742483,0.18574923734107313,0.18747368791168695,0.1893186296353782,0.19128550913922696,0.19337487525501412,0.19558628655223498,0.1979182241582156,0.20036801183773656,0.20293174534146535,0.20560423302732908,0.2083789497081268,0.21124800557956513,0.21420213193402282,0.21723068516649938,0.22032167033156994,0.22346178521638185,0.2266364855589145,0.22983007166846228,0.23302579630355863,0.23620599323957472,0.23935222552333016,0.24244545197543846,0.24546621007359612,0.24839481294272928,0.2512115578019502,0.2538969428844185,0.25643188956451807,0.2587979662063069,0.2609776100956752,0.2629543437421553,0.26471298183908015,0.26623982525497397,0.2675228385946798,0.2685518081135742,0.2693184770878545,0.26981665613176403,0.2700423064002323,0.26999359411249985,0.2696709153671781,0.2690768907790452,0.26821633003915263,0.26709616706861555,0.2657253669889749,0.2641148066549048,0.26227713097584743,0.26022658768066026,0.2579788435439031,0.2555507853861321,0.25296030937769337,0.25022610231237613,0.24736741857245628,0.2444038564809415,0.24135513763312536,0.23824089262279305,0.23508045633528007,0.23189267567829505,0.22869573227142082,0.22550698222687274,0.2223428147383436,0.21921853076275663,0.21614824264253182,0.2131447950841753,0.21021970749253535,0.20738313726791174,0.20464386331314494,0.20200928867634724,0.19948546097713457,0.19707710903366732,0.19478769392662937,0.19261947260514647,0.19057357205789308,0.18865007203836184,0.18684809434348357,0.1851658966955914,0.1804225181860509,0.1756316142655651,0.17095104870201444,0.1663765912340751,0.1619036253810637,0.15752723570118476,0.1532422897703261,0.1490435141794268,0.14492556403050888,0.14088308558450024,0.13691077187498665,0.13300341124867043,0.12915592892385797,0.12536342177163126,0.12162118661994112,0.11792474245865421,0.11426984698402456,0.11065250796494434,0.10706898994179068,0.10351581678309234,0.09998977062713027,0.09648788772661819,0.09300745169647123,0.08954598463906684
0.1857834689336995,0.18739065070623365,0.1891221124100681,0.19098103737717692,0.19296984951912755,0.19509010827244025,0.19734240526735236,0.19972626465016266,0.20224004910497267,0.20488087370103872,0.20764452973172356,0.21052542070546404,0.2135165125943734,0.21660930033925407,0.21979379244930675,0.22305851532046728,0.22639053862935654,0.22977552284313374,0.2331977895235421,0.23664041470214442,0.24008534517067665,0.24351353707447765,0.24690511572814405,0.25023955510189705,0.25349587496629455,0.25665285324386866,0.25968925071098625,0.26258404483333964,0.26531666921482555,0.26786725490192287,0.27021686962234404,0.27234775095427916,0.27424352942551633,0.27588943763247664,0.277272501647738,0.27838171124855937,0.27920816584348,0.2797451933921932,0.27998844009641227,0.27993592917530274,0.2795880876156455,0.27894774039040515,0.278020072255197,0.27681255784530534,0.27533486139149993,0.2735987079365636,0.27161772845274323,0.2694072817211769,0.2669842562273218,0.26436685564304974,0.2615743717001386,0.2586269484074232,0.25554534162334847,0.25235067796793675,0.2490642169463933,0.24570711996602573,0.24230022966604842,0.23886386265506085,0.23541761837369704,0.23198020638132558,0.22856929391750988,0.2252013751232418,0.22189166283565104,0.218654003404425,0.215500814529232,0.21244304569470207,0.20949016039138232,0.20665013896455092,0.2039295006333071,0.2013333429738256,0.19886539696535632,0.19652809555619646,0.19432265361873508,0.1922491571257227,0.19030665939092825,0.1884932822721133,0.18362786914934998,0.1787238275275642,0.17393872855918457,0.16926801210283834,0.16470670168001766,0.16024949853781328,0.15589087002049898,0.15162513149325132,0.14744652125755178,0.1433492680843504,0.13932765116463391,0.1353760524351189,0.13148900137751182,0.12766121251195148,0.12388761590828395,0.12016338112268173,0.11648393503226964,0.1128449740877276,0.10924247153452002,0.10567268016893401,0.10213213119714501,0.0986176297558611,0.09512624763354605,0.09165531370361903
0.18865346522764406,0.19038245465860423,0.19224514314674068,0.194244955287474,0.19638449869965194,0.19866545100885974,0.20108844868475184,0.2036529798088669,0.20635728297379483,0.2091982546010541,0.21217136700782882,0.215270599546717,0.21848838508369497,0.22181557396455828,0.22524141744744916,0.2287535723484783,0.23233812836027198,0.23597965916257796,0.23966129805462644,0.24336483840723724,0.24707085876677212,0.2507588719525048,0.2544074969846399,0.25799465217387896,0.26149776720765117,0.2648940115957952,0.2681605364024838,0.2712747258040117,0.27421445468540856,0.2769583482331782,0.2794860393057512,0.28177841927453157,0.28381787803160957,0.28558852895784415,0.28707641483708585,0.2882696909862521,0.2891587822416446,0.2897365108917123,0.28999819316555214,0.2899417024629073,0.28956749813171473,0.28887861924850067,0.2878806435194179,0.28658161207934446,0.28499192160720305,0.28312418578204074,0.28099306866199414,0.27861509306403015,0.2760084274451084,0.27319265512605095,0.27018852995120746,0.2670177226357191,0.26370256211617243,0.2602657761906015,0.2567302356135381,0.25311870560681604,0.24945360846487077,0.24575680058387453,0.2420493668381634,0.23835143477706563,0.2346820106331066,0.2310588386315725,0.2274982845843844,0.22401524425048874,0.22062307646200416,0.2173335605605853,0.21415687727091154,0.21110161176541156,0.20817477735217113,0.20538185795060765,0.20272686730938383,0.2002124227689671,0.1978398312764351,0.19560918532037838,0.19351946646559814,0.19156865422621316,0.186575386937977,0.18155281233607024,0.1766581950033063,0.17188662918703668,0.1672327612434543,0.16269089082930366,0.15825506597111222,0.15391917119787557,0.14967700813426807,0.14552236815211722,0.14144909686460178,0.13745115041768752,0.1335226436847055,0.1296578906014073,0.12585143698967713,0.1220980863082977,0.11839291883925535,0.11473130486896242,0.11110891245678092,0.10752171039993967,0.10396596700612898,0.1004382452746564,0.0969353950660142,0.09345454281001515
0.19129278624420917,0.19314903385970106,0.19514882113577905,0.19729582472712345,0.1995928441802101,0.20204168059829414,0.20464301729687615,0.20739630467894518,0.21029965169285772,0.21334972632856652,0.2165416676538528,0.21986901188577862,0.22332363492928828,0.226895713691484,0.23057370829474375,0.23434436706427306,0.2381927558573694,0.24210231293590337,0.2460549301654211,0.2500310608607916,0.25400985409813986,0.2579693147861773,0.2618864882485759,0.26573766752543626,0.26949862106962436,0.27314483800665856,0.2766517876587415,0.27999518961786507,0.2831512903022141,0.28609714165561567,0.2888108774611366,0.29127198264469273,0.2934615509479632,0.29536252645471706,0.2969599246608661,0.29824102908339756,0.29919555980129814,0.2998158108045064,0.30009675358422133,0.3000361050167956,0.2996343582593865,0.2988947760725719,0.2978233466963958,0.29642870311448205,0.2947220072287565,0.2927168011183288,0.29042882815470944,0.2878758272777942,0.28507730419091726,0.28205428359898926,0.2788290468840687,0.2754248597831152,0.2718656947013692,0.26817595226277346,0.2643801865697442,0.2605028384245145,0.2565679804615575,0.25259907776547796,0.24861876711300115,0.2446486574941981,0.2407091540504612,0.23681930702888068,0.2329966868083206,0.22925728551489258,0.22561544522601001,0.22208381227395632,0.21867331671161205,0.21539317560275084,0.21225091845344018,0.2092524328140374,0.20640202785569817,0.2037025135620549,0.20115529307493882,0.1987604656903449,0.19651693801355619,0.19442254084559907,0.18929569830279247,0.1841492867266572,0.17914025041232406,0.17426332253080443,0.1695127553959799,0.16488242910428957,0.16036595360130732,0.15595676330122546,0.1516482036119383,0.14743360893385665,0.14330637190104922,0.1392600038158765,0.13528818639081716,0.13138481505228986,0.12754403418027713,0.12376026475441561,0.12002822495246385,0.11634294430169727,0.112699772019216,0.10909438019508745,0.1055227624746008,0.10198122888474319,0.0984663974274266,0.09497518303011536
0.19373241354207976,0.19572123459735852,0.19786384693396133,0.2001641897937114,0.20262526266704842,0.20524899529225013,0.20803611978729672,0.21098604730288908,0.21409675172823586,0.21736466308071017,0.2207845732596986,0.2243495568380672,0.22805090949686244,0.23187810657664773,0.23581878402027975,0.23985874371667198,0.24398198492475867,0.24817076306497574,0.25240567671761327,0.2566657831708127,0.2609287423250751,0.2651709881969065,0.2693679266840884,0.27349415767264296,0.27752371899527095,0.2814303492077311,0.2851877656481109,0.2887699537985874,0.29215146359352373,0.29530770802366885,0.2982152591841069,0.3008521368115646,0.3031980843603572,0.3052348277785565,0.3069463123668946,0.30831891342953144,0.3093416168521931,0.3100061662606035,0.31030717400922625,0.3102421939134341,0.3098117543517307,0.30901935111146783,0.30787140011355174,0.30637715091039014,0.30454856258835794,0.3024001444035699,0.2999487641211236,0.2972134275982488,0.2942150336380822,0.2909761085326218,0.2875205250030546,0.2838732104282205,0.2800598493255781,0.27610658501472257,0.27203972525517434,0.26788545641435724,0.2636695703973474,0.2594172081680637,0.2551526232246921,0.25089896787411115,0.2466781045954957,0.2425104442069959,0.23841481196615957,0.23440834215877043,0.23050640117522722,0.2267225385504667,0.2230684649631303,0.21955405576085374,0.21618737820798145,0.2129747403444629,0.20992075910300345,0.20702844515662241,0.20429930185971834,0.2017334356000187,0.1993296748924174,0.1970856956134754,0.19181969871266832,0.18654427780242475,0.18141604351257942,0.17642935285655026,0.17157804764774845,0.1668555708983256,0.16225507617535923,0.15776952897807178,0.15339179944254652,0.14911474591122753,0.14493128911927183,0.14083447694543272,0.1368175398492939,0.13287393726785576,0.12899739537197755,0.12518193668695504,0.12142190216213328,0.11771196633299628,0.11404714625714044,0.11042280492475763,0.10683464984677626,0.10327872751184348,0.09975141437913959,0.09624940503985767
0.1960024294992562,0.19812896060410873,0.2004199318140792,0.2028795551321752,0.20551103773970744,0.20831644299399055,0.21129655370635542,0.21445074025436953,0.21777683623517421,0.22127102447322228,0.22492773624833037,0.22873956660258352,0.23269720851212855,0.23678940856851996,0.24100294660193533,0.24532264139495158,0.24973138428236896,0.25421020201353456,0.2587383497746393,0.2632934347374952,0.2678515699282876,0.27238755760648387,0.27687510072377763,0.2812870404101955,0.2855956168247177,0.28977275012683307,0.29379033778920427,0.29762056399543013,0.3012362164651229,0.30461100573407524,0.3077198817011768,0.31053934214463663,0.31304772791399427,0.31522549962448,0.3170554909165154,0.3185231336923718,0.3196166511979094,0.32032721537056097,0.32064906551316125,0.32057958606224146,0.32011934198231695,0.3192720711162266,0.3180446336364011,0.3164469195532309,0.31449171602476333,0.31219453695776966,0.30957341807600397,0.3066486812412378,0.3034426723326069,0.29997947740877606,0.2962846221871177,0.29238476006931663,0.2883073540215074,0.2840803575803624,0.2797319001086366,0.275289981171551,0.27078217855859654,0.2662353740456061,0.26167550049273164,0.25712731332007266,0.25261418880970915,0.24815795106670896,0.24377872884806914,0.23949484285266903,0.23532272347129987,0.23127685843649187,0.22736976929829794,0.22361201519368165,0.22001222198091908,0.21657713448158564,0.21331168931427796,0.21021910561719118,0.20730099084006615,0.20455745873713485,0.2019872567072594,0.19958789969992624,0.1941773568510812,0.1887679280896112,0.18351587745206252,0.1784151712198866,0.17345922480102274,0.16864102718833351,0.16395325788783666,0.1593883953154908,0.15493881592097591,0.15059688354371714,0.14635502873605194,0.14220581799759746,0.13814201305107252,0.13415662045147858,0.1302429319568756,0.12639455619994916,0.12260544228576836,0.11886989600372995,0.11518258938227668,0.11153856433552932,0.10793323115366771,0.10436236257610303,0.10082208416061614,0.09730886162511389
0.19813108390734382,0.2004002380589667,0.20284486105107355,0.20546944737899048,0.20827741932455918,0.21127097863117583,0.21445096061207775,0.2178166934170609,0.2213658653460849,0.2250944032117318,0.2289963648086444,0.23306384854020046,0.23728692317531305,0.24165358055739533,0.24614971386093726,0.25075912368849596,0.25546355392400605,0.260242758811179,0.265074602214657,0.26993518945500977,0.2747990314972178,0.27963924062851236,0.2844277560995334,0.2891355975382501,0.29373314329541655,0.29819043026044056,0.3024774711143342,0.3065645844782907,0.31042273298771395,0.314023863985996,0.31734124730173086,0.3203498044566271,0.32302642365557566,0.3253502550384597,0.32730298092536547,0.32886905615950357,0.3300359141386324,0.33079413471612007,0.33113757083403783,0.33106343150725004,0.3305723195915402,0.3296682236209001,0.3283584638685749,0.3266535936521652,0.3245672577439972,0.3221160105438058,0.31931909740254794,0.3161982031368258,0.31277717232821967,0.30908170644890215,0.30513904318536483,0.30097762354039864,0.2966267523774395,0.29211625803224417,0.2874761564590268,0.2827363251091538,0.27792619137043695,0.2730744399365047,0.2682087429430446,0.26335551611666685,0.2585397035493767,0.2537845930541326,0.24911166339153323,0.24454046400048768,0.24008852723187102,0.23577131248730843,0.2316021811172276,0.22759240044305343,0.22375117484560775,0.22008570151088275,0.21660124814860435,0.2133012497994279,0.2101874217221826,0.20725988530041517,0.2045173039230288,0.20195702587113876,0.19639678019689144,0.19084856266806416,0.18546827836271795,0.1802494888904324,0.17518516804106785,0.17026783459042932,0.16548967707068837,0.16084266943716813,0.15631867684019757,0.15190955097410114,0.14760721472044405,0.14340373602583845,0.1392913911532999,0.13526271761863687,0.13131055726883034,0.12742809007776212,0.12360885932663701,0.11984678890323584,0.11613619349745366,0.11247178249250563,0.10884865835406007,0.10526231030590823,0.1017086040531758,0.09818376827511123
0.20014411301776394,0.20256053340177504,0.20516381040925574,0.20795873022457084,0.21094893723283017,0.21413677606875992,0.21752313625673733,0.22110730234403445,0.22488681260318538,0.22885732950026916,0.2330125251857032,0.23734398525576328,0.24184113395065826,0.24649118379434548,0.2512791124399774,0.25618766916258173,0.2611974130392216,0.2662867843807282,0.2714322104348213,0.2766082457770886,0.28178774715516647,0.28694208186590964,0.2920413680404748,0.2970547445045952,0.30195066718842667,0.3066972284002191,0.31126249466872186,0.3156148583181308,0.31972339748284323,0.3235582389119808,0.3270909176680658,0.33029472770025514,0.3331450572770047,0.33561970339947717,0.33769915958544433,0.3393668718102659,0.34060945790958247,0.3414168863770171,0.34178261121565295,0.34170366030772154,0.3411806756338495,0.3402179045805939,0.3388231425008947,0.3370076276139578,0.33478589022657684,0.3321755591053717,0.3291971286086995,0.32587369087986967,0.32223063799413537,0.31829533942800936,0.3140968005713656,0.30966530822461213,0.3050320691126455,0.3002288474056047,0.29528760706836915,0.2902401645742501,0.28511785712425075,0.27995123102495106,0.27476975431081524,0.2696015570673176,0.26447320223745546,0.25940948899403604,0.2544332900515008,0.24956542359121575,0.24482455979916357,0.24022716137938088,0.23578745682291505,0.2315174446910559,0.227426926721347,0.22352356719121372,0.21981297568039737,0.21629881016085792,0.21298289721030744,0.20986536608998474,0.20694479344383557,0.20421835545860717,0.19850353328656306,0.1928120086322091,0.1872993159289952,0.1819585989402744,0.17678237546066555,0.17176267874069545,0.16689119035471806,0.1621593633743784,0.15755853500497313,0.15308002812251065,0.1487152414102334,0.14445572803103263,0.1402932629837656,0.13621989947517343,0.13222801479401153,0.1283103463000932,0.12446001823890027,0.12067056016354326,0.11693591779198184,0.11325045715076652,0.1096089628596281,0.10600663139670315,0.10243906015479087,0.09890223305753419
0.20206429049484156,0.20463230345552996,0.2073988953696304,0.2103691526797016,0.2135469483990064,0.2169347742514206,0.22053357556506042,0.2243425920037318,0.22835920740508156,0.23257881212279138,0.23699468133371018,0.24159787276191472,0.24637714718413387,0.25131891491025027,0.256407211176161,0.26162370304377147,0.266947729976364,0.2723563797515535,0.2778246007956259,0.2833253513818545,0.2888297854434181,0.2943074740229786,0.29972666063189374,0.30505454804000304,0.3102576132805543,0.3153019469533031,0.32015361226124434,0.32477901864138686,0.3291453043648021,0.33322072210145576,0.3369750211843479,0.34037982017573404,0.34340896334294085,0.3460388547962971,0.34824876432697366,0.3500210994042549,0.3513416383423181,0.35219972031469376,0.3525883886655638,0.35250448482326574,0.3519486910426672,0.3509255211673859,0.34944325958680816,0.34751384954258496,0.3451527328909494,0.34237864432784276,0.3392133639119957,0.3356814324574576,0.3318098349949707,0.3276276580075315,0.323165726519469,0.31845622735411105,0.3135323249701441,0.30842777624246537,0.30317655037470714,0.2978124598261449,0.29236880771690626,0.28687805665644356,0.2813715233373864,0.2758791025680063,0.27042902370042365,0.26504764166758155,0.25975926408893263,0.25458601516104457,0.24954773633199437,0.24466192308295495,0.23994369652019673,0.23540580792702523,0.23105867394667676,0.2269104396700854,0.2229670665903651,0.21923244215999108,0.21570850754585194,0.212395400118307,0.20929160722797654,0.206394127911502,0.2005201881385336,0.19468114632384692,0.18903215536759183,0.18356592891153053,0.17827451535894567,0.1731494481714662,0.16818188707237008,0.16336274894725594,0.1586828275465734,0.15413290139254504,0.14970382957034556,0.14538663533597979,0.1411725776981549,0.1370532113266545,0.1330204353043529,0.12906653137400825,0.12518419243507053,0.1213665421213314,0.11760714633926553,0.11390001767172726,0.1102396135549247,0.10662082912114375,0.10303898556845598,0.09948981487454038
0.20391118151077603,0.2066347491290239,0.20956892440987238,0.2127191019017357,0.21608938922154156,0.21968242902669305,0.22349922390755295,0.22753896747136976,0.2317988850845345,0.2362740878762991,0.24095744367449268,0.24583946853432564,0.25090824242851467,0.2561493524858974,0.2615458668937417,0.26707834221569987,0.27272486642498633,0.27846113941568074,0.28426059214159866,0.29009454485213876,0.29593240416062,0.30174189790793265,0.30748934598986416,0.31313996451887155,0.31865819991009703,0.32400808873739223,0.32915363851831825,0.3340592239772079,0.3386899928208059,0.34301227465828055,0.3469939864206082,0.3506050274945973,0.3538176577918485,0.35660685212673526,0.3589506245800466,0.36083031697220425,0.3622308461538717,0.3631409055303392,0.3635531170537513,0.36346413082532186,0.36287467042678245,0.3617895231230337,0.36021747512155006,0.35817119311316026,0.3556670543281376,0.3527249282967318,0.34936791438159787,0.3456220399305311,0.3415159245638496,0.3370804166473641,0.3323482083985124,0.32735343632325936,0.3221312737821517,0.31671752243692974,0.3111482091396566,0.3054591945034153,0.2996857989494635,0.29386245147534185,0.2880223657490741,0.2821972474251908,0.27641703581883426,0.27070968228501846,0.26510096685142687,0.2596143538643357,0.25427088664646524,0.2490891204491782,0.24408509232369685,0.23927232594876974,0.23466186894473334,0.23026235978275406,0.22608012106705944,0.22211927572842943,0.21838188251787516,0.2148680871268196,0.21157628527875344,0.20850329423014996,0.20246607809849718,0.19647566355921758,0.19068681200726256,0.185091795720983,0.17968218144413592,0.17444898978678092,0.16938284498182296,0.16447411371485315,0.15971303207753268,0.15508982001086213,0.1505947828988094,0.14621840024064608,0.14195140156881586,0.13778482998619437,0.1337100938712052,0.12971900744137171,0.12580382097628917,0.12195724158116959,0.11817244542410618,0.114443082406519,0.11076327422970136,0.10712760680399931,0.10353111791402705,0.09996928100654463
0.20570106663514925,0.20858373938581673,0.21168932305890556,0.2150235273410825,0.21859069980767787,0.2223936374946214,0.22643340156151104,0.23070913850781488,0.23521791161162292,0.23995454640456781,0.2449114940678751,0.2500787166245067,0.2554435977040789,0.2609908824655955,0.2667026499751847,0.27255832095155247,0.27853470331306907,0.2846060773923741,0.29074432203509126,0.29691908207948325,0.3030979769371096,0.3092468491767219,0.31533005117275636,0.32131076703560146,0.32715136621422153,0.3328137843742177,0.33825992642749303,0.34345208594417476,0.34835337463282046,0.35292815514868253,0.3571424701968465,0.36096446074915967,0.3643647661991901,0.3673168994422292,0.36979759018758046,0.3717870902837799,0.37326943545540614,0.37423265860009897,0.37466895065985545,0.374574766041798,0.37395087059779203,0.3728023312547559,0.3711384474920558,0.3689726259621461,0.36632220061889054,0.3632082017290009,0.35965507807165853,0.35569037745796184,0.35134439140667933,0.3466497703807294,0.34164111640861905,0.3363545601797013,0.3308273298087909,0.3250973184159398,0.31920265746667065,0.31318130247619264,0.30707063721101063,0.300907101938801,0.29472585060071055,0.2885604410293944,0.2824425615322606,0.2764017963241103,0.27046543144800567,0.26465830198832985,0.25900268057477027,0.2535182064177237,0.24822185341945352,0.24312793528377805,0.23824814500994235,0.23359162571055794,0.22916506934318737,0.22497283969161644,0.22101711577479097,0.21729805179512254,0.21381394975761858,0.21056144098952229,0.204357221779485,0.19821197949175395,0.1922800750801273,0.18655332938559552,0.18102281649869786,0.1756790324722859,0.17051205382653103,0.16551168448891468,0.16066759016396354,0.1559694194620559,0.15140691142793714,0.14696998939310862,0.14264884132865974,0.13843398709424143,0.13431633316368735,0.13028721555820366,0.12633843183490373,0.1224622630633166,0.11865148677752613,0.11489938191945472,0.1111997267924614,0.10754679102708124,0.10393532252566864,0.10036053030319649
0.2074470007376969,0.2104918707268295,0.2137721940041557,0.2172940015191042,0.22106188546884542,0.22507880026808325,0.22934586678390625,0.2338621834924926,0.23862464843354933,0.24362779599068352,0.24886365260125803,0.25432161548872545,0.25998835840662077,0.26584776818097117,0.2718809155338311,0.27806606326454336,0.2843787143595905,0.2907917020019071,0.29727532276469953,0.30379751351455514,0.31032407172815607,0.31681891806306206,0.3232443991348445,0.3295616275611687,0.3357308554603171,0.34171187675983844,0.34746445290318706,0.3529487558603899,0.35812582177350016,0.36295800811736856,0.3674094469468136,0.3714464866450562,0.3750381145939049,0.3781563533581105,0.3807766233145563,0.3828780651569893,0.38444381635978375,0.3854612364763871,0.38592207706224324,0.3858225930271947,0.38516359331473315,0.38395042994884676,0.3821929256559029,0.37990524143065996,0.3771056865438811,0.3738164745569077,0.37006342989049046,0.36587565036825864,0.3612851318997038,0.3563263620674515,0.3510358898270289,0.34545187880685096,0.33961365180882963,0.333561234057477,0.3273349025335863,0.3209747483675697,0.3145202587709689,0.30800992436933905,0.301480877084912,0.29496856292435913,0.2885064531778959,0.2821257966536913,0.27585541467862784,0.2697215397146103,0.2637476975890843,0.2579546325375283,0.2523602735203449,0.24697973962005215,0.241825381757328,0.2369068574936115,0.23223123531794493,0.22780312454794355,0.2236248268078178,0.21969650497637355,0.21601636551877637,0.21258085021962422,0.20620638233365043,0.1999033033196322,0.19382556590789785,0.18796453072868247,0.18231076964490853,0.17685424395778732,0.1715844718303115,0.1664906834950103,0.1615619631841686,0.15678737707409862,0.1521560868638842,0.14765744890849325,0.14328109909276363,0.13901702386422574,0.13485561803793003,0.13078773014532707,0.12680469622267798,0.12289836302409875,0.119061101702468,0.11528581303085104,0.11156592524095427,0.1078953855368069,0.10426864630482796,0.10068064698914127
0.20915897321077107,0.2123686285159904,0.2158264796056862,0.21953888381823383,0.22351068187591797,0.22774498808340904,0.23224298396800067,0.23700371921630403,0.24202392399304004,0.24729783688812734,0.2528170528176999,0.2585703951935562,0.26454381656611137,0.2707203317325455,0.27707998698133757,0.2835998687162884,0.290254154170029,0.2970142062845467,0.30384871411332104,0.3107238792982522,0.317603648309695,0.3244499892273096,0.3312232109031906,0.33788232140879537,0.34438542174683295,0.35069012993245463,0.356754029738711,0.362535137682512,0.3679923812209194,0.3730860806530005,0.3777784268962821,0.38203394714216843,0.385819950400613,0.38910694512557464,0.3918690214693363,0.39408419124086935,0.3957346793315397,0.3968071612064794,0.39729294202356935,0.3971880740121213,0.39649340989483906,0.39521459134189185,0.3933619726757661,0.3909504812700825,0.3879994172750112,0.38453219642759906,0.3805760407403992,0.3761616227821306,0.37132267004888053,0.3660955365567264,0.3605187492540852,0.3546325371467425,0.34847835114728976,0.342098382605327,0.33553508825153333,0.32883072890816994,0.3220269287951431,0.3151642616121362,0.3082818688238455,0.3014171147393443,0.2946052820815718,0.28787931081291684,0.28126958204162467,0.2748037479041812,0.2685066074222655,0.26240002748861657,0.25650290736102804,0.25083118435163065,0.245397877800567,0.2402131679268345,0.23528450575902737,0.23061675006641652,0.2262123270348109,0.2220714083578543,0.21819210343640227,0.21457066148799683,0.20802322837682552,0.20155979413680314,0.1953338967610274,0.18933642932568903,0.183557453452369,0.17798638715794818,0.17261218133889208,0.1674234833786943,0.16240878675921694,0.15755656592917833,0.15285539602966522,0.14829405739222995,0.14386162500617167,0.13954754339558412,0.13534168755252238,0.1312344107401192,0.1272165801095903,0.12327960116954521,0.11941543220729248,0.11561658979284152,0.11187614650037658,0.10818772196266745,0.10454546833483894,0.10094405118879617
0.2108441387486241,0.21422061940277587,0.21785819608906673,0.22176355657549504,0.22594179318618668,0.23039618209520737,0.2351279662410255,0.24013614591667337,0.24541728133360288,0.25096531162613517,0.2567713948469671,0.2628237734924874,0.2691076699815377,0.27560521628678325,0.2822954215806984,0.289154181307832,0.29615433053420614,0.3032657437593615,0.31045548261604794,0.3176879920394957,0.3249253445783791,0.3321275315616551,0.33925279885054577,0.3462580239161379,0.3530991300148787,0.3597315323118504,0.3661106099502637,0.3721921973095248,0.37793308705630346,0.3832915370937633,0.3882277731709702,0.3927044787412602,0.39668726366458396,0.4001451035395027,0.4030507418255941,0.4053810474715246,0.4071173214879256,0.4082455467826399,0.4087565765896086,0.4086462579484393,0.407915487903032,0.40657020135554034,0.40462129080569975,0.4020844594937194,0.3989800107162077,0.3953325772687837,0.39117079605791005,0.3865269338926501,0.3814364712926305,0.3759376518137203,0.3700710048846662,0.3638788504578784,0.35740479390251756,0.35069321950977694,0.34378879074540114,0.33673596498416214,0.32957852991037284,0.32235916808618414,0.31511905539677837,0.30789749820210516,0.30073161308326163,0.29365605209324996,0.28670277543168227,0.2799008724851165,0.2732764312315372,0.26685245511937705,0.2606488257160474,0.25468230869292763,0.24896660008461993,0.24351240923815112,0.23832757445748504,0.2334172070517457,0.22878385931040604,0.22442771185107496,0.22034677580864737,0.21653710544964003,0.20981456581361566,0.2031887911590068,0.19681289960725706,0.19067731089222062,0.18477157007737788,0.17908454516945027,0.1736046127756488,0.16831983021479344,0.1632180929048669,0.15828727624143973,0.15351536154604672,0.14889054599568774,0.14440133674026823,0.14003662967146388,0.13578577352295534,0.13163862015816397,0.12758556203848975,0.12361755796444159,0.11972614824650551,0.11590346049522317,0.11214220722423679,0.10843567643974307,0.10477771634872635,0.10116271526035046
0.21250709203453227,0.21605184820244533,0.21987071278830672,0.22397070686206766,0.2283571765367977,0.233033561263042,0.23800116592427342,0.24325894099058118,0.24880327524279322,0.25462780575655175,0.26072324992358814,0.2670772642751506,0.27367433475168323,0.2804957028271968,0.2875193315428093,0.2947199150311511,0.3020689345245665,0.30953476314154726,0.3170828209474126,0.3246757809001763,0.3322738253373695,0.33983495165391997,0.3473153247871905,0.35466967308720027,0.361851723133612,0.3688146680926962,0.37551166331360986,0.381896342069561,0.38792334367970793,0.3935488457234954,0.39873109169888366,0.40343090529405523,0.407612182448735,0.4112423525814151,0.4142928007525551,0.4167392431159602,0.41856204877049785,0.41974650204651953,0.42028300032558197,0.42016718367393313,0.41939999384194093,0.4179876615127248,0.4159416220414891,0.41327836127941714,0.4100191943896192,0.4061899818058271,0.40182078762767914,0.39694548676285635,0.3916013279930548,0.385828460839162,0.3796694346172401,0.3731686784023225,0.3663719707482108,0.3593259079503029,0.3520773793919226,0.3446730580943529,0.3371589140126876,0.3295797569032807,0.3219788147564334,0.314397352864662,0.3068743376084238,0.2994461480140458,0.2921463370990947,0.28500544399380245,0.2780508568369861,0.27130672551252377,0.26479392243638,0.25853004883987174,0.25252948333437136,0.24680346899449282,0.2413602347660434,0.2362051466932564,0.2313408842654517,0.22676763710177683,0.22248331721696823,0.21848378223186424,0.2115846139202749,0.20479508767249638,0.19826789808849477,0.19199298744515847,0.1859593797575763,0.1801553882412299,0.17456881022194434,0.1691871078246033,0.16399757320451258,0.15898747749669795,0.15414420304123974,0.1494553587913901,0.14490887912159614,0.14049310652201152,0.13619685889332972,0.13200948234073684,0.12792089050947514,0.12392159160884762,0.12000270433916543,0.11615596397038948,0.11237371982571712,0.10864892540203751,0.10497512231606054,0.10134641920404357
0.21415016439483783,0.21786401729533927,0.2218650545026949,0.22616063201539033,0.2307563509739806,0.23565581490231277,0.24086039093116848,0.24636897946454775,0.2521777970160381,0.2582801771284949,0.26466639438216855,0.2713235164835376,0.2782352893004835,0.28538205946254774,0.2927407387741574,0.3002848141933772,0.3079844065118896,0.3158063801400911,0.3237145055646867,0.33166967511886364,0.33963017170439375,0.3475519890513712,0.35538920101796617,0.36309437634498154,0.37061903421506465,0.3779141349518668,0.38493059925792306,0.3916198485583958,0.397934358316157,0.4038282156345284,0.40925767208657504,0.41418168251929266,0.41856242058790016,0.4223657619851464,0.4255617267431081,0.4281248725948553,0.4300346321795719,0.4312755878409175,0.43183767888341174,0.431716337389871,0.4309125500353075,0.42943284472727794,0.4272892023257012,0.42449889511203587,0.4210842550540088,0.4170723762145891,0.4124947568515845,0.407386887819143,0.40178779479050947,0.3957395425530878,0.389286710167718,0.38247584612500485,0.3753549127689755,0.36797272919426377,0.36037842156470484,0.3526208893608993,0.3447482954586485,0.3368075871896511,0.32884405466401845,0.32090093166682426,0.31301904340528386,0.3052365043070312,0.29758846798086436,0.2901069303757337,0.2828205861363389,0.2757547371768425,0.268931251597305,0.2623685702666841,0.2560817577042359,0.2500825933168613,0.24437969859862255,0.23897869557202173,0.23388239154698678,0.22909098518813326,0.22460228890631254,0.2204119627170135,0.21333530374589885,0.2063812267637788,0.1997020007822705,0.1932870882912094,0.18712498971447028,0.18120346076880062,0.17550971667162815,0.17003062144923248,0.16475286105019765,0.15966309940008994,0.1547481169343835,0.14999493151193094,0.1453909019364601,0.14092381459589018,0.13658195396735417,0.1323541579295998,0.12822985897499092,0.12419911252264774,0.12025261360516284,0.11638170323721435,0.11257836577911134,0.10883521858596172,0.10514549518797794,0.10150302318364994
0.21577372529558386,0.21965683141527823,0.2238402098315073,0.22833155178124281,0.2331367136685345,0.23825946324236916,0.24370122993844254,0.24946086404833281,0.2555344096589667,0.2619148964995151,0.2685921559289582,0.27555266628409053,0.28277943267534855,0.29025190605969114,0.2979459460320125,0.30583383125866026,0.31388432083166684,0.32206276905713527,0.33033129531659267,0.3386490096705617,0.34697229382726713,0.3552551359977245,0.36344951702577166,0.37150584404443504,0.37937342679656316,0.38700099069685623,0.3943372197332257,0.40133132143588607,0.40793360540893225,0.41409606634498164,0.4197729620488232,0.424921376796791,0.42950176036575005,0.43347843328484703,0.4368200492945422,0.4395000066351372,0.4414968006195076,0.4427943109549843,0.4433820184451328,0.4432551469968648,0.44241472825141126,0.44086758761582556,0.4386262519595654,0.43570878072214825,0.43213852361689564,0.427943809477647,0.42315757204758764,0.4178169196227722,0.41196265641237706,0.40563876424276096,0.39889185379792125,0.3917705949453978,0.3843251358403805,0.37660652043377685,0.3686661137399091,0.3605550437591202,0.35232366831730577,0.34402107429967843,0.3356946158445,0.32738949705109677,0.3191484036736497,0.3110111871470864,0.30301460315266565,0.295192105806235,0.287573697467452,0.28018583314688295,0.2730513775501169,0.2661896119607751,0.25961628744075504,0.25334372022558027,0.247380924720843,0.241733779164203,0.2364052188044849,0.23139545136014306,0.22670218954596785,0.22232089558922932,0.21506658170402207,0.20794780170794339,0.20111639863041078,0.1945613547301991,0.18827064635542373,0.18223147120817407,0.17643046185878172,0.17085388368142612,0.16548781585696964,0.1603183145395914,0.15533155770314072,0.15051397156505641,0.14585233882569837,0.14133388925611987,0.13694637341624896,0.1326781204880687,0.12851808136579293,0.12445585825933504,0.12048172214149569,0.1165866194068159,0.11276216911497011,0.10900065216821049,0.10529499372514059,0.10163874008640321
0.21737647611506522,0.2214282952465006,0.2257934328910636,0.23047991445422755,0.23549385078880936,0.2408391733447764,0.24651737366387905,0.2525272520852182,0.25886468081939573,0.26552238675158407,0.27248975943412723,0.2797526897152341,0.28729344431217985,0.29509058136806954,0.30311891162661375,0.31134950931896155,0.31974977618364775,0.32828356124229957,0.336911338041117,0.3455904400564591,0.35427535387106446,0.36291806857790865,0.37146847868679483,0.37987483662220184,0.3880842497390736,0.3960432156763438,0.40369818884624875,0.4109961699501683,0.4178853096462175,0.42431551689468006,0.43023906209560264,0.4356111649249793,0.44039055678344374,0.4445400080001739,0.44802681038482245,0.45,0.45,0.45,0.45,0.45,0.45,0.45,0.4499114888581387,0.4468672594678511,0.44314188200009746,0.43876491611855517,0.43377072647013193,0.4281980336303809,0.42208941466783645,0.4154907623291768,0.4084507124372015,0.40102004946556247,0.3932511004041334,0.3851971269589961,0.3769117258491951,0.36844824648202323,0.3598592346278233,0.35119590989648386,0.3425076838666351,0.33384172466318085,0.32524257264893885,0.3167518107221037,0.3084077915230419,0.30024542268045024,0.2922960100950951,0.2845871581935955,0.2771427251061917,0.2699828298488073,0.26312390783473494,0.2565788104147191,0.25035694365182126,0.2444644411810942,0.2389043657819152,0.23367693419768024,0.2287797597653196,0.22420810755516765,0.21677670577910618,0.2094937484535782,0.20251065398541393,0.19581592593508648,0.18939701824765073,0.1832405723915595,0.1773326401496901,0.17165889015484626,0.1662047967567964,0.1609558102781633,0.1558975081540554,0.15101572684884623,0.14629667479828362,0.14172702693311526,0.13729400160017402,0.13298542090829168,0.12878975569065443,0.12469615639448182,0.12069447128625915,0.11677525339990401,0.11292975766039043,0.10914992959097529,0.10542838696288648,0.10175839567674118
0.21895572767500307,0.22317499528953497,0.22772052985049007,0.23260068842720164,0.2378218344141232,0.24338806173523975,0.2493009235728626,0.2555591706880164,0.2621585047032162,0.269091351929496,0.27634666342396896,0.2839097469495707,0.29176213636478004,0.29988150369061806,0.3082416186809044,0.3168123601590072,0.32555978268352653,0.33444624127394,0.343430575976897,0.35246835700035023,0.3615121900057942,0.37051207995184615,0.3794158506516526,0.38816961597099964,0.3967182973841454,0.40500618145176187,0.4129775097214046,0.4205770926061237,0.42775093799966896,0.43444688476285903,0.4406152307868866,0.4462093451228576,0.45,0.45,0.45,0.45,0.45,0.45,0.45,0.45,0.45,0.45,0.45,0.45,0.45,0.4494934305777362,0.44429284734317365,0.4384898532652604,0.43212878498404905,0.42525743184391046,0.4179264396277359,0.41018869156600757,0.40209867715259934,0.3937118592263685,0.38508404948412905,0.37627080209035496,0.3673268343608729,0.35830548264516476,0.34925820054141304,0.3402341054794412,0.33127957853014117,0.3224379210774047,0.3137490707512644,0.3052493777989754,0.29697144189218205,0.288944008258515,0.28119192100700313,0.2737361306069463,0.2665937516937189,0.2597781667225195,0.25329917047834927,0.24716315007941297,0.24137329487978054,0.23592983058014627,0.230830271884432,0.22606968818375628,0.21846252581642628,0.21101662169449284,0.2038829727848071,0.19704960753745415,0.19050346140991545,0.18423062380605965,0.17821657007439629,0.17244637657901726,0.16690491737189433,0.16157704148488988,0.15644773031549686,0.15150223499530885,0.1467261939996588,0.14210573157759776,0.13762753785187834,0.1332789316587682,0.12904790736855334,0.1249231670517869,0.12089413943688423,0.11695098714543485,0.11308460369695503,0.10928660174942097,0.10554929399059806,0.101865668022717
0.22050765641221964,0.22489236084711334,0.22961612510414628,0.23468763393202746,0.2401135002329073,0.2458979784528872,0.25204268267431285,0.25854631467574485,0.2654044075409925,0.2726090906179349,0.2801488817363706,0.28800851257892773,0.29616879294957693,0.3046065193927911,0.3132944331785576,0.3222012320836406,0.3312916396712152,0.3405265349069866,0.349863143962299,0.3592552949599384,0.3686537352368317,0.37800650945387726,0.3872593956041314,0.39635639468652256,0.4052402685549669,0.41385311925493246,0.42213700205381327,0.4300345633896251,0.43748969413411315,0.4444481879180228,0.45,0.45,0.45,0.45,0.45,0.45,0.45,0.45,0.45,0.45,0.45,0.45,0.45,0.45,0.45,0.45,0.45,0.4486496805802942,0.44203919581103557,0.43489841799369183,0.4272799787243453,0.4192388347766381,0.4108316121689391,0.40211594842930437,0.39314984362241284,0.3839910301828004,0.37469637088365165,0.3653212933843331,0.35591926877052926,0.346541340358771,0.3372357078144539,0.32804737036193005,0.3190178315794317,0.3101848670016987,0.3015823545283795,0.2932401664829645,0.2851841211080948,0.27743599033768057,0.2700135598692606,0.2629307368819995,0.25619770021287974,0.24982108741800751,0.2438042129055248,0.2381473112258147,0.23284779963473023,0.22790055419499028,0.2201197427576498,0.21251284942048454,0.20523045477338714,0.19826011786385106,0.19158826189069797,0.18520043082550736,0.17908153050748557,0.1732160521473049,0.16758827671089094,0.1621824591630256,0.1569829920241567,0.15197454812506456,0.14714220282795595,0.14247153631586698,0.1379487168333542,0.13356056599024746,0.12929460741797758,0.12513910019705893,0.1210830585580086,0.11711625940035404,0.11322923917994226,0.10941328168838628,0.10566039819514642,0.10196330134743832
0.22202753676934087,0.22657490166955202,0.231473904578017,0.23673355242371658,0.24236070342926835,0.24835976986901348,0.2547324257033098,0.26147732455027595,0.26858983378342605,0.2760617907711101,0.28388128738621765,0.2920324888988295,0.30049549320946595,0.3092462360782691,0.31825644755137444,0.32749366417922576,0.33692130086629296,0.34649878529559225,0.35618175684716286,0.3659223307942376,0.37566942733551484,0.3853691637318231,0.3949653064890111,0.404399779197209,0.41361322033266523,0.42254558408610293,0.4311367761348338,0.4393273152575936,0.44705901083191385,0.45,0.45,0.45,0.45,0.45,0.45,0.45,0.45,0.45,0.45,0.45,0.45,0.45,0.45,0.45,0.45,0.45,0.45,0.45,0.45,0.44437160547935856,0.43647054308342614,0.4281310948290911,0.4194119874041367,0.41037299653025844,0.4010742739148853,0.3915756937069617,0.3819362281320387,0.3722133610630765,0.36246254721585547,0.35273672347344937,0.3430858775761669,0.3335566780957199,0.3241921682788516,0.3150315250286606,0.30610988302162107,0.2974582227621991,0.2891033202787711,0.2810677551840666,0.2733699729760467,0.26602439675194245,0.2590415829555702,0.2524284153780977,0.24618833138308555,0.2403215742220905,0.234825465338267,0.22969469071036472,0.22174314437575002,0.21397796353884058,0.2065493194001943,0.19944430948221134,0.1926488533217607,0.1861479586115588,0.17992597123899434,0.17396680708134452,0.16825416397163867,0.16277171277719132,0.15750326702391976,0.15243293094681531,0.14754522624510386,0.14282519816630365,0.13825850183491722,0.1338314699787736,0.12953116339037182,0.12534540559443097,0.12126280327965963,0.11727275409669737,0.11336544342995233,0.10953183172369828,0.10576363388748211,0.10205329222779021
0.22350994939365265,0.22821642180157886,0.23328683566125616,0.2387305130446225,0.2445545521362806,0.2507635195914029,0.25735914794045683,0.26434004369307734,0.2717014121320576,0.2794348050238648,0.2875278975885647,0.29596430105571825,0.3047234169723498,0.3137803391161977,0.3231058083974909,0.33266622550477004,0.34242372526855064,0.3523363157892161,0.3623580843154422,0.37243947068431343,0.38252760786608747,0.3925667278213087,0.40249862950510124,0.4122632044751909,0.42179901421064087,0.43104391196255926,0.4399357007712096,0.4484128182300524,0.45,0.45,0.45,0.45,0.45,0.45,0.45,0.45,0.45,0.45,0.45,0.45,0.45,0.45,0.45,0.45,0.45,0.45,0.45,0.45,0.45,0.45,0.4454560906068027,0.43682485384273007,0.42780067403358674,0.4184454183906034,0.40882134326608877,0.39899041774238814,0.38901367742110377,0.37895061747535813,0.36885863292302107,0.35879251285294217,0.34880399402380696,0.3389413778914913,0.3292492137406007,0.3197680492328047,0.31053424836989674,0.30157987563155975,0.29293264391119755,0.2846159228584037,0.2766488033596829,0.2690462131612451,0.26181907806575583,0.25497452272098425,0.24851610476022135,0.2424440759461395,0.23675566400201065,0.2314453689745787,0.2233268170683749,0.21540680617157604,0.20783510703760857,0.20059836574477277,0.19368200916936487,0.1870705204390622,0.18074769772034296,0.17469689412397324,0.1689012370873325,0.16334382613858361,0.1580079084559663,0.15287703209839865,0.14793517719566715,0.14316686574425389,0.13855725095657848,0.13409218735701361,0.1297582830088179,0.12554293539466693,0.12143435256330873,0.11742156120034718,0.11349440328712945,0.10964352298339665,0.10586034531210811,0.10213704814401538
0.2249489661218271,0.22981021055358095,0.23504736462688078,0.2406700569693638,0.24668561918894874,0.2530987681149517,0.2599112932519862,0.26712175528485166,0.2747252018223933,0.28271290681149525,0.29107214017267646,0.29978597419190117,0.3088331330374735,0.31818789144771326,0.32782002814967975,0.33769483892085,0.34777321339822614,0.3580117787814393,0.3683631124814725,0.37877602455283615,0.38919590943712407,0.3995651651667103,0.4098236767593317,0.41990935911069327,0.4297587532982917,0.4393076688816404,0.4484918635582282,0.45,0.45,0.45,0.45,0.45,0.45,0.45,0.45,0.45,0.45,0.45,0.45,0.45,0.45,0.45,0.45,0.45,0.45,0.45,0.45,0.45,0.45,0.45,0.45,0.4452787166408805,0.4359577772947868,0.4262948747086595,0.4163543125307028,0.4062000976923044,0.3958952729466585,0.3855012899615937,0.37507743118622455,0.36468028744484676,0.3543632968559233,0.34417634926540913,0.3341654589580925,0.3243725070027289,0.31483505322882815,0.3055862165542986,0.2966546212091516,0.2880644053523123,0.2798352876727847,0.2719826868146938,0.2645178878749799,0.25744824979496767,0.2507774472004759,0.24450574013337534,0.23863026515080699,0.23314534143392737,0.224864334652548,0.21679371262455496,0.20908285656793513,0.2017179734181852,0.19468401081542344,0.1879649416160401,0.18154403119032417,0.17540408521722564,0.16952767628105417,0.16389734813911,0.15849579705423297,0.15330603006438193,0.1483115004870049,0.14349622132549505,0.13884485755667603,0.13434279853192016,0.12997621192156053,0.12573208077535097,0.1215982253645276,0.1175633115179995,0.11361684717136392,0.10974916881819376,0.10595141949391379,0.10221551983908918
0.2263383135871672,0.2313492123721916,0.2367475932500311,0.2425433812674934,0.24874413373746987,0.2553547126977824,0.2623769627432915,0.26980940024919875,0.2776469203640266,0.28588052840142036,0.2944971023839318,0.3034791934745631,0.3128048708610107,0.322447617324421,0.3323762812241006,0.342555089961301,0.35294372915290917,0.3634974907584795,0.37416749227538837,0.38490096786573985,0.39564163092841476,0.40633010620803467,0.41690442807094086,0.42730060011085336,0.437453209810024,0.4472960906127982,0.45,0.45,0.45,0.45,0.45,0.45,0.45,0.45,0.45,0.45,0.45,0.45,0.45,0.45,0.45,0.45,0.45,0.45,0.45,0.45,0.45,0.45,0.45,0.45,0.45,0.45,0.4438430719633179,0.4338826950457627,0.4236361107319574,0.4131692964190943,0.4025472356437595,0.39183327187530226,0.3810885125845379,0.3703712907552711,0.35973668960881255,0.3492361348597072,0.3389170573514307,0.32882262746956814,0.3189915613302703,0.3094579974237606,0.3002514411825268,0.2913967738634009,0.28291432119905485,0.2748199764995654,0.2671253722757723,0.25983809401543706,0.2529619294684474,0.24649714668211373,0.24044079406193264,0.2347870159039502,0.22634892595806358,0.21813267288592716,0.2102872612504137,0.20279847336485235,0.19565079347954115,0.1888277010521438,0.182311946274126,0.17608580549392722,0.17013131478948282,0.16443048052427378,0.15896546626223332,0.15371875590968587,0.14867329339124588,0.14381259954751333,0.1391208672636472,0.13458303609936634,0.13018484789405055,0.12591288496811404,0.12175459263747912,0.11769828780639828,0.11373315541022985,0.10984923444962598,0.10603739529663805,0.10228930986718308
0.2276715177198699,0.23282617781276027,0.23837943675312942,0.24434150433464802,0.2507201546874356,0.25752038933984195,0.2647441058076466,0.27238977790126384,0.28045215431243126,0.2889219822997169,0.2977857634197485,0.3070255482331944,0.31661877673877825,0.3265381709459311,0.33675168548195666,0.34722252144208776,0.3579092078346484,0.3687657539578099,0.37974187488339395,0.3907832909361287,0.40183210066779085,0.4128272253632567,0.42370492161188184,0.4343993569680928,0.4448432422469992,0.45,0.45,0.45,0.45,0.45,0.45,0.45,0.45,0.45,0.45,0.45,0.45,0.45,0.45,0.45,0.45,0.45,0.45,0.45,0.45,0.45,0.45,0.45,0.45,0.45,0.45,0.45,0.45,0.4411702903962418,0.4306297343968551,0.4198626300603131,0.4089358252829927,0.3979144808409555,0.3868614573615467,0.3758367613858315,0.36489705645758896,0.35409524368096956,0.3434801146773019,0.3330960783786595,0.3229829616559162,0.31317588242319017,0.30370519261571133,0.2945964873267267,0.28587067542858774,0.27754410620606584,0.269628745903537,0.2621323976343204,0.2550589578178061,0.24840870219150796,0.24217859448048837,0.23636261098225747,0.2277736234468269,0.21941747394726022,0.21144280522313116,0.20383499168624894,0.19657807244432032,0.18965505298519353,0.1830481886080719,0.17673924717470677,0.17070974938305053,0.16494118536410163,0.15941520695934858,0.15411379554320614,0.1490194057061774,0.1441150855063117,0.13938457432699117,0.13481237964804538,0.13038383424614783,0.12608513549217593,0.12190336851161912,0.11782651502392634,0.1138434496832261,0.1099439257118391,0.106118551555302,0.10235876019909022
0.2289420315240979,0.2342337979242195,0.2399347653095088,0.24605541503899334,0.2526037280231145,0.2595848388234522,0.2670006954268891,0.27484973104946187,0.28312655470590314,0.2918216675455929,0.30092121208660155,0.310406761461154,0.32025515560542667,0.33043839097479105,0.3409235698372032,0.35167291449165106,0.3626438508796368,0.37378916501492876,0.3850572344648987,0.3963923357954817,0.407735027465877,0.4190226061577997,0.4301896329804987,0.44116852444306587,0.45,0.45,0.45,0.45,0.45,0.45,0.45,0.45,0.45,0.45,0.45,0.45,0.45,0.45,0.45,0.45,0.45,0.45,0.45,0.45,0.45,0.45,0.45,0.45,0.45,0.45,0.45,0.45,0.45,0.44811955465007375,0.43729863550681397,0.4262451421769041,0.41502770061153993,0.40371320476670597,0.39236618726912864,0.38104825074479565,0.369817565903643,0.3587284409406686,0.34783096526190527,0.33717072901110196,0.3267886183947814,0.3167206854114506,0.3069980893127642,0.2976471059834578,0.2886892004408517,0.28014115683642443,0.2720152596988905,0.2643195196928009,0.2570579368765178,0.25023079432176376,0.2438349749931947,0.23786429496677566,0.22913139519529502,0.22064182535582932,0.21254388311418282,0.20482255386322812,0.19746145217462827,0.1904431315074338,0.18374937517814602,0.1773614661007013,0.1712604334510471,0.16542727502514132,0.15984315463069076,0.15448957437341532,0.14934852216196876,0.14440259515790688,0.13963510023634593,0.13503013279907505,0.13057263549639833,0.1262484385697462,0.12204428362811617,0.11794783272253363,0.11394766458944067,0.1100332599020813,0.10619497730458377,0.10242402191255336
0.23014334840436504,0.23556482424129013,0.24140553121689165,0.2476762076046324,0.2543850299394996,0.26153725863917493,0.26913488943873376,0.2771763171498975,0.28565601864595275,0.29456426224465576,0.30388685079561073,0.3136049057598122,0.3236946993841985,0.3341275417136447,0.3448697286414537,0.3558825564763199,0.3671224076032593,0.3785409107476983,0.39008517813077886,0.40169812045027375,0.41331883916063217,0.424883093987573,0.43632384203120655,0.447571843223996,0.45,0.45,0.45,0.45,0.45,0.45,0.45,0.45,0.45,0.45,0.45,0.45,0.45,0.45,0.45,0.45,0.45,0.45,0.45,0.45,0.45,0.45,0.45,0.45,0.45,0.45,0.45,0.45,0.45,0.45,0.44360709728226444,0.4322826656141655,0.42079026708399925,0.4091984353228038,0.39757328475250125,0.3859779279753931,0.37447196155612134,0.36311102486813235,0.35194643508681916,0.34102489984136414,0.3303883075228952,0.32007359382055667,0.3101126817477941,0.3005324912522048,0.29135501349211695,0.28259744402470444,0.2742723684916147,0.26638799391126394,0.25894841838967547,0.25195393193710053,0.2454013411148037,0.23928431042114,0.23041526246315983,0.22179947029668443,0.21358490513044115,0.20575618432589543,0.19829652082234026,0.1911880404369331,0.1844120799668889,0.17794946354121122,0.1717807553314015,0.1658864873597991,0.160247361729699,0.15484442713462032,0.14965922997880263,0.1446739408531253,0.13987145745821278,0.13523548534937951,0.13075059809783537,0.12640227862215797,0.12217694354753017,0.11806195250263078,0.11404560427094257,0.11011712168062614,0.10626662705116008,0.1024851099218345
0.23126910306030213,0.23681217632238707,0.24278388359213532,0.24919520399004888,0.25605449744132663,0.2633671423487275,0.2711351792093536,0.27935696683241196,0.28802685821385265,0.29713490340106813,0.30666658681801884,0.3166026065019301,0.326918702513715,0.33758554141577696,0.34856866315733376,0.3598284959681011,0.37132044394049873,0.38299505088827607,0.3947982428209376,0.40667164998931427,0.4185530079639967,0.4303766356357396,0.44207398641004175,0.45,0.45,0.45,0.45,0.45,0.45,0.45,0.45,0.45,0.45,0.45,0.45,0.45,0.45,0.45,0.45,0.45,0.45,0.45,0.45,0.45,0.45,0.45,0.45,0.45,0.45,0.45,0.45,0.45,0.45,0.45,0.44952059664264893,0.4379421710854947,0.4261920113640562,0.4143401882393564,0.4024542990032432,0.39059887180060565,0.3788348398780201,0.3672190905356511,0.3558040919337125,0.34463759929942334,0.33376244053201964,0.3232163797453829,0.31303205594918476,0.3032369928742748,0.2938536749151976,0.2848996833055626,0.27638788596838576,0.2683266739960029,0.2607202374102101,0.2535688727258526,0.246869314879062,0.2406150862702278,0.23161840481597692,0.22288428425073342,0.21456038974273167,0.2066309936386673,0.19907893236350044,0.191885930837165,0.18503290726284863,0.17850025567697353,0.17226810432791378,0.16631654859381306,0.16062585774848934,0.1551766554296024,0.14995007414860742,0.14492788460338296,0.14009260090978234,0.1354275631575939,0.1309169989210932,0.12654606551753161,0.1223008749127239,0.11816850322645724,0.1141369867974775,0.11019530673446039,0.10633336381194847,0.10254194547503186
0.2323131616398776,0.2379690384406951,0.24406227210572126,0.25060406518451744,0.25760294772977343,0.2650644075966827,0.272990526807199,0.28137963077170497,0.2902259575675832,0.29951935475710423,0.3092450113670245,0.3193832326326698,0.3299092649164492,0.3407931778347384,0.35199981006230163,0.3634887845290669,0.375214597784661,0.38712678719161836,0.3991701783342472,0.4112852136179452,0.4234083615097229,0.43547260426608886,0.4474080003446382,0.45,0.45,0.45,0.45,0.45,0.45,0.45,0.45,0.45,0.45,0.45,0.45,0.45,0.45,0.45,0.45,0.45,0.45,0.45,0.45,0.45,0.45,0.45,0.45,0.45,0.45,0.45,0.45,0.45,0.45,0.45,0.45,0.44319210108903684,0.43120282138224336,0.4191098093852905,0.40698203801927874,0.3948853486001031,0.38288191438786945,0.3710297803598041,0.3593824824220921,0.34798874763803833,0.33689227547006445,0.32613159854538054,0.3157400200892688,0.3057456239504219,0.29617135208891715,0.28703514352280474,0.27835012804197184,0.27012486750050774,0.262363637188662,0.25506673965546406,0.24823084339181886,0.24184933897662927,0.23273425443924392,0.22389036294672915,0.21546504575957576,0.20744225516106604,0.1998044782912219,0.19253306816551113,0.18560855466567888,0.17901093283972191,0.1727199265387066,0.16671522607454775,0.1609766991936741,0.1554845752177882,0.150219602698153,0.14516318135977865,0.14029746947447377,0.13560546809684937,0.13107108382663266,0.12667917192713146,0.12241556173765936,0.11826706637238311,0.11422147870523008,0.1102675556064661,0.10639499232775565,0.10259438883537604
0.23326970248728482,0.2390289466814268,0.245233540919367,0.2518948924896291,0.25902168734103403,0.2666195136253882,0.27469049141589535,0.2832329155179641,0.29224091870347896,0.3017041629877017,0.3116075667104994,0.3219310751636282,0.3326494823094388,0.3437323107534996,0.35514375655853353,0.3668427047189317,0.37878282015852405,0.3909127179794281,0.40317621539258613,0.41551266632259526,0.42785737812755414,0.4401421082407131,0.45,0.45,0.45,0.45,0.45,0.45,0.45,0.45,0.45,0.45,0.45,0.45,0.45,0.45,0.45,0.45,0.45,0.45,0.45,0.45,0.45,0.45,0.45,0.45,0.45,0.45,0.45,0.45,0.45,0.45,0.45,0.45,0.45,0.4480026873913824,0.43579429036029543,0.4234802652169131,0.4111308454386236,0.39881307566406704,0.38659026543832464,0.3745215205746704,0.36266135540708505,0.35105938753975635,0.33976011509103116,0.32880277491442667,0.318221278888438,0.30804422412510063,0.2982949718741433,0.28899178900897776,0.28014804528089826,0.27177245902133107,0.26386938365617546,0.25643912726387835,0.24947829744833777,0.2429801639939882,0.23375658092718876,0.22481210097138352,0.21629384522852807,0.20818547269216303,0.20046915043545782,0.19312589067964941,0.18613586746857425,0.17947871023764347,0.17313377226891422,0.16708037269232712,0.1612980113151484,0.15576655612810542,0.15046640384097956,0.1453786142382185,0.14048501951434858,0.13576831004948497,0.13121209831869574,0.126800962798504,0.1225204738437532,0.11835720356371147,0.11429872173359898,0.11033357974307194,0.10645128451314123,0.10264226421408908
0.2341332884789929,0.23998586735631983,0.24629101364900335,0.2530603195128213,0.2603026116616419,0.2680235688092205,0.276225345386804,0.28490620856530724,0.29406019603193745,0.30367680226390814,0.3137407011867289,0.32423151308425935,0.33512362342817703,0.34638606090542867,0.35798244133781854,0.36987098340730273,0.38200460112847573,0.39433107685648294,0.4067933173003604,0.4193296935504923,0.4318744645518468,0.444358281794232,0.45,0.45,0.45,0.45,0.45,0.45,0.45,0.45,0.45,0.45,0.45,0.45,0.45,0.45,0.45,0.45,0.45,0.45,0.45,0.45,0.45,0.45,0.45,0.45,0.45,0.45,0.45,0.45,0.45,0.45,0.45,0.45,0.45,0.45,0.4399400028965809,0.42742641586682145,0.41487686059441675,0.4023594682477485,0.3899385743704724,0.3776742426484878,0.365621870878591,0.3538318807710661,0.34234949158363837,0.33121457604480603,0.32046159561115617,0.31011961084136785,0.30021236157909104,0.29075841073186703,0.2817713447220429,0.2732600231708865,0.2652288700561984,0.2576781984491647,0.2506045609762931,0.24400111835171032,0.2346795674872988,0.22564426205886295,0.2170420882604859,0.20885644026230274,0.20106919613591945,0.1936610603854047,0.18661188575386953,0.1799009715500403,0.17350733645393046,0.16740996443996542,0.16158802308796466,0.1560210541280136,0.15068913657770697,0.14557302327513647,0.1406542519862003,0.13591523257019628,0.1313393119249056,0.12691081860464648,0.12261508911650135,0.1184384779564744,0.11436835345476068,0.11039308146409803,0.10650199885398193,0.10268537867300427
0.23489893163338618,0.24083426734048827,0.24722856987171005,0.2540935952986147,0.26143829514686223,0.2692684284285445,0.27758618003906843,0.28638979264674175,0.2956732196302787,0.30542580691635135,0.3156320117162029,0.3262711661397556,0.33731729346328476,0.3487389844321499,0.3604993403873933,0.37255598921339306,0.3848611791179326,0.3973619540864852,0.4100004135156421,0.4227140570486378,0.4354362140365954,0.4480965553652213,0.45,0.45,0.45,0.45,0.45,0.45,0.45,0.45,0.45,0.45,0.45,0.45,0.45,0.45,0.45,0.45,0.45,0.45,0.45,0.45,0.45,0.45,0.45,0.45,0.45,0.45,0.45,0.45,0.45,0.45,0.45,0.45,0.45,0.45,0.4436158009738954,0.4309252689061613,0.4181982599964454,0.40550386880373424,0.39290734059126975,0.380469588359473,0.3682467932429021,0.35629008992657984,0.3446453370790779,0.3333529712385712,0.32244794115467734,0.31195971830915015,0.30191237823256334,0.2923247463162987,0.2832106010978825,0.274578927475693,0.26643421198360834,0.258776772119714,0.25160311176385297,0.24490629492105515,0.23549787919490336,0.22638204177213014,0.21770546056164353,0.20945129492327288,0.2016011666803319,0.1941355074940782,0.18703388522071338,0.18027530645636317,0.17383849320028477,0.16770213225540248,0.16184509662625754,0.1562466387582293,0.15088655598157688,0.14574532897503548,0.14080423444420878,0.13604543351970422,0.1314520376205552,0.1270081537031843,0.12269891092946567,0.11851047084479559,0.1144300231646132,0.11044576923210174,0.10654689513760537,0.10272353638835542
0.23556215041937695,0.2415691766801899,0.24804071344241058,0.25498865877450355,0.26242207232403864,0.2703467826639186,0.2787650010800311,0.2876749490145748,0.2970705068115362,0.3069408917112831,0.3172703731899099,0.32803803371813456,0.3392175828097428,0.3507772318302297,0.3626796364364465,0.37488191271687976,0.3873357321044522,0.3999874989500504,0.4127786132919605,0.42564581985652533,0.4385216427066804,0.45,0.45,0.45,0.45,0.45,0.45,0.45,0.45,0.45,0.45,0.45,0.45,0.45,0.45,0.45,0.45,0.45,0.45,0.45,0.45,0.45,0.45,0.45,0.45,0.45,0.45,0.45,0.45,0.45,0.45,0.45,0.45,0.45,0.45,0.45,0.44680002761356447,0.43395621166843606,0.4210754782920941,0.4082277566091566,0.39547907995438825,0.38289109707205743,0.37052066768624825,0.35841954411745763,0.3466341389428322,0.33520537711737003,0.32416862952270203,0.3135537236148606,0.3033850257231547,0.2936815886233634,0.2844573572784746,0.27572142511187187,0.2674783328484874,0.25972840182133955,0.2524680936820296,0.24569038865846954,0.2362067236743037,0.2270211230273812,0.21828008419341116,0.20996656312084436,0.20206195965032525,0.19454646908494933,0.18739941248919914,0.1805995428882446,0.17412532527285507,0.16795518901234446,0.16206775192669878,0.1564420158598568,0.1510575341220841,0.1458945516260163,0.14093411892604876,0.13615818168419747,0.13154964732905935,0.12709243085132,0.12277148179392841,0.11857279455310489,0.11448340411396854,0.1104913693084308,0.10658574560993234,0.1027565493764291
0.2361190199830975,0.24218624361860705,0.2487226326898445,0.25574020449772894,0.2632481094780132,0.27125223461266507,0.27975481334722296,0.2887540493006724,0.2982437614909442,0.30821305910264074,0.31864605397375045,0.32952161895707155,0.34081320010520605,0.35248869022463847,0.3645103707385611,0.3768349279888972,0.38941354910023906,0.4021921013328674,0.4151113974854431,0.42810754839305476,0.441112401931438,0.45,0.45,0.45,0.45,0.45,0.45,0.45,0.45,0.45,0.45,0.45,0.45,0.45,0.45,0.45,0.45,0.45,0.45,0.45,0.45,0.45,0.45,0.45,0.45,0.45,0.45,0.45,0.45,0.45,0.45,0.45,0.45,0.45,0.45,0.45,0.44947374586271877,0.4365012199756967,0.4234914067019552,0.4105149359370983,0.39763850274654133,0.38492437366651777,0.3724299782215368,0.3602075873504086,0.34830407873816766,0.33676078745535765,0.32561343884089355,0.3148921592565341,0.3046215592104866,0.29482088240945553,0.28550421356114203,0.2766807372155855,0.2683550396010518,0.26052744527068894,0.25319438041774084,0.2463487549238563,0.23680190437972704,0.22755772470493016,0.21876256186839585,0.2103992010173975,0.20244885559739614,0.1948915224454395,0.18770631539907695,0.1808717745641321,0.1743661491255889,0.16816765229000763,0.16225468760311515,0.15660604648295656,0.1512010773402367,0.14601982711868855,0.14104315647727042,0.13625283015257839,0.1316315842858069,0.12716317267718036,0.12283239404660112,0.11862510243788514,0.11452820291165564,0.11052963463546119,0.10661834340588455,0.10278424553320172
0.23656621535953568,0.24268178204056132,0.2492702524216968,0.25634373955654155,0.26391146679062705,0.2719793680128185,0.2805496944645305,0.28962063545135985,0.2991859607417759,0.3092346927434271,0.31975081669897853,0.3307130371221823,0.3420945884863804,0.3538631077710743,0.3659805758615192,0.3784033339806402,0.39108218031680414,0.4039625508059076,0.41698478664877003,0.4300844896178523,0.4431929645594185,0.45,0.45,0.45,0.45,0.45,0.45,0.45,0.45,0.45,0.45,0.45,0.45,0.45,0.45,0.45,0.45,0.45,0.45,0.45,0.45,0.45,0.45,0.45,0.45,0.45,0.45,0.45,0.45,0.45,0.45,0.45,0.45,0.45,0.45,0.45,0.45,0.4385450411560956,0.4254315669604841,0.4123517009436125,0.399372669590665,0.38655723557155597,0.3739632860036385,0.3616435083154593,0.3496451537088703,0.33800988660822084,0.3267737170084385,0.31596701131519056,0.305614576130811,0.29573580849398023,0.28634490533797513,0.277451124394433,0.26905908843423865,0.261169124596548,0.2537776305988617,0.24687745982945772,0.23727986650100158,0.22798864343560685,0.21915001493079933,0.21074662896758686,0.20275954930199816,0.19516861338783176,0.18795276864373392,0.18109038418518683,0.17455953588880424,0.16833826336610352,0.16240479808437258,0.15673776247374638,0.15131634039508268,0.14612041980811044,0.14113070887138723,0.13632882702471089,0.13169737285253455,0.12721997070694918,0.12288129818554147,0.11866709661852982,0.11456416672733902,0.11056035157998244,0.10664450889422925,0.10280647463450028
0.236901047634436,0.2430528112427742,0.24968027758224448,0.25679563140140826,0.2644081506371023,0.2725238042998012,0.28114485695560804,0.2902694871929488,0.2998914279046851,0.30999963652409207,0.32057800350539783,0.331605107318243,0.34305402401568363,0.35489219902638675,0.3670813882073797,0.3795776743732235,0.39233156449570766,0.40528817155595326,0.41838748364519435,0.4315647213744909,0.44475078299598175,0.45,0.45,0.45,0.45,0.45,0.45,0.45,0.45,0.45,0.45,0.45,0.45,0.45,0.45,0.45,0.45,0.45,0.45,0.45,0.45,0.45,0.45,0.45,0.45,0.45,0.45,0.45,0.45,0.45,0.45,0.45,0.45,0.45,0.45,0.45,0.45,0.44007534937907455,0.42688425891386267,0.41372697554809024,0.4006711236682849,0.38777983742519345,0.375111346559492,0.3627186503470378,0.3506492796609556,0.33894514552974775,0.3276424710849545,0.3167718024654776,0.30635809309942,0.2964208548330076,0.2869743686285841,0.2780279470126173,0.2695862401173323,0.2616495770181623,0.25421433411135275,0.2472733224856861,0.23763773542190958,0.22831128854775748,0.21944011505911037,0.2110067602335305,0.20299217574686126,0.19537607971445603,0.18813729494855963,0.18125406253538145,0.17470432858663495,0.16846600273429074,0.1625171876016493,0.15683637908889625,0.15140263784994631,0.14619573280501869,0.1411962579277689,0.1363857238668007,0.13174662621075248,0.1272624923872323,0.12291790930331284,0.11869853389473843,0.11459108875880375,0.1105833450088519,0.10666409441350944,0.1028231127781185
0.23712149296547738,0.24329708788825016,0.2499502283667635,0.2570931463520712,0.2647351557228054,0.272882248612788,0.2815366983608237,0.290696676499373,0.3003558916431536,0.3105032584476465,0.3211226049603169,0.3321924266659482,0.3436856953169299,0.35556973022878874,0.3678061391045829,0.38035083462810737,0.39315413204013056,0.4061609316949746,0.41931098920376525,0.4325392742287156,0.44577641732873224,0.45,0.45,0.45,0.45,0.45,0.45,0.45,0.45,0.45,0.45,0.45,0.45,0.45,0.45,0.45,0.45,0.45,0.45,0.45,0.45,0.45,0.45,0.45,0.45,0.45,0.45,0.45,0.45,0.45,0.45,0.45,0.45,0.45,0.45,0.45,0.45,0.44108287155151843,0.4278406801265451,0.41463242676631945,0.4015259978274513,0.3885847720360474,0.37586720470895146,0.3634265004358932,0.3513103742198264,0.3395608994483691,0.32821443957783536,0.3173016590798016,0.3068476080494453,0.29687187391992503,0.28738879297659853,0.2784077138217261,0.26993330460167786,0.26196589566669237,0.25450184937553794,0.2475339489678769,0.23787334760813142,0.22852371010083986,0.21963110966242844,0.21117802395261748,0.20314533085595557,0.19551266991781174,0.18825878191213205,0.1813618236332791,0.17479965575841783,0.16855010234365148,0.16259118118404225,0.15690130487505255,0.15145945295367327,0.14624531596695214,0.1412394127115475,0.13642318221017258,0.13177905224113387,0.1272904864189484,0.12294201194191468,0.11871923018218643,0.11460881230173361,0.11059848204042057,0.10667698774731099,0.10283406562024373
0.23722621435412858,0.24341312999493253,0.25007846659840566,0.2572344785384566,0.2648904967673429,0.27305252440329486,0.2817228389524611,0.29089960859546865,0.30057653041405763,0.31074249874274196,0.32138131198356545,0.33247142620056647,0.3439857635996253,0.35589158358806255,0.36815042349055604,0.380718115172764,0.3935448827964321,0.40657552571062555,0.4197496890901886,0.4330022233877477,0.4462636319984476,0.45,0.45,0.45,0.45,0.45,0.45,0.45,0.45,0.45,0.45,0.45,0.45,0.45,0.45,0.45,0.45,0.45,0.45,0.45,0.45,0.45,0.45,0.45,0.45,0.45,0.45,0.45,0.45,0.45,0.45,0.45,0.45,0.45,0.45,0.45,0.45,0.44156148230388254,0.4282950161139494,0.4150625502019218,0.4019320953694729,0.3889671465246637,0.3762262661410035,0.3637627563395798,0.3516244195915339,0.3398534064108114,0.32848614691296196,0.3175533617817715,0.30708014703270015,0.29708612600537543,0.28758566126554536,0.27858811855274856,0.27009817457071217,0.2621161602752521,0.2546384313568381,0.24765775782581473,0.23798527378992942,0.22862461991090322,0.21972184091279817,0.21125938233446587,0.20321808700697755,0.19557755715217806,0.18831649457291735,0.18141301602194662,0.17484494159199573,0.1685900546876014,0.16262633280740948,0.15693214897418983,0.1514864441915227,0.1462688717764249,0.14125991481381964,0.13644097830158647,0.13179445780572369,0.12730378662727088,0.122953463600745,0.1187290637036272,0.11461723366428736,0.11060567471851022,0.10668311458953003,0.10283927066021935
0.23721457607385182,0.24340023283298007,0.25006421320814826,0.2572187690798081,0.26487322950160336,0.27303359637028063,0.28170214672857335,0.29087704912983775,0.30055200193829923,0.31071590174819524,0.32135255025818715,0.33244040791596224,0.34395240243705066,0.3558557998906599,0.3681121454276545,0.38067727990079697,0.39350143759996353,0.4065294291061631,0.4197009118749285,0.4329507496151797,0.44620945986287236,0.45,0.45,0.45,0.45,0.45,0.45,0.45,0.45,0.45,0.45,0.45,0.45,0.45,0.45,0.45,0.45,0.45,0.45,0.45,0.45,0.45,0.45,0.45,0.45,0.45,0.45,0.45,0.45,0.45,0.45,0.45,0.45,0.45,0.45,0.45,0.45,0.4415082669374683,0.42824450013963256,0.41501472670150114,0.40188694358626037,0.38892463278235473,0.37618634484730357,0.3637253710565538,0.35158950415464657,0.3398208860789584,0.32845593953242674,0.3175253789479516,0.307054295234585,0.2970623077390988,0.2875637761048202,0.27856806416559543,0.27007984767356,0.2620994575171888,0.2546232501284769,0.24764399698888967,0.23797283432530686,0.22861340548416884,0.2197117583579334,0.21125034205734336,0.20321000331147182,0.19557034849259836,0.18831008373722016,0.18140733025077863,0.1748399126390568,0.16858561882710954,0.1626224307946078,0.15692872596486707,0.15148344962644358,0.14626625923639222,0.1412576418508374,0.1364390062512737,0.13179275158575898,0.12730231452623914,0.12295219706132832,0.1187279771036369,0.11461630409858953,0.11060488178446,0.10668244017810738,0.10283869875465802
0.23708665069984236,0.24325847665502603,0.24990755671974235,0.25704611537988137,0.2646834608298122,0.2728255815463553,0.2814747494808961,0.2906291372818095,0.3002824574034476,0.3104236312666807,0.321036496788722,0.33209956257856754,0.34358581688395484,0.3554625989654434,0.3676915399569225,0.3802285794486906,0.39302406300414083,0.40602292460492684,0.4191649566293448,0.4323851684276437,0.44561423289492297,0.45,0.45,0.45,0.45,0.45,0.45,0.45,0.45,0.45,0.45,0.45,0.45,0.45,0.45,0.45,0.45,0.45,0.45,0.45,0.45,0.45,0.45,0.45,0.45,0.45,0.45,0.45,0.45,0.45,0.45,0.45,0.45,0.45,0.45,0.45,0.45,0.4409235515902229,0.42768944187898134,0.4144892495200755,0.40139081943904986,0.38845749168195376,0.3757476858903321,0.3633145741831362,0.35120584244283815,0.3394635383796537,0.32812400325726776,0.3172178828327198,0.30677021191310594,0.29680056597736815,0.2873232725614244,0.27834767456208,0.2698784372767339,0.2619158908540117,0.25445639987273533,0.24749275197695841,0.237836106675576,0.22849013681091127,0.21960092508525494,0.2111509598522173,0.20312113066658027,0.1954910894997049,0.18823959010004984,0.1813448025928932,0.17478460116703587,0.16853682341256676,0.16257950054029505,0.15689105832048306,0.151450489118917,0.1462374958775105,0.14123260928230658,0.13641727968378886,0.13177394558459662,0.12728608069140823,0.122938221645578,0.11871597860674703,0.11460603087147947,0.11059610967184517,0.10667497022379407,0.10283235498916678
0.23684321874410222,0.2429887262532686,0.24960945272278978,0.2567175705098221,0.2643223481159091,0.2724297484812789,0.2810420338690608,0.2901573847199841,0.29976954030030917,0.30986746927316294,0.3204350784755415,0.3314509681619307,0.34288824176597094,0.35471437782303483,0.3668911710829236,0.37937474902223106,0.39211566894518984,0.4050590996508387,0.4181450902601383,0.4313089272622136,0.44448157918293535,0.45,0.45,0.45,0.45,0.45,0.45,0.45,0.45,0.45,0.45,0.45,0.45,0.45,0.45,0.45,0.45,0.45,0.45,0.45,0.45,0.45,0.45,0.45,0.45,0.45,0.45,0.45,0.45,0.45,0.45,0.45,0.45,0.45,0.45,0.45,0.45,0.43981090029625525,0.42663322464594666,0.4134893217146007,0.4004467471174305,0.38756857080026014,0.3749129632864328,0.3625328699536482,0.35047577333802143,0.33878354184620396,0.32749236177225055,0.31663274819085335,0.3062296291534704,0.29630249666355507,0.2868656171602798,0.27792829369964306,0.2694951716848702,0.2615665798567377,0.2541388982965522,0.247204945403933,0.23757592499080118,0.22825556602678831,0.21939001745333606,0.21096184229876574,0.20295201161030976,0.19534026412919225,0.18810544420401662,0.18122581504894306,0.17467934520361322,0.16844396676502427,0.1624978046252388,0.15681937655325756,0.15138776449747832,0.14618275795232455,0.1411849706266096,0.13637593197187292,0.13173815537804381,0.12725518502468203,0.12291162349336329,0.11869314230615845,0.1145864775629532,0.11057941281338256,0.10666075122439897,0.10282027899894434
0.23648576097181084,0.24259262242046328,0.24917171441221264,0.2562351327582748,0.26379208767516626,0.27184850460513005,0.2804066315850404,0.2894646604979358,0.29901636998073805,0.3090507980672016,0.3195519527962737,0.3304985689948672,0.34186391923583986,0.3536156865659882,0.36571590598905623,0.3781209808742623,0.3907817794465253,0.40364381531121724,0.4166475145907581,0.4297285707255709,0.4428183863463617,0.45,0.45,0.45,0.45,0.45,0.45,0.45,0.45,0.45,0.45,0.45,0.45,0.45,0.45,0.45,0.45,0.45,0.45,0.45,0.45,0.45,0.45,0.45,0.45,0.45,0.45,0.45,0.45,0.45,0.45,0.45,0.45,0.45,0.45,0.45,0.45,0.4381770790516334,0.42508227129300913,0.41202102387340334,0.3990604675841415,0.38626327575531805,0.37368725310459444,0.36138501206234774,0.3494037365704824,0.3377850317459258,0.32656485632500726,0.31577353348819026,0.30543583452673306,0.29557112886850945,0.2861935932381043,0.27731247218919297,0.2689323819123552,0.2610536490810791,0.2536726765405513,0.24678232785192822,0.23719387188178515,0.2279111200172096,0.21908031846534914,0.21068413990702534,0.20270367505315312,0.19511879005800292,0.1879084623076178,0.1810510917080649,0.17452478534395535,0.16830761408642558,0.1623778403892846,0.15671411711267041,0.15129565774827267,0.14610237888439942,0.14111501614067137,0.13631521512078182,0.13168559917931144,0.1272098159783447,0.12287256492621465,0.11865960764971077,0.11455776365883352,0.11055489332643863,0.1066398702308298,0.10280254480447247
0.23601644355579168,0.2420725654837627,0.2485969943761463,0.25560172554479904,0.26309589268215455,0.2710853719982764,0.2795723928519806,0.28855516214924143,0.2980275102178506,0.30797856617024816,0.3183924709163241,0.32924813596698826,0.3405190559628256,0.35217318245954327,0.3641728658971745,0.37647487187227263,0.3890304768264386,0.40178564707116365,0.4146813037048909,0.4276536744660681,0.4406347319340841,0.45,0.45,0.45,0.45,0.45,0.45,0.45,0.45,0.45,0.45,0.45,0.45,0.45,0.45,0.45,0.45,0.45,0.45,0.45,0.45,0.45,0.45,0.45,0.45,0.45,0.45,0.45,0.45,0.45,0.45,0.45,0.45,0.45,0.45,0.45,0.4489807764136665,0.43603198744439886,0.42304597931626803,0.4100932526874392,0.397240380585777,0.38454951561321565,0.3720779822106503,0.35987795567237424,0.34799622790739304,0.33647405835200767,0.3253471069754868,0.3146454450148601,0.3043936379464258,0.2946108942650655,0.2853112729065102,0.2765039416150586,0.26819347822717005,0.26038020670213075,0.25306055977247827,0.24622746029324505,0.23669226254312728,0.22745888611745266,0.2186737049263026,0.21031953561640915,0.2023776260085666,0.19482800954128626,0.18764983826927928,0.18082169156533595,0.1743218584137294,0.16812859188614154,0.16222033504514155,0.15657591811589422,0.15117472729704798,0.14599684604211507,0.14102317003090997,0.13623549736661844,0.13161659577956408,0.1271502487970046,0.12282128295389833,0.11861557817810285,0.1145200634911493,0.11052270012930217,0.10661245411594655,0.10277926021233057
0.23543809631114143,0.2414316911764311,0.24788875792202072,0.2548211680129182,0.26223796083979667,0.2701449519431757,0.27854434766462377,0.2874343734231015,0.2968089232458251,0.3066572384828471,0.316963623782888,0.3277072083871636,0.33886176059360734,0.35039556284543305,0.36227135429948387,0.3744463469304221,0.3868723202313109,0.39949579839009564,0.4122583124715024,0.4250967486373466,0.4379437818232186,0.45,0.45,0.45,0.45,0.45,0.45,0.45,0.45,0.45,0.45,0.45,0.45,0.45,0.45,0.45,0.45,0.45,0.45,0.45,0.45,0.45,0.45,0.45,0.45,0.45,0.45,0.45,0.45,0.45,0.45,0.45,0.45,0.45,0.45,0.45,0.4462036566958276,0.4333885588492221,0.42053662611684217,0.40771763126545235,0.39499745998274566,0.38243762316963315,0.3700948534148394,0.35802078732338816,0.3462617336963387,0.33485852598263743,0.32384645597647976,0.3132552844412714,0.3031093232244876,0.29342758250090045,0.2842239760532923,0.2755075769726293,0.2672829158310208,0.2595503132430015,0.25230623877173397,0.2455436883409722,0.23607412148403384,0.2269015911428633,0.21817262859775818,0.20987022790677418,0.20197583049953607,0.19446967596140247,0.1873311315938707,0.1805389979292315,0.17407178810940496,0.16790797973450333,0.16202623843394526,0.15640561300244454,0.1510257024679922,0.14586679591456272,0.1409099862665174,0.13613725955442468,0.1315315614249743,0.1270768428340886,0.12275808697674889,0.11856131956497067,0.11447360457296596,0.11048302753247148,0.10657866838831506,0.10275056582135238
0.23475418433814596,0.2406738392089187,0.24705124833825381,0.25389813673880834,0.2612234322867952,0.26903287877930726,0.2773286553393759,0.2861090092780842,0.29536790994899315,0.30509473142626115,0.31527397198433965,0.32588501833660016,0.3369019623884187,0.3482934778667092,0.3600227635967776,0.37204755940784257,0.3843202396653433,0.3967879882616829,0.4093930575637192,0.42207311233725303,0.43476165807366074,0.4473885514643696,0.45,0.45,0.45,0.45,0.45,0.45,0.45,0.45,0.45,0.45,0.45,0.45,0.45,0.45,0.45,0.45,0.45,0.45,0.45,0.45,0.45,0.45,0.45,0.45,0.45,0.45,0.45,0.45,0.45,0.45,0.45,0.45,0.45,0.45,0.44291963498410886,0.4302626306165937,0.41756924577694293,0.40490839248005045,0.39234514361469713,0.3799402512524472,0.36774974810033595,0.3558246337483106,0.3442106457088176,0.3329481136888823,0.3220718941054134,0.31161138057810217,0.30159058503127095,0.2920282831206343,0.2829382169815667,0.27432934777483026,0.26620615018112287,0.2585689408597173,0.25141423292701714,0.24473510871257625,0.23534315221623575,0.2262425740660315,0.21758009163692826,0.2093389087808171,0.20150069587516167,0.19404593627971367,0.18695425183129485,0.18020470458946997,0.1737760727688249,0.1676470994805992,0.16179671354571507,0.1562042222234703,0.1508494762184862,0.14571300777849047,0.14077614307501915,0.13602109036800897,0.13143100569521204,0.12699003800161357,0.12268335573703873,0.11849715700733339,0.11441866537201648,0.11043611334568525,0.10653871558844905,0.10271663366899621
0.23396877348535527,0.23980351499431957,0.24608944459307033,0.2528381191070538,0.26005833834826286,0.2677557637229871,0.2759325430962425,0.28458694892022457,0.2937130370539536,0.30330033399315715,0.3133335603738365,0.32379239859272685,0.33465131218893324,0.3458794242431272,0.3574404614680556,0.36929276988590803,0.38138940701896756,0.3936783143702331,0.40610257265648725,0.4186007407994252,0.43110727810823724,0.4435530474316807,0.45,0.45,0.45,0.45,0.45,0.45,0.45,0.45,0.45,0.45,0.45,0.45,0.45,0.45,0.45,0.45,0.45,0.45,0.45,0.45,0.45,0.45,0.45,0.45,0.45,0.45,0.45,0.45,0.45,0.45,0.45,0.45,0.45,0.45,0.4391482344727002,0.4266727860936221,0.4141614790951618,0.4016822369969408,0.38929919926208095,0.377072246515627,0.3650566077141206,0.35330255089360435,0.341855157493489,0.33075417871899865,0.3200339709958088,0.30972350631243134,0.29984645215871364,0.29042131486655304,0.28146163944988045,0.2729762585277942,0.26496958259478726,0.2574419237678737,0.2503898451803948,0.24380652839111044,0.2345037003383489,0.2254857527382866,0.21689961667869578,0.20872873694061492,0.2009550468272871,0.19355930965119272,0.18652143955983397,0.17982079895307423,0.17343647045735824,0.16734750209931776,0.16153312495138983,0.1559729430959501,0.15064709626534975,0.1455363959587809,0.14062243621095538,0.13588768049203653,0.13131552645478475,0.12689035041662483,0.12259753357572853,0.1184234720165837,0.11435557256792622,0.11038223654080646,0.10649283330358755,0.10267766555046194
0.23308649012351682,0.2388258450710796,0.2450090120695137,0.2516473590128725,0.25874954185350996,0.26632112944484454,0.2743642345385187,0.28287715782874084,0.2918540523495589,0.3012846158179205,0.31115381865741204,0.3214416754176685,0.33212306710876444,0.3431676215883452,0.35453965856614583,0.36619820502506456,0.3780970859046771,0.3901850937621402,0.4024062398326999,0.4147000874789816,0.4270021674717164,0.43924447291626556,0.45,0.45,0.45,0.45,0.45,0.45,0.45,0.45,0.45,0.45,0.45,0.45,0.45,0.45,0.45,0.45,0.45,0.45,0.45,0.45,0.45,0.45,0.45,0.45,0.45,0.45,0.45,0.45,0.45,0.45,0.45,0.45,0.45,0.4470779059707263,0.43491166999596936,0.4226401706900412,0.41033339898271387,0.398058167977498,0.3858775685832945,0.37385050249456325,0.362031295782903,0.35046939470071803,0.33920914369444644,0.32828964411519773,0.3177446907285803,0.30760278188800894,0.29788719816636644,0.28861614335337904,0.27980294102860903,0.2714562794151839,0.26358049690467605,0.2561759005115995,0.24923910955531364,0.24276341706269813,0.23356071054057678,0.22463558512864712,0.21613521198679012,0.20804330654135175,0.20034209745057532,0.1930126625089919,0.18603524422833376,0.17938954239268412,0.17305498158645352,0.16701095235987834,0.1612370253165611,0.15571313797206304,0.1504197547350962,0.14533800079914536,0.1404497711002965,0.1357378157965256,0.1311858039563553,0.126778367313728,0.12250112605550684,0.11834069866347365,0.11428469783997539,0.11032171451184121,0.10644129183737785,0.10263389104267746
0.23211247579280309,0.23774652684563533,0.24381624702423454,0.2503327956480792,0.25730466985280886,0.2647373363162561,0.2726328690259552,0.28098959985444716,0.289801789114088,0.2990593235449017,0.3087474493284559,0.31884654770119614,0.32933196054859076,0.3401738729868812,0.3513372593766414,0.36278189846090947,0.37446246238487,0.38632868324387176,0.3983255995375561,0.41039388350112327,0.4224702487666182,0.43448793620869663,0.446377274185896,0.45,0.45,0.45,0.45,0.45,0.45,0.45,0.45,0.45,0.45,0.45,0.45,0.45,0.45,0.45,0.45,0.45,0.45,0.45,0.45,0.45,0.45,0.45,0.45,0.45,0.45,0.45,0.45,0.45,0.45,0.45,0.45,0.4421776438763705,0.4302346302051752,0.4181882845415821,0.4061073136436108,0.3940573047487848,0.3821001911936836,0.3702937939628461,0.358691442370051,0.34734167544328376,0.33628802401090807,0.32556887200463736,0.3152173941342597,0.30526156587428876,0.29572424065291625,0.28662328826241146,0.2779717878254539,0.26977826815636263,0.26204698804725424,0.2547782488796365,0.2479687320005427,0.24161185349430372,0.23251967813053304,0.22369702562237687,0.2152913321621032,0.20728661196033707,0.19966541973835816,0.19240918046942262,0.18549849916949582,0.17891344808469203,0.1726338293107304,0.16663941153360445,0.1609101401891108,0.15542632089301855,0.15016877648697644,0.14511897847353294,0.14025915397484062,0.13557236964359748,0.1310425941831639,0.1266547412996354,0.12239469501620201,0.11824931933456877,0.11420645423535697,0.11025489997551231,0.10638439157221188,0.10258556526599676
0.23105233734864658,0.2365717733475492,0.24251801553507518,0.24890199621359008,0.2557320396591604,0.2630135013394844,0.2707484130503961,0.27893514059961333,0.28756806106354027,0.2966372669190371,0.3061283044886673,0.3160219541187927,0.326294059321704,0.3369154117460432,0.34785169828862395,0.35906351592460417,0.3705064589162162,0.38213128197265256,0.3938841416905097,0.4057069172260646,0.417537609663394,0.4293108179764467,0.44095828787317154,0.45,0.45,0.45,0.45,0.45,0.45,0.45,0.45,0.45,0.45,0.45,0.45,0.45,0.45,0.45,0.45,0.45,0.45,0.45,0.45,0.45,0.45,0.45,0.45,0.45,0.45,0.45,0.45,0.45,0.45,0.45,0.4483731436119155,0.436844091800911,0.4251440381496321,0.41334275461716635,0.40150755024101187,0.3897026779994362,0.3779888113020771,0.36642259486524337,0.35505627310978,0.34393739762084335,0.3331086136671541,0.32260752432551987,0.3124666294234609,0.30271333532269973,0.2933700305378375,0.28445422133103254,0.2759787207527655,0.2679518841133344,0.26037788356707364,0.25325701436440373,0.2465860253646304,0.24035846659049614,0.2313865957482978,0.2226754769818173,0.21437283495034865,0.20646300906783752,0.1989289089496785,0.191752337446018,0.18491429413032912,0.1783952566445176,0.17217543797583817,0.1662350183814832,0.16055435127277795,0.15511414291378012,0.14989560627235787,0.14488058978139198,0.1400516821215892,0.1353922944254003,0.13088672152527328,0.12652018403193988,0.12227885313379841,0.11814986006178889,0.11412129217115943,0.11018217755831662,0.10632246006381318,0.10253296641773067
0.2299120932841162,0.23530825374815087,0.2411216877671851,0.2473630834727268,0.2540405792197476,0.2611594108626111,0.2687215648173845,0.2767254433911541,0.2851655492472344,0.29403219614509746,0.30331125322739516,0.3129839301077338,0.3230266098288819,0.3334107364023567,0.34410276310149074,0.3550641669603763,0.3662515340348049,0.377616718918009,0.38910708078857975,0.4006657969205907,0.4122322531319071,0.42374250911573774,0.43512983502643526,0.4463253141102949,0.45,0.45,0.45,0.45,0.45,0.45,0.45,0.45,0.45,0.45,0.45,0.45,0.45,0.45,0.45,0.45,0.45,0.45,0.45,0.45,0.45,0.45,0.45,0.45,0.45,0.45,0.45,0.45,0.45,0.45,0.4423790813972394,0.43110752872723496,0.4196687935099649,0.4081310893613134,0.3965602219844524,0.3850190092798144,0.3735667695281752,0.362258882297067,0.351146425138306,0.34027588758159677,0.3296889624218361,0.3194224128783884,0.3095080129014159,0.299972556736856,0.29083793285616905,0.2821212565225359,0.2738350546094345,0.2659874958129244,0.25858265910308026,0.2516208331359617,0.24509883938447255,0.2390103719303492,0.23016789599514953,0.22157673862282706,0.2133849347366918,0.20557717352684818,0.19813674631912342,0.19104586239348437,0.18428594569425333,0.17783790989142606,0.17168240991135755,0.1658000686813601,0.1601716784155149,0.15477837629973795,0.1496017949066244,0.1446241880807936,0.13982853338139925,0.1351986124500384,0.1307190708910369,0.12637545940992556,0.12215425805893362,0.1180428854904675,0.11402969512639047,0.11010396011845243,0.10625584890958129,0.10247639311306685
0.22869811694808562,0.23396303043956126,0.2396350684381741,0.24572465911561203,0.25223974288342776,0.2591854282480235,0.26656365331128146,0.27437285923983623,0.2826076824048121,0.2912586721572195,0.30031204133450196,0.30974945657546804,0.31954787534133783,0.3296794361906237,0.34011140832982856,0.3508062057597422,0.3617214704626399,0.37281022803823594,0.3840211180103761,0.39529869971187725,0.40658383323624064,0.41781413345127494,0.42892449353390205,0.43984767294359567,0.45,0.45,0.45,0.45,0.45,0.45,0.45,0.45,0.45,0.45,0.45,0.45,0.45,0.45,0.45,0.45,0.45,0.45,0.45,0.45,0.45,0.45,0.45,0.45,0.45,0.45,0.45,0.45,0.45,0.4467634303579232,0.4359974216417776,0.4250000189296622,0.4138394999324577,0.4025824191547911,0.3912929817545248,0.38003247775698323,0.368858782686593,0.3578259291530579,0.34698375238523416,0.33637761118106424,0.32604818427125154,0.31603134070952654,0.30635808163086303,0.29705454958381394,0.2881421006621179,0.279637433846584,0.27155277132845723,0.26389608312241336,0.25667134898863947,0.24987885056241907,0.24351548662570974,0.23757510463461212,0.2288703907446254,0.22040695189994156,0.21233315335066932,0.2046340566808513,0.1972933596095114,0.1902937041276448,0.18361696599176258,0.17724452309508867,0.17115750088044374,0.16533699356989567,0.15976426055483975,0.15442089780800128,0.1492889846398471,0.14435120652211067,0.13959095503866592,0.13499240629870485,0.1305405793605974,0.12622137636978564,0.1220216062145714,0.11792899355452925,0.11393217508295797,0.11002068485310725,0.10618493043387425,0.10241616157023929
0.22741707740773381,0.2325434935034864,0.23806632439878753,0.2439957239446504,0.25033942367430084,0.2571023977111482,0.2642865331738887,0.27189031223540744,0.2799085123610048,0.28833193150791697,0.297147145194971,0.3063363023334351,0.3158769665353461,0.32574200927478886,0.3358995607657012,0.34631302373604084,0.35694115442668434,0.3677382141332631,0.3786541934544698,0.3896351101303746,0.4006233799729242,0.4115582589364055,0.422376352880286,0.43301219007558095,0.44339885003591956,0.45,0.45,0.45,0.45,0.45,0.45,0.45,0.45,0.45,0.45,0.45,0.45,0.45,0.45,0.45,0.45,0.45,0.45,0.45,0.45,0.45,0.45,0.45,0.45,0.45,0.45,0.45,0.44993601903446007,0.439746023438756,0.42926322244709286,0.41855511444757076,0.40768818105600496,0.3967272260121561,0.38573476551030356,0.3747704772968794,0.36389071443835885,0.3531480881771735,0.3425911227900768,0.33226398387869405,0.32220628008999946,0.3124529369160604,0.3030341399843473,0.2939753441445746,0.2852973437028332,0.2770163983610426,0.2691444087967778,0.2616891353676561,0.25465445314336543,0.2480406363505674,0.24184466535102575,0.23606054944800328,0.22750120793590425,0.21917254312157436,0.21122326883003004,0.20363883961125906,0.19640338202769617,0.18949999468544454,0.182911030112481,0.17661835607015278,0.1706035945102961,0.16484833698527918,0.15933433587189777,0.15404367127425983,0.1489588939196625,0.14406314475115461,0.13934025224912963,0.13477480878178766,0.13035222749211256,0.12605878137991,0.12188162633531177,0.1178088099296903,0.11382926777642866,0.10993280924315181,0.10611009423466489,0.10235260267779912
0.22607587872077634,0.23105729341788062,0.23642391026630005,0.24218559591394712,0.2483498632065454,0.25492154557372554,0.2619024767567667,0.2692911818605069,0.2770825860703733,0.28526774762467305,0.29383362175556704,0.3027628622948732,0.3120336674710103,0.3216196760922257,0.3314899198138282,0.3416088365227508,0.35193634904538457,0.3624280124030324,0.3730352317173207,0.3837055516241169,0.3943830167122075,0.40500860108973646,0.4155207037283322,0.425855704776052,0.4359485766018727,0.44573354197361803,0.45,0.45,0.45,0.45,0.45,0.45,0.45,0.45,0.45,0.45,0.45,0.45,0.45,0.45,0.45,0.45,0.45,0.45,0.45,0.45,0.45,0.45,0.45,0.45,0.45,0.45,0.4423008408579413,0.432399070717604,0.42221277722302103,0.4118075495609133,0.40124798890526353,0.39059706601295935,0.3799155287989523,0.36926136701624207,0.3586893397769107,0.3482505702070147,0.33799221006733043,0.3279571757292435,0.3181839555035901,0.30870648700999354,0.29955410207121536,0.2907515355429738,0.2823189935614939,0.2742722759207447,0.26662294668596614,0.2593785467119712,0.2525428414615578,0.24611609740484808,0.240095380314497,0.23447486894146524,0.2260677266675433,0.21788016503281307,0.2100612628066923,0.20259688595926348,0.1954716100353704,0.1886690116994143,0.18217194264059464,0.1759627834931734,0.1700236760346581,0.1643367325029414,0.15888422141140207,0.15364872973091803,0.14861330174391343,0.1437615552542288,0.13907777615595895,0.13454699262433156,0.13015503039362822,0.12588855073378125,0.12173507283237259,0.11768298233689554,0.11372152781846137,0.10984080688816174,0.10603174363670509,0.10228605898238778
0.22468159838714133,0.2295122728543801,0.23471649305314873,0.2403038270614023,0.24628156038219956,0.25265438018304737,0.25942406471524887,0.26658918371474566,0.27414481593352424,0.2820822901923056,0.29038895646478924,0.2990479934869697,0.3080382592203453,0.31733419017669684,0.32690575512973824,0.3367184680946563,0.3467334646542031,0.35690764475812325,0.36719388403463254,0.377541314446518,0.3878956738227522,0.3981997224260251,0.40839372330749696,0.41841598178542033,0.42820343799910343,0.43769230517002633,0.44681874498377916,0.45,0.45,0.45,0.45,0.45,0.45,0.45,0.45,0.45,0.45,0.45,0.45,0.45,0.45,0.45,0.45,0.45,0.45,0.45,0.45,0.45,0.45,0.45,0.45,0.4436258039599273,0.43436347939633585,0.4247613420305791,0.41488329113698724,0.4047929311389793,0.39455290834502105,0.38422428798376274,0.37386597970628493,0.3635342184651485,0.3532821063328906,0.34315921942287314,0.33321128265878097,0.32347991374001966,0.31400243630088787,0.30481176099078167,0.29593633203607184,0.2874001358027276,0.27922276697865983,0.27141954724775824,0.26400169074056407,0.25697651012165557,0.2503476569089453,0.24411538950902914,0.2382768624858255,0.23282643074435405,0.22457751141422458,0.21653663750751548,0.20885326718172934,0.201513694110131,0.1945029605896934,0.18780514026359463,0.18140360373794218,0.17528126481827616,0.16942080568131343,0.16380487985804026,0.15841629242595048,0.15323815728334578,0.1482540318015859,0.14344802951838712,0.13880491184495755,0.13431016001182028,0.12995002867399583,0.125711582738407,0.12158271906858656,0.11755217476844602,0.11360952375299202,0.10974516328481505,0.10595029209641427,0.10221688163545474
0.22324142574174227,0.2279163984104881,0.2329528767234814,0.2383601203613807,0.24414518000166577,0.2503125917355464,0.25686407649791404,0.26379825012483327,0.2711103499894461,0.2787919844010249,0.2868309110676051,0.2952108509064183,0.30391134332695546,0.3129076488006987,0.3221707040647334,0.3316671346829327,0.3413593289119153,0.35120557589777607,0.3611602701765955,0.37117418328446106,0.381194802023015,0.39116673160022464,0.4010321605023905,0.41073138258434955,0.4202033705243006,0.42938639351255437,0.4382186708646311,0.4466390522022752,0.45,0.45,0.45,0.45,0.45,0.45,0.45,0.45,0.45,0.45,0.45,0.45,0.45,0.45,0.45,0.45,0.45,0.45,0.45,0.45,0.45,0.45,0.44370211352940847,0.4351286443847559,0.42616486210600624,0.4168722198360925,0.407312557254561,0.3975474286936507,0.38763746125250925,0.3776417519116696,0.3676173115524474,0.35761856256824415,0.3476968954511015,0.33790028838223657,0.3282729924843356,0.31885528403943264,0.309683283670316,0.30078884125374317,0.2921994842047303,0.28393842576318595,0.27602462904307223,0.2684729218813527,0.2612941569558756,0.254495411230173,0.2480802185268107,0.24204882892345006,0.23639848869781013,0.2311237347070266,0.2230382461805606,0.21514888818363953,0.2076055107492938,0.20039484933169027,0.1935024283429347,0.18691283476288678,0.18060997519455343,0.17457731416392286,0.16879809203399607,0.16325552144534977,0.15793296170043702,0.1528140709686383,0.14788293659841462,0.14312418417828718,0.13852306628807778,0.13406553212578176,0.1297382793849536,0.1255287898950948,0.12142535062677778,0.11741706170841272,0.11349383310749656,0.10964637160105627,0.10586615960313236,0.1021454273368562
0.22176260102999829,0.22627769309833384,0.2311419275858138,0.23636424749888113,0.24195146238707133,0.24790795321063674,0.2542353820497711,0.2609324120779196,0.267994443546533,0.27541337175448705,0.283177373087129,0.2912707251942558,0.2996736672223895,0.3083623057165517,0.31730857135587937,0.3264802310852255,0.3358409594549566,0.3453504720914571,0.35496472320387273,0.3646361679052713,0.3743140889097586,0.38394498588613346,0.393473024431618,0.4028405403069625,0.4119885932795408,0.42085756368760324,0.42938778370029035,0.43752019423696126,0.44519701765633923,0.45,0.45,0.45,0.45,0.45,0.45,0.45,0.45,0.45,0.45,0.45,0.45,0.45,0.45,0.45,0.45,0.45,0.45,0.45,0.44988180753017476,0.44252868492782615,0.4346836966899915,0.42640343383585055,0.41774620626751774,0.4087713654759837,0.39953863626958686,0.3901074678680245,0.3805364139685876,0.3708825504788744,0.36120093855031343,0.35154413937078677,0.34196178591559667,0.3325002155477215,0.3232021660342485,0.31410653623821694,0.30524821148388653,0.2966579524058354,0.28836234500188795,0.2803838086363525,0.27274065789874813,0.26544721352500383,0.25851395703942903,0.2519477233786481,0.2457519255111142,0.23992680496201788,0.23446970218433938,0.22937534087065128,0.22145766938463163,0.2137238937564635,0.2063242664120545,0.19924597644320793,0.19247504331640697,0.18599658112537665,0.1797950468553735,0.1738544705333416,0.16815866568944593,0.1626914190795135,0.15743665910552018,0.15237860281534188,0.14750188175832857,0.14279164731647928,0.13823365642045585,0.13381433879526833,0.12952084706349273,0.1253410911667837,0.12126375865263891,0.11727832241699852,0.11337503749899283,0.10954492849698678,0.10577976912014792,0.1020720553122179
0.2202523558764688,0.22460417037716693,0.22929250139169152,0.23432596852392412,0.23971113507223463,0.2454522235698659,0.2515508359918339,0.25800568385473727,0.26481233374899465,0.2719629740607248,0.2794462087481819,0.28724688402256987,0.2953459536346849,0.3037203881795287,0.3123431333964775,0.3211831218621726,0.3302053417504837,0.3393709654763694,0.34863754006026,0.3579592399629958,0.3672871819687199,0.3765698004584839,0.3857532801479105,0.39478204208783524,0.40359927747898355,0.4121475226628956,0.4203692675539233,0.428207588802633,0.4356067981587478,0.44251309585828025,0.4488752184172365,0.45,0.45,0.45,0.45,0.45,0.45,0.45,0.45,0.45,0.45,0.45,0.45,0.45,0.45,0.45,0.45,0.4466830728689867,0.4401221737473561,0.4330349593379923,0.42547366644417967,0.4174928396054644,0.4091486800850134,0.40049839306828533,0.39159954355795207,0.3825094309340527,0.3732844914386577,0.3639797369648953,0.35464823750858937,0.3453406535072545,0.3361048230776695,0.3269854079022722,0.31802360023843473,0.30925689226431713,0.30071890775938553,0.2924392949730182,0.2844436784836504,0.2767536669125941,0.26938691254579106,0.2623572182438106,0.2556746864915607,0.24934590505643647,0.24337416348500301,0.23775969456826682,0.23249993493540153,0.2275897990840907,0.21984351023049714,0.21226862261420823,0.2050157996036101,0.19807269356653645,0.19142582954221884,0.18506085993778376,0.17896280381465413,0.1731162687158726,0.16750565351679386,0.1621153312866649,0.15692981161858544,0.15193388231336258,0.14711273068381756,0.1424520450769089,0.13793809749003066,0.1335578083849175,0.1292987949789984,0.12514940442213768,0.12109873334977639,0.1171366353455393,0.11325371785189275,0.10944133004125807,0.1056915431070484,0.10199712435935517
0.2187178558152956,0.22290377047057244,0.22741337295922148,0.2322549542886386,0.23743482755117384,0.24295705430868403,0.24882317546570348,0.255031951658387,0.2615791184875659,0.2684571621336548,0.27565512099474077,0.28315841897467026,0.2909487359052336,0.299003920308267,0.3072979492855025,0.3158009397657023,0.3244792146433545,0.3332954265183743,0.3422087408034158,0.35117507892023914,0.3601474211786394,0.3690761677438741,0.3779095548775032,0.38659412241071817,0.3950752272089379,0.4032975962429344,0.41120591182618804,0.4187454206408394,0.4258625573837438,0.43250557324518263,0.4386251590073814,0.44417505233521504,0.4491126188392188,0.45,0.45,0.45,0.45,0.45,0.45,0.45,0.45,0.45,0.45,0.45,0.45,0.4474331773679604,0.4422737043109385,0.4365165824181342,0.4302057978521513,0.4233887621865718,0.41611572085358917,0.408439139046151,0.40041307552321814,0.39209255469452375,0.38353294707006474,0.3747893676632694,0.365916101254138,0.3569660625727497,0.3479902984808767,0.3390375381391485,0.33015379597995265,0.3213820310933461,0.31276186540572054,0.3043293618186526,0.29611686230609613,0.28815288486705026,0.2804620772199301,0.27306522422231977,0.26597930521982593,0.2592175968804526,0.252789816562241,0.24670230089375816,0.24095821401749562,0.23555777985000248,0.23049853274125914,0.22577558105843698,0.2182034272843819,0.21078997946041397,0.20368631849723498,0.19688056747903548,0.190359765137418,0.1841101108383556,0.17811719474651874,0.1723662111960988,0.1668421538084275,0.16152999138250917,0.1564148240366393,0.15148201949098844,0.1467173297475465,0.14210698874202063,0.13763779181063512,0.1332971580332013,0.12907317668350862,0.12495463914130199,0.12093105770001861,0.1169926727449054,0.11313044978144879,0.10933606776886544,0.10560190016248408,0.10192098999695594
0.21716614550014018,0.22118429965287162,0.22551316907788257,0.2301607125006946,0.2351329900014412,0.24043390036521128,0.2460649227411189,0.2520248674357776,0.25830964095597514,0.2649120306163473,0.27182151412729333,0.27902409956443985,0.286502200983965,0.2942345546809674,0.30219618068682524,0.3103583935655756,0.3186888659019441,0.32715174708188255,0.3357078390614193,0.34431482981635275,0.35292758408258473,0.36149848985691935,0.3699778579560592,0.37831437075482677,0.386455575072444,0.39434841307801444,0.4019397840730974,0.40917712910949383,0.416009029641199,0.4223858108153331,0.4282601395985005,0.43358760772887417,0.43832728949172134,0.4424422645429779,0.44590009645184353,0.44867325829324656,0.45,0.45,0.45,0.45,0.45,0.45,0.44776911586965656,0.4447501797894279,0.44105575502441047,0.43671515563861,0.43176246075653835,0.42623606923964713,0.4201782044002789,0.4136343776802488,0.40665282080634757,0.39928389630392,0.3915794963983692,0.38359244026511513,0.37537587930904925,0.366982719678128,0.358465070560462,0.349873726002256,0.34125768704068005,0.3326637298991565,0.32413602487206794,0.3157158093615893,0.30744111735101487,0.29934656643522256,0.2914632024065068,0.2838184003371141,0.2764358201294221,0.26933541363832847,0.262533479721712,0.25604276295347567,0.24987259124538588,0.24402904727052335,0.23851516836083067,0.2333311694588678,0.22847468373141408,0.22394101558948043,0.21654494991472387,0.20929475251827634,0.2023419265361197,0.19567507104814177,0.18928174423965569,0.18314869856992239,0.177262101712094,0.17160774137269288,0.16617121258942788,0.1609380865724943,0.15589406058844518,0.1510250887809259,0.1463174941743918,0.14175806241237351,0.13733411803945567,0.13303358434579948,0.12884502795592406,0.124757689461735,0.1207615014764965,0.11684709552526847,0.11300579919242917,0.10922962492272921,0.10551125182344481,0.10184400174618825
0.21560409715219225,0.21945337312367408,0.22360030537863745,0.2280525181469524,0.23281581681088073,0.23789393629426805,0.24328829357937204,0.24899774897418694,0.25501838103009167,0.261343280202204,0.2679623664400863,0.27486223588310066,0.28202604170347095,0.28943341388421145,0.2970604223347063,0.30487958723332914,0.312859939847148,0.3209671363202595,0.3291636260552866,0.3374088753514615,0.3456596459254944,0.35387032684935943,0.36199331731630835,0.3699794565191642,0.37777849582118445,0.38533960734822426,0.3926119221602663,0.3995450902984241,0.40608985427627453,0.41219862701519655,0.41782606483220003,0.4229296258912356,0.42747010453608714,0.4314121321402998,0.43472463553720697,0.43738124472525575,0.43936064236907846,0.4406468486181862,0.4412294359208136,0.44110366979384424,0.4402705728907104,0.43873691115459185,0.43651510231915713,0.4336230484876324,0.43008389594746366,0.4259257267278401,0.421181187648701,0.4158870637135827,0.41008380363984626,0.4038150060782022,0.3971268756340346,0.39006765815638345,0.3826870649028956,0.3750356951226417,0.3671644663309587,0.35912406109410266,0.3509643985137466,0.3427341378234884,0.3344802206059021,0.3262474571360577,0.31807816128404487,0.3100118372936745,0.3020849206257151,0.2943305739392111,0.2867785382091852,0.2794550379665566,0.27238273871649205,0.26558075376144963,0.2590646969379351,0.25284677718075443,0.24693593036077321,0.24133798350364596,0.23605584628591064,0.23108972461635024,0.22643735113689462,0.2220942276085066,0.21487542319309322,0.20778956385518482,0.20098857776905485,0.19446154318153688,0.18819654119243562,0.1821808810391995,0.17640131175102408,0.17084421836001532,0.1654958013271038,0.16034223828714822,0.15536982763336823,0.15056511383984084,0.1459149947578366,0.14140681141437877,0.13702842108818197,0.1327682546389819,0.1286153592223034,0.12455942763502027,0.12059081561054014,0.11670054841964518,0.11288031813790089,0.10912247291738801,0.10541999955368975,0.10176650057295476
0.21403836273894983,0.2177183620165479,0.22168292777269935,0.22593934895229195,0.23049317563868882,0.23534797850781855,0.24050511222838333,0.24596348722774952,0.2517193545078718,0.2577661083796899,0.2640941120755095,0.27069055118611945,0.2775393197439288,0.28462094352876005,0.29191254480546736,0.2993878522117262,0.30701725890311654,0.3147679313374734,0.3226039702515988,0.330486624464583,0.3383745571503707,0.34622416317817123,0.3539899350458611,0.3616248738538453,0.36908094071161984,0.3763095429639633,0.3832620486957044,0.38989032214996255,0.39614727199948657,0.40198740386656856,0.40736736811302104,0.41224649373289673,0.4165872991874276,0.4203559712294557,0.4235228031734296,0.4260625846713814,0.42795493584425476,0.42918457957534234,0.4297415468774247,0.4296213114721634,0.42882485104053547,0.4273586339849619,0.4252345319538432,0.4224696597831714,0.4190861458736409,0.4151108373123131,0.41057494523465393,0.40551363697796117,0.39996558247698893,0.39397246307760797,0.38757845148026754,0.38082967186284683,0.37377364936866725,0.36645875808194794,0.3589336763570199,0.3512468579313107,0.3434460266519688,0.33557770190233166,0.32768676095055077,0.3198160434841696,0.3120060025682622,0.30429440519843065,0.2967160845407822,0.28930274488522223,0.2820828193104416,0.275081379091026,0.26832009298838894,0.2618172337737629,0.2555877286457919,0.24964324963620324,0.24399233964983763,0.23864056946165588,0.23359072079155468,0.22884299049322243,0.22439521091847753,0.2202430816439339,0.21320195678258272,0.20628082330223,0.19963203541843058,0.19324515167568473,0.18710877732224343,0.18121077968760763,0.17553849052887946,0.17007889361329565,0.16481879625366444,0.15974498394052705,0.15484435761228663,0.15010405346649225,0.1455115455376853,0.14105473154695553,0.13672200276427435,0.13250229881669623,0.12838514852469157,0.12436069795719916,0.12041972696623385,0.11655365549744702,0.1127545409777044,0.10901506805860704,0.10532853195011685,0.10168881651524449
0.21247533030526022,0.2159863450088656,0.21976885897510295,0.22382982644247734,0.22817454263602116,0.2328064142671878,0.237726733798658,0.24293446169067956,0.24842602109818596,0.2541951096635764,0.2602325331369291,0.26652606554324687,0.273060340496625,0.27981677802782273,0.28677355094111984,0.2939055942480619,0.301184660642537,0.3085794242897781,0.31605563441106804,0.32357631926926955,0.3311020402142275,0.33859119445099295,0.3460003641696621,0.35328470864742956,0.36039839492668274,0.3672950617138182,0.37392831025808865,0.3802522151835828,0.3862218475840921,0.3917938021714589,0.39692671991118605,0.4015817973989464,0.4057232742381201,0.40931888987673615,0.41234030175222885,0.41476345716900764,0.41656891208656394,0.41774209090926817,0.41827348242310425,0.41815876819521397,0.4173988810117277,0.41599999224777234,0.4139734284088567,0.4113355184223216,0.40810737455867147,0.4043146110939731,0.39998700595677245,0.3951581116097262,0.3898648222746175,0.38414690530115997,0.37804650499131587,0.3716076275131599,0.36487561566825416,0.3578966222159214,0.3507170902135947,0.3433832484161514,0.33594062920455453,0.32843361580460906,0.3209050247324207,0.3133957284886386,0.30594432254450266,0.2985868396453659,0.2913565134277459,0.28428359232910905,0.27739520378884364,0.27071526781537064,0.2642644581464253,0.25806020847251504,0.2521167605393494,0.2464452504021078,0.24105382867774539,0.23594781033273982,0.23112984935116054,0.22660013354722774,0.2223565948105795,0.21839513019211138,0.21153137826416024,0.20477468637482618,0.19827783404572838,0.19203085929018665,0.18602289060037802,0.1802423524347595,0.17467715827272928,0.16931488958342095,0.16414295948427923,0.1591487602725546,0.15431979439202465,0.14964378874257644,0.1451087925477059,0.14070325926188515,0.13641611322483663,0.1322368019529564,0.1281553351004539,0.12416231122612369,0.12024893356868857,0.11640701606758082,0.1126289808704816,0.10890784854781684,0.1052372221916981,0.10161126651649648
0.21092108480304614,0.2142640649167029,0.21786555053730589,0.2217321630786031,0.22586894434003868,0.23027913799035304,0.23496397463591057,0.23992246448856952,0.24515120188844625,0.25064418610415473,0.2563926629158346,0.2623849914746897,0.26860654081878027,0.27503962020257333,0.2816634470639353,0.2884541560063852,0.2953848516191747,0.3024257072990253,0.3095441114843815,0.31670486187834307,0.3238704073356406,0.33100113614059434,0.33805570842785493,0.34499142951873957,0.35176465998738904,0.35833125735772636,0.3646470434892022,0.3706682909607307,0.37635222113061884,0.38165750605598187,0.3865447661153953,0.39097705500701796,0.394920323800598,0.3983438559105329,0.4012206652285248,0.40352785020336207,0.4052468973720614,0.40636392871631527,0.40686988822183817,0.406760664132803,0.40603714459287943,0.40470520561970497,0.40277563164053765,0.40026397009222575,0.39719032282748384,0.3935790782419027,0.389458589114197,0.3848608021107566,0.37982084572295544,0.3743765840643016,0.36856814444135927,0.36243742691925834,0.3560276042263167,0.34938262028462835,0.3425466954209432,0.33556384591581817,0.3284774250038411,0.32132969176216536,0.3141614135398227,0.3070115067095429,0.29991671959160493,0.2929113604305833,0.2860270723255137,0.2792926560458194,0.27273394073152535,0.2663737015969841,0.26023162294999796,0.2543243041174265,0.24866530524546962,0.24326522942586906,0.2381318371930275,0.23327018914302297,0.22868281224219303,0.22436988531610688,0.2203294392326485,0.2165575674068499,0.20987019127124268,0.20327701652826377,0.1969312456146448,0.19082339331708545,0.18494310843015777,0.17927936940925143,0.17382066818578062,0.1685551805706627,0.16347092208031463,0.15855588840739832,0.1537981801195708,0.1491861114982937,0.1447083037224658,0.14035376285576395,0.13611194331089244,0.13197279763837705,0.12792681362305328,0.12396503976979999,0.12007910032388627,0.11626120100360228,0.11250412662708617,0.10880123179514704,0.10514642575121869,0.10153415248216481
0.20938137368872428,0.21255789057288108,0.21598004071824328,0.2196541158261828,0.22358490664044214,0.22777549531172828,0.2322270511685329,0.23693863370907703,0.24190700685783698,0.2471264686890109,0.25258870089789803,0.2582826422901478,0.2641943904505342,0.2703071355417358,0.276601129866408,0.2830536964021662,0.28963927899149716,0.29632953624268143,0.3030934804823324,0.3098976623070248,0.3167064004255418,0.3234820555820728,0.33018534642411007,0.3367757042485538,0.3432116626486819,0.3494512772168702,0.35545256965692934,0.3611739899486208,0.36657488960676093,0.37161599860762917,0.37625989823256895,0.3804714819156976,0.3842183961885061,0.3874714539934973,0.39020501299188,0.39239731201199796,0.39403075946618044,0.39509216839011013,0.39557293371247254,0.3954691484217496,0.3947816564366206,0.3935160411792426,0.39168255006781927,0.3892959563567448,0.3863753609297755,0.3829439377657381,0.379028627820677,0.3746597869811754,0.3698707945202684,0.36469762911320147,0.3591784199328934,0.35335298063656223,0.3472623341725279,0.34094823628139964,0.33445270534491106,0.3278175658590549,0.32108401229013644,0.31429219943044345,0.30748086462453644,0.3006869864097814,0.29394548322896347,0.28728895495239326,0.28074746901539416,0.2743483920570841,0.26811626705905545,0.2620727351470317,0.25623650045144786,0.2506233357379926,0.24524612592727305,0.2401149461315534,0.23523717045050577,0.23061760748853086,0.2262586583820291,0.22216049305197536,0.21832124041891326,0.21473718842572964,0.20822453872000904,0.20179335200740653,0.1955972496849135,0.1896272188541057,0.18387342374638888,0.1783253916334327,0.17297218748932486,0.16780257590883252,0.16280516917406468,0.15796856073049648,0.15328144367636237,0.1487327141818522,0.1443115600326778,0.14000753473404529,0.13581061781471054,0.1317112621365476,0.12770042914382218,0.12376961307986693,0.11991085525949205,0.11611674951616062,0.11238043994698749,0.10869561205950955,0.10505647838553617,0.10145775957283186
0.20786157747903655,0.21087378419949246,0.2141189184273892,0.21760294641628275,0.22133041110141424,0.22530423520456083,0.22952552756892083,0.23399339634159919,0.23870477283799707,0.24365425007309088,0.24883394001913317,0.2542333536388626,0.2598393076406106,0.26563586170143966,0.2716042896036643,0.27772308732834855,0.28396802064906845,0.29031221417566616,0.29672628311925814,0.30317850829764975,0.30963505408864284,0.31606022818414026,0.3224167811192949,0.32866624266883365,0.33476929133894534,0.34068615236023986,0.3463770188276995,0.3518024899590329,0.3569240198737326,0.36170436984974,0.3661080567084924,0.37010178982458436,0.3736548892618386,0.3767396777076671,0.3793318392122255,0.3814107382335355,0.3829596931355354,0.3839661990696795,0.3844220960750457,0.3843236792362247,0.3836717488189196,0.38247159943429027,0.3807329484372591,0.37846980491318344,0.37570028172357667,0.3724463541379894,0.36873356955056813,0.36459071364352574,0.36004943909626763,0.35514386353237976,0.34991014383536045,0.34438603424049685,0.3386104357217579,0.33262294414060684,0.32646340441412,0.32017147760266734,0.3137862273261746,0.30734573130926873,0.30088672314848747,0.2944442686101492,0.2880514799275148,0.28173927069305577,0.27553615305830503,0.2694680780813787,0.2635583192208441,0.25782739818230543,0.2522930515966231,0.24697023635920806,0.24187117089856577,0.23700540917646584,0.2323799438560672,0.2279993348093995,0.22386585897043343,0.21997967747072322,0.21633901601524116,0.21294035455867005,0.2066001713392947,0.20032887747431202,0.1942805079020645,0.1884465159299973,0.1828175745595957,0.17738375278031937,0.172134681197091,0.16705970557308975,0.1621480272374403,0.15738882965698686,0.1527713907966428,0.14828518118907102,0.14391994789820073,0.1396657847900582,0.13551318971750434,0.13145310938264304,0.1274769727627727,0.12357671407441721,0.11974478630747426,0.11597416639062748,0.11225835305298842,0.1085913584288138,0.10496769441550133,0.10138235474333378
0.2063666853782926,0.20921727440012375,0.21228829337820065,0.2155853884512072,0.21911285880659198,0.22287347034968127,0.2268682724295209,0.23109642104491587,0.2355550121592443,0.24023892889521986,0.24514070645132413,0.2502504185717449,0.2555555893044674,0.26104113359265935,0.26668932995983863,0.27247982816912164,0.27838969426337734,0.2843934948314056,0.2904634217031921,0.2965694575655388,0.30267958222124947,0.30876001840632195,0.3147755152480851,0.32068966661242926,0.32646526077088345,0.3320646570395598,0.3374501843231561,0.34258455585888514,0.34743129391662814,0.3519551577901059,0.3561225681241621,0.35990202047699804,0.363264481021465,0.3661837574504808,0.3686368384683033,0.37060419571752445,0.37207004260278875,0.37302254521384626,0.37345398140637487,0.3733608450494305,0.37274389347105863,0.3716081372040173,0.36996277222581864,0.3678210559748232,0.36520012948050706,0.3621207889457696,0.3586072110384323,0.35468663696645886,0.35038902110841585,0.3457466505323137,0.3407937421511098,0.3355660245248352,0.33010031142479623,0.32443407422612475,0.3186050199966731,0.3126506818122814,0.3066080273635656,0.30051309134331794,0.2944006364344284,0.28830384697575084,0.28225405858843666,0.2762805262192749,0.2704102322216334,0.2646677352690151,0.25907506009997516,0.2536516273433525,0.2484142219843448,0.24337699841732674,0.2385515195001609,0.23394682658394403,0.22956953714572334,0.22542396640100532,0.2215122691165714,0.21783459777858286,0.2143892732904846,0.21117296447235812,0.20500242162084073,0.19888840052265974,0.192985342881022,0.18728516056976935,0.18177902702351625,0.17645754407266506,0.17131089868427565,0.16632900826663502,0.16150165354347681,0.15681859833464168,0.15226969588781597,0.14784498168635718,0.1435347529078107,0.13932963492441203,0.13522063541961965,0.13119918684346477,0.1272571780450582,0.12338697600450348,0.11958143864088061,0.11583391970051178,0.11213826673333555,0.1084888131480665,0.10488036530214262,0.10130818553350397
0.20490127601422478,0.20759343481300105,0.21049377249750098,0.21360762140494347,0.21693904178225598,0.2204906458110977,0.22426342451972459,0.2282565808148952,0.23246737206072493,0.2368909657660679,0.2415203120086326,0.2463460362147014,0.2513563558215365,0.25653702417058044,0.26187130471073,0.2673399782318978,0.2729213854019218,0.27859150634939267,0.28432407842858753,0.29009075263050405,0.29586128837855963,0.3016037856837394,0.30728495284867874,0.31287040712177,0.31832500493042054,0.32361319758713275,0.32869940768320266,0.33354842078198327,0.3381257865150256,0.34239822278632853,0.3463340165163323,0.34990341421916454,0.3530789957116204,0.3558360244043734,0.35815276792498074,0.3600107832643596,0.3613951612155832,0.3622947255742393,0.362702183377848,0.3626142233594401,0.3620315607562333,0.36095892762526854,0.35940500884941834,0.3573823250442671,0.35490706457403415,0.35199886782889384,0.3486805677842428,0.34497789163440723,0.3409191289515429,0.3365347723508831,0.3318571370355597,0.32691996584135774,0.3217580265013948,0.31640670780426533,0.31090162113193903,0.3052782135445127,0.29957139813987577,0.2938152068723082,0.28804247038203734,0.28228452868656223,0.27657097583383283,0.27092944083729265,0.2653854064233096,0.25996206634182484,0.2546802212390339,0.24955821238279619,0.24461189188130444,0.2398546274550773,0.23529733932070698,0.2309485663284877,0.22681455816889468,0.22289939022610475,0.21920509750913034,0.21573182402924684,0.21247798401083728,0.2094404314145185,0.2034361832296592,0.197476333114835,0.19171572151577146,0.18614670982871487,0.18076096205170786,0.17554960234723727,0.17050336307174932,0.16561272200447258,0.1608680278367453,0.1562596132954983,0.1517778955652815,0.14741346393801003,0.14315715485533004,0.13900011471315193,0.134933850970491,0.13095027224523076,0.12704171818855664,0.12320098000905104,0.11942131256883434,0.11569643900015027,0.11202054879420917,0.10838829029790666,0.10479475852128664,0.10123547911238091
0.20346950324704244,0.20600686838581447,0.20874044254743598,0.21167525147057206,0.21481512194620292,0.21816251596085073,0.22171836756066074,0.22548192548363297,0.22945060478987275,0.23361985084665463,0.23798301908789218,0.2425312739588058,0.247253510370071,0.2521363008170457,0.25716387106630356,0.2623181069732806,0.26757859457339855,0.27292269508904166,0.2783256559232461,0.2837607580774169,0.2891994997466711,0.294611815126536,0.29996632672459095,0.3052306287275742,0.3103715982468994,0.3153557305723592,0.32014949392395053,0.3247196986235721,0.32903387512895155,0.333060654996973,0.336770148585705,0.3401343131742487,0.343127305184211,0.34572581032988275,0.34790934580607275,0.349660529039241,0.3509653080715611,0.3518131493076626,0.35219717911558746,0.35211427661948824,0.3515651159318962,0.3505541570261886,0.3490895854221221,0.3471832018253289,0.34485026380198336,0.3421092824597373,0.3389817779243026,0.3354919981286138,0.3316666060519169,0.3275343410460354,0.32312566025559114,0.3184723663718827,0.3136072280540274,0.30856359930719157,0.3033750439312499,0.2980749708523782,0.2926962857362867,0.2872710637690429,0.2818302478957785,0.27640337614667465,0.27101834097206423,0.2657011827732648,0.2604759190716633,0.2553644100237128,0.25038626028072314,0.2455587565249244,0.2408968394005024,0.2364131080112115,0.2321178546833815,0.22801912730076715,0.22412281620934177,0.22043276246697394,0.21695088407379334,0.21367731676071963,0.21061056593101132,0.20774766643615647,0.20190589583666463,0.196096677907544,0.1904752426844144,0.185034390767715,0.1797662654586608,0.1746625012623585,0.16971436340592516,0.16491287717693295,0.16024894619735508,0.1557134590426783,0.151297383889867,0.14699185112742702,0.14278822408298789,0.13867815821670323,0.1346536492914366,0.1307070711631002,0.1268312039373691,0.12301925331368273,0.11926486198588232,0.11556211399335188,0.11190553291974925,0.10829007482114804,0.10471111673454689,0.10116444157412309
0.2020750869479656,0.20446169715728854,0.20703285883298833,0.20979329911465716,0.2127466174284411,0.21589512948447542,0.21923971383351826,0.2227796638490256,0.22651254817263713,0.23043408278042737,0.23453801788634226,0.2388160428909652,0.24325771250238587,0.2478503969972844,0.25257925935202374,0.2574272616552332,0.26237520281695903,0.267401789119179,0.27248373861491637,0.2775959197872859,0.28271152423670853,0.28780227248743623,0.29283865130835773,0.29779018024414167,0.3026257043684218,0.3073137096187483,0.3118226564711998,0.3161213271781249,0.32017918134157525,0.3239667142420891,0.32745581209994423,0.330620098323545,0.3334352648040204,0.33587938244987087,0.33793318542062334,0.3395803239103944,0.3408075808439206,0.3416050484685227,0.3419662615419873,0.3418882846120826,0.34137175173963985,0.3404208579133238,0.3390433023186879,0.3372501845346254,0.33505585561477247,0.33247772684843574,0.32953603976528123,0.32625360163234834,0.3226554912755054,0.3187687405276657,0.31462199695365556,0.310245173720712,0.3056690925719101,0.30092512581864317,0.2960448431022768,0.2910596683921385,0.2860005522977912,0.2808976642912454,0.2757801088745019,0.27067566910618157,0.2656105802354848,0.26060933550017584,0.25569452544541094,0.25088671142902186,0.24620433331220604,0.24166365070682042,0.2372787165741053,0.23306138145507618,0.2290213261681227,0.2251661204402971,0.22150130464874956,0.2180304916388619,0.21475548545476678,0.21167641376307145,0.20879187076695635,0.2060990674891464,0.2004155352627149,0.19475301936601525,0.18926712925974842,0.183951093289244,0.17879752155336182,0.17379854558444874,0.1689459495771327,0.16423129204225664,0.1596460170537007,0.15518155453282995,0.15082940927304753,0.14658123864166672,0.1424289191052872,0.13836460190628028,0.13438075837099323,0.1304702154548139,0.1266261822259829,0.12284226806029115,0.11911249336436028,0.11543129366826506,0.11179351793128492,0.10819442189021312,0.10462965725062098,0.10109525748048516
0.20072130858051282,0.20296155736074878,0.20537503979088134,0.20796619311360062,0.21073839601638628,0.21369382219596766,0.2168332963250359,0.2201561551116772,0.22366011630318872,0.2273411585980038,0.23119341548489677,0.23520908602086768,0.23937836548272803,0.2436893986784772,0.24812825848085526,0.2526789518466677,0.2573234552133822,0.2620417807230571,0.26681207421906805,0.2716107454017389,0.27641262992532856,0.2811911825832494,0.28591870007492076,0.2905665711916038,0.295105551616184,0.29950605991986856,0.3037384907738448,0.3077735408922959,0.31158254279991116,0.3151378011857734,0.3184129263778345,0.32138315935724937,0.3240256827359771,0.3263199122475583,0.32824776354983637,0.3297938895062974,0.33094588359298505,0.3316944456607721,0.3320335069553536,0.33196031204425197,0.3314754561038385,0.33058287686060184,0.3292898013392892,0.3276066484252216,0.3255468890782892,0.32312686682182046,0.32036558185197933,0.317284442755709,0.31390699037300146,0.31025859878064366,0.30636615870084405,0.30225774884379747,0.29796230077614994,0.29350926286867307,0.28892826872063915,0.28424881519277595,0.27949995481534173,0.2747100068851399,0.2699062910393914,0.2651148865108691,0.2603604196439967,0.2556658816024806,0.25105247754208226,0.24653950787332657,0.242144281613159,0.23788206123531203,0.23376603788811579,0.22980733536545644,0.22601504079915985,0.2223962596946534,0.21895619265952032,0.2156982309775271,0.21262406805786635,0.2097338237378538,0.20702617843266663,0.20449851420205037,0.19896860875586514,0.19344851950613187,0.18809422428092334,0.18289936670454965,0.17785701006947868,0.17295976845026972,0.1681999298846208,0.16356957056674526,0.15906065927186283,0.1546651514905964,0.15037507299399896,0.146182592770275,0.14208008547041695,0.13806018367027,0.13411582040016262,0.1302402625101316,0.1264271355295863,0.12267044074619683,0.11896456527155777,0.11530428588282611,0.1116847674323744,0.10810155660402208,0.10455057176715685,0.10102808964158301
0.19941101136093803,0.20150959960190382,0.20377046718604788,0.20619777077017273,0.20879467539285687,0.21156321729866193,0.21450416901268762,0.2176169091858129,0.22089929988196227,0.22434757408371545,0.22795623624451422,0.23171797870844435,0.23562361674701915,0.2396620448228775,0.24382021648075258,0.24808314998616854,0.25243396148375874,0.25685392703357135,0.26132257441104245,0.2658178050323281,0.2703160458012035,0.27479243007835163,0.2792210063617127,0.283574972651996,0.2878269338756931,0.2919491791646346,0.29591397526193225,0.2996938718542193,0.3032620142336097,0.3065924583824866,0.3096604833609564,0.312442895769132,0.314918321060287,0.3170674765994204,0.31887342159489773,0.320321779375474,0.3214009279349166,0.32210215521241814,0.3224197762070383,0.322351209724114,0.32189701330446147,0.32106087567523384,0.31984956686540533,0.3182728469294893,0.31634333500080236,0.314076341131592,0.31148966405412304,0.30860335859856025,0.30543947701661145,0.3020217888733534,0.29837548447528967,0.2945268669953338,0.2905030385330793,0.28633158531250374,0.28204026707329255,0.2776567154631517,0.2732081458962386,0.2687210869187525,0.26422113063007324,0.25973270716122615,0.2552788856272495,0.2508812033619545,0.24655952462815067,0.2423319293886218,0.23821463213692987,0.23422193023512933,0.23036618069866183,0.22665780391621382,0.22310531240128917,0.21971536234773015,0.21649282550639598,0.21344087871563464,0.21056110830311214,0.20785362652831674,0.20531719724943392,0.20294936806980035,0.19756815516284343,0.19218591804902851,0.1869589910924424,0.18188141985829384,0.176946706276821,0.1721479314663285,0.16747787112496904,0.16292910250318263,0.1584941022249795,0.154165334469815,0.1499353292534416,0.14579675075252857,0.1417424558015926,0.13776554285030876,0.1338593918038095,0.1300176952780837,0.12623448188765762,0.12250413224451172,0.11882138838724926,0.11518135737981115,0.11157950982169335,0.1080116739989986,0.10447402638012515,0.10096307912385409
0.19814660472412382,0.20010849380756104,0.2022220915805039,0.20449128394083613,0.2069190297608675,0.20950723264698384,0.2122566148030602,0.21516659535380442,0.21823517562536254,0.22145883397865837,0.22483243283949347,0.2283491405626295,0.23200037070018653,0.23577574111426394,0.23966305517778355,0.24364830704588963,0.24771571265437964,0.25184776771505,0.25602533353594503,0.26022775100464035,0.264432982544043,0.2686177812935897,0.27275788619644414,0.2768282410987614,0.28080323540451946,0.2846569632934659,0.28836349801499994,0.2918971773314898,0.2952328958138607,0.29834639940219304,0.30121457744468627,0.3038157473276871,0.3061299268131047,0.30813908931031475,0.30982739752759725,0.31118141127033905,0.3121902655738412,0.3128458158689794,0.3131427474679715,0.3130786473116316,0.31265403662333263,0.31187236385160405,0.3107399580350251,0.30926594347155456,0.3074621173014857,0.305342792301277,0.30292460781820363,0.3002263123383204,0.2972685216599275,0.2940734570312584,0.29066466789682666,0.28706674407696564,0.2833050222777011,0.2794052917942452,0.2753935041349429,0.27129549105989526,0.2671366952085369,0.2629419170939804,0.25873508178137916,0.254539028056556,0.25037532234405985,0.2462640990653393,0.24222392855238978,0.23827171306403558,0.23442261090398386,0.2306899881237492,0.22708539681974832,0.22361857861085155,0.22029749151711722,0.21712835815705694,0.21411573294236583,0.21126258577650234,0.20857039965592572,0.2060392795276952,0.2036680697705774,0.20145447773366149,0.19621674970222464,0.19096753672442277,0.18586351721338398,0.18089912459802637,0.1760682840839333,0.17136452747586622,0.16678110105308425,0.1623110655737454,0.15794738772424535,0.15368302255704624,0.14951098667242124,0.14542442209250228,0.14141665094780112,0.13748122124550805,0.13361194411464852,0.12980292302554852,0.12604857556058774,0.12234364837096924,0.11868322599168471,0.11506273420581388,0.11147793865178462,0.10792493935541693,0.10440016184470946,0.10090034547163292
0.19693007277843058,0.19876043859455733,0.20073234268704476,0.20284941044670185,0.2051144023857185,0.20752909449443246,0.21009416056082517,0.2128090586509579,0.21567192408026167,0.21867947129715457,0.2218269071457594,0.22510785796814728,0.2285143129441276,0.23203658594492169,0.23566329799428448,0.23938138218651456,0.24317611260677824,0.24703115843849976,0.2509286640302987,0.2548493552379369,0.258772671863531,0.26267692549499544,0.26653948151477164,0.27033696351087544,0.27404547779844723,0.27764085525996196,0.28109890725069775,0.2843956919061918,0.28750778684259715,0.29041256397020476,0.29308846195438,0.29551525176425125,0.2976742907528719,0.29954876081592674,0.30112388637938914,0.30238712826712033,0.3033283498918146,0.3039399526888854,0.30421697826240596,0.30415717532249287,0.3037610301501762,0.30303176001311904,0.30197526965688654,0.300600071694766,0.29891717239744975,0.29693992502582534,0.29468385344039655,0.29216644924569324,0.2894069461755687,0.28642607578590035,0.2832458087877696,0.27988908652222544,0.2763795471454684,0.2727412510617166,0.2689984100136992,0.26517512402371535,0.26129513007969496,0.2573815660908128,0.2534567532075229,0.24954199912413108,0.24565742447161681,0.24182181387805016,0.2380524927371882,0.23436523019573186,0.23077416835843623,0.22729177722882768,0.22392883446124176,0.22069442860524244,0.2175959841824308,0.21463930665260916,0.21182864510383734,0.2091667703399358,0.20665506593862423,0.2042936298114061,0.20208138380884885,0.20001618897728238,0.1949165130010244,0.18979528741770174,0.18480952166262912,0.17995402234260854,0.1752231219119391,0.17061078579733302,0.1661107130413711,0.16171642960269977,0.1574213736746888,0.1532189725967028,0.14910271112980789,0.14506619104876117,0.1411031821623969,0.1372076650136598,0.1333738656278804,0.12959628277339363,0.1258697082728006,0.12218924095704985,0.11855029488945537,0.11494860250445647,0.11138021330824585,0.10784148877738035,0.10432909406922436,0.10083998712663929
0.19576298639779657,0.1974671746691758,0.1993031441770706,0.20127427039344484,0.2033831235326543,0.2056313571559036,0.20801959860312944,0.21054734329898733,0.21321285510224025,0.21601307495309718,0.21894354011522593,0.22199831630325445,0.22516994492847187,0.2284494075821457,0.23182610970569856,0.23528788516969146,0.23882102320050538,0.24241031875780084,0.2460391470819846,0.24968956270540116,0.2533424227617548,0.25697753394478107,0.26057382197007706,0.26410952189493064,0.2675623871623206,0.2709099147697037,0.27412958353346045,0.27719910203826126,0.2800966625386336,0.2828011968280222,0.28529262991744064,0.2875521272783763,0.28956233140775833,0.2913075835690281,0.2927741267526648,0.2939502861793863,0.2948266240346063,0.29539606556609005,0.295653994188394,0.29559831380587376,0.2952294771774373,0.2945504797861564,0.29356681932984025,0.2922864215988393,0.29071953413889556,0.28887858969453956,0.2867780419781188,0.28443417679819943,0.2818649019977704,0.27908951998843845,0.27612848691498565,0.27300316264110747,0.26973555581021225,0.26634806820576423,0.2628632425171128,0.25930351741470314,0.2556909935606388,0.25204721383618006,0.24839296066769898,0.24474807288872602,0.2411312841005042,0.2375600839996597,0.23405060364184155,0.2306175251166192,0.22727401563288827,0.2240316855657806,0.2209005696045095,0.21788912977313288,0.2150042787786745,0.21225142187751414,0.2096345152438613,0.20715613867424165,0.2048175803684793,0.2026189314884799,0.20055918820779436,0.19863635902301632,0.19366912401880856,0.18867068382186097,0.18379836543538036,0.17904733347635268,0.17441231109529473,0.1698876797164392,0.16546757274326337,0.16114596242697185,0.15691673930365324,0.1527737838036194,0.14871102982047865,0.14472252019510984,0.14080245421892254,0.136945227390334,0.13314546376764755,0.1293980413504417,0.12569811099066072,0.12204110938476175,0.11842276673080424,0.11483910965083731,0.11128645998110087,0.10776143002230427,0.10426091482151595,0.10078208202792892
0.19464651857192597,0.19623000183689301,0.19793593247822314,0.19976744688844753,0.2017269332376341,0.20381592796781747,0.20603501398542173,0.20838372245338976,0.21086044019866987,0.21346232482992128,0.21618522969948967,0.21902364083821219,0.22197062793762323,0.2250178113488635,0.22815534690947226,0.23137193019804866,0.23465482155375825,0.23798989288563527,0.24136169693996842,0.2447535592986832,0.24814769295494954,0.25152533486299894,0.2548669033972366,0.25815217519201294,0.2613604793793626,0.26447090680943536,0.2674625314390427,0.27031464071915473,0.2730069715130146,0.27551994784239076,0.2778349165985637,0.27993437727340054,0.28180220176879384,0.28342384043215685,0.28478651064157023,0.28587936452422225,0.28669363273126425,0.28722274160416594,0.2874624015430551,0.2874106649154837,0.2870679524121502,0.28643704735071623,0.2855230580356003,0.2843333488857416,0.2828774416291451,0.2811668884183707,0.279215119231786,0.27703726637944964,0.27464996931966634,0.27207116330423053,0.2693198556009849,0.26641589318767933,0.2633797258697181,0.2602321687470619,0.2569941678454122,0.2536865725390632,0.2503299181345733,0.2469442216644074,0.24354879356798026,0.24016206752507918,0.23680145026508903,0.2334831927166086,0.23022228339768805,0.22703236448831324,0.22392567058443974,0.22091298971637496,0.21800364583189244,0.21520550160303864,0.21252498012054344,0.20996710379487865,0.20753554859058373,0.2052327115812062,0.20305978972537894,0.2010168677281515,0.19910301286254192,0.19731637468023472,0.19247583645406732,0.18759485622893463,0.18283106480246686,0.17817996927431318,0.17363666654603735,0.1691959359968606,0.16485232655217336,0.16060023739925838,0.15643399179803708,0.1523479036184306,0.14833633640693422,0.14439375494074813,0.14051476936645518,0.13669417214060856,0.13292696809110605,0.12920839800085482,0.12553395617941876,0.1218994025349522,0.11830076968894934,0.1147343656916437,0.11119677289789728,0.10768484355389464,0.10419569262569428,0.10072668837349448
0.1935814626156862,0.19504979918045437,0.1966316790733723,0.19833001061683084,0.20014700831950916,0.2020840968974551,0.20414181686968472,0.20631973349172736,0.20861635089619396,0.21102903338289788,0.21355393583739635,0.21618594525172896,0.2189186352710677,0.22174423559237713,0.2246536178945627,0.22763629978374403,0.23068046799340933,0.23377302178986953,0.23689963720270366,0.2400448523332629,0.2431921735986441,0.24632420235196686,0.24942278089147668,0.2524691564409979,0.25544416126321956,0.2583284066661722,0.26110248829298677,0.2637471997562243,0.26624375140065104,0.2685739907612145,0.27072062113375295,0.27266741460063554,0.27439941585624256,0.27590313326010607,0.27716671370864565,0.2781800981575683,0.2789351549417982,0.279425788421806,0.2796480209260367,0.2796000464487047,0.27928225508899723,0.2786972277691031,0.2778497013311019,0.27674650467293377,0.2753964671278155,0.2738103008064342,0.272000459094776,0.26998097392147574,0.26776727476759404,0.2653759926810182,0.2628247527715216,0.26013195879730955,0.25731657350821435,0.2543978983853746,0.2513953563150967,0.2483282805605141,0.2452157131551963,0.24207621554613604,0.23892769396884683,0.23578724165484796,0.23267099956236387,0.22959403689559826,0.2265702522473507,0.22361229577448716,0.22073151240561795,0.2179379056941198,0.21524012157503142,0.21264545096775694,0.2101598498929163,0.20778797554462217,0.20553323658102923,0.20339785576685895,0.2013829430210893,0.19948857688924349,0.19771389246977003,0.19605717387404353,0.19133749820652898,0.18656856907655764,0.181908307086851,0.1773525460488468,0.17289673940441347,0.16853604616245887,0.1642654116360509,0.16007964228870775,0.15597347417782223,0.15194163465360289,0.14797889713048387,0.14408012889237581,0.1402403320216966,0.13645467765373714,0.13271853385205248,0.12902748747718495,0.12537736048054826,0.12176422109852168,0.11818439044983434,0.11463444505350771,0.11111121578648725,0.10761178379126025,0.10413347382589616,0.1006738455237265
0.1925682528266935,0.1939270479508188,0.19539091579762147,0.19696254772164432,0.19864399302389082,0.20043657013316374,0.20234077924445995,0.20435621804629234,0.20648150226657824,0.20871419283470657,0.21105073149102363,0.21348638667026507,0.21601521143913516,0.21863001517790093,0.22132235056018465,0.22408251720391079,0.2268995831406728,0.229761424983036,0.23265478736323725,0.23556536187746918,0.23847788540379788,0.24137625727626247,0.24424367440134787,0.24706278300510154,0.2498158453095347,0.2524849190657493,0.2550520475285867,0.2574994571533228,0.2598097600382133,0.2619661579357747,0.26395264451759265,0.2657542025077369,0.26735699230237053,0.26874852876986616,0.26991784307668976,0.2708556266074553,0.2715543543388671,0.27200838538077093,0.27221403880548045,0.2721696433395871,0.27187555997994006,0.27133417710572294,0.27054987817919907,0.2695289826460916,0.26827966115011537,0.2668118266527261,0.26513700348735186,0.26326817676698955,0.2612196248962883,0.2590067382069477,0.2566458269331451,0.2541539218684427,0.25154857109591,0.24884763615975197,0.24606909095222393,0.24323082642851246,0.24035046404066646,0.23744518050707294,0.23453154621499261,0.231625379199746,0.2287416162652378,0.2258942024167807,0.22309599937871055,0.22035871357575396,0.2176928435775503,0.21510764664832532,0.212611123715561,0.2102100217785317,0.20790985252438837,0.20571492570935745,0.20362839569749386,0.20165231942992268,0.19978772402299563,0.19803468216255085,0.19639239347077367,0.19485927006845866,0.19025457345611232,0.18559224085360015,0.18103046856122884,0.17656540119812708,0.17219283139033914,0.16790827929635616,0.16370706732105303,0.15958438937826544,0.15553537422817013,0.15155514257333635,0.14763885774405705,0.1437817699372127,0.13997925409189818,0.1362268415883302,0.13252024604366733,0.12885538354927378,0.12522838774904038,0.12163562019837267,0.11807367646939412,0.1145393884810444,0.11102982353447388,0.1075422805259633,0.10407428379306688,0.10062357502634132
0.19160698717519867,0.19286185671012307,0.1942137626240411,0.19566519042691938,0.19721803268177301,0.19887350697917855,0.20063207525740168,0.20249336597519996,0.20445610073465023,0.20651802701412583,0.20867585870260266,0.21092522612212322,0.2132606371824625,0.21567545122861662,0.21816186701642842,0.22071092608429638,0.2233125325804865,0.2259554903582937,0.22862755786865374,0.23131552106648173,0.23400528420887834,0.236681978067328,0.2393300847099732,0.24193357764256004,0.24447607573682262,0.24694100903226401,0.2493117941808534,0.2515720170231594,0.253705619547354,0.25569708829696897,0.2575316411657571,0.2591954094536268,0.2606756120599381,0.2619607187613039,0.26304059966044147,0.26390665809869873,0.2645519445939089,0.2649712496916968,0.26516117399510275,0.26512017405578203,0.26484858326023303,0.2643486073157196,0.26362429442138074,0.2626814806887648,0.2615277118410616,0.2601721426604094,0.2586254160573339,0.2568995239962,0.2550076528173789,0.25296401574407046,0.25078367554446784,0.24848236043514865,0.24607627635801632,0.24358191874146284,0.24101588676914357,0.2383947030309734,0.23573464122630894,0.23305156433569174,0.23036077538294492,0.2276768825825622,0.2250136803174025,0.22238404702809353,0.2197998607275521,0.21727193249059848,0.21480995791811233,0.21242248624510876,0.21011690645905923,0.20789944952421363,0.20577520557385925,0.20374815473840388,0.20182121012467596,0.19999627135146802,0.1982742869775405,0.19665532412945447,0.19513864364519923,0.19372277909234165,0.1892271669140141,0.18466596596412538,0.18019763410640358,0.1758186108335175,0.171525010566762,0.1673126960991873,0.1631773475951427,0.15911452655539998,0.1551197343102605,0.15118846474869324,0.14731625112706767,0.14349870692446853,0.13973156082145705,0.13601068597453064,0.13233212383898518,0.12869210285835897,0.12508705238950912,0.1215136122693065,0.11796863845289093,0.11444920516555489,0.11095260401191476,0.10747634047848002,0.10401812825046577,0.10057588174214203
