time_s,SoC,V_terminal_V,V_oc_V,current_A,power_W,temp_C,V_RC1_V,V_RC2_V,capacity_Ah,cycle_count
1.0,0.9997222222222222,4.034411649588219,4.199666666666666,50.0,201.72058247941095,25.015625,0.0047581290982020245,0.0004968879802447424,49.99999993055555,0.0001388888888888889
2.0,0.9994444444440586,4.02934863223296,4.199333333332871,50.0,201.467431611648,25.031236591296874,0.009063525556736595,0.0009876042996012947,49.999999861111114,0.0002777777777777778
3.0,0.9991666666655091,4.0247013163714875,4.198999999998611,50.0,201.23506581857438,25.046834779820927,0.012959346595611532,0.001472226646794547,49.99999979166667,0.00041666666666666664
4.0,0.9988888888865739,4.020430585686084,4.198666666663889,50.0,201.0215292843042,25.062419571500755,0.016484631800625163,0.0019508317248147487,49.99999972222222,0.0005555555555555556
5.0,0.9986111111072529,4.016501049257358,4.198333333328703,50.0,200.82505246286792,25.077990972263365,0.01967469633239039,0.0024234952635240085,49.999999652777774,0.0006944444444444445
6.0,0.998333333327546,4.012880685925067,4.197999999993056,50.0,200.64403429625335,25.093548988034,0.022561486553067656,0.002890292032100245,49.999999583333334,0.0008333333333333334
7.0,0.9980555555474534,4.00954052263614,4.197666666656945,50.0,200.477026131807,25.10909362473626,0.02517390166606224,0.003351295851320677,49.99999951388889,0.0009722222222222223
8.0,0.997777777766975,4.006454343528876,4.19733333332037,50.0,200.3227171764438,25.124624888292033,0.027538084619698013,0.0038065796056869585,49.99999944444444,0.0011111111111111111
9.0,0.9974999999861107,4.0035984268135705,4.196999999983333,50.0,200.17992134067853,25.140142784621446,0.02967768521462712,0.004256215255394001,49.999999375,0.00125
10.0,0.9972222222048607,4.000951306791212,4.196666666645833,50.0,200.04756533956058,25.155647319643094,0.03161409807330875,0.004700273848144517,49.999999305555555,0.001388888888888889
11.0,0.9969444444232248,3.9984935586064134,4.19633333330787,50.0,199.92467793032068,25.171138499273752,0.0333666778754295,0.005138825530811313,49.99999923611111,0.0015277777777777779
12.0,0.9966666666412032,3.9962076035607326,4.195999999969444,50.0,199.81038017803664,25.186616329428546,0.03495293403305641,0.005571939560949286,49.99999916666666,0.0016666666666666668
13.0,0.9963888888587957,3.9940775330206857,4.195666666630555,50.0,199.70387665103428,25.202080816020953,0.036388706771273926,0.005999684318159082,49.99999909722222,0.0018055555555555557
14.0,0.9961111110760025,3.9920889491427554,4.195333333291203,50.0,199.60444745713778,25.21753196496269,0.03768832639194442,0.006422127315304367,49.999999027777775,0.0019444444444444446
15.0,0.9958333332928234,3.9902288208078995,4.1949999999513885,50.0,199.51144104039497,25.23296978216382,0.038864757328137545,0.00683933520958456,49.999998958333336,0.0020833333333333333
16.0,0.9955555555092586,3.988485353311775,4.19466666661111,50.0,199.42426766558873,25.248394273532767,0.03992972844296968,0.007251373813464987,49.99999888888889,0.0022222222222222222
17.0,0.9952777777253079,3.986847870496041,4.19433333327037,50.0,199.34239352480205,25.263805444976185,0.04089385088751913,0.007658308105466218,49.99999881944445,0.002361111111111111
18.0,0.9949999999409714,3.9853067081318008,4.193999999929166,50.0,199.26533540659003,25.27920330239914,0.041766724706724274,0.008060202240814489,49.99999875,0.0025
19.0,0.9947222221562492,3.9838531174800225,4.193666666587499,50.0,199.19265587400113,25.294587851704875,0.04255703526845382,0.008457119561954976,49.99999868055556,0.002638888888888889
20.0,0.9944444443711411,3.982479178056564,4.193333333245369,50.0,199.12395890282818,25.309959098795105,0.0432726404881071,0.00884912260892971,49.99999861111111,0.002777777777777778
21.0,0.9941666665856472,3.981177718722422,4.192999999902777,50.0,199.0588859361211,25.32531704956972,0.04392064972811483,0.009236273129621884,49.99999854166667,0.002916666666666667
22.0,0.9938888887997676,3.979942246303942,4.192666666559721,50.0,198.9971123151971,25.340661709926962,0.04450749516762352,0.00961863208986832,49.999998472222224,0.0030555555555555557
23.0,0.9936111110135021,3.978766881023716,4.192333333216203,50.0,198.9383440511858,25.35599308576343,0.04503899636160713,0.00999625968344175,49.99999840277778,0.0031944444444444446
24.0,0.9933333332268508,3.977646298091715,4.1919999998722215,50.0,198.88231490458574,25.37131118297401,0.045520418639887476,0.010369215341904658,49.99999833333334,0.0033333333333333335
25.0,0.9930555554398137,3.9765756748683323,4.191666666527777,50.0,198.8287837434166,25.38661600745189,0.04595652593436161,0.010737557744336317,49.99999826388889,0.0034722222222222225
26.0,0.9927777776523908,3.975550643067282,4.191333333182869,50.0,198.7775321533641,25.401907565088607,0.046351628566501636,0.011101344826934662,49.999998194444444,0.0036111111111111114
27.0,0.9924999998645821,3.974567245517135,4.190999999837499,50.0,198.72836227585674,25.41718586177393,0.046709626476339215,0.011460633792494668,49.999998125,0.0037500000000000003
28.0,0.9922222220763877,3.9736218970462707,4.190666666491666,50.0,198.68109485231352,25.432450903396045,0.04703404832815836,0.011815481119764777,49.99999805555556,0.003888888888888889
29.0,0.9919444442878074,3.972711349097607,4.190333333145369,50.0,198.63556745488034,25.44770269584137,0.047328086886530694,0.01216594257268298,49.99999798611111,0.004027777777777778
30.0,0.9916666664988413,3.9718326577170813,4.1899999997986095,50.0,198.59163288585407,25.46294124499468,0.047594631018715576,0.01251207320949415,49.999997916666665,0.004166666666666667
31.0,0.9913888887094894,3.9709831545938754,4.189666666451387,50.0,198.54915772969377,25.478166556739097,0.04783629464543261,0.012853927391750099,49.99999784722222,0.0043055555555555555
32.0,0.9911111109197517,3.9701604208611476,4.189333333103702,50.0,198.50802104305737,25.49337863695598,0.048055442931252114,0.013191558793193935,49.99999777777778,0.0044444444444444444
33.0,0.9908333331296282,3.969362263393822,4.188999999755554,50.0,198.4681131696911,25.50857749152499,0.048254215978028266,0.013525020408530198,49.99999770833333,0.004583333333333333
34.0,0.9905555553391189,3.9685866933651957,4.1886666664069425,50.0,198.42933466825977,25.523763126324184,0.048434550259638956,0.013854364562082246,49.999997638888885,0.004722222222222222
35.0,0.9902777775482238,3.967831906846836,4.1883333330578685,50.0,198.39159534234182,25.538935547229926,0.04859819801354073,0.014179642916338383,49.999997569444446,0.004861111111111111
36.0,0.9899999997569429,3.967096267256848,4.187999999708332,50.0,198.3548133628424,25.55409476011681,0.04874674478406702,0.014500906480388138,49.9999975,0.005
37.0,0.9897222219652761,3.966378289480186,4.187666666358331,50.0,198.3189144740093,25.569240770857846,0.04888162529378453,0.014818205618250138,49.99999743055555,0.005138888888888889
38.0,0.9894444441732236,3.965676625501542,4.187333333007868,50.0,198.2838312750771,25.584373585324272,0.04900413780238847,0.015131590057092982,49.999997361111106,0.005277777777777778
39.0,0.9891666663807853,3.9649900514065397,4.186999999656942,50.0,198.249502570327,25.599493209385685,0.049115457097391575,0.01544110889535049,49.999997291666666,0.005416666666666667
40.0,0.9888888885879612,3.9643174556207565,4.186666666305554,50.0,198.21587278103783,25.61459964891003,0.04921664624709127,0.01574681061073269,49.99999722222222,0.005555555555555556
41.0,0.9886111107947513,3.9636578282685377,4.186333332953701,50.0,198.1828914134269,25.62969290976349,0.049308667233844194,0.01604874306813394,49.99999715277777,0.005694444444444445
42.0,0.9883333330011556,3.96301025154485,4.185999999601387,50.0,198.1505125772425,25.644772997810605,0.04939239057441238,0.01634695352743944,49.999997083333334,0.005833333333333334
43.0,0.988055555207174,3.962373891003576,4.185666666248609,50.0,198.11869455017882,25.6598399189142,0.04946860402395623,0.01664148865123153,49.999997013888894,0.0059722222222222225
44.0,0.9877777774128067,3.9617479876749147,4.185333332895368,50.0,198.08739938374572,25.67489367893546,0.049538020451033775,0.016932394512397003,49.99999694444445,0.006111111111111111
45.0,0.9874999996180536,3.961131850932834,4.184999999541664,50.0,198.0565925466417,25.689934283733862,0.04960128496263009,0.017219716601636778,49.999996875,0.00625
46.0,0.9872222218229146,3.960524852041119,4.184666666187498,50.0,198.02624260205596,25.70496173916723,0.049658981350701424,0.01750349983487914,49.999996805555554,0.006388888888888889
47.0,0.9869444440273899,3.9599264183133296,4.1843333328328685,50.0,197.99632091566647,25.719976051091635,0.04971163792489868,0.017783788560597848,49.999996736111115,0.006527777777777778
48.0,0.9866666662314794,3.959336027828175,4.183999999477775,50.0,197.96680139140875,25.734977225361547,0.04975973278996685,0.01806062656703628,49.99999666666667,0.006666666666666667
49.0,0.986388888435183,3.9587532046473926,4.18366666612222,50.0,197.93766023236964,25.749965267829623,0.049803698620737316,0.018334057089338905,49.99999659722222,0.006805555555555556
50.0,0.9861111106385009,3.9581775144882494,4.1833333327662015,50.0,197.90887572441247,25.764940184346983,0.049843926982583164,0.018604122816591216,49.99999652777778,0.006944444444444445
51.0,0.9858333328414329,3.9576085608073748,4.18299999940972,50.0,197.88042804036874,25.779901980762986,0.04988077224064255,0.018870865898769344,49.999996458333335,0.007083333333333334
52.0,0.9855555550439792,3.9570459812567242,4.182666666052775,50.0,197.8522990628362,25.79485066292534,0.04991455509698579,0.01913432795360054,49.99999638888889,0.007222222222222223
53.0,0.9852777772461396,3.9564894444762646,4.182333332695368,50.0,197.82447222381322,25.809786236679997,0.04994556579116658,0.019394550073335588,49.99999631944444,0.007361111111111112
54.0,0.9849999994479143,3.9559386471912843,4.181999999337497,50.0,197.7969323595642,25.82470870787131,0.04997406699621904,0.01965157283143443,49.99999625,0.007500000000000001
55.0,0.9847222216493031,3.955393311585351,4.181666665979164,50.0,197.76966557926755,25.83961808234193,0.05000029643910562,0.019905436289165995,49.999996180555556,0.0076388888888888895
56.0,0.9844444438503062,3.954853182922653,4.181333332620367,50.0,197.74265914613264,25.854514365932744,0.05002446927185646,0.02015618000212341,49.99999611111111,0.007777777777777778
57.0,0.9841666660509234,3.954318027396003,4.180999999261108,50.0,197.71590136980015,25.86939756448305,0.05004678021713952,0.02040384302665566,49.99999604166667,0.007916666666666667
58.0,0.9838888882511548,3.9537876301789994,4.180666665901386,50.0,197.68938150894996,25.884267683830444,0.05006740550973847,0.020648463926216835,49.99999597222222,0.008055555555555555
59.0,0.9836111104510005,3.9532617936629593,4.180333332541201,50.0,197.66308968314797,25.899124729810808,0.05008650465336866,0.0208900807776339,49.999995902777776,0.008194444444444443
60.0,0.9833333326504603,3.9527403358609816,4.179999999180552,50.0,197.63701679304907,25.91396870825838,0.050104222010410135,0.021128731177294215,49.99999583333333,0.008333333333333331
61.0,0.9830555548495343,3.9522230889632994,4.1796666658194415,50.0,197.61115444816497,25.928799625005638,0.05012068824046169,0.021364452247253685,49.99999576388889,0.00847222222222222
62.0,0.9827777770482226,3.951709898029471,4.179333332457867,50.0,197.58549490147354,25.943617485883465,0.05013602160210488,0.021597280641266675,49.99999569444444,0.008611111111111108
63.0,0.982499999246525,3.951200619804448,4.17899999909583,50.0,197.5600309902224,25.95842229672104,0.050150329130896266,0.021827252550738623,49.999995625,0.008749999999999996
64.0,0.9822222214444416,3.9506951216466932,4.1786666657333305,50.0,197.53475608233467,25.973214063345836,0.050163707705365976,0.02205440371060242,49.99999555555556,0.008888888888888884
65.0,0.9819444436419724,3.9501932805577207,4.178333332370367,50.0,197.50966402788603,25.987992791583622,0.05017624501167923,0.022278769405119487,49.99999548611111,0.009027777777777772
66.0,0.9816666658391174,3.949694982303404,4.177999999006941,50.0,197.4847491151702,26.002758487258518,0.05018802041660221,0.02250038447360654,49.999995416666664,0.00916666666666666
67.0,0.9813888880358766,3.949200120618326,4.177666665643052,50.0,197.4600060309163,26.017511156192995,0.05019910575749591,0.022719283316089026,49.99999534722222,0.009305555555555548
68.0,0.9811111102322501,3.9487085964852824,4.1773333322787005,50.0,197.43542982426413,26.032250804207763,0.05020956605723067,0.022935499898882123,49.99999527777778,0.009444444444444436
69.0,0.9808333324282377,3.9482203174828,4.176999998913885,50.0,197.41101587414,26.046977437121882,0.05021946017116297,0.023149067760100308,49.99999520833333,0.009583333333333324
70.0,0.9805555546238395,3.947735197194197,4.176666665548607,50.0,197.38675985970985,26.061691060752764,0.05022884137263588,0.023360020015096353,49.999995138888885,0.009722222222222212
71.0,0.9802777768190555,3.9472531546723375,4.176333332182867,50.0,197.36265773361689,26.07639168091606,0.05023775788284961,0.02356838936183071,49.999995069444445,0.0098611111111111
72.0,0.9799999990138857,3.946774113954805,4.175999998816663,50.0,197.33870569774027,26.09107930342583,0.050246253350392324,0.02377420808617213,49.999995000000006,0.009999999999999988
73.0,0.9797222212083301,3.9462980036246913,4.175666665449996,50.0,197.31490018123458,26.105753934094423,0.05025436728521753,0.02397750806713047,49.99999493055556,0.010138888888888876
74.0,0.9794444434023887,3.9458247564126734,4.175333332082866,50.0,197.29123782063368,26.120415578732434,0.0502621354513992,0.024178320782022495,49.99999486111111,0.010277777777777764
75.0,0.9791666655960615,3.9453543088364653,4.174999998715274,50.0,197.26771544182327,26.13506424314886,0.05026959022258339,0.024376677311571598,49.999994791666666,0.010416666666666652
76.0,0.9788888877893485,3.9448866008740877,4.174666665347218,50.0,197.2443300437044,26.149699933151,0.05027676090368255,0.024572608344942248,49.999994722222226,0.01055555555555554
77.0,0.9786111099822496,3.944421575667752,4.1743333319786995,50.0,197.22107878338758,26.164322654544435,0.05028367402202093,0.024766144184710036,49.99999465277778,0.010694444444444428
78.0,0.978333332174765,3.943959179255454,4.173999998609718,50.0,197.1979589627727,26.17893241313311,0.05029035359083476,0.024957314751768125,49.99999458333333,0.010833333333333316
79.0,0.9780555543668946,3.943499360327649,4.173666665240273,50.0,197.17496801638245,26.193529214719263,0.050296821347754206,0.02514614959017096,49.99999451388889,0.010972222222222204
80.0,0.9777777765586384,3.9430420700066295,4.173333331870366,50.0,197.15210350033146,26.208113065103475,0.0503030969706446,0.025332677871916,49.99999444444445,0.011111111111111092
81.0,0.9774999987499964,3.9425872616464486,4.1729999984999955,50.0,197.12936308232244,26.222683970084574,0.0503091982729581,0.02551692840166431,49.999994375,0.01124999999999998
82.0,0.9772222209409686,3.9421348906514577,4.172666665129163,50.0,197.1067445325729,26.237241935459792,0.05031514138054252,0.0256989296214008,49.99999430555555,0.011388888888888869
83.0,0.9769444431315549,3.9416849143116712,4.172333331757866,50.0,197.08424571558356,26.2517869670246,0.05032094089166884,0.02587870961503485,49.999994236111114,0.011527777777777757
84.0,0.9766666653217555,3.9412372916533926,4.171999998386107,50.0,197.06186458266964,26.266319070572877,0.05032661002187149,0.02605629611294213,49.99999416666667,0.011666666666666645
85.0,0.9763888875115703,3.9407919833036247,4.171666665013884,50.0,197.03959916518124,26.28083825189674,0.05033216073504402,0.02623171649644837,49.99999409722222,0.011805555555555533
86.0,0.9761111097009992,3.9403489513669983,4.1713333316412,50.0,197.01744756834992,26.295344516786713,0.05033760386209534,0.026404997802255803,49.99999402777778,0.01194444444444442
87.0,0.9758333318900424,3.939908159313993,4.1709999982680515,50.0,196.99540796569966,26.30983787103156,0.0503429492083481,0.02657616672681304,49.999993958333334,0.012083333333333309
88.0,0.9755555540786998,3.9394695718794233,4.17066666489444,50.0,196.97347859397115,26.324318320418342,0.05034820565074806,0.026745249630629096,49.99999388888889,0.012222222222222197
89.0,0.9752777762669713,3.939033154970186,4.170333331520366,50.0,196.9516577485093,26.338785870732522,0.050353381225851944,0.02691227254253231,49.99999381944444,0.012361111111111085
90.0,0.9749999984548571,3.938598875581414,4.169999998145829,50.0,196.9299437790707,26.353240527757862,0.05035848320946931,0.027077261163874822,49.99999375,0.012499999999999973
91.0,0.974722220642357,3.9381667017202417,4.169666664770829,50.0,196.90833508601207,26.367682297276417,0.05036351818875072,0.027240240872683348,49.999993680555555,0.012638888888888861
92.0,0.9744444428294712,3.937736602336451,4.169333331395365,50.0,196.88683011682255,26.38211118506854,0.050368492127439164,0.027401236727756944,49.99999361111111,0.012777777777777749
93.0,0.9741666650161995,3.9373085472593634,4.16899999801944,50.0,196.86542736296818,26.396527196912984,0.05037341042493385,0.027560273472712424,49.99999354166667,0.012916666666666637
94.0,0.9738888872025421,3.936882507140387,4.168666664643051,50.0,196.84412535701935,26.410930338586695,0.05037827796975341,0.027717375539978096,49.99999347222222,0.013055555555555525
95.0,0.9736111093884988,3.9364584534006712,4.168333331266199,50.0,196.82292267003356,26.425320615865076,0.05038309918793009,0.027872567054736536,49.999993402777775,0.013194444444444413
96.0,0.9733333315740698,3.936036358183416,4.1679999978888835,50.0,196.8018179091708,26.43969803452177,0.050387878086816,0.028025871838816975,49.99999333333333,0.013333333333333301
97.0,0.9730555537592549,3.9356161943103745,4.167666664511106,50.0,196.78080971551873,26.45406260032877,0.050392618294736666,0.028177313414538024,49.99999326388889,0.01347222222222219
98.0,0.9727777759440542,3.935197935242159,4.167333331132865,50.0,196.75989676210796,26.468414319056365,0.05039732309688583,0.028326915008501322,49.99999319444444,0.013611111111111077
99.0,0.9724999981284678,3.9347815550420084,4.166999997754162,50.0,196.73907775210043,26.482753196473197,0.0504019954678182,0.028474699555336783,49.999993124999996,0.013749999999999965
100.0,0.9722222203124955,3.9343670283426766,4.166666664374994,50.0,196.71835141713382,26.497079238346203,0.050406638100862766,0.028620689701400005,49.99999305555556,0.013888888888888853
101.0,0.9719444424961374,3.933954330316155,4.166333330995365,50.0,196.69771651580774,26.51139245044061,0.05041125343474879,0.028764907808422543,49.99999298611112,0.014027777777777741
102.0,0.9716666646793936,3.9335434366459645,4.165999997615272,50.0,196.67717183229823,26.525692838520058,0.05041584367770885,0.02890737595711556,49.99999291666667,0.01416666666666663
103.0,0.9713888868622639,3.9331343235017813,4.165666664234717,50.0,196.65671617508906,26.539980408346423,0.05042041082929816,0.029048115950727506,49.999992847222224,0.014305555555555518
104.0,0.9711111090447484,3.9327269675161736,4.165333330853699,50.0,196.63634837580867,26.554255165679876,0.05042495670014673,0.02918714931855645,49.99999277777778,0.014444444444444406
105.0,0.9708333312268471,3.9323213457632473,4.164999997472217,50.0,196.61606728816236,26.568517116278997,0.050429482929840445,0.029324497319417532,49.99999270833334,0.014583333333333294
106.0,0.97055555340856,3.9319174357390403,4.164666664090272,50.0,196.59587178695202,26.58276626590066,0.050433991003108275,0.029460180945066264,49.99999263888889,0.014722222222222182
107.0,0.9702777755898871,3.931515215343489,4.164333330707865,50.0,196.57576076717444,26.59700262030003,0.05043848226447643,0.029594220923578118,49.999992569444444,0.01486111111111107
108.0,0.9699999977708285,3.931114662863821,4.163999997324995,50.0,196.55573314319105,26.611226185230635,0.05044295793153457,0.029726637722685037,49.999992500000005,0.014999999999999958
109.0,0.969722219951384,3.9307157569592572,4.163666663941661,50.0,196.53578784796287,26.625436966444283,0.0504474191069458,0.02985745155306941,49.99999243055556,0.015138888888888846
110.0,0.9694444421315537,3.9303184766468817,4.163333330557864,50.0,196.51592383234407,26.639634969691144,0.050451866789319344,0.02998668237161602,49.99999236111111,0.015277777777777734
111.0,0.9691666643113376,3.9299228012885923,4.162999997173605,50.0,196.49614006442962,26.65382020071968,0.05045630188305385,0.03011434988462257,49.999992291666665,0.015416666666666622
112.0,0.9688888864907357,3.929528710579016,4.162666663788883,50.0,196.4764355289508,26.667992665276643,0.05046072520724871,0.030240473550969264,49.999992222222225,0.01555555555555551
113.0,0.968611108669748,3.9291361845343147,4.162333330403698,50.0,196.45680922671573,26.6821523691072,0.050465137503771816,0.030365072585247985,49.99999215277778,0.0156944444444444
114.0,0.9683333308483745,3.92874520348179,4.161999997018049,50.0,196.4372601740895,26.696299317954697,0.05046953944456364,0.03048816596085161,49.99999208333333,0.01583333333333329
115.0,0.9680555530266152,3.9283557480502242,4.161666663631938,50.0,196.4177874025112,26.710433517560944,0.05047393163824993,0.03060977241302395,49.999992013888885,0.01597222222222218
116.0,0.9677777752044701,3.9279677991608755,4.161333330245364,50.0,196.39838995804377,26.724554973666045,0.05047831463612863,0.030729910441870806,49.999991944444446,0.01611111111111107
117.0,0.9674999973819391,3.9275813380190914,4.160999996858327,50.0,196.37906690095457,26.738663692008345,0.05048268893759019,0.03084859831533272,49.999991875,0.01624999999999996
118.0,0.9672222195590224,3.927196346106463,4.160666663470827,50.0,196.35981730532313,26.752759678324537,0.05048705499502497,0.030965854072119787,49.99999180555555,0.01638888888888885
119.0,0.9669444417357199,3.9268128051734883,4.160333330082864,50.0,196.34064025867443,26.766842938349726,0.050491413218266314,0.031081695524609133,49.99999173611111,0.01652777777777774
120.0,0.9666666639120316,3.926430697232681,4.159999996694438,50.0,196.32153486163403,26.78091347781725,0.05049576397861329,0.031196140261705464,49.999991666666666,0.01666666666666663
121.0,0.9663888860879575,3.9260500045521125,4.159666663305549,50.0,196.30250022760563,26.794971302458748,0.050500107612472846,0.031309205651665194,49.99999159722222,0.016805555555555518
122.0,0.9661111082634976,3.925670709649325,4.159333329916198,50.0,196.28353548246625,26.809016418004262,0.050504444424657444,0.03142090884488462,49.99999152777777,0.016944444444444408
123.0,0.9658333304386518,3.925292795285585,4.158999996526382,50.0,196.26463976427925,26.82304883018213,0.050508774691370766,0.03153126677665257,49.999991458333334,0.017083333333333298
124.0,0.9655555526134203,3.924916244460475,4.1586666631361044,50.0,196.24581222302376,26.83706854471899,0.050513098662911066,0.031640296169868055,49.99999138888889,0.017222222222222187
125.0,0.965277774787803,3.9245410404067522,4.158333329745363,50.0,196.22705202033762,26.85107556733982,0.05051741656611883,0.03174801353772325,49.99999131944444,0.017361111111111077
126.0,0.9649999969617998,3.9241671665854883,4.15799999635416,50.0,196.2083583292744,26.865069903767903,0.05052172860659302,0.031854435186352406,49.99999125,0.017499999999999967
127.0,0.9647222191354109,3.923794606681445,4.157666662962493,50.0,196.18973033407227,26.87905155972487,0.05052603497069773,0.03195957721744699,49.999991180555554,0.017638888888888857
128.0,0.9644444413086362,3.9234233445986817,4.157333329570363,50.0,196.1711672299341,26.89302054093065,0.05053033582737911,0.03206345553083756,49.99999111111111,0.017777777777777747
129.0,0.9641666634814756,3.923053364456351,4.156999996177771,50.0,196.15266822281757,26.90697685310346,0.05053463132981058,0.03216608582704283,49.99999104166667,0.017916666666666636
130.0,0.9638888856539293,3.9226846505847015,4.1566666627847155,50.0,196.13423252923508,26.920920501959927,0.05053892161688243,0.0322674836097862,49.99999097222222,0.018055555555555526
131.0,0.9636111078259971,3.9223171875212395,4.156333329391197,50.0,196.11585937606196,26.93485149321498,0.0505432068145507,0.0323676641884804,49.99999090277778,0.018194444444444416
132.0,0.9633333299976792,3.921950960007055,4.155999995997215,50.0,196.09754800035276,26.94876983258183,0.05054748703705853,0.032466642680680426,49.999990833333335,0.018333333333333306
133.0,0.9630555521689754,3.9215859529832984,4.155666662602771,50.0,196.07929764916491,26.962675525772,0.0505517623880421,0.03256443401450532,49.99999076388889,0.018472222222222195
134.0,0.9627777743398859,3.9212221515877825,4.155333329207863,50.0,196.06110757938913,26.976568578495403,0.05055603296153203,0.03266105293102913,49.99999069444445,0.018611111111111085
135.0,0.9624999965104105,3.920859541151715,4.154999995812493,50.0,196.04297705758574,26.99044899646026,0.05056029884286019,0.03275651398664151,49.999990625,0.018749999999999975
136.0,0.9622222186805494,3.920498107196553,4.154666662416659,50.0,196.02490535982764,27.004316785373078,0.0505645601094808,0.03285083155537824,49.999990555555556,0.018888888888888865
137.0,0.9619444408503024,3.920137835430954,4.154333329020363,50.0,196.0068917715477,27.018171950938665,0.05056881683171403,0.03294401983122213,49.99999048611111,0.019027777777777755
138.0,0.9616666630196696,3.919778711747829,4.153999995623604,50.0,195.98893558739147,27.032014498860235,0.05057306907341921,0.03303609283037474,49.99999041666667,0.019166666666666644
139.0,0.9613888851886511,3.9194207222214965,4.153666662226382,50.0,195.97103611107482,27.04584443483924,0.05057731689260463,0.03312706439349912,49.99999034722222,0.019305555555555534
140.0,0.9611111073572467,3.919063853104908,4.153333328828696,50.0,195.9531926552454,27.059661764575537,0.050581560341979574,0.03321694818793414,49.999990277777776,0.019444444444444424
141.0,0.9608333295254565,3.9187080908269714,4.152999995430548,50.0,195.93540454134856,27.073466493767285,0.050585799469454316,0.03330575770988057,49.99999020833334,0.019583333333333314
142.0,0.9605555516932806,3.918353421989928,4.152666662031937,50.0,195.9176710994964,27.08725862811093,0.050590034318592915,0.03339350628655951,49.99999013888889,0.019722222222222204
143.0,0.9602777738607188,3.917999833366825,4.152333328632863,50.0,195.89999166834124,27.10103817330122,0.05059426492902314,0.03348020707834328,49.99999006944444,0.019861111111111093
144.0,0.9599999960277712,3.9176473118990276,4.151999995233326,50.0,195.88236559495138,27.114805135031304,0.05059849133680784,0.03356587308085931,49.99999,0.019999999999999983
145.0,0.9597222181944378,3.9172958446938155,4.1516666618333256,50.0,195.86479223469078,27.12855951899263,0.050602713574781105,0.03365051712706724,49.99998993055556,0.020138888888888873
146.0,0.9594444403607186,3.9169454190220208,4.151333328432862,50.0,195.84727095110105,27.142301330874943,0.05060693167285281,0.03373415188930973,49.99998986111111,0.020277777777777763
147.0,0.9591666625266136,3.9165960223157343,4.1509999950319365,50.0,195.82980111578672,27.15603057636639,0.05061114565828434,0.033816789881337087,49.999989791666664,0.020416666666666652
148.0,0.9588888846921229,3.9162476421660504,4.150666661630548,50.0,195.81238210830253,27.169747261153304,0.05061535555593831,0.033898443460306314,49.999989722222224,0.020555555555555542
149.0,0.9586111068572463,3.9159002663208673,4.150333328228696,50.0,195.79501331604337,27.18345139092048,0.050619561388504715,0.0339791248287547,49.99998965277778,0.020694444444444432
150.0,0.9583333290219839,3.915553882682741,4.149999994826381,50.0,195.77769413413705,27.197142971350956,0.050623763176705756,0.03405884603654835,49.99998958333333,0.020833333333333322
151.0,0.9580555511863357,3.9152084793067687,4.149666661423603,50.0,195.76042396533845,27.210822008126115,0.05062796093948131,0.03413761898280599,49.999989513888885,0.02097222222222221
152.0,0.9577777733503017,3.914864044398526,4.149333328020362,50.0,195.7432022199263,27.22448850692564,0.050632154694156904,0.03421545541779838,49.999989444444445,0.0211111111111111
153.0,0.9574999955138819,3.914520566312032,4.148999994616658,50.0,195.7260283156016,27.238142473427615,0.050636344456595844,0.03429236694482355,49.999989375,0.02124999999999999
154.0,0.9572222176770763,3.914178033547773,4.148666661212491,50.0,195.70890167738867,27.251783913308373,0.05064053024133701,0.0343683650220583,49.99998930555555,0.02138888888888888
155.0,0.9569444398398849,3.9138364347507375,4.148333327807862,50.0,195.69182173753688,27.265412832242646,0.050644712061719624,0.03444346096438615,49.999989236111105,0.02152777777777777
156.0,0.9566666620023077,3.913495758708504,4.1479999944027695,50.0,195.6747879354252,27.27902923590341,0.05064888992999626,0.03451766594520214,49.999989166666666,0.02166666666666666
157.0,0.9563888841643446,3.9131559943493555,4.1476666609972135,50.0,195.65779971746778,27.292633129961985,0.050653063857435204,0.03459099099819471,49.999989097222226,0.02180555555555555
158.0,0.9561111063259958,3.9128171307404296,4.147333327591195,50.0,195.64085653702148,27.306224520088108,0.05065723385441313,0.03466344701910493,49.99998902777778,0.02194444444444444
159.0,0.9558333284872612,3.9124791570858948,4.146999994184713,50.0,195.62395785429473,27.319803411949692,0.0506613999304991,0.03473504476746351,49.99998895833333,0.02208333333333333
160.0,0.9555555506481408,3.9121420627251604,4.146666660777769,50.0,195.60710313625802,27.333369811213117,0.05066556209453053,0.03480579486830567,49.99998888888889,0.02222222222222222
161.0,0.9552777728086346,3.9118058371311144,4.146333327370361,50.0,195.59029185655572,27.346923723543,0.05066972035468214,0.03487570781386435,49.99998881944445,0.02236111111111111
162.0,0.9549999949687425,3.9114704699083913,4.145999993962491,50.0,195.57352349541958,27.360465154602252,0.05067387471852829,0.034944793965241874,49.99998875,0.0225
163.0,0.9547222171284647,3.9111359507916634,4.1456666605541574,50.0,195.55679753958316,27.37399411005225,0.05067802519309949,0.03501306355406046,49.99998868055556,0.02263888888888889
164.0,0.9544444392878011,3.9108022696439586,4.145333327145361,50.0,195.54011348219794,27.387510595552556,0.050682171784933526,0.0350805266840918,49.999988611111114,0.02277777777777778
165.0,0.9541666614467517,3.910469416455007,4.144999993736102,50.0,195.52347082275034,27.40101461676113,0.05068631450012188,0.03514719333286594,49.99998854166667,0.02291666666666667
166.0,0.9538888836053164,3.9101373813396125,4.14466666032638,50.0,195.5068690669806,27.414506179334296,0.05069045334435165,0.03521307335325984,49.99998847222222,0.02305555555555556
167.0,0.9536111057634954,3.9098061545360396,4.144333326916194,50.0,195.49030772680197,27.427985288926607,0.050694588322943594,0.0352781764750657,49.99998840277778,0.023194444444444448
168.0,0.9533333279212886,3.909475726404441,4.143999993505546,50.0,195.47378632022205,27.44145195119097,0.050698719440886574,0.0353425123065395,49.999988333333334,0.023333333333333338
169.0,0.9530555500786959,3.9091460874252864,4.143666660094436,50.0,195.4573043712643,27.454906171778703,0.050702846702868745,0.035406090335929834,49.99998826388889,0.023472222222222228
170.0,0.9527777722357175,3.9088172281978313,4.143333326682861,50.0,195.44086140989157,27.4683479563393,0.05070697011330581,0.03546891993298745,49.99998819444444,0.023611111111111117
171.0,0.9524999943923532,3.9084891394385997,4.142999993270824,50.0,195.42445697192997,27.481777310520727,0.05071108967636661,0.03553101035045562,49.999988125,0.023750000000000007
172.0,0.9522222165486032,3.908161811979889,4.142666659858324,50.0,195.40809059899445,27.495194239969237,0.0507152053959963,0.03559237072554158,49.999988055555555,0.023888888888888897
173.0,0.9519444387044673,3.9078352367682987,4.142333326445361,50.0,195.39176183841494,27.508598750329327,0.05071931727593737,0.035653010081369466,49.99998798611111,0.024027777777777787
174.0,0.9516666608599457,3.90750940486327,4.141999993031935,50.0,195.3754702431635,27.5219908472439,0.05072342531974866,0.03571293732841467,49.99998791666667,0.024166666666666677
175.0,0.9513888830150382,3.907184307435661,4.141666659618046,50.0,195.35921537178305,27.535370536354208,0.05072752953082255,0.03577216126592019,49.99998784722222,0.024305555555555566
176.0,0.951111105169745,3.9068599357663256,4.141333326203694,50.0,195.34299678831627,27.548737823299746,0.05073162991240063,0.035830690583294945,49.999987777777775,0.024444444444444456
177.0,0.9508333273240659,3.9065362812447253,4.140999992788879,50.0,195.32681406223625,27.562092713718414,0.05073572646758776,0.03588853386149439,49.99998770833333,0.024583333333333346
178.0,0.950555549478001,3.906213335367547,4.1406666593736015,50.0,195.31066676837733,27.575435213246408,0.050739819199364974,0.035945699574383705,49.99998763888889,0.024722222222222236
179.0,0.9502777716315504,3.9058910897373473,4.140333325957861,50.0,195.29455448686736,27.588765327518274,0.050743908110600984,0.03600219609008368,49.99998756944444,0.024861111111111125
180.0,0.9499999937847139,3.9055695360612166,4.139999992541656,50.0,195.27847680306084,27.602083062166855,0.050747993204062744,0.036058031672299526,49.999987499999996,0.025000000000000015
181.0,0.9497222159374916,3.9052486661494554,4.13966665912499,50.0,195.26243330747278,27.615388422823287,0.050752074482424955,0.03611321448163299,49.99998743055556,0.025138888888888905
182.0,0.9494444380898835,3.904928471914267,4.13933332570786,50.0,195.24642359571337,27.628681415117114,0.050756151948278684,0.03616775257687772,49.99998736111111,0.025277777777777795
183.0,0.9491666602418897,3.9046089453684756,4.138999992290268,50.0,195.23044726842377,27.641962044676177,0.050760225604139175,0.03622165391629833,49.99998729166666,0.025416666666666685
184.0,0.94888888239351,3.904290078624254,4.1386666588722125,50.0,195.2145039312127,27.655230317126666,0.05076429545245294,0.03627492635889323,49.99998722222222,0.025555555555555574
185.0,0.9486111045447445,3.9039718638918677,4.138333325453694,50.0,195.19859319459337,27.66848623809301,0.050768361495604125,0.03632757766564151,49.99998715277778,0.025694444444444464
186.0,0.9483333266955932,3.903654293478447,4.137999992034712,50.0,195.18271467392233,27.681729813198103,0.0507724237359204,0.03637961550073402,49.99998708333334,0.025833333333333354
187.0,0.9480555488460561,3.9033373597867542,4.1376666586152675,50.0,195.1668679893377,27.694961048063078,0.050776482175678116,0.03643104743278892,49.99998701388889,0.025972222222222244
188.0,0.9477777709961333,3.903021055313988,4.13733332519536,50.0,195.1510527656994,27.70817994830736,0.050780536817107154,0.03648188093605176,49.999986944444444,0.026111111111111134
189.0,0.9474999931458246,3.9027053726505883,4.13699999177499,50.0,195.1352686325294,27.721386519548787,0.0507845876623952,0.036532123391580525,49.999986875000005,0.026250000000000023
190.0,0.9472222152951301,3.9023903044790687,4.136666658354156,50.0,195.11951522395344,27.734580767403543,0.05078863471369166,0.03658178208841555,49.99998680555556,0.026388888888888913
191.0,0.9469444374440498,3.902075843572849,4.13633332493286,50.0,195.10379217864244,27.747762697486053,0.050792677973111225,0.03663086422473474,49.99998673611111,0.026527777777777803
192.0,0.9466666595925837,3.90176198279512,4.135999991511101,50.0,195.088099139756,27.760932315409093,0.05079671744273705,0.03667937690899411,49.999986666666665,0.026666666666666693
193.0,0.9463888817407318,3.901448715097708,4.135666658088878,50.0,195.0724357548854,27.774089626783848,0.050800753124623683,0.03672732716105397,49.999986597222225,0.026805555555555582
194.0,0.9461111038884941,3.9011360335199656,4.135333324666193,50.0,195.0568016759983,27.78723463721974,0.05080478502079971,0.03677472191329084,49.99998652777778,0.026944444444444472
195.0,0.9458333260358706,3.9008239311876673,4.134999991243045,50.0,195.04119655938337,27.800367352324542,0.0508088131332701,0.03682156801169529,49.99998645833333,0.027083333333333362
196.0,0.9455555481828612,3.900512401311926,4.134666657819434,50.0,195.02562006559629,27.81348777770438,0.0508128374640184,0.03686787221695594,49.99998638888889,0.027222222222222252
197.0,0.9452777703294661,3.900201437188117,4.134333324395359,50.0,195.01007185940585,27.826595918963676,0.0508168580150087,0.036913641205529764,49.999986319444446,0.02736111111111114
198.0,0.9449999924756852,3.899891032194824,4.133999990970822,50.0,194.9945516097412,27.839691781705255,0.05082087478818739,0.03695888157069879,49.99998625,0.02750000000000003
199.0,0.9447222146215185,3.899581179792794,4.133666657545822,50.0,194.9790589896397,27.852775371530186,0.050824887785484774,0.037003599823613585,49.99998618055555,0.02763888888888892
200.0,0.944444436766966,3.899271873523901,4.133333324120359,50.0,194.96359367619505,27.865846694037884,0.050828897008816515,0.03704780239432341,49.99998611111111,0.02777777777777781
201.0,0.9441666589120277,3.8989631070101294,4.132999990694433,50.0,194.94815535050648,27.87890575482612,0.05083290246008497,0.037091495632793486,49.999986041666666,0.0279166666666667
202.0,0.9438888810567035,3.898654873952573,4.132666657268044,50.0,194.93274369762867,27.891952559491017,0.05083690414118039,0.03713468580990931,49.99998597222222,0.02805555555555559
203.0,0.9436111032009936,3.8983471681304356,4.132333323841192,50.0,194.91735840652177,27.90498711362693,0.05084090205398198,0.03717737911846833,49.99998590277778,0.02819444444444448
204.0,0.9433333253448979,3.8980399834000554,4.1319999904138776,50.0,194.90199917000277,27.918009422826685,0.05084489620035892,0.03721958167415912,49.999985833333334,0.02833333333333337
205.0,0.9430555474884164,3.897733313693934,4.131666656986099,50.0,194.8866656846967,27.931019492681344,0.0508488865821712,0.03726129951652814,49.99998576388889,0.02847222222222226
206.0,0.942777769631549,3.897427153019785,4.131333323557859,50.0,194.87135765098924,27.94401732878032,0.050852873201270486,0.0373025386099343,49.99998569444444,0.02861111111111115
207.0,0.9424999917742959,3.897121495459585,4.130999990129155,50.0,194.85607477297927,27.95700293671132,0.050856856059500806,0.03734330484449152,49.999985625,0.02875000000000004
208.0,0.942222213916657,3.8968163351686504,4.130666656699988,50.0,194.8408167584325,27.96997632206046,0.05086083515869922,0.03738360403699932,49.999985555555554,0.02888888888888893
209.0,0.9419444360586322,3.8965116663747104,4.130333323270359,50.0,194.8255833187355,27.982937490412155,0.05086481050069644,0.037423441931861694,49.99998548611111,0.02902777777777782
210.0,0.9416666582002217,3.8962074833770024,4.129999989840266,50.0,194.81037416885013,27.995886447349108,0.050868782087317335,0.03746282420199439,49.99998541666667,0.02916666666666671
211.0,0.9413888803414253,3.895903780545376,4.129666656409711,50.0,194.7951890272688,28.008823198452433,0.050872749920381474,0.03750175644972075,49.99998534722222,0.0293055555555556
212.0,0.9411111024822432,3.8956005523194057,4.129333322978692,50.0,194.78002761597028,28.021747749301483,0.05087671400170353,0.03754024420765621,49.999985277777775,0.02944444444444449
213.0,0.9408333246226752,3.8952977932075235,4.128999989547211,50.0,194.76488966037618,28.034660105474018,0.050880674333093706,0.03757829293958166,49.99998520833333,0.029583333333333378
214.0,0.9405555467627215,3.894995497786145,4.128666656115266,50.0,194.74977488930725,28.047560272546093,0.05088463091635808,0.0376159080413058,49.99998513888889,0.029722222222222268
215.0,0.9402777689023819,3.8946936606988296,4.128333322682859,50.0,194.73468303494147,28.060448256092116,0.050888583753298966,0.03765309484151655,49.99998506944445,0.029861111111111158
216.0,0.9399999910416565,3.8943922766554304,4.127999989249988,50.0,194.71961383277153,28.073324061684787,0.05089253284571519,0.03768985860262182,49.999985,0.030000000000000047
217.0,0.9397222131805454,3.894091340431271,4.127666655816655,50.0,194.70456702156355,28.08618769489516,0.05089647819540237,0.03772620452157959,49.999984930555556,0.030138888888888937
218.0,0.9394444353190484,3.893790846866318,4.127333322382858,50.0,194.6895423433159,28.099039161292694,0.050900419804153156,0.037762137730717564,49.999984861111116,0.030277777777777827
219.0,0.9391666574571657,3.893490790864378,4.126999988948599,50.0,194.67453954321888,28.111878466445035,0.050904357673757485,0.03779766329854246,49.99998479166667,0.030416666666666717
220.0,0.9388888795948971,3.893191167392296,4.126666655513876,50.0,194.65955836961479,28.12470561591823,0.050908291806002745,0.037832786230539116,49.99998472222222,0.030555555555555607
221.0,0.9386111017322427,3.8928919714791657,4.1263333220786915,50.0,194.6445985739583,28.137520615276742,0.05091222220267397,0.03786751146995952,49.999984652777776,0.030694444444444496
222.0,0.9383333238692025,3.8925931982155495,4.125999988643043,50.0,194.62965991077746,28.150323470083208,0.05091614886555401,0.037901843898601885,49.99998458333334,0.030833333333333386
223.0,0.9380555460057766,3.8922948427527113,4.125666655206932,50.0,194.61474213763557,28.163114185898735,0.0509200717964237,0.037935788337579865,49.99998451388889,0.030972222222222276
224.0,0.9377777681419648,3.891996900301856,4.125333321770358,50.0,194.5998450150928,28.175892768282665,0.05092399099706196,0.037969349548082156,49.99998444444444,0.031111111111111166
225.0,0.9374999902777672,3.891699366133376,4.124999988333321,50.0,194.5849683066688,28.18865922279275,0.05092790646924594,0.03800253223212245,49.999984375000004,0.031250000000000056
226.0,0.9372222124131838,3.8914022355761184,4.124666654895821,50.0,194.5701117788059,28.201413554985038,0.05093181821475114,0.038035341033279976,49.99998430555556,0.031388888888888945
227.0,0.9369444345482146,3.8911055040166467,4.124333321457858,50.0,194.55527520083234,28.214155770413868,0.050935726235351475,0.03806778053743069,49.99998423611111,0.031527777777777835
228.0,0.9366666566828596,3.8908091668985194,4.123999988019432,50.0,194.54045834492598,28.22688587463199,0.05093963053281943,0.03809985527346926,49.999984166666664,0.031666666666666725
229.0,0.9363888788171189,3.8905132197215804,4.123666654580543,50.0,194.52566098607903,28.239603873190447,0.05094353110892607,0.03813156971402196,49.999984097222224,0.031805555555555615
230.0,0.9361111009509923,3.8902176580412533,4.123333321141191,50.0,194.51088290206266,28.252309771638636,0.05094742796544118,0.03816292827615054,49.99998402777778,0.031944444444444504
231.0,0.9358333230844799,3.8899224774678443,4.122999987701376,50.0,194.4961238733922,28.265003575524247,0.0509513211041333,0.03819393532204732,49.99998395833333,0.032083333333333394
232.0,0.9355555452175817,3.8896276736658613,4.122666654261098,50.0,194.48138368329307,28.277685290393322,0.050955210526769774,0.03822459515972141,49.99998388888889,0.032222222222222284
233.0,0.9352777673502977,3.8893332423533282,4.122333320820357,50.0,194.4666621176664,28.290354921790254,0.050959096235116845,0.03825491204367642,49.999983819444445,0.032361111111111174
234.0,0.9349999894826279,3.8890391793011236,4.121999987379153,50.0,194.45195896505618,28.30301247525773,0.05096297823093968,0.038284890175579483,49.99998375,0.032500000000000064
235.0,0.9347222116145723,3.888745480332315,4.121666653937487,50.0,194.43727401661576,28.31565795633685,0.05096685651600243,0.03831453370492201,49.99998368055555,0.03263888888888895
236.0,0.9344444337461308,3.888452141321509,4.121333320495357,50.0,194.42260706607547,28.328291370566944,0.050970731092068254,0.03834384672967198,49.99998361111111,0.03277777777777784
237.0,0.9341666558773036,3.8881591581942043,4.120999987052764,50.0,194.4079579097102,28.340912723485758,0.05097460196089936,0.03837283329691816,49.999983541666666,0.03291666666666673
238.0,0.9338888780080906,3.8878665269261594,4.1206666536097085,50.0,194.39332634630796,28.353522020629327,0.05097846912425706,0.038401497403506075,49.99998347222222,0.03305555555555562
239.0,0.9336111001384918,3.887574243542763,4.12033332016619,50.0,194.37871217713817,28.366119267532042,0.05098233258390178,0.03842984299666607,49.99998340277777,0.03319444444444451
240.0,0.9333333222685072,3.8872823041184117,4.119999986722209,50.0,194.3641152059206,28.378704469726642,0.05098619234159311,0.03845787397463343,49.99998333333333,0.0333333333333334
241.0,0.9330555443981368,3.8869907047758994,4.119666653277764,50.0,194.34953523879497,28.391277632744163,0.05099004839908979,0.038485594187260726,49.999983263888886,0.03347222222222229
242.0,0.9327777665273805,3.8866994416858143,4.119333319832856,50.0,194.3349720842907,28.403838762113992,0.05099390075814979,0.03851300743662237,49.99998319444444,0.03361111111111118
243.0,0.9324999886562385,3.8864085110659397,4.118999986387486,50.0,194.32042555329699,28.416387863363866,0.05099774942053028,0.038540117477611706,49.999983125,0.03375000000000007
244.0,0.9322222107847107,3.8861179091806646,4.118666652941653,50.0,194.30589545903322,28.42892494201982,0.05100159438798767,0.038566928018530414,49.99998305555556,0.03388888888888896
245.0,0.931944432912797,3.8858276323404004,4.118333319495356,50.0,194.29138161702002,28.441450003606235,0.05100543566227762,0.038593442721670666,49.999982986111114,0.03402777777777785
246.0,0.9316666550404976,3.885537676901012,4.117999986048598,50.0,194.2768838450506,28.45396305364585,0.0510092732451551,0.03861966520388983,49.99998291666667,0.03416666666666674
247.0,0.9313888771678124,3.885248039263241,4.1176666526013745,50.0,194.26240196316203,28.466464097659752,0.0510131071383743,0.03864559903717804,49.99998284722223,0.03430555555555563
248.0,0.9311110992947413,3.8849587158721546,4.11733331915369,50.0,194.24793579360772,28.478953141167324,0.05101693734368876,0.038671247749218554,49.99998277777778,0.03444444444444452
249.0,0.9308333214212845,3.8846697032165842,4.116999985705541,50.0,194.23348516082922,28.491430189686298,0.05102076386285133,0.03869661482394111,49.999982708333334,0.03458333333333341
250.0,0.9305555435474419,3.8843809978285875,4.116666652256931,50.0,194.21904989142936,28.503895248732704,0.051024586697614144,0.038721703702068296,49.99998263888889,0.0347222222222223
251.0,0.9302777656732134,3.8840925962828985,4.116333318807857,50.0,194.20462981414494,28.516348323820978,0.051028405849728696,0.03874651778165509,49.99998256944445,0.03486111111111119
252.0,0.9299999877985992,3.883804495196403,4.115999985358319,50.0,194.19022475982015,28.528789420463852,0.051032221320945814,0.03877106041862156,49.9999825,0.03500000000000008
253.0,0.9297222099235991,3.8835166912276136,4.115666651908319,50.0,194.17583456138067,28.54121854417241,0.051036033113015675,0.03879533492727891,49.999982430555555,0.03513888888888897
254.0,0.9294444320482133,3.88322918107614,4.115333318457856,50.0,194.161459053807,28.553635700456084,0.0510398412276878,0.03881934458084891,49.99998236111111,0.03527777777777786
255.0,0.9291666541724416,3.882941961482188,4.11499998500693,50.0,194.14709807410938,28.56604089482255,0.05104364566671109,0.03884309261197678,49.99998229166667,0.03541666666666675
256.0,0.9288888762962841,3.882655029226044,4.114666651555541,50.0,194.1327514613022,28.578434132777943,0.05104744643183378,0.03886658221323761,49.99998222222222,0.03555555555555564
257.0,0.9286110984197409,3.8823683811275838,4.114333318103689,50.0,194.1184190563792,28.590815419826697,0.0510512435248035,0.0388898165376365,49.999982152777775,0.03569444444444453
258.0,0.9283333205428118,3.882082014045768,4.113999984651374,50.0,194.1041007022884,28.60318476147154,0.051055036947367266,0.038912798699102295,49.999982083333336,0.03583333333333342
259.0,0.928055542665497,3.8817959248781646,4.113666651198597,50.0,194.08979624390824,28.615542163213547,0.051058826701271445,0.038935531772975214,49.99998201388889,0.03597222222222231
260.0,0.9277777647877963,3.8815101105604595,4.113333317745355,50.0,194.07550552802297,28.627887630552152,0.05106261278826182,0.03895801879648832,49.99998194444444,0.0361111111111112
261.0,0.9274999869097098,3.881224568065989,4.112999984291652,50.0,194.06122840329945,28.640221168985136,0.05106639521008353,0.0389802627692429,49.999981874999996,0.03625000000000009
262.0,0.9272222090312375,3.8809392944052603,4.112666650837485,50.0,194.04696472026302,28.65254278400863,0.05107017396848113,0.03900226665367797,49.99998180555556,0.03638888888888898
263.0,0.9269444311523795,3.8806542866254987,4.112333317382856,50.0,194.03271433127495,28.66485248111701,0.05107394906519856,0.03902403337553377,49.99998173611111,0.03652777777777787
264.0,0.9266666532731356,3.880369541810182,4.111999983927762,50.0,194.0184770905091,28.677150265803107,0.051077720501979174,0.039045565824309535,49.99998166666666,0.03666666666666676
265.0,0.9263888753935059,3.8800850570785936,4.111666650472207,50.0,194.00425285392967,28.689436143557998,0.0510814882805657,0.03906686685371546,49.999981597222224,0.03680555555555565
266.0,0.9261110975134904,3.8798008295853705,4.1113333170161885,50.0,193.99004147926854,28.701710119871166,0.05108525240270027,0.03908793928211898,49.99998152777778,0.03694444444444454
267.0,0.9258333196330891,3.8795168565200693,4.110999983559707,50.0,193.97584282600346,28.71397220023033,0.051089012870124434,0.03910878589298553,49.99998145833333,0.037083333333333426
268.0,0.925555541752302,3.8792331351067255,4.110666650102763,50.0,193.96165675533626,28.726222390121677,0.051092769684579147,0.039129409435313664,49.999981388888884,0.037222222222222316
269.0,0.9252777638711291,3.878949662603427,4.110333316645355,50.0,193.94748313017135,28.73846069502963,0.05109652284780476,0.03914981262406477,49.999981319444444,0.037361111111111206
270.0,0.9249999859895705,3.878666436301889,4.1099999831874845,50.0,193.93332181509444,28.75068712043702,0.05110027236154104,0.03916999814058741,49.99998125,0.037500000000000096
271.0,0.924722208107626,3.8783834535270336,4.109666649729151,50.0,193.91917267635168,28.762901671824977,0.051104018227527165,0.039189968633036275,49.99998118055556,0.037638888888888986
272.0,0.9244444302252957,3.8781007116365793,4.109333316270355,50.0,193.90503558182897,28.775104354672976,0.05110776044750172,0.03920972671678594,49.99998111111111,0.037777777777777875
273.0,0.9241666523425796,3.877818208020628,4.1089999828110955,50.0,193.8909104010314,28.787295174458848,0.051111499023202694,0.0392292749748394,49.99998104166667,0.037916666666666765
274.0,0.9238888744594776,3.8775359401012657,4.108666649351373,50.0,193.87679700506328,28.799474136658716,0.051115233956367516,0.03924861595823145,49.999980972222225,0.038055555555555655
275.0,0.9236110965759899,3.8772539053321617,4.108333315891188,50.0,193.86269526660809,28.811641246747058,0.051118965248733,0.03926775218642707,49.99998090277778,0.038194444444444545
276.0,0.9233333186921164,3.8769721011981773,4.10799998243054,50.0,193.84860505990886,28.8237965101967,0.05112269290203539,0.03928668614771477,49.99998083333333,0.038333333333333434
277.0,0.9230555408078571,3.876690525214973,4.1076666489694285,50.0,193.83452626074865,28.83593993247888,0.05112641691801033,0.039305420299595,49.99998076388889,0.038472222222222324
278.0,0.922777762923212,3.8764091749286305,4.107333315507854,50.0,193.8204587464315,28.848071519063012,0.05113013729839291,0.039323957069163695,49.999980694444446,0.038611111111111214
279.0,0.9224999850381811,3.8761280479152727,4.106999982045817,50.0,193.80640239576363,28.86019127541698,0.051133854044917604,0.03934229885349103,49.999980625,0.038750000000000104
280.0,0.9222222071527644,3.875847141780685,4.106666648583317,50.0,193.79235708903423,28.872299207007018,0.05113756715931832,0.0393604480199954,49.99998055555556,0.038888888888888994
281.0,0.9219444292669619,3.875566454159951,4.106333315120354,50.0,193.77832270799755,28.884395319297596,0.05114127664332838,0.03937840690681269,49.99998048611111,0.03902777777777788
282.0,0.9216666513807735,3.875285982717088,4.105999981656928,50.0,193.7642991358544,28.896479617751538,0.05114498249868054,0.039396177823160995,49.999980416666666,0.03916666666666677
283.0,0.9213888734941994,3.8750057251446828,4.105666648193039,50.0,193.75028625723414,28.908552107830076,0.05114868472710695,0.039413763049700665,49.99998034722222,0.03930555555555566
284.0,0.9211110956072395,3.87472567916354,4.1053333147286875,50.0,193.73628395817698,28.920612794992792,0.05115238333033919,0.039431164838889914,49.99998027777778,0.03944444444444455
285.0,0.9208333177198937,3.874445842522327,4.104999981263872,50.0,193.72229212611637,28.932661684697507,0.051156078310108266,0.03944838541533594,49.999980208333334,0.03958333333333344
286.0,0.9205555398321622,3.8741662129972343,4.104666647798595,50.0,193.70831064986172,28.94469878240045,0.05115976966814458,0.039465426976141645,49.99998013888889,0.03972222222222233
287.0,0.9202777619440449,3.873886788391623,4.1043333143328535,50.0,193.69433941958113,28.956724093556204,0.05116345740617799,0.039482291691248006,49.99998006944445,0.03986111111111122
288.0,0.9199999840555417,3.8736075665356973,4.10399998086665,50.0,193.68037832678488,28.9687376236177,0.051167141525937744,0.03949898170377217,49.99998,0.04000000000000011
289.0,0.9197222061666528,3.873328545286161,4.103666647399983,50.0,193.66642726430806,28.980739378036105,0.051170822029152525,0.0395154991303413,49.999979930555554,0.040138888888889
290.0,0.919444428277378,3.873049722525897,4.103333313932854,50.0,193.65248612629483,28.992729362261002,0.05117449891755044,0.03953184606142226,49.99997986111111,0.04027777777777789
291.0,0.9191666503877175,3.872771096163632,4.1029999804652615,50.0,193.6385548081816,29.004707581740377,0.05117817219285899,0.03954802456164712,49.99997979166667,0.04041666666666678
292.0,0.9188888724976711,3.8724926641336235,4.102666646997205,50.0,193.62463320668118,29.016674041920396,0.051181841856805126,0.039564036670134646,49.99997972222222,0.04055555555555567
293.0,0.918611094607239,3.8722144243953402,4.102333313528687,50.0,193.61072121976702,29.02862874824575,0.051185507911115216,0.03957988440080772,49.999979652777775,0.04069444444444456
294.0,0.918333316716421,3.871936374933143,4.101999980059706,50.0,193.59681874665716,29.040571706159312,0.051189170357515044,0.0395955697427068,49.99997958333333,0.04083333333333345
295.0,0.9180555388252173,3.8716585137559836,4.101666646590261,50.0,193.5829256877992,29.052502921102416,0.051192829197729814,0.03961109466029946,49.99997951388889,0.04097222222222234
296.0,0.9177777609336277,3.8713808388970934,4.101333313120353,50.0,193.56904194485466,29.064422398514637,0.051196484433484145,0.039626461093786015,49.99997944444444,0.04111111111111123
297.0,0.9174999830416524,3.8711033484136843,4.100999979649983,50.0,193.55516742068423,29.076330143833957,0.05120013606650209,0.039641670959401375,49.999979374999995,0.04125000000000012
298.0,0.9172222051492912,3.870826040386649,4.10066664617915,50.0,193.54130201933245,29.088226162496653,0.05120378409850712,0.039656726149713106,49.999979305555556,0.04138888888888901
299.0,0.9169444272565442,3.8705489129202664,4.100333312707853,50.0,193.52744564601332,29.10011045993741,0.05120742853122212,0.03967162853391571,49.99997923611111,0.0415277777777779
300.0,0.9166666493634115,3.870271964141914,4.0999999792360935,50.0,193.5135982070957,29.111983041589156,0.05121106936636941,0.039686379958121305,49.99997916666667,0.04166666666666679
301.0,0.9163888714698929,3.869995192201779,4.099666645763872,50.0,193.49975961008894,29.123843912883274,0.05121470660567072,0.03970098224564657,49.99997909722222,0.04180555555555568
302.0,0.9161110935759885,3.8697185952725714,4.099333312291186,50.0,193.48592976362858,29.135693079249393,0.05121834025084721,0.03971543719729619,49.99997902777778,0.04194444444444457
303.0,0.9158333156816983,3.8694421715492506,4.098999978818038,50.0,193.47210857746254,29.147530546115547,0.05122197030361946,0.0397297465916427,49.99997895833334,0.04208333333333346
304.0,0.9155555377870224,3.8691659192487444,4.0986666453444265,50.0,193.45829596243723,29.159356318908067,0.05122559676570747,0.039743912185302835,49.99997888888889,0.04222222222222235
305.0,0.9152777598919606,3.86888983660968,4.098333311870353,50.0,193.444491830484,29.17117040305169,0.051229219638830654,0.03975793571321042,49.99997881944444,0.04236111111111124
306.0,0.914999981996513,3.8686139218921087,4.097999978395816,50.0,193.43069609460542,29.182972803969392,0.05123283892470787,0.03977181888888588,49.999978750000004,0.04250000000000013
307.0,0.9147222041006796,3.8683381733772446,4.097666644920816,50.0,193.41690866886222,29.194763527082614,0.051236454625057375,0.03978556340470232,49.99997868055556,0.04263888888888902
308.0,0.9144444262044604,3.868062589367202,4.097333311445353,50.0,193.40312946836008,29.206542577811035,0.05124006674159686,0.03979917093214833,49.99997861111111,0.04277777777777791
309.0,0.9141666483078554,3.86778716818473,4.096999977969427,50.0,193.3893584092365,29.218309961572743,0.05124367527604344,0.03981264312208747,49.999978541666664,0.0429166666666668
310.0,0.9138888704108646,3.867511908172966,4.0966666444930375,50.0,193.3755954086483,29.23006568378412,0.05124728023011365,0.039825981605014514,49.999978472222224,0.04305555555555569
311.0,0.913611092513488,3.8672368076951753,4.096333311016186,50.0,193.36184038475878,29.241809749859897,0.051250881605523435,0.03983918799130852,49.99997840277778,0.04319444444444458
312.0,0.9133333146157256,3.8669618651345004,4.095999977538871,50.0,193.348093256725,29.25354216521316,0.051254479403988175,0.039852263871482684,49.99997833333333,0.04333333333333347
313.0,0.9130555367175774,3.8666870788937198,4.095666644061093,50.0,193.334353944686,29.265262935255407,0.05125807362722268,0.03986521081643111,49.99997826388889,0.043472222222222356
314.0,0.9127777588190434,3.8664124473950006,4.095333310582852,50.0,193.32062236975003,29.276972065396365,0.05126166427694116,0.039878030377672485,49.999978194444445,0.043611111111111246
315.0,0.9124999809201236,3.8661379690796607,4.094999977104148,50.0,193.30689845398302,29.288669561044117,0.051265251354857266,0.03989072408759069,49.999978125,0.043750000000000136
316.0,0.912222203020818,3.865863642407925,4.094666643624982,50.0,193.29318212039627,29.300355427605155,0.05126883486268407,0.039903293459672425,49.99997805555555,0.043888888888889026
317.0,0.9119444251211266,3.8655894658586982,4.094333310145352,50.0,193.2794732929349,29.31202967048432,0.05127241480213405,0.03991573998874187,49.99997798611111,0.044027777777777916
318.0,0.9116666472210494,3.8653154379293304,4.093999976665259,50.0,193.26577189646653,29.323692295084754,0.05127599117491912,0.039928065151192384,49.999977916666666,0.044166666666666805
319.0,0.9113888693205864,3.8650415571353847,4.0936666431847035,50.0,193.25207785676923,29.335343306807886,0.05127956398275062,0.03994027040521531,49.99997784722222,0.044305555555555695
320.0,0.9111110914197376,3.8647678220104176,4.093333309703685,50.0,193.2383911005209,29.346982711053613,0.051283133227339295,0.03995235719102598,49.99997777777778,0.044444444444444585
321.0,0.9108333135185029,3.8644942311057493,4.092999976222203,50.0,193.22471155528746,29.35861051322007,0.051286698910395334,0.039964326931086785,49.99997770833333,0.044583333333333475
322.0,0.9105555356168825,3.8642207829902504,4.092666642740259,50.0,193.21103914951252,29.370226718703805,0.05129026103362833,0.0399761810303276,49.999977638888886,0.044722222222222364
323.0,0.9102777577148763,3.863947476250117,4.092333309257851,50.0,193.19737381250584,29.381831332899708,0.05129381959874732,0.03998792087636332,49.99997756944444,0.044861111111111254
324.0,0.9099999798124843,3.863674309488662,4.091999975774981,50.0,193.1837154744331,29.39342436120097,0.05129737460746073,0.03999954783970876,49.9999775,0.045000000000000144
325.0,0.9097222019097064,3.8634012813260967,4.0916666422916474,50.0,193.17006406630483,29.405005808999135,0.05130092606147644,0.04001106327399084,49.99997743055555,0.045138888888889034
326.0,0.9094444240065428,3.8631283903993294,4.091333308807852,50.0,193.15641951996648,29.41657568168415,0.051304473962501734,0.040022468516158156,49.99997736111111,0.045277777777777924
327.0,0.9091666461029934,3.862855635361749,4.090999975323592,50.0,193.14278176808745,29.428133984644205,0.051308018312243325,0.04003376488668786,49.99997729166667,0.04541666666666681
328.0,0.9088888681990581,3.862583014883031,4.09066664183887,50.0,193.12915074415156,29.439680723265894,0.051311559112407354,0.040044953689790046,49.99997722222223,0.0455555555555557
329.0,0.9086110902947371,3.862310527648925,4.090333308353684,50.0,193.11552638244623,29.451215902934166,0.05131509636469938,0.04005603621360951,49.99997715277778,0.04569444444444459
330.0,0.9083333123900302,3.8620381723610646,4.089999974868037,50.0,193.10190861805324,29.46273952903232,0.05131863007082438,0.04006701373042503,49.999977083333334,0.04583333333333348
331.0,0.9080555344849376,3.8617659477367625,4.089666641381926,50.0,193.08829738683812,29.474251606941948,0.05132216023248675,0.040077887496846175,49.99997701388889,0.04597222222222237
332.0,0.9077777565794591,3.8614938525088234,4.089333307895351,50.0,193.07469262544117,29.485752142042998,0.05132568685139033,0.040088658754007585,49.99997694444445,0.04611111111111126
333.0,0.9074999786735949,3.8612218854253495,4.088999974408314,50.0,193.06109427126748,29.49724113971382,0.051329209929238354,0.04009932872776091,49.999976875,0.04625000000000015
334.0,0.9072222007673448,3.860950045249548,4.088666640920814,50.0,193.0475022624774,29.50871860533107,0.05133272946773349,0.04010989862886431,49.999976805555555,0.04638888888888904
335.0,0.906944422860709,3.8606783307595482,4.088333307432851,50.0,193.0339165379774,29.520184544269796,0.051336245468577846,0.040120369653169584,49.999976736111115,0.04652777777777793
336.0,0.9066666449536873,3.860406740748214,4.087999973944425,50.0,193.0203370374107,29.531638961903298,0.05133975793347292,0.04013074298180699,49.99997666666667,0.04666666666666682
337.0,0.9063888670462799,3.860135274022964,4.087666640455536,50.0,193.0067637011482,29.543081863603277,0.051343266864119656,0.04014101978136772,49.99997659722222,0.04680555555555571
338.0,0.9061110891384866,3.859863929405587,4.087333306966184,50.0,192.99319647027934,29.55451325473979,0.05134677226221841,0.040151201204084164,49.999976527777775,0.0469444444444446
339.0,0.9058333112303075,3.859592705732068,4.086999973476369,50.0,192.9796352866034,29.56593314068118,0.05135027412946898,0.04016128838800785,49.999976458333336,0.04708333333333349
340.0,0.9055555333217427,3.859321601852412,4.086666639986091,50.0,192.9660800926206,29.57734152679427,0.05135377246757055,0.04017128245718522,49.99997638888889,0.04722222222222238
341.0,0.905277755412792,3.8590506166304683,4.086333306495351,50.0,192.9525308315234,29.588738418444052,0.051357267278221756,0.040181184521831184,49.99997631944444,0.04736111111111127
342.0,0.9049999775034555,3.8587797489437596,4.085999973004147,50.0,192.93898744718797,29.600123820993986,0.051360758563120654,0.040190995678500506,49.99997625,0.04750000000000016
343.0,0.9047221995937332,3.8585089976833156,4.08566663951248,50.0,192.92544988416577,29.611497739805884,0.05136424632396471,0.04020071701025709,49.99997618055556,0.04763888888888905
344.0,0.9044444216836252,3.858238361753501,4.08533330602035,50.0,192.91191808767505,29.622860180239854,0.05136773056245082,0.04021034958684111,49.99997611111111,0.04777777777777794
345.0,0.9041666437731313,3.8579678400718573,4.084999972527758,50.0,192.89839200359287,29.634211147654355,0.05137121128027531,0.04021989446483408,49.99997604166666,0.04791666666666683
346.0,0.9038888658622516,3.8576974315689307,4.084666639034702,50.0,192.88487157844654,29.645550647406196,0.051374688479133915,0.040229352687821865,49.999975972222224,0.04805555555555572
347.0,0.9036110879509861,3.8574271351881184,4.0843333055411835,50.0,192.87135675940593,29.65687868485054,0.05137816216072179,0.04023872528655564,49.99997590277778,0.04819444444444461
348.0,0.9033333100393348,3.8571569498855083,4.083999972047202,50.0,192.8578474942754,29.66819526534084,0.05138163232673353,0.04024801327911091,49.99997583333333,0.0483333333333335
349.0,0.9030555321272977,3.856886874629718,4.083666638552757,50.0,192.84434373148588,29.679500394229024,0.05138509897886315,0.0402572176710444,49.99997576388889,0.04847222222222239
350.0,0.9027777542148748,3.8566169084017448,4.08333330505785,50.0,192.83084542008723,29.690794076865302,0.05138856211880406,0.04026633945554919,49.999975694444444,0.04861111111111128
351.0,0.9024999763020661,3.856347050194812,4.082999971562479,50.0,192.8173525097406,29.702076318598188,0.05139202174824913,0.04027537961360775,49.999975625,0.04875000000000017
352.0,0.9022221983888716,3.856077299014214,4.082666638066646,50.0,192.8038649507107,29.7133471247746,0.05139547786889063,0.040284339114143135,49.99997555555555,0.04888888888888906
353.0,0.9019444204752913,3.855807653877167,4.08233330457035,50.0,192.79038269385836,29.72460650073981,0.05139893048242026,0.04029321891416833,49.99997548611111,0.04902777777777795
354.0,0.9016666425613252,3.855538113812669,4.08199997107359,50.0,192.77690569063347,29.735854451837383,0.05140237959052914,0.040302019958933635,49.999975416666665,0.04916666666666684
355.0,0.9013888646469733,3.8552686778613467,4.081666637576368,50.0,192.76343389306734,29.747090983409237,0.051405825194907814,0.04031074318207234,49.99997534722222,0.04930555555555573
356.0,0.9011110867322356,3.8549993450753126,4.081333304078683,50.0,192.74996725376562,29.758316100795696,0.05140926729724625,0.040319389505744464,49.99997527777778,0.04944444444444462
357.0,0.9008333088171121,3.854730114518025,4.080999970580534,50.0,192.73650572590125,29.76952980933538,0.05141270589923384,0.04032795984077879,49.99997520833334,0.04958333333333351
358.0,0.9005555309016028,3.8544609852641476,4.080666637081923,50.0,192.72304926320737,29.78073211436532,0.05141614100255941,0.0403364550868131,49.99997513888889,0.0497222222222224
359.0,0.9002777529857077,3.8541919563994123,4.080333303582849,50.0,192.7095978199706,29.79192302122084,0.05141957260891117,0.040344876132432636,49.999975069444446,0.049861111111111286
360.0,0.8999999750694267,3.8539230295135347,4.07999997257637,50.0,192.69615147567674,29.80310253523561,0.05142300071997679,0.040353223855306895,49.999975,0.050000000000000176
361.0,0.89972219715276,3.8536819726584115,4.079694416868036,50.0,192.68409863292058,29.81427066198296,0.05142642533744335,0.04036149912232469,49.99997493055556,0.050138888888889066
362.0,0.8994444192357075,3.853397993524916,4.079388861159278,50.0,192.6698996762458,29.825430095542515,0.05142984646300413,0.04036970278972811,49.99997486111111,0.050277777777777956
363.0,0.8991666413182692,3.8531141024955007,4.079083305450096,50.0,192.65570512477504,29.836580840190436,0.051433264173840636,0.04037783571013321,49.999974791666666,0.050416666666666846
364.0,0.898888863400445,3.8528302986467713,4.07877774974049,50.0,192.64151493233857,29.84772290020095,0.051436678540099486,0.04038589872568581,49.99997472222223,0.050555555555555735
365.0,0.8986110854822351,3.852546581072064,4.078472194030459,50.0,192.6273290536032,29.85885627984652,0.051440089625545346,0.040393892668190955,49.99997465277778,0.050694444444444625
366.0,0.8983333075636394,3.8522629488807234,4.0781666383200035,50.0,192.61314744403617,29.869980983397795,0.05144349748815324,0.04040181835924072,49.999974583333334,0.050833333333333515
367.0,0.8980555296446578,3.8519794011974398,4.0778610826091235,50.0,192.598970059872,29.881097015123544,0.05144690218064579,0.04040967661034046,49.99997451388889,0.050972222222222405
368.0,0.8977777517252905,3.851695937161638,4.07755552689782,50.0,192.5847968580819,29.892204379290717,0.051450303750980655,0.04041746822303349,49.99997444444445,0.051111111111111295
369.0,0.8974999738055374,3.851412555926908,4.077249971186091,50.0,192.5706277963454,29.903303080164505,0.0514537022427926,0.04042519398902419,49.999974375,0.051250000000000184
370.0,0.8972221958853984,3.8511292566604887,4.076944415473938,50.0,192.55646283302443,29.914393122008164,0.051457097695794624,0.040432854690299565,49.999974305555554,0.051388888888889074
371.0,0.8969444179648737,3.8508460385427776,4.076638859761361,50.0,192.54230192713888,29.925474509083188,0.05146049014614174,0.04044045109924937,49.999974236111115,0.051527777777777964
372.0,0.8966666400439631,3.850562900766888,4.07633330404836,50.0,192.52814503834438,29.93654724564925,0.05146387962676108,0.04044798397878465,49.99997416666667,0.051666666666666854
373.0,0.8963888621226668,3.8502798425382254,4.076027748334933,50.0,192.51399212691126,29.947611335964154,0.05146726616765125,0.04045545408245489,49.99997409722222,0.05180555555555574
374.0,0.8961110842009846,3.8499968630741086,4.075722192621083,50.0,192.49984315370543,29.958666784283935,0.051470649796154004,0.04046286215456362,49.999974027777775,0.05194444444444463
375.0,0.8958333062789167,3.849713961603402,4.075416636906809,50.0,192.4856980801701,29.969713594862753,0.051474030537200594,0.04047020893028268,49.999973958333335,0.05208333333333352
376.0,0.8955555283564629,3.8494311373661847,4.07511108119211,50.0,192.47155686830922,29.980751771952953,0.05147740841353534,0.04047749513576497,49.99997388888889,0.05222222222222241
377.0,0.8952777504336233,3.8491483896134304,4.074805525476986,50.0,192.45741948067152,29.991781319805114,0.05148078344591839,0.040484721488255895,49.99997381944444,0.0523611111111113
378.0,0.894999972510398,3.8488657176067207,4.074499969761438,50.0,192.44328588033602,30.00280224266794,0.05148415565330968,0.040491888696203335,49.999973749999995,0.05250000000000019
379.0,0.8947221945867868,3.8485831206179624,4.074194414045466,50.0,192.42915603089813,30.01381454478826,0.051487525053035874,0.0404989974593663,49.999973680555556,0.05263888888888908
380.0,0.8944444166627898,3.8483005979291325,4.073888858329068,50.0,192.41502989645662,30.0248182304112,0.0514908916609417,0.04050604846892224,49.99997361111111,0.05277777777777797
381.0,0.8941666387384071,3.848018148832038,4.073583302612247,50.0,192.4009074416019,30.035813303780003,0.05149425549152737,0.04051304240757299,49.99997354166666,0.05291666666666686
382.0,0.8938888608136385,3.847735772628078,4.073277746895003,50.0,192.3867886314039,30.0467997691361,0.05149761655807314,0.04051997994964944,49.99997347222222,0.05305555555555575
383.0,0.8936110828884841,3.8474534686280353,4.072972191177333,50.0,192.37267343140175,30.0577776307191,0.051500974872752396,0.04052686176121486,49.999973402777776,0.05319444444444464
384.0,0.8933333049629439,3.8471712361518664,4.072666635459238,50.0,192.35856180759333,30.068746892766853,0.0515043304467342,0.040533688500166955,49.99997333333333,0.05333333333333353
385.0,0.893055527037018,3.846889074528515,4.07236107974072,50.0,192.34445372642574,30.07970755951527,0.051507683290276336,0.0405404608163387,49.99997326388889,0.05347222222222242
386.0,0.8927777491107062,3.8466069830957177,4.072055524021777,50.0,192.3303491547859,30.090659635198506,0.05151103341280975,0.04054717935159784,49.99997319444445,0.05361111111111131
387.0,0.8924999711840086,3.8463249611998376,4.071749968302409,50.0,192.3162480599919,30.10160312404895,0.0515143808230151,0.04055384473994523,49.999973125000004,0.0537500000000002
388.0,0.8922221932569252,3.8460430081956924,4.0714444125826175,50.0,192.30215040978462,30.11253803029706,0.05151772552889228,0.0405604576076119,49.99997305555556,0.05388888888888909
389.0,0.891944415329456,3.8457611234464015,4.071138856862402,50.0,192.28805617232007,30.123464358171645,0.05152106753782341,0.040567018573154964,49.99997298611111,0.05402777777777798
390.0,0.891666637401601,3.845479306323225,4.070833301141761,50.0,192.27396531616125,30.134382111899527,0.05152440685663008,0.04057352824755229,49.99997291666667,0.05416666666666687
391.0,0.8913888594733602,3.845197556205429,4.070527745420696,50.0,192.25987781027146,30.145291295705817,0.051527743491625214,0.04057998723429603,49.999972847222224,0.05430555555555576
392.0,0.8911110815447336,3.8449158724801378,4.070222189699207,50.0,192.2457936240069,30.156191913813814,0.051531077448660145,0.040586396129484975,49.99997277777778,0.05444444444444465
393.0,0.8908333036157212,3.844634254542202,4.069916633977293,50.0,192.2317127271101,30.167083970444935,0.05153440873316735,0.04059275552191575,49.99997270833333,0.05458333333333354
394.0,0.890555525686323,3.8443527017940746,4.0696110782549555,50.0,192.21763508970372,30.177967469818896,0.05153773735019917,0.04059906599317292,49.99997263888889,0.05472222222222243
395.0,0.890277747756539,3.8440712136456776,4.069305522532193,50.0,192.2035606822839,30.188842416153477,0.051541063304463,0.04060532811771794,49.999972569444445,0.05486111111111132
396.0,0.8899999698263692,3.8437897895142923,4.068999966809006,50.0,192.18948947571462,30.199708813664756,0.05154438660035318,0.040611542462977,49.9999725,0.05500000000000021
397.0,0.8897221918958136,3.8435084288244363,4.068694411085395,50.0,192.17542144122183,30.210566666566933,0.05154770724197995,0.04061770958942779,49.99997243055556,0.0551388888888891
398.0,0.8894444139648722,3.8432271310077537,4.068388855361359,50.0,192.1613565503877,30.22141597907239,0.051551025233195664,0.04062383005068525,49.99997236111111,0.05527777777777799
399.0,0.889166636033545,3.8429458955029094,4.0680832996369,50.0,192.14729477514547,30.232256755391745,0.051554340577618686,0.0406299043935861,49.999972291666666,0.05541666666666688
400.0,0.8888888581018319,3.842664721755479,4.067777743912015,50.0,192.13323608777395,30.243088999733857,0.05155765327865496,0.04063593315827251,49.99997222222222,0.05555555555555577
401.0,0.8886110801697331,3.8423836092178507,4.067472188186707,50.0,192.11918046089252,30.25391271630565,0.05156096333951765,0.040641916878274585,49.99997215277778,0.05569444444444466
402.0,0.8883333022372485,3.8421025573491234,4.067166632460974,50.0,192.10512786745616,30.26472790931234,0.05156427076324492,0.04064785608059189,49.99997208333333,0.05583333333333355
403.0,0.8880555243043781,3.841821565615012,4.066861076734816,50.0,192.0910782807506,30.275534582957278,0.05156757555271611,0.04065375128577399,49.999972013888886,0.05597222222222244
404.0,0.8877777463711218,3.8415406334877513,4.066555521008234,50.0,192.07703167438757,30.28633274144204,0.051570877710666346,0.04065960300799992,49.99997194444445,0.05611111111111133
405.0,0.8874999684374798,3.8412597604460066,4.066249965281228,50.0,192.06298802230032,30.297122388966443,0.05157417723969988,0.04066541175515675,49.999971875,0.056250000000000216
406.0,0.887222190503452,3.84097894597478,4.065944409553797,50.0,192.048947298739,30.307903529728435,0.05157747414230211,0.040671178028917086,49.99997180555555,0.056388888888889106
407.0,0.8869444125690383,3.84069818956533,4.065638853825942,50.0,192.03490947826648,30.31867616792414,0.05158076842085058,0.0406769023248157,49.99997173611111,0.056527777777777996
408.0,0.8866666346342389,3.8404174907150765,4.065333298097663,50.0,192.02087453575382,30.329440307747973,0.05158406007762486,0.04068258513232515,49.99997166666667,0.056666666666666886
409.0,0.8863888566990537,3.840136848927525,4.065027742368959,50.0,192.00684244637625,30.34019595339248,0.05158734911481557,0.04068822693493048,49.99997159722222,0.056805555555555776
410.0,0.8861110787634826,3.8398562637121825,4.064722186639831,50.0,191.99281318560912,30.350943109048444,0.05159063553453259,0.04069382821020301,49.999971527777774,0.056944444444444665
411.0,0.8858333008275258,3.839575734584472,4.064416630910278,50.0,191.9787867292236,30.361681778904824,0.05159391933881243,0.040699389429873174,49.999971458333334,0.057083333333333555
412.0,0.8855555228911831,3.8392952610656637,4.064111075180302,50.0,191.96476305328318,30.372411967148764,0.05159720052962502,0.04070491105990252,49.99997138888889,0.057222222222222445
413.0,0.8852777449544547,3.839014842682788,4.0638055194499,50.0,191.9507421341394,30.38313367796559,0.051600479108879764,0.04071039356055472,49.99997131944444,0.057361111111111335
414.0,0.8849999670173404,3.838734478968567,4.0634999637190745,50.0,191.93672394842835,30.393846915538916,0.05160375507843112,0.040715837386465815,49.99997125,0.057500000000000225
415.0,0.8847221890798403,3.8384541694613348,4.063194407987824,50.0,191.92270847306673,30.40455168405049,0.051607028440083594,0.040721242986713486,49.999971180555555,0.057638888888889114
416.0,0.8844444111419545,3.83817391370497,4.06288885225615,50.0,191.90869568524852,30.415247987680345,0.051610299195596364,0.04072661080488553,49.999971111111115,0.057777777777778004
417.0,0.8841666332036828,3.837893711248818,4.062583296524052,50.0,191.89468556244088,30.42593583060659,0.051613567346687365,0.040731941279147484,49.99997104166667,0.057916666666666894
418.0,0.8838888552650254,3.8376135616476237,4.062277740791528,50.0,191.8806780823812,30.436615217005624,0.051616832895037074,0.04073723484230937,49.99997097222222,0.058055555555555784
419.0,0.8836110773259821,3.837333464461463,4.06197218505858,50.0,191.86667322307315,30.447286151052026,0.05162009584229193,0.04074249192189167,49.99997090277778,0.05819444444444467
420.0,0.883333299386553,3.837053419255674,4.061666629325209,50.0,191.8526709627837,30.457948636918616,0.05162335619006739,0.04074771294019043,49.999970833333336,0.05833333333333356
421.0,0.8830555214467382,3.8367734256007857,4.061361073591412,50.0,191.83867128003928,30.468602678776392,0.051626613939950786,0.0407528983143416,49.99997076388889,0.05847222222222245
422.0,0.8827777435065375,3.8364934830724593,4.061055517857191,50.0,191.82467415362296,30.479248280794536,0.05162986909350383,0.04075804845638454,49.99997069444444,0.05861111111111134
423.0,0.882499965565951,3.8362135912514175,4.0607499621225465,50.0,191.81067956257087,30.489885447140523,0.051633121652264975,0.04076316377332479,49.999970625,0.05875000000000023
424.0,0.8822221876249787,3.8359337497233814,4.060444406387477,50.0,191.79668748616908,30.500514181979895,0.05163637161775147,0.04076824466719602,49.99997055555556,0.05888888888888912
425.0,0.8819444096836206,3.83565395807901,4.060138850651983,50.0,191.7826979039505,30.511134489476547,0.05163961899146128,0.0407732915351212,49.99997048611111,0.05902777777777801
426.0,0.8816666317418768,3.835374215913835,4.059833294916064,50.0,191.76871079569176,30.521746373792496,0.05164286377487482,0.04077830476937307,49.99997041666667,0.0591666666666669
427.0,0.8813888537997471,3.8350945228282027,4.059527739179722,50.0,191.75472614141015,30.532349839088,0.05164610596945653,0.04078328475743382,49.999970347222224,0.05930555555555579
428.0,0.8811110758572316,3.834814878427209,4.059222183442955,50.0,191.74074392136043,30.54294488952155,0.051649345576656264,0.04078823188205405,49.99997027777778,0.05944444444444468
429.0,0.8808332979143303,3.834535282320643,4.058916627705764,50.0,191.72676411603214,30.553531529249824,0.05165258259791062,0.04079314652131096,49.99997020833333,0.05958333333333357
430.0,0.8805555199710432,3.83425573412293,4.058611071968148,50.0,191.71278670614652,30.564109762427677,0.05165581703464411,0.040798029048665904,49.99997013888889,0.05972222222222246
431.0,0.8802777420273703,3.833976233453069,4.058305516230107,50.0,191.69881167265345,30.57467959320826,0.05165904888827018,0.040802879833021125,49.999970069444444,0.05986111111111135
432.0,0.8799999640833116,3.833696779934582,4.057999960491643,50.0,191.6848389967291,30.585241025742846,0.05166227816019224,0.04080769923877588,49.99997,0.06000000000000024
433.0,0.8797221861388671,3.8334173731954473,4.057694404752754,50.0,191.67086865977237,30.595794064181007,0.0516655048518045,0.040812487625881806,49.99996993055555,0.06013888888888913
434.0,0.8794444081940368,3.8331380128680586,4.05738884901344,50.0,191.65690064340293,30.606338712670492,0.051668728964492754,0.040817245349897655,49.99996986111111,0.06027777777777802
435.0,0.8791666302488207,3.832858698589156,4.057083293273703,50.0,191.6429349294578,30.616874975357234,0.05167195049963514,0.04082197276204331,49.999969791666665,0.06041666666666691
436.0,0.8788888523032188,3.8325794299997815,4.05677773753354,50.0,191.62897149998906,30.62740285638546,0.051675169458602774,0.04082667020925314,49.99996972222222,0.0605555555555558
437.0,0.8786110743572311,3.8323002067452214,4.056472181792954,50.0,191.61501033726108,30.637922359897516,0.05167838584276034,0.04083133803422872,49.99996965277778,0.06069444444444469
438.0,0.8783332964108576,3.8320210284749554,4.056166626051944,50.0,191.60105142374778,30.648433490034108,0.05168159965346664,0.040835976575490866,49.99996958333333,0.06083333333333358
439.0,0.8780555184640982,3.8317418948426014,4.055861070310508,50.0,191.58709474213006,30.658936250934005,0.051684810892075064,0.04084058616743106,49.999969513888885,0.06097222222222247
440.0,0.8777777405169531,3.8314628055058715,4.055555514568648,50.0,191.57314027529358,30.66943064673427,0.05168801955993407,0.040845167140362196,49.99996944444444,0.06111111111111136
441.0,0.8774999625694222,3.8311837601265144,4.055249958826365,50.0,191.5591880063257,30.679916681570205,0.051691225658387574,0.04084971982056875,49.999969375,0.06125000000000025
442.0,0.8772221846215055,3.8309047583702656,4.054944403083656,50.0,191.54523791851327,30.690394359575293,0.05169442918877527,0.04085424453035629,49.99996930555556,0.06138888888888914
443.0,0.876944406673203,3.830625799906805,4.054638847340524,50.0,191.53128999534027,30.700863684881256,0.05169763015243304,0.040858741588100385,49.99996923611111,0.06152777777777803
444.0,0.8766666287245146,3.830346884409701,4.054333291596966,50.0,191.51734422048506,30.711324661617994,0.0517008285506932,0.04086321130829491,49.999969166666666,0.06166666666666692
445.0,0.8763888507754405,3.830068011556367,4.054027735852984,50.0,191.50340057781833,30.721777293913703,0.051704024384884785,0.040867654001599765,49.99996909722223,0.06180555555555581
446.0,0.8761110728259806,3.8297891810280107,4.053722180108578,50.0,191.48945905140053,30.73222158589482,0.05170721765633381,0.04087206997488801,49.99996902777778,0.0619444444444447
447.0,0.8758332948761348,3.829510392509591,4.053416624363749,50.0,191.47551962547956,30.7426575416859,0.05171040836636351,0.040876459531292354,49.99996895833333,0.06208333333333359
448.0,0.8755555169259033,3.8292316456897666,4.0531110686184935,50.0,191.46158228448832,30.7530851654098,0.05171359651629448,0.04088082297025116,49.99996888888889,0.06222222222222248
449.0,0.8752777389752859,3.8289529402608578,4.052805512872815,50.0,191.44764701304288,30.76350446118755,0.05171678210744493,0.04088516058755382,49.99996881944445,0.06236111111111137
450.0,0.8749999610242828,3.828674275918794,4.052499957126711,50.0,191.4337137959397,30.773915433138484,0.05171996514113083,0.040889472675385605,49.99996875,0.06250000000000025
451.0,0.8747221830728938,3.8283956523630747,4.052194401380183,50.0,191.41978261815373,30.784318085380107,0.05172314561866604,0.040893759522371925,49.999968680555554,0.06263888888888913
452.0,0.8744444051211191,3.8281170692967215,4.051888845633231,50.0,191.40585346483607,30.79471242202817,0.051726323541362494,0.04089802141362206,49.999968611111115,0.06277777777777802
453.0,0.8741666271689585,3.8278385264262402,4.051583289885855,50.0,191.391926321312,30.8050984471966,0.05172949891053029,0.040902258630772376,49.99996854166667,0.0629166666666669
454.0,0.8738888492164122,3.8275600234615696,4.051277734138053,50.0,191.37800117307847,30.815476164997676,0.05173267172747781,0.04090647145202896,49.99996847222222,0.06305555555555578
455.0,0.87361107126348,3.827281560116051,4.050972178389828,50.0,191.36407800580255,30.82584557954175,0.05173584199351185,0.040910660152209774,49.999968402777775,0.06319444444444466
456.0,0.8733332933101621,3.8270031361063723,4.050666622641178,50.0,191.35015680531862,30.836206694937516,0.051739009709937674,0.040914825002786225,49.999968333333335,0.06333333333333355
457.0,0.8730555153564583,3.8267247511525406,4.050361066892104,50.0,191.33623755762704,30.846559515291858,0.05174217487805913,0.04091896627192432,49.99996826388889,0.06347222222222243
458.0,0.8727777374023687,3.8264464049778315,4.050055511142606,50.0,191.32232024889157,30.856904044709893,0.05174533749917871,0.04092308422452519,49.99996819444444,0.06361111111111131
459.0,0.8724999594478934,3.8261680973087544,4.049749955392683,50.0,191.30840486543772,30.867240287294976,0.051748497574597645,0.04092717912226524,49.999968125,0.0637500000000002
460.0,0.8722221814930322,3.8258898278750104,4.0494443996423355,50.0,191.29449139375052,30.8775682471487,0.05175165510561593,0.040931251223635716,49.999968055555556,0.06388888888888908
461.0,0.8719444035377852,3.825611596409454,4.049138843891564,50.0,191.2805798204727,30.8878879283709,0.05175481009353244,0.0409353007839818,49.99996798611111,0.06402777777777796
462.0,0.8716666255821524,3.825333402648055,4.048833288140368,50.0,191.26667013240274,30.898199335059587,0.05175796253964489,0.04093932805554122,49.99996791666666,0.06416666666666684
463.0,0.8713888476261337,3.8250552463298573,4.048527732388747,50.0,191.25276231649286,30.908502471311124,0.05176111244525,0.04094333328748246,49.99996784722222,0.06430555555555573
464.0,0.8711110696697292,3.8247771271969477,4.048222176636703,50.0,191.23885635984738,30.918797341219943,0.05176425981164345,0.04094731672594235,49.999967777777776,0.06444444444444461
465.0,0.8708332917129389,3.8244990449944085,4.047916620884233,50.0,191.22495224972042,30.929083948878883,0.051767404640119946,0.040951278614063336,49.99996770833333,0.06458333333333349
466.0,0.8705555137557628,3.824220999470293,4.047611065131339,50.0,191.21104997351466,30.93936229837891,0.05177054693197328,0.04095521919203019,49.99996763888889,0.06472222222222238
467.0,0.8702777357982009,3.8239429903755786,4.047305509378021,50.0,191.19714951877893,30.949632393809225,0.05177368668849631,0.040959138697106344,49.99996756944444,0.06486111111111126
468.0,0.8699999578402532,3.823665017464136,4.046999953624279,50.0,191.1832508732068,30.959894239257324,0.05177682391098105,0.0409630373636697,49.9999675,0.06500000000000014
469.0,0.8697221798819197,3.8233870804926933,4.0466943978701115,50.0,191.16935402463466,30.97014783880894,0.05177995860071865,0.04096691542324807,49.99996743055555,0.06513888888888902
470.0,0.8694444019232004,3.8231091792208005,4.046388842115521,50.0,191.15545896104004,30.980393196547993,0.051783090758999444,0.04097077310455412,49.99996736111111,0.0652777777777779
471.0,0.8691666239640953,3.8228313134107945,4.0460832863605045,50.0,191.14156567053973,30.99063031655669,0.051786220387112974,0.040974610633519905,49.99996729166667,0.06541666666666679
472.0,0.8688888460046044,3.822553482827767,4.045777730605065,50.0,191.12767414138835,31.00085920291548,0.051789347486348,0.04097842823333102,49.999967222222224,0.06555555555555567
473.0,0.8686110680447277,3.822275687239528,4.0454721748492,50.0,191.1137843619764,31.01107985970299,0.05179247205799252,0.04098222612446024,49.99996715277778,0.06569444444444456
474.0,0.8683332900844651,3.8219979264165733,4.045166619092912,50.0,191.09989632082866,31.021292290996143,0.05179559410333377,0.04098600452470082,49.99996708333334,0.06583333333333344
475.0,0.8680555121238168,3.821720200132053,4.0448610633361985,50.0,191.08601000660266,31.031496500870105,0.05179871362365829,0.040989763649199366,49.99996701388889,0.06597222222222232
476.0,0.8677777341627827,3.8214425081617382,4.044555507579061,50.0,191.07212540808692,31.041692493398273,0.051801830620251885,0.04099350371048828,49.999966944444445,0.0661111111111112
477.0,0.8674999562013628,3.8211648502839877,4.044249951821499,50.0,191.05824251419938,31.05188027265234,0.05180494509439965,0.04099722491851782,49.999966875,0.06625000000000009
478.0,0.867222178239557,3.8208872262797198,4.043944396063512,50.0,191.044361313986,31.062059842702126,0.051808057047386016,0.04100092748068778,49.99996680555556,0.06638888888888897
479.0,0.8669444002773655,3.8206096359323776,4.0436388403051025,50.0,191.0304817966189,31.0722312076158,0.051811166480494705,0.04100461160187873,49.99996673611111,0.06652777777777785
480.0,0.8666666223147882,3.820332079027896,4.043333284546267,50.0,191.01660395139479,31.082394371459714,0.05181427339500878,0.04100827748448295,49.999966666666666,0.06666666666666674
481.0,0.8663888443518251,3.82005455535468,4.043027728787008,50.0,191.002727767734,31.09254933829851,0.05181737779221064,0.04101192532843489,49.999966597222226,0.06680555555555562
482.0,0.8661110663884761,3.8197770647035636,4.0427221730273235,50.0,190.98885323517817,31.102696112195076,0.05182047967338203,0.04101555533124132,49.99996652777778,0.0669444444444445
483.0,0.8658332884247414,3.8194996068677907,4.042416617267215,50.0,190.97498034338955,31.11283469721053,0.05182357903980406,0.041019167688011116,49.99996645833333,0.06708333333333338
484.0,0.8655555104606208,3.8192221816429757,4.042111061506683,50.0,190.9611090821488,31.122965097404233,0.05182667589275716,0.0410227625914846,49.999966388888886,0.06722222222222227
485.0,0.8652777324961145,3.8189447888270815,4.041805505745726,50.0,190.94723944135407,31.13308731683378,0.05182977023352117,0.04102634023206261,49.99996631944445,0.06736111111111115
486.0,0.8649999545312224,3.818667428220387,4.0414999499843445,50.0,190.93337141101935,31.143201359555064,0.05183286206337528,0.041029900797835146,49.99996625,0.06750000000000003
487.0,0.8647221765659444,3.818390099625463,4.041194394222539,50.0,190.91950498127315,31.153307229622214,0.05183595138359803,0.04103344447460972,49.99996618055555,0.06763888888888892
488.0,0.8644443986002807,3.818112802847138,4.040888838460309,50.0,190.9056401423569,31.163404931087598,0.051839038195467396,0.0410369714459393,49.999966111111114,0.0677777777777778
489.0,0.8641666206342311,3.8178355376924755,4.040583282697654,50.0,190.89177688462377,31.17349446800182,0.05184212250026068,0.04104048189314993,49.99996604166667,0.06791666666666668
490.0,0.8638888426677958,3.8175583039707455,4.040277726934575,50.0,190.87791519853727,31.18357584441378,0.0518452042992546,0.04104397599536806,49.99996597222222,0.06805555555555556
491.0,0.8636110647009746,3.8172811014933985,4.0399721711710725,50.0,190.86405507466992,31.19364906437056,0.05184828359372526,0.04104745392954743,49.999965902777774,0.06819444444444445
492.0,0.8633332867337676,3.817003930074033,4.039666615407144,50.0,190.85019650370165,31.203714131917593,0.051851360384948156,0.04105091587049573,49.999965833333334,0.06833333333333333
493.0,0.8630555087661749,3.8167267895283805,4.0393610596427925,50.0,190.83633947641903,31.21377105109849,0.05185443467419819,0.04105436199090089,49.99996576388889,0.06847222222222221
494.0,0.8627777307981963,3.8164496796742666,4.039055503878016,50.0,190.82248398371334,31.22381982595516,0.05185750646274965,0.04105779246135701,49.99996569444444,0.0686111111111111
495.0,0.8624999528298319,3.816172600331595,4.038749948112815,50.0,190.80863001657974,31.233860460527694,0.05186057575187623,0.041061207450390054,49.999965625,0.06874999999999998
496.0,0.8622221748610818,3.8158955513223205,4.03844439234719,50.0,190.794777566116,31.24389295885453,0.051863642542851016,0.04106460712448313,49.999965555555555,0.06888888888888886
497.0,0.8619443968919458,3.815618532470416,4.03813883658114,50.0,190.7809266235208,31.25391732497235,0.05186670683694652,0.041067991648101536,49.99996548611111,0.06902777777777774
498.0,0.861666618922424,3.8153415436018605,4.037833280814667,50.0,190.76707718009303,31.263933562916066,0.05186976863543464,0.04107136118371747,49.99996541666666,0.06916666666666663
499.0,0.8613888409525164,3.8150645845446065,4.037527725047768,50.0,190.75322922723032,31.273941676718835,0.05187282793958671,0.04107471589183444,49.99996534722222,0.06930555555555551
500.0,0.8611110629822231,3.814787655128554,4.0372221692804455,50.0,190.7393827564277,31.283941670412105,0.05187588475067345,0.04107805593101132,49.99996527777778,0.06944444444444439
501.0,0.8608332850115439,3.8145107551855344,4.036916613512698,50.0,190.72553775927673,31.293933548025564,0.051878939069965,0.041081381457886236,49.999965208333336,0.06958333333333327
502.0,0.8605555070404789,3.8142338845492834,4.036611057744527,50.0,190.71169422746416,31.303917313587135,0.05188199089873091,0.04108469262720002,49.99996513888889,0.06972222222222216
503.0,0.8602777290690281,3.8139570430554133,4.036305501975931,50.0,190.69785215277065,31.31389297112304,0.05188504023824015,0.04108798959181945,49.99996506944445,0.06986111111111104
504.0,0.8599999510971915,3.8136802305413973,4.0359999462069105,50.0,190.68401152706986,31.32386052465779,0.051888087089761094,0.04109127250276022,49.999965,0.06999999999999992
505.0,0.8597221731249691,3.813403446846542,4.035694390437466,50.0,190.6701723423271,31.333819978214137,0.05189113145456155,0.041094541509209534,49.99996493055556,0.0701388888888888
506.0,0.8594443951523609,3.813126691811968,4.0353888346675975,50.0,190.65633459059842,31.343771335813074,0.05189417333390873,0.04109779675854855,49.99996486111111,0.07027777777777769
507.0,0.8591666171793669,3.8128499652805843,4.035083278897304,50.0,190.6424982640292,31.353714601473825,0.051897212729069275,0.04110103839637444,49.99996479166667,0.07041666666666657
508.0,0.8588888392059871,3.812573267097071,4.034777723126586,50.0,190.62866335485356,31.363649779213972,0.051900249641309223,0.04110426656652224,49.999964722222224,0.07055555555555545
509.0,0.8586110612322215,3.8122965971078524,4.034472167355443,50.0,190.61482985539263,31.373576873049274,0.05190328407189406,0.04110748141108641,49.99996465277778,0.07069444444444434
510.0,0.8583332832580701,3.812019955161082,4.034166611583877,50.0,190.6009977580541,31.383495886993785,0.05190631602208868,0.04111068307044211,49.99996458333334,0.07083333333333322
511.0,0.8580555052835329,3.8117433411066166,4.033861055811887,50.0,190.58716705533084,31.393406825059856,0.05190934549315739,0.04111387168326628,49.99996451388889,0.0709722222222221
512.0,0.8577777273086099,3.811466754795994,4.033555500039471,50.0,190.57333773979968,31.403309691258073,0.051912372486363934,0.041117047386558365,49.999964444444444,0.07111111111111099
513.0,0.8574999493333011,3.8111901960824204,4.033249944266632,50.0,190.559509804121,31.413204489597263,0.051915397002971465,0.04112021031566086,49.999964375,0.07124999999999987
514.0,0.8572221713576065,3.810913664820741,4.032944388493367,50.0,190.54568324103704,31.4230912240846,0.05191841904424257,0.0411233606042796,49.99996430555556,0.07138888888888875
515.0,0.8569443933815261,3.8106371608674277,4.0326388327196785,50.0,190.5318580433714,31.432969898725446,0.051921438611439254,0.04112649838450373,49.99996423611111,0.07152777777777763
516.0,0.8566666154050598,3.8103606840805533,4.0323332769455655,50.0,190.51803420402766,31.442840517523507,0.05192445570582294,0.041129623786825505,49.999964166666665,0.07166666666666652
517.0,0.8563888374282078,3.8100842343197763,4.032027721171029,50.0,190.50421171598882,31.452703084480675,0.051927470328654496,0.04113273694015982,49.99996409722222,0.0718055555555554
518.0,0.85611105945097,3.8098078114463156,4.031722165396067,50.0,190.4903905723158,31.46255760359719,0.05193048248119419,0.04113583797186351,49.99996402777778,0.07194444444444428
519.0,0.8558332814733464,3.809531415322942,4.031416609620681,50.0,190.4765707661471,31.472404078871534,0.05193349216470172,0.04113892700775436,49.99996395833333,0.07208333333333317
520.0,0.8555555034953369,3.8092550458139485,4.031111053844871,50.0,190.46275229069744,31.482242514300424,0.05193649938043623,0.04114200417212997,49.999963888888885,0.07222222222222205
521.0,0.8552777255169417,3.8089787027851365,4.030805498068636,50.0,190.44893513925683,31.49207291387893,0.05193950412965626,0.04114506958778633,49.999963819444446,0.07236111111111093
522.0,0.8549999475381607,3.808702386103798,4.030499942291977,50.0,190.43511930518991,31.501895281600298,0.051942506413619804,0.04114812337603615,49.99996375,0.07249999999999981
523.0,0.8547221695589938,3.808426095638698,4.030194386514894,50.0,190.4213047819349,31.511709621456134,0.05194550623358427,0.041151165656727016,49.99996368055555,0.0726388888888887
524.0,0.8544443915794412,3.808149831260052,4.029888830737385,50.0,190.4074915630026,31.521515937436277,0.051948503590806494,0.04115419654825931,49.999963611111106,0.07277777777777758
525.0,0.8541666135995027,3.8078735928395138,4.029583274959453,50.0,190.3936796419757,31.53131423352886,0.051951498486542735,0.041157216167603865,49.999963541666666,0.07291666666666646
526.0,0.8538888356191785,3.8075973802501553,4.0292777191810965,50.0,190.37986901250775,31.541104513720256,0.051954490922048686,0.04116022463031947,49.99996347222222,0.07305555555555535
527.0,0.8536110576384685,3.807321193366449,4.028972163402315,50.0,190.36605966832246,31.550886781995132,0.05195748089857947,0.0411632220505701,49.99996340277777,0.07319444444444423
528.0,0.8533332796573726,3.807045032064252,4.02866660762311,50.0,190.3522516032126,31.56066104233645,0.05196046841738963,0.04116620854114199,49.99996333333333,0.07333333333333311
529.0,0.853055501675891,3.806768896220789,4.02836105184348,50.0,190.33844481103947,31.570427298725406,0.05196345347973315,0.04116918421346044,49.999963263888894,0.073472222222222
530.0,0.8527777236940235,3.8064927857146356,4.028055496063426,50.0,190.3246392857318,31.580185555141554,0.051966436086863424,0.04117214917760647,49.99996319444445,0.07361111111111088
531.0,0.8524999457117702,3.8062167004257,4.0277499402829475,50.0,190.31083502128502,31.589935815562626,0.051969416240033296,0.041175103542333225,49.999963125,0.07374999999999976
532.0,0.8522221677291312,3.805940640235211,4.0274443845020444,50.0,190.29703201176056,31.599678083964704,0.05197239394049503,0.04117804741508219,49.999963055555554,0.07388888888888864
533.0,0.8519443897461063,3.8056646050256973,4.027138828720717,50.0,190.28323025128486,31.609412364322168,0.05197536918950031,0.04118098090199927,49.999962986111115,0.07402777777777753
534.0,0.8516666117626956,3.8053885946809762,4.0268332729389655,50.0,190.2694297340488,31.619138660607575,0.051978341988300265,0.041183904107950545,49.99996291666667,0.07416666666666641
535.0,0.8513888337788992,3.8051126090861325,4.026527717156789,50.0,190.2556304543066,31.628856976791894,0.05198131233814545,0.04118681713653792,49.99996284722222,0.07430555555555529
536.0,0.8511110557947169,3.804836648127509,4.026222161374188,50.0,190.24183240637544,31.638567316844274,0.05198428024028585,0.04118972009011461,49.99996277777778,0.07444444444444417
537.0,0.8508332778101488,3.8045607116926865,4.0259166055911635,50.0,190.2280355846343,31.648269684732213,0.05198724569597087,0.041192613069800335,49.999962708333335,0.07458333333333306
538.0,0.850555499825195,3.804284799670472,4.025611049807715,50.0,190.2142399835236,31.65796408442145,0.05199020870644937,0.04119549617549641,49.99996263888889,0.07472222222222194
539.0,0.8502777218398553,3.8040089119508798,4.025305494023841,50.0,190.200445597544,31.667650519876076,0.05199316927296962,0.04119836950590062,49.99996256944444,0.07486111111111082
540.0,0.8499999438541298,3.803733048425124,4.024999938239543,50.0,190.1866524212562,31.67732899505836,0.05199612739677932,0.04120123315852191,49.9999625,0.0749999999999997
541.0,0.8497221658680185,3.803457208985594,4.02469438245482,50.0,190.1728604492797,31.686999513928924,0.051999083079125624,0.041204087229694916,49.999962430555556,0.07513888888888859
542.0,0.8494443878815214,3.8031813935258514,4.024388826669673,50.0,190.15906967629257,31.69666208044663,0.0520020363212551,0.041206931814594276,49.99996236111111,0.07527777777777747
543.0,0.8491666098946385,3.802905601940606,4.024083270884103,50.0,190.14528009703028,31.70631669856874,0.052004987124413746,0.041209767007248814,49.99996229166667,0.07541666666666635
544.0,0.8488888319073699,3.802629834125705,4.023777715098107,50.0,190.13149170628526,31.715963372250656,0.052007935489847,0.04121259290055551,49.99996222222222,0.07555555555555524
545.0,0.8486110539197154,3.8023540899781243,4.023472159311687,50.0,190.11770449890622,31.72560210544617,0.05201088141879974,0.041215409586293335,49.999962152777776,0.07569444444444412
546.0,0.8483332759316751,3.8020783693959466,4.023166603524842,50.0,190.10391846979732,31.735232902107327,0.052013824912516264,0.04121821715513687,49.99996208333333,0.075833333333333
547.0,0.848055497943249,3.8018026722783533,4.022861047737574,50.0,190.09013361391766,31.744855766184457,0.05201676597224031,0.04122101569666981,49.99996201388889,0.07597222222222189
548.0,0.8477777199544371,3.8015269985256115,4.0225554919498805,50.0,190.07634992628059,31.75447070162619,0.05201970459921504,0.04122380529939827,49.99996194444444,0.07611111111111077
549.0,0.8474999419652394,3.801251348039057,4.022249936161764,50.0,190.06256740195283,31.76407771237939,0.05202264079468305,0.041226586050763916,49.999961875,0.07624999999999965
550.0,0.8472221639756559,3.800975720721082,4.021944380373221,50.0,190.0487860360541,31.773676802389332,0.052025574559886385,0.04122935803715697,49.99996180555556,0.07638888888888853
551.0,0.8469443859856866,3.800700116475128,4.021638824584255,50.0,190.03500582375642,31.78326797559953,0.052028505896066515,0.04123212134392906,49.99996173611111,0.07652777777777742
552.0,0.8466666079953314,3.800424535205665,4.021333268794865,50.0,190.02122676028327,31.79285123595173,0.05203143480446434,0.04123487605540584,49.999961666666664,0.0766666666666663
553.0,0.8463888300045905,3.800148976818185,4.02102771300505,50.0,190.00744884090926,31.802426587386037,0.05203436128632019,0.041237622254899554,49.99996159722222,0.07680555555555518
554.0,0.8461110520134638,3.7998734412191864,4.02072215721481,50.0,189.9936720609593,31.81199403384079,0.05203728534287384,0.04124036002472136,49.99996152777778,0.07694444444444407
555.0,0.8458332740219513,3.799597928316163,4.020416601424147,50.0,189.97989641580816,31.82155357925268,0.05204020697536451,0.04124308944619357,49.99996145833333,0.07708333333333295
556.0,0.845555496030053,3.799322438017592,4.020111045633058,50.0,189.9661219008796,31.83110522755669,0.052043126185030826,0.0412458105996617,49.99996138888889,0.07722222222222183
557.0,0.8452777180377689,3.7990469702329217,4.019805489841546,50.0,189.95234851164608,31.840648982686105,0.05204604297311087,0.041248523564506395,49.999961319444445,0.07736111111111071
558.0,0.8449999400450989,3.79877152487256,4.019499934049609,50.0,189.938576243628,31.850184848572496,0.05204895734084215,0.041251228419155156,49.999961250000005,0.0774999999999996
559.0,0.8447221620520432,3.7984961018478614,4.0191943782572475,50.0,189.92480509239306,31.85971282914568,0.05205186928946162,0.04125392524109402,49.99996118055556,0.07763888888888848
560.0,0.8444443840586017,3.798220701071121,4.018888822464462,50.0,189.91103505355605,31.869232928333815,0.05205477882020567,0.04125661410687899,49.99996111111111,0.07777777777777736
561.0,0.8441666060647743,3.7979453224555515,4.018583266671252,50.0,189.89726612277758,31.878745150063367,0.0520576859343101,0.04125929509214742,49.999961041666666,0.07791666666666625
562.0,0.8438888280705612,3.7976699659152873,4.0182777108776175,50.0,189.88349829576435,31.888249498259086,0.052060590633010176,0.041261968271629174,49.999960972222226,0.07805555555555513
563.0,0.8436110500759623,3.7973946313653597,4.017972155083559,50.0,189.86973156826798,31.89774597684402,0.052063492917540595,0.0412646337191577,49.99996090277778,0.07819444444444401
564.0,0.8433332720809775,3.797119318721695,4.017666599289075,50.0,189.85596593608477,31.907234589739517,0.052066392789135475,0.04126729150768098,49.99996083333333,0.0783333333333329
565.0,0.843055494085607,3.7968440279011,4.017361043494168,50.0,189.842201395055,31.916715340865267,0.05206929024902839,0.04126994170927229,49.99996076388889,0.07847222222222178
566.0,0.8427777160898506,3.796568758821251,4.017055487698836,50.0,189.82843794106253,31.926188234139204,0.05207218529845234,0.041272584395140914,49.99996069444445,0.07861111111111066
567.0,0.8424999380937085,3.796293511400684,4.016749931903079,50.0,189.81467557003418,31.935653273477556,0.05207507793863976,0.041275219635642596,49.999960625,0.07874999999999954
568.0,0.8422221600971805,3.7960182855587865,4.016444376106898,50.0,189.8009142779393,31.9451104627949,0.05207796817082253,0.04127784750029001,49.99996055555555,0.07888888888888843
569.0,0.8419443821002668,3.7957430812157824,4.016138820310293,50.0,189.78715406078913,31.954559806004113,0.052080855996231974,0.041280468057763,49.999960486111114,0.07902777777777731
570.0,0.8416666041029672,3.7954678982927272,4.015833264513264,50.0,189.77339491463636,31.96400130701636,0.05208374141609883,0.04128308137591875,49.99996041666667,0.07916666666666619
571.0,0.8413888261052819,3.795192736711493,4.01552770871581,50.0,189.75963683557464,31.973434969741106,0.0520866244316533,0.04128568752180177,49.99996034722222,0.07930555555555507
572.0,0.8411110481072107,3.7949175963947623,4.015222152917932,50.0,189.74587981973812,31.982860798086165,0.052089505044125003,0.04128828656165384,49.999960277777774,0.07944444444444396
573.0,0.8408332701087537,3.794642477266016,4.01491659711963,50.0,189.7321238633008,31.99227879595759,0.05209238325474302,0.041290878560923776,49.999960208333334,0.07958333333333284
574.0,0.840555492109911,3.794367379249526,4.014611041320903,50.0,189.7183689624763,32.001688967259724,0.05209525906473584,0.04129346358427707,49.99996013888889,0.07972222222222172
575.0,0.8402777141106824,3.7940923022703426,4.014305485521751,50.0,189.70461511351712,32.01109131589533,0.052098132475331425,0.041296041695605454,49.99996006944444,0.0798611111111106
576.0,0.839999936111068,3.793817246254289,4.013999929722175,50.0,189.69086231271447,32.02048584576539,0.052101003487757154,0.04129861295803632,49.99996,0.07999999999999949
577.0,0.8397221581110679,3.7935422111279484,4.013694373922175,50.0,189.67711055639742,32.029872560769206,0.05210387210323985,0.04130117743394202,49.999959930555555,0.08013888888888837
578.0,0.8394443801106819,3.793267196818654,4.01338881812175,50.0,189.66335984093269,32.03925146480441,0.052106738323005775,0.04130373518494907,49.99995986111111,0.08027777777777725
579.0,0.8391666021099101,3.792992203254486,4.013083262320901,50.0,189.64961016272431,32.04862256176693,0.05210960214828063,0.04130628627194724,49.99995979166666,0.08041666666666614
580.0,0.8388888241087525,3.7927172303642567,4.0127777065196275,50.0,189.63586151821283,32.05798585555101,0.05211246358028956,0.04130883075509851,49.99995972222222,0.08055555555555502
581.0,0.8386110461072092,3.7924422780775036,4.01247215071793,50.0,189.62211390387517,32.06734135004922,0.05211532262025714,0.041311368693845926,49.999959652777775,0.0806944444444439
582.0,0.83833326810528,3.79216734632448,4.012166594915808,50.0,189.608367316224,32.076689049152435,0.052118179269407414,0.041313900146922385,49.99995958333333,0.08083333333333279
583.0,0.838055490102965,3.7918924350361496,4.011861039113262,50.0,189.59462175180747,32.08602895674977,0.05212103352896383,0.04131642517235924,49.99995951388889,0.08097222222222167
584.0,0.8377777121002642,3.791617544144172,4.011555483310291,50.0,189.5808772072086,32.09536107672875,0.0521238854001493,0.041318943827494875,49.99995944444444,0.08111111111111055
585.0,0.8374999340971776,3.7913426735808993,4.011249927506896,50.0,189.56713367904496,32.104685412975186,0.05212673488418616,0.041321456168983126,49.999959375,0.08124999999999943
586.0,0.8372221560937052,3.791067823279367,4.010944371703076,50.0,189.55339116396834,32.11400196937319,0.05212958198229621,0.041323962252801605,49.99995930555556,0.08138888888888832
587.0,0.836944378089847,3.7907929931732833,4.010638815898832,50.0,189.53964965866416,32.12331074980523,0.05213242669570067,0.04132646213425994,49.99995923611111,0.0815277777777772
588.0,0.836666600085603,3.7905181831970225,4.010333260094163,50.0,189.52590915985112,32.132611758151995,0.05213526902562022,0.04132895586800791,49.99995916666667,0.08166666666666608
589.0,0.8363888220809732,3.790243393285619,4.010027704289071,50.0,189.51216966428095,32.1419049982926,0.052138108973274956,0.04133144350804345,49.999959097222224,0.08180555555555497
590.0,0.8361110440759576,3.7899686233747554,4.0097221484835535,50.0,189.49843116873777,32.151190474104396,0.05214094653988444,0.041333925107720625,49.99995902777778,0.08194444444444385
591.0,0.8358332660705562,3.7896938734007564,4.009416592677612,50.0,189.4846936700378,32.160468189463074,0.05214378172666767,0.04133640071975743,49.99995895833334,0.08208333333333273
592.0,0.835555488064769,3.7894191433005835,4.009111036871246,50.0,189.47095716502918,32.169738148242686,0.05214661453484309,0.04133887039624353,49.99995888888889,0.08222222222222161
593.0,0.835277710058596,3.789144433011822,4.0088054810644556,50.0,189.4572216505911,32.17900035431552,0.05214944496562856,0.041341334188647924,49.999958819444444,0.0823611111111105
594.0,0.8349999320520372,3.7888697424726794,4.008499925257241,50.0,189.44348712363396,32.18825481155227,0.05215227302024142,0.04134379214782648,49.99995875,0.08249999999999938
595.0,0.8347221540450925,3.788595071621974,4.008194369449602,50.0,189.4297535810987,32.19750152382187,0.052155098699898435,0.04134624432402939,49.99995868055556,0.08263888888888826
596.0,0.8344443760377621,3.7883204203991276,4.0078888136415385,50.0,189.4160210199564,32.206740494991664,0.052157922005815816,0.04134869076690857,49.99995861111111,0.08277777777777715
597.0,0.8341665980300459,3.7880457887441623,4.00758325783305,50.0,189.4022894372081,32.21597172892723,0.05216074293920921,0.041351131525524894,49.999958541666665,0.08291666666666603
598.0,0.8338888200219439,3.787771176597687,4.007277702024139,50.0,189.38855882988435,32.2251952294925,0.05216356150129373,0.0413535666483554,49.999958472222225,0.08305555555555491
599.0,0.833611042013456,3.787496583900894,4.006972146214801,50.0,189.3748291950447,32.234411000549755,0.05216637769328391,0.04135599618330039,49.99995840277778,0.0831944444444438
600.0,0.8333332640045824,3.787222010595554,4.0066665904050405,50.0,189.3611005297777,32.243619045959576,0.052169191516393716,0.041358420177690446,49.99995833333333,0.08333333333333268
601.0,0.833055485995323,3.7869474566240044,4.006361034594855,50.0,189.34737283120023,32.25281936958089,0.0521720029718366,0.041360838678293356,49.999958263888885,0.08347222222222156
602.0,0.8327777079856777,3.7866729219291466,4.006055478784246,50.0,189.33364609645733,32.26201197527092,0.05217481206082543,0.041363251731320945,49.999958194444446,0.08361111111111044
603.0,0.8324999299756467,3.7863984064544356,4.005749922973211,50.0,189.31992032272177,32.27119686688519,0.05217761878457253,0.04136565938243585,49.999958125,0.08374999999999932
604.0,0.8322221519652299,3.7861239101438753,4.005444367161753,50.0,189.30619550719376,32.28037404827762,0.05218042314428965,0.04136806167675821,49.99995805555555,0.08388888888888821
605.0,0.8319443739544272,3.785849432942013,4.0051388113498705,50.0,189.29247164710065,32.28954352330038,0.052183225141188026,0.041370458658872206,49.99995798611111,0.08402777777777709
606.0,0.8316665959432388,3.7855749747939313,4.004833255537563,50.0,189.27874873969657,32.29870529580404,0.05218602477647829,0.04137285037283263,49.999957916666666,0.08416666666666597
607.0,0.8313888179316645,3.785300535645241,4.004527699724831,50.0,189.26502678226205,32.30785936963741,0.05218882205137054,0.041375236862171295,49.99995784722222,0.08430555555555486
608.0,0.8311110399197045,3.785026115442076,4.004222143911675,50.0,189.25130577210382,32.317005748647716,0.05219161696707434,0.04137761816990341,49.99995777777777,0.08444444444444374
609.0,0.8308332619073586,3.78475171413109,4.003916588098095,50.0,189.23758570655448,32.326144436680465,0.05219440952479867,0.041379994338533815,49.99995770833333,0.08458333333333262
610.0,0.830555483894627,3.78447733165944,4.003611032284089,50.0,189.223866582972,32.335275437579526,0.05219719972575196,0.04138236541006323,49.99995763888889,0.0847222222222215
611.0,0.8302777058815095,3.7842029679747946,4.00330547646966,50.0,189.21014839873973,32.34439875518706,0.0521999875711421,0.041384731425994366,49.99995756944444,0.08486111111111039
612.0,0.8299999278680062,3.783928623025316,4.002999920654807,50.0,189.1964311512658,32.35351439334357,0.052202773062176425,0.04138709242733796,49.9999575,0.08499999999999927
613.0,0.8297221498541172,3.7836542967596616,4.002694364839529,50.0,189.18271483798307,32.36262235588788,0.05220555620006171,0.041389448454618755,49.99995743055556,0.08513888888888815
614.0,0.8294443718398423,3.783379989126971,4.002388809023826,50.0,189.16899945634856,32.37172264665719,0.05220833698600419,0.04139179954788145,49.999957361111115,0.08527777777777704
615.0,0.8291665938251817,3.7831057000768693,4.0020832532077,50.0,189.15528500384346,32.380815269487016,0.052211115421209514,0.04139414574669645,49.99995729166667,0.08541666666666592
616.0,0.8288888158101352,3.7828314295594523,4.001777697391149,50.0,189.1415714779726,32.38990022821116,0.05221389150688282,0.0413964870901657,49.99995722222222,0.0855555555555548
617.0,0.8286110377947029,3.7825571775252853,4.001472141574173,50.0,189.12785887626427,32.39897752666178,0.05221666524422867,0.04139882361692832,49.99995715277778,0.08569444444444368
618.0,0.8283332597788848,3.782282943925399,4.001166585756773,50.0,189.11414719626995,32.40804716866944,0.05221943663445107,0.04140115536516628,49.999957083333335,0.08583333333333257
619.0,0.828055481762681,3.7820087287112822,4.0008610299389495,50.0,189.10043643556412,32.41710915806294,0.05222220567875349,0.04140348237260991,49.99995701388889,0.08597222222222145
620.0,0.8277777037460913,3.781734531834871,4.0005554741207,50.0,189.08672659174354,32.42616349866944,0.05222497237833885,0.041405804676543374,49.99995694444445,0.08611111111111033
621.0,0.8274999257291158,3.781460353248556,4.0002499183020275,50.0,189.0730176624278,32.43521019431449,0.052227736734409495,0.04140812231381016,49.999956875,0.08624999999999922
622.0,0.8272221477117545,3.7811861929051616,3.99994436248293,50.0,189.05930964525808,32.444249248821905,0.05223049874816724,0.04141043532081833,49.999956805555556,0.0863888888888881
623.0,0.8269443696940074,3.780912050757955,3.999638806663408,50.0,189.04560253789776,32.45328066601388,0.05223325842081333,0.0414127437335459,49.99995673611111,0.08652777777777698
624.0,0.8266665916758745,3.780637926760631,3.999333250843462,50.0,189.03189633803154,32.462304449710984,0.05223601575354849,0.04141504758754598,49.99995666666667,0.08666666666666586
625.0,0.8263888136573558,3.78036382086731,3.9990276950230914,50.0,189.0181910433655,32.47132060373201,0.05223877074757286,0.04141734691795199,49.99995659722222,0.08680555555555475
626.0,0.8261110356384513,3.780089733032536,3.9987221392022967,50.0,189.0044866516268,32.48032913189422,0.052241523404086054,0.041419641759482734,49.999956527777776,0.08694444444444363
627.0,0.825833257619161,3.7798156632112643,3.9984165833810774,50.0,188.9907831605632,32.48933003801312,0.05224427372428712,0.041421932146447425,49.99995645833334,0.08708333333333251
628.0,0.8255554795994849,3.779541611358865,3.9981110275594336,50.0,188.97708056794323,32.49832332590262,0.052247021709374564,0.04142421811275067,49.99995638888889,0.0872222222222214
629.0,0.825277701579423,3.779267577431113,3.9978054717373657,50.0,188.96337887155565,32.507308999374914,0.05224976736054634,0.041426499691897364,49.99995631944444,0.08736111111111028
630.0,0.8249999235589753,3.778993561384183,3.997499915914873,50.0,188.94967806920914,32.516287062240565,0.05225251067899985,0.041428776916997555,49.99995625,0.08749999999999916
631.0,0.8247221455381418,3.778719563174646,3.997194360091956,50.0,188.9359781587323,32.52525751830848,0.05225525166593196,0.041431049820771226,49.99995618055556,0.08763888888888804
632.0,0.8244443675169225,3.778445582759467,3.996888804268615,50.0,188.92227913797336,32.53422037138591,0.052257990322538965,0.04143331843555303,49.99995611111111,0.08777777777777693
633.0,0.8241665894953174,3.778171620095995,3.9965832484448494,50.0,188.90858100479974,32.54317562527848,0.05226072665001663,0.04143558279329696,49.999956041666664,0.08791666666666581
634.0,0.8238888114733265,3.7778976751419617,3.996277692620659,50.0,188.89488375709809,32.55212328379014,0.05226346064956015,0.04143784292558098,49.999955972222224,0.0880555555555547
635.0,0.8236110334509498,3.777623747855478,3.995972136796045,50.0,188.8811873927739,32.561063350723146,0.0522661923223642,0.04144009886361158,49.99995590277778,0.08819444444444358
636.0,0.8233332554281872,3.7773498381950263,3.995666580971006,50.0,188.86749190975132,32.56999582987811,0.05226892166962288,0.041442350638228265,49.99995583333333,0.08833333333333246
637.0,0.8230554774050389,3.777075946119458,3.995361025145543,50.0,188.8537973059729,32.57892072505399,0.05227164869252976,0.04144459827990804,49.999955763888885,0.08847222222222134
638.0,0.8227776993815048,3.776802071587989,3.9950554693196554,50.0,188.84010357939945,32.587838040048155,0.05227437339227785,0.041446841818769765,49.999955694444445,0.08861111111111022
639.0,0.8224999213575849,3.7765282145601944,3.9947499134933433,50.0,188.8264107280097,32.596747778656265,0.052277095770059616,0.04144908128457854,49.999955625,0.08874999999999911
640.0,0.8222221433332791,3.7762543749960065,3.994444357666607,50.0,188.81271874980033,32.60564994467234,0.05227981582706697,0.04145131670674996,49.99995555555555,0.08888888888888799
641.0,0.8219443653085876,3.775980552855707,3.9941388018394464,50.0,188.79902764278535,32.61454454188873,0.0522825335644913,0.041453548114354366,49.999955486111105,0.08902777777777687
642.0,0.8216665872835103,3.7757067480999273,3.9938332460118615,50.0,188.78533740499637,32.62343157409617,0.05228524898352342,0.041455775536121044,49.99995541666667,0.08916666666666576
643.0,0.8213888092580471,3.775432960689639,3.993527690183852,50.0,188.77164803448196,32.632311045083725,0.052287962085353606,0.041457999000442336,49.999955347222226,0.08930555555555464
644.0,0.8211110312321982,3.7751591905861543,3.993222134355418,50.0,188.75795952930773,32.64118295863881,0.052290672871171597,0.04146021853537774,49.99995527777778,0.08944444444444352
645.0,0.8208332532059635,3.7748854377511196,3.99291657852656,50.0,188.74427188755598,32.650047318547195,0.05229338134216657,0.04146243416865795,49.99995520833333,0.0895833333333324
646.0,0.8205554751793429,3.7746117021465135,3.9926110226972775,50.0,188.73058510732568,32.65890412859301,0.05229608749952717,0.0414646459276888,49.99995513888889,0.08972222222222129
647.0,0.8202776971523366,3.77433798373464,3.9923054668675704,50.0,188.716899186732,32.66775339255872,0.052298791344441486,0.04146685383955528,49.99995506944445,0.08986111111111017
648.0,0.8199999191249444,3.7740642824781276,3.991999911037439,50.0,188.70321412390638,32.67659511422511,0.052301492878097065,0.04146905793102532,49.999955,0.08999999999999905
649.0,0.8197221410971665,3.7737905983399234,3.9916943552068833,50.0,188.68952991699618,32.6854292973714,0.0523041921016809,0.04147125822855374,49.99995493055556,0.09013888888888794
650.0,0.8194443630690027,3.773516931283289,3.991388799375903,50.0,188.67584656416446,32.694255945775126,0.05230688901637945,0.04147345475828597,49.999954861111114,0.09027777777777682
651.0,0.8191665850404531,3.7732432812717995,3.9910832435444985,50.0,188.66216406358998,32.70307506321217,0.05230958362337862,0.04147564754606181,49.99995479166667,0.0904166666666657
652.0,0.8188888070115178,3.772969648269337,3.9907776877126695,50.0,188.64848241346687,32.71188665345676,0.05231227592386378,0.04147783661741917,49.99995472222222,0.09055555555555458
653.0,0.8186110289821966,3.772696032240089,3.9904721318804164,50.0,188.63480161200445,32.72069072028148,0.052314965919019754,0.04148002199759766,49.99995465277778,0.09069444444444347
654.0,0.8183332509524897,3.7724224331485416,3.9901665760477387,50.0,188.62112165742707,32.72948726745733,0.0523176536100308,0.0414822037115423,49.999954583333334,0.09083333333333235
655.0,0.8180554729223969,3.7721488509594803,3.9898610202146365,50.0,188.60744254797402,32.73827629875359,0.05232033899808067,0.04148438178390698,49.99995451388889,0.09097222222222123
656.0,0.8177776948919183,3.771875285637982,3.98955546438111,50.0,188.5937642818991,32.74705781793796,0.05232302208435252,0.04148655623905808,49.99995444444444,0.09111111111111012
657.0,0.8174999168610539,3.7716017371494166,3.9892499085471593,50.0,188.58008685747083,32.75583182877642,0.052325702870029016,0.04148872710107788,49.999954375,0.091249999999999
658.0,0.8172221388298037,3.7713282054594384,3.9889443527127844,50.0,188.56641027297192,32.76459833503344,0.05232838135629224,0.04149089439376803,49.999954305555555,0.09138888888888788
659.0,0.8169443607981676,3.7710546905339846,3.9886387968779844,50.0,188.55273452669923,32.773357340471705,0.05233105754432376,0.04149305814065298,49.99995423611111,0.09152777777777676
660.0,0.8166665827661457,3.770781192339275,3.9883332410427603,50.0,188.53905961696375,32.782108848852374,0.05233373143530457,0.04149521836498327,49.99995416666667,0.09166666666666565
661.0,0.816388804733738,3.770507710841804,3.9880276852071117,50.0,188.5253855420902,32.790852863934845,0.05233640303041515,0.04149737508973891,49.99995409722222,0.09180555555555453
662.0,0.8161110267009445,3.7702342460083402,3.987722129371039,50.0,188.511712300417,32.799589389477035,0.05233907233083543,0.04149952833763259,49.999954027777775,0.09194444444444341
663.0,0.8158332486677652,3.7699607978059215,3.9874165735345417,50.0,188.49803989029607,32.8083184292351,0.052341739337744775,0.04150167813111298,49.99995395833333,0.0920833333333323
664.0,0.8155554706342001,3.7696873662018535,3.9871110176976203,50.0,188.48436831009266,32.81703998696355,0.052344404052322026,0.04150382449236789,49.99995388888889,0.09222222222222118
665.0,0.8152776926002492,3.769413951163705,3.9868054618602744,50.0,188.47069755818524,32.82575406641536,0.05234706647574548,0.04150596744332744,49.99995381944444,0.09236111111111006
666.0,0.8149999145659125,3.769140552659305,3.986499906022504,50.0,188.45702763296526,32.834460671341844,0.0523497266091929,0.04150810700566717,49.999953749999996,0.09249999999999894
667.0,0.81472213653119,3.7688671706567414,3.986194350184309,50.0,188.44335853283707,32.843159805492576,0.05235238445384149,0.04151024320081111,49.999953680555556,0.09263888888888783
668.0,0.8144443584960817,3.768593805124356,3.9858887943456898,50.0,188.4296902562178,32.851851472615635,0.05235504001086792,0.04151237604993486,49.99995361111111,0.09277777777777671
669.0,0.8141665804605875,3.768320456030742,3.9855832385066465,50.0,188.4160228015371,32.8605356764574,0.05235769328144832,0.04151450557396855,49.99995354166666,0.09291666666666559
670.0,0.8138888024247076,3.768047123344741,3.9852776826671783,50.0,188.40235616723703,32.86921242076261,0.05236034426675828,0.04151663179359987,49.999953472222224,0.09305555555555448
671.0,0.8136110243884419,3.7677738070354403,3.9849721268272864,50.0,188.38869035177203,32.877881709274334,0.052362992967972845,0.04151875472927692,49.99995340277778,0.09319444444444336
672.0,0.8133332463517904,3.7675005070721683,3.9846665709869695,50.0,188.3750253536084,32.88654354573413,0.05236563938626651,0.04152087440121118,49.99995333333334,0.09333333333333224
673.0,0.8130554683147531,3.7672272234244972,3.9843610151462285,50.0,188.36136117122487,32.895197933881775,0.05236828352281325,0.041522990829380345,49.99995326388889,0.09347222222222112
674.0,0.8127776902773299,3.7669539560622325,3.984055459305063,50.0,188.34769780311163,32.903844877455526,0.05237092537878649,0.04152510403353115,49.999953194444444,0.09361111111111
675.0,0.812499912239521,3.7666807049554154,3.9837499034634734,50.0,188.33403524777077,32.912484380191984,0.05237356495535911,0.041527214033182165,49.999953125000005,0.09374999999999889
676.0,0.8122221342013263,3.7664074700743186,3.983444347621459,50.0,188.32037350371593,32.9211164458261,0.052376202253703444,0.04152932084762657,49.99995305555556,0.09388888888888777
677.0,0.8119443561627457,3.766134251389442,3.9831387917790204,50.0,188.3067125694721,32.92974107809124,0.052378837274991305,0.04153142449593484,49.99995298611111,0.09402777777777666
678.0,0.8116665781237794,3.7658610488715136,3.9828332359361576,50.0,188.29305244357568,32.93835828071906,0.05238147002039396,0.0415335249969575,49.999952916666665,0.09416666666666554
679.0,0.8113888000844273,3.765587862491484,3.98252768009287,50.0,188.2793931245742,32.946968057439676,0.05238410049108212,0.041535622369327715,49.999952847222225,0.09430555555555442
680.0,0.8111110220446893,3.765314692220523,3.9822221242491582,50.0,188.26573461102615,32.95557041198151,0.052386728688225984,0.041537716631463974,49.99995277777778,0.0944444444444433
681.0,0.8108332440045656,3.765041538030022,3.981916568405022,50.0,188.25207690150108,32.96416534807139,0.05238935461299519,0.041539807801572654,49.99995270833333,0.09458333333333219
682.0,0.810555465964056,3.7647683998915835,3.9816110125604616,50.0,188.23841999457917,32.97275286943449,0.05239197826655884,0.04154189589765058,49.99995263888889,0.09472222222222107
683.0,0.8102776879231607,3.7644952777770277,3.981305456715477,50.0,188.22476388885138,32.981332979794445,0.05239459965008551,0.041543980937487596,49.999952569444446,0.09486111111110995
684.0,0.8099999098818795,3.764222171658381,3.9809999008700676,50.0,188.21110858291905,32.98990568287314,0.05239721876474322,0.041546062938669026,49.9999525,0.09499999999999884
685.0,0.8097221318402126,3.76394908150788,3.980694345024234,50.0,188.197454075394,32.99847098239093,0.052399835611699475,0.041548141918578155,49.99995243055555,0.09513888888888772
686.0,0.8094443537981598,3.763676007297968,3.980388789177976,50.0,188.1838003648984,33.00702888206649,0.05240245019212121,0.04155021789439868,49.99995236111111,0.0952777777777766
687.0,0.8091665757557213,3.763402949001288,3.9800832333312934,50.0,188.1701474500644,33.01557938561689,0.05240506250717486,0.04155229088311712,49.999952291666666,0.09541666666666548
688.0,0.8088887977128969,3.763129906590687,3.979777677484187,50.0,188.15649532953435,33.02412249675763,0.05240767255802629,0.04155436090152519,49.99995222222222,0.09555555555555437
689.0,0.8086110196696867,3.7628568800392097,3.9794721216366558,50.0,188.1428440019605,33.03265821920252,0.05241028034584083,0.04155642796622217,49.99995215277778,0.09569444444444325
690.0,0.8083332416260908,3.7625838693200957,3.9791665657887,50.0,188.12919346600478,33.04118655666372,0.052412885871783305,0.04155849209361721,49.99995208333333,0.09583333333333213
691.0,0.808055463582109,3.7623108744067797,3.97886100994032,50.0,188.115543720339,33.04970751285191,0.05241548913701797,0.04156055329993162,49.99995201388889,0.09597222222222102
692.0,0.8077776855377414,3.7620378952728877,3.9785554540915156,50.0,188.1018947636444,33.058221091476014,0.052418090142708554,0.04156261160120118,49.99995194444444,0.0961111111111099
693.0,0.8074999074929881,3.7617649318922344,3.978249898242287,50.0,188.08824659461172,33.06672729624336,0.052420688890018254,0.04156466701327834,49.999951875,0.09624999999999878
694.0,0.8072221294478489,3.7614919842388215,3.9779443423926337,50.0,188.07459921194106,33.075226130859676,0.05242328538010972,0.041566719551834455,49.999951805555554,0.09638888888888766
695.0,0.8069443514023239,3.7612190522868376,3.9776387865425566,50.0,188.0609526143419,33.083717599029114,0.05242587961414506,0.04156876923236196,49.99995173611111,0.09652777777777655
696.0,0.8066665733564131,3.760946136010651,3.9773332306920546,50.0,188.04730680053254,33.09220170445417,0.05242847159328588,0.041570816070176535,49.99995166666666,0.09666666666666543
697.0,0.8063887953101165,3.760673235384812,3.9770276748411284,50.0,188.03366176924058,33.100678450835744,0.05243106131869321,0.04157286008041924,49.99995159722222,0.09680555555555431
698.0,0.8061110172634341,3.7604003503840495,3.9767221189897777,50.0,188.02001751920247,33.10914784187304,0.05243364879152757,0.041574901278058615,49.999951527777775,0.0969444444444432
699.0,0.805833239216366,3.76012748098327,3.976416563138003,50.0,188.0063740491635,33.117609881263775,0.05243623401294894,0.04157693967789279,49.999951458333335,0.09708333333333208
700.0,0.805555461168912,3.759854627157551,3.9761110072858035,50.0,187.99273135787755,33.12606457270391,0.05243881698411676,0.0415789752945515,49.99995138888889,0.09722222222222096
701.0,0.8052776831210722,3.7595817888821466,3.9758054514331795,50.0,187.97908944410733,33.13451191988793,0.052441397706189934,0.04158100814249814,49.99995131944445,0.09736111111110984
702.0,0.8049999050728466,3.7593089661324766,3.9754998955801315,50.0,187.96544830662384,33.1429519265086,0.052443976180326826,0.04158303823603179,49.99995125,0.09749999999999873
703.0,0.8047221270242352,3.759036158884133,3.975194339726659,50.0,187.95180794420665,33.15138459625712,0.05244655240768529,0.04158506558928915,49.999951180555556,0.09763888888888761
704.0,0.804444348975238,3.7587633671128713,3.974888783872762,50.0,187.93816835564357,33.159809932823066,0.05244912638942262,0.04158709021624655,49.999951111111116,0.09777777777777649
705.0,0.804166570925855,3.7584905907946142,3.9745832280184406,50.0,187.9245295397307,33.16822793989445,0.05245169812669558,0.041589112130721854,49.99995104166667,0.09791666666666538
706.0,0.8038887928760862,3.7582178299054445,3.9742776721636948,50.0,187.91089149527224,33.176638621157565,0.05245426762066042,0.04159113134637639,49.99995097222222,0.09805555555555426
707.0,0.8036110148259316,3.757945084421606,3.973972116308525,50.0,187.8972542210803,33.18504198029717,0.052456834872472824,0.0415931478767168,49.999950902777776,0.09819444444444314
708.0,0.8033332367753911,3.7576723543195025,3.9736665604529304,50.0,187.88361771597513,33.19343802099644,0.05245939988328797,0.04159516173509697,49.99995083333334,0.09833333333333202
709.0,0.8030554587244649,3.7573996395756937,3.9733610045969114,50.0,187.8699819787847,33.20182674693689,0.05246196265426049,0.0415971729347198,49.99995076388889,0.0984722222222209
710.0,0.8027776806731529,3.757126940166894,3.9730554487404683,50.0,187.8563470083447,33.21020816179839,0.05246452318654448,0.0415991814886391,49.99995069444444,0.09861111111110979
711.0,0.8024999026214551,3.7568542560699716,3.9727498928836007,50.0,187.84271280349859,33.21858226925929,0.05246708148129352,0.04160118740976131,49.999950625,0.09874999999999867
712.0,0.8022221245693715,3.7565815872619464,3.972444337026309,50.0,187.82907936309732,33.22694907299632,0.05246963753966063,0.04160319071084735,49.99995055555556,0.09888888888888756
713.0,0.801944346516902,3.7563089337199873,3.972138781168592,50.0,187.81544668599938,33.23530857668453,0.05247219136279832,0.04160519140451432,49.99995048611111,0.09902777777777644
714.0,0.8016665684640468,3.7560362954214135,3.971833225310452,50.0,187.80181477107067,33.24366078399743,0.05247474295185856,0.04160718950323725,49.999950416666664,0.09916666666666532
715.0,0.8013887904108058,3.7557636723436856,3.9715276694518864,50.0,187.78818361718427,33.252005698606865,0.05247729230799279,0.04160918501935084,49.999950347222224,0.0993055555555542
716.0,0.801111012357179,3.755491064464413,3.971222113592897,50.0,187.77455322322066,33.26034332418317,0.052479839432351925,0.0416111779650511,49.99995027777778,0.09944444444444309
717.0,0.8008332343031663,3.7552184717613484,3.9709165577334833,50.0,187.7609235880674,33.26867366439501,0.05248238432608633,0.04161316835239707,49.99995020833333,0.09958333333333197
718.0,0.8005554562487679,3.754945894212382,3.9706110018736447,50.0,187.74729471061912,33.276996722909416,0.052484926990345855,0.041615156193312436,49.999950138888885,0.09972222222222085
719.0,0.8002776781939837,3.7546733317955474,3.970305446013382,50.0,187.73366658977736,33.28531250339188,0.052487467426279806,0.041617141499587174,49.999950069444445,0.09986111111110973
720.0,0.7999999001388136,3.7544008144473686,3.969999920111051,50.0,187.72004072236842,33.29362100950624,0.05249000563503696,0.041619124282879186,49.99995,0.09999999999999862
721.0,0.7997221220832578,3.754211605099686,3.9697776976666064,50.0,187.7105802549843,33.301922245573905,0.05249254161776558,0.041621104554715835,49.99994993055555,0.1001388888888875
722.0,0.7994443440273161,3.7539930834345983,3.969555475221853,50.0,187.69965417172992,33.31021804821671,0.052495075375631486,0.041623082326497245,49.99994986111111,0.10027777777777638
723.0,0.7991665659709887,3.7537745722179063,3.9693332527767913,50.0,187.6887286108953,33.31850842029081,0.05249760696015421,0.041625057614144596,49.999949791666666,0.10041666666666527
724.0,0.7988887879142754,3.7535560713832004,3.9691110303314203,50.0,187.67780356916,33.32679336465088,0.052500136418249015,0.04162703043339522,49.99994972222222,0.10055555555555415
725.0,0.7986110098571764,3.7533375808684397,3.968888807885741,50.0,187.666879043422,33.335072884150236,0.0525026637926458,0.04162900079980476,49.99994965277777,0.10069444444444303
726.0,0.7983332317996915,3.7531191006155677,3.9686665854397534,50.0,187.6559550307784,33.34334698164065,0.0525051891222698,0.04163096872874944,49.99994958333333,0.10083333333333191
727.0,0.7980554537418209,3.752900630570168,3.968444362993457,50.0,187.6450315285084,33.35161565997248,0.05250771244258768,0.04163293423542815,49.99994951388889,0.1009722222222208
728.0,0.7977776756835644,3.752682170681145,3.968222140546852,50.0,187.63410853405725,33.35987892199461,0.0525102337859221,0.04163489733486464,49.99994944444445,0.10111111111110968
729.0,0.7974998976249221,3.7524637209004355,3.9679999180999377,50.0,187.62318604502178,33.368136770554486,0.05251275318173769,0.04163685804190958,49.999949375,0.10124999999999856
730.0,0.7972221195658941,3.752245281182749,3.9677776956527153,50.0,187.61226405913746,33.3763892084981,0.05251527065690094,0.041638816371242685,49.99994930555556,0.10138888888888745
731.0,0.7969443415064802,3.7520268514853283,3.9675554732051843,50.0,187.60134257426643,33.38463623867,0.052517786235916505,0.04164077233737477,49.999949236111114,0.10152777777777633
732.0,0.7966665634466805,3.751808431767729,3.9673332507573447,50.0,187.59042158838645,33.39287786391333,0.05252029994114196,0.04164272595464978,49.99994916666667,0.10166666666666521
733.0,0.796388785386495,3.751590021991629,3.9671110283091964,50.0,187.57950109958145,33.40111408706974,0.05252281179298304,0.04164467723724677,49.99994909722222,0.1018055555555541
734.0,0.7961110073259238,3.7513716221206446,3.966888805860739,50.0,187.56858110603224,33.40934491097943,0.05252532181007109,0.041646626199181934,49.99994902777778,0.10194444444444298
735.0,0.7958332292649667,3.7511532321201684,3.9666665834119734,50.0,187.55766160600842,33.41757033848114,0.05252783000942439,0.041648572854310555,49.999948958333334,0.10208333333333186
736.0,0.7955554512036238,3.7509348519572194,3.966444360962899,50.0,187.54674259786097,33.42579037241222,0.05253033640659479,0.04165051721632893,49.99994888888889,0.10222222222222074
737.0,0.7952776731418951,3.7507164816003113,3.9662221385135163,50.0,187.53582408001557,33.434005015608534,0.05253284101580104,0.041652459298776305,49.99994881944445,0.10236111111110963
738.0,0.7949998950797806,3.7504981210193247,3.965999916063825,50.0,187.52490605096622,33.442214270904515,0.05253534385004992,0.04165439911503673,49.99994875,0.10249999999999851
739.0,0.7947221170172803,3.7502797701853985,3.9657776936138243,50.0,187.51398850926992,33.45041814113313,0.05253784492124642,0.04165633667834098,49.999948680555555,0.10263888888888739
740.0,0.7944443389543943,3.7500614290708265,3.9655554711635155,50.0,187.50307145354134,33.45861662912597,0.05254034424029388,0.04165827200176835,49.99994861111111,0.10277777777777627
741.0,0.7941665608911224,3.749843097648966,3.965333248712898,50.0,187.4921548824483,33.466809737713106,0.052542841817184965,0.04166020509824852,49.99994854166667,0.10291666666666516
742.0,0.7938887828274647,3.7496247758941514,3.965111026261972,50.0,187.48123879470756,33.47499746972318,0.05254533766108446,0.04166213598056332,49.99994847222222,0.10305555555555404
743.0,0.7936110047634212,3.7494064637816176,3.9648888038107373,50.0,187.4703231890809,33.48317982798346,0.052547831780404466,0.04166406466134853,49.999948402777775,0.10319444444444292
744.0,0.7933332266989919,3.749188161287431,3.9646665813591935,50.0,187.45940806437156,33.491356815319705,0.05255032418287278,0.04166599115309565,49.999948333333336,0.1033333333333318
745.0,0.7930554486341768,3.7489698683884254,3.9644443589073415,50.0,187.44849341942128,33.49952843455628,0.05255281487559505,0.04166791546815359,49.99994826388889,0.10347222222222069
746.0,0.7927776705689759,3.748751585062141,3.964222136455181,50.0,187.43757925310703,33.5076946885161,0.0525553038651113,0.04166983761873045,49.99994819444444,0.10361111111110957
747.0,0.7924998925033891,3.7485333112867765,3.9639999140027116,50.0,187.42666556433883,33.51585558002057,0.05255779115744726,0.041671757616895164,49.999948124999996,0.10374999999999845
748.0,0.7922221144374166,3.748315047041135,3.9637776915499336,50.0,187.41575235205673,33.52401111188976,0.052560276758161106,0.04167367547457919,49.999948055555556,0.10388888888888734
749.0,0.7919443363710583,3.748096792304584,3.9635554690968466,50.0,187.4048396152292,33.53216128694231,0.05256276067238588,0.04167559120357817,49.99994798611111,0.10402777777777622
750.0,0.7916665583043142,3.7478785470570157,3.9633332466434514,50.0,187.3939273528508,33.54030610799532,0.052565242904868116,0.041677504815553566,49.99994791666666,0.1041666666666651
751.0,0.7913887802371843,3.7476603112788056,3.9631110241897476,50.0,187.3830155639403,33.548445577864584,0.05256772346000287,0.04167941632203425,49.999947847222224,0.10430555555555399
752.0,0.7911110021696686,3.747442084950783,3.962888801735735,50.0,187.37210424753914,33.556579699364306,0.052570202341865664,0.04168132573441814,49.99994777777778,0.10444444444444287
753.0,0.790833224101767,3.7472238680541987,3.962666579281414,50.0,187.36119340270994,33.56470847530744,0.05257267955424145,0.04168323306397374,49.99994770833333,0.10458333333333175
754.0,0.7905554460334797,3.7470056605706987,3.9624443568267838,50.0,187.35028302853493,33.57283190850535,0.052575155100650986,0.0416851383218417,49.999947638888884,0.10472222222222063
755.0,0.7902776679648066,3.7467874624822985,3.9622221343718453,50.0,187.33937312411493,33.58095000176809,0.05257762898437478,0.04168704151903638,49.999947569444444,0.10486111111110952
756.0,0.7899998898957477,3.7465692737713563,3.9619999119165983,50.0,187.3284636885678,33.58906275790417,0.05258010120847489,0.04168894266644733,49.999947500000005,0.1049999999999984
757.0,0.7897221118263029,3.746351094420556,3.9617776894610426,50.0,187.3175547210278,33.59717017972076,0.05258257177581472,0.04169084177484082,49.99994743055556,0.10513888888888728
758.0,0.7894443337564724,3.746132924412887,3.9615554670051782,50.0,187.30664622064435,33.605272270023534,0.05258504068907704,0.04169273885486132,49.99994736111111,0.10527777777777617
759.0,0.789166555686256,3.7459147637316232,3.961333244549005,50.0,187.29573818658116,33.6133690316168,0.05258750795078032,0.041694633917032944,49.99994729166667,0.10541666666666505
760.0,0.7888887776156539,3.745696612360311,3.961111022092523,50.0,187.28483061801555,33.62146046730339,0.052589973563293646,0.041696526971760926,49.999947222222225,0.10555555555555393
761.0,0.788610999544666,3.7454784702827513,3.960888799635733,50.0,187.27392351413755,33.62954657988473,0.05259243752885022,0.041698418029333016,49.99994715277778,0.10569444444444281
762.0,0.7883332214732922,3.745260337482987,3.960666577178634,50.0,187.26301687414934,33.637627372160864,0.05259489984955969,0.041700307099920925,49.99994708333333,0.1058333333333317
763.0,0.7880554434015327,3.7450422139452906,3.9604443547212265,50.0,187.25211069726453,33.645702846930305,0.0525973605274193,0.04170219419358168,49.99994701388889,0.10597222222222058
764.0,0.7877776653293873,3.74482409965415,3.96022213226351,50.0,187.2412049827075,33.65377300699021,0.05259981956432408,0.04170407932025905,49.999946944444446,0.10611111111110946
765.0,0.7874998872568562,3.7446059945942642,3.959999909805485,50.0,187.2302997297132,33.6618378551363,0.05260227696207606,0.041705962489784885,49.999946875,0.10624999999999835
766.0,0.7872221091839392,3.7443878987505266,3.9597776873471515,50.0,187.21939493752632,33.66989739416289,0.052604732722392716,0.04170784371188043,49.99994680555556,0.10638888888888723
767.0,0.7869443311106364,3.744169812108019,3.9595554648885094,50.0,187.20849060540095,33.677951626862864,0.052607186846914566,0.0417097229961577,49.99994673611111,0.10652777777777611
768.0,0.7866665530369479,3.7439517346520037,3.9593332424295586,50.0,187.19758673260017,33.686000556027636,0.05260963933721212,0.04171160035212078,49.999946666666666,0.106666666666665
769.0,0.7863887749628735,3.7437336663679153,3.959111019970299,50.0,187.18668331839575,33.69404418444725,0.052612090194792224,0.04171347578916709,49.99994659722222,0.10680555555555388
770.0,0.7861109968884133,3.7435156072413553,3.9588887975107308,50.0,187.17578036206777,33.70208251491033,0.05261453942110378,0.041715349316588726,49.99994652777778,0.10694444444444276
771.0,0.7858332188135674,3.7432975572580833,3.958666575050854,50.0,187.16487786290418,33.71011555020402,0.05261698701754295,0.04171722094357367,49.99994645833333,0.10708333333333164
772.0,0.7855554407383356,3.74307951640401,3.9584443525906687,50.0,187.15397582020051,33.71814329311411,0.05261943298545794,0.04171909067920706,49.99994638888889,0.10722222222222053
773.0,0.785277662662718,3.742861484665196,3.9582221301301748,50.0,187.1430742332598,33.726165746424954,0.05262187732615327,0.04172095853247243,49.99994631944445,0.10736111111110941
774.0,0.7849998845867147,3.7426434620278424,3.9579999076693717,50.0,187.1321731013921,33.73418291291949,0.05262432004089373,0.041722824512252926,49.99994625,0.10749999999999829
775.0,0.7847221065103255,3.7424254484782886,3.9577776852082605,50.0,187.12127242391443,33.74219479537925,0.05262676113090794,0.04172468862733251,49.999946180555554,0.10763888888888717
776.0,0.7844443284335505,3.7422074440030086,3.9575554627468406,50.0,187.11037220015044,33.750201396584316,0.05262920059739157,0.041726550886397144,49.99994611111111,0.10777777777777606
777.0,0.7841665503563897,3.741989448588602,3.957333240285112,50.0,187.0994724294301,33.758202719313374,0.05263163844151032,0.04172841129803599,49.99994604166667,0.10791666666666494
778.0,0.7838887722788431,3.7417714622217964,3.957111017823075,50.0,187.08857311108983,33.76619876634368,0.05263407466440258,0.041730269870742534,49.99994597222222,0.10805555555555382
779.0,0.7836109942009107,3.7415534848894385,3.9568887953607286,50.0,187.07767424447192,33.77418954045106,0.052636509267181865,0.04173212661291577,49.999945902777775,0.1081944444444427
780.0,0.7833332161225925,3.741335516578496,3.956666572898074,50.0,187.0667758289248,33.782175044409996,0.05263894225093905,0.04173398153286132,49.99994583333333,0.10833333333333159
781.0,0.7830554380438886,3.7411175572760493,3.956444350435111,50.0,187.05587786380246,33.790155280993474,0.05264137361674435,0.041735834638792546,49.99994576388889,0.10847222222222047
782.0,0.7827776599647988,3.74089960696929,3.9562221279718393,50.0,187.04498034846452,33.798130252973124,0.052643803365649194,0.04173768593883167,49.99994569444444,0.10861111111110935
783.0,0.7824998818853232,3.7406816656455235,3.955999905508259,50.0,187.03408328227619,33.80609996311915,0.05264623149868787,0.041739535441010854,49.999945624999995,0.10874999999999824
784.0,0.7822221038054618,3.7404637332921573,3.9557776830443694,50.0,187.02318666460786,33.814064414200345,0.05264865801687901,0.0417413831532733,49.999945555555556,0.10888888888888712
785.0,0.7819443257252146,3.7402458098967046,3.9555554605801717,50.0,187.01229049483524,33.82202360898407,0.05265108292122704,0.04174322908347429,49.999945486111116,0.109027777777776
786.0,0.7816665476445815,3.7400278954467825,3.9553332381156654,50.0,187.00139477233913,33.82997755023632,0.05265350621272334,0.04174507323938228,49.99994541666667,0.10916666666666489
787.0,0.7813887695635627,3.7398099899301043,3.9551110156508504,50.0,186.9904994965052,33.83792624072163,0.052655927892347465,0.04174691562867989,49.99994534722222,0.10930555555555377
788.0,0.7811109914821581,3.739592093334484,3.954888793185727,50.0,186.9796046667242,33.84586968320315,0.052658347961068136,0.04174875625896497,49.99994527777778,0.10944444444444265
789.0,0.7808332134003677,3.73937420564783,3.954666570720294,50.0,186.9687102823915,33.85380788044267,0.05266076641984418,0.04175059513775163,49.99994520833334,0.10958333333333153
790.0,0.7805554353181915,3.7391563268581445,3.9544443482545533,50.0,186.95781634290722,33.861740835200465,0.05266318326962541,0.04175243227247118,49.99994513888889,0.10972222222222042
791.0,0.7802776572356295,3.738938456953524,3.9542221257885037,50.0,186.9469228476762,33.86966855023553,0.05266559851135337,0.04175426767047318,49.99994506944444,0.1098611111111093
792.0,0.7799998791526817,3.738720595922152,3.9539999033221456,50.0,186.9360297961076,33.877591028305346,0.05266801214596207,0.041756101339026415,49.999945000000004,0.10999999999999818
793.0,0.779722101069348,3.738502743752303,3.9537776808554788,50.0,186.92513718761515,33.88550827216602,0.05267042417437862,0.04175793328531984,49.99994493055556,0.11013888888888707
794.0,0.7794443229856286,3.7382849004323377,3.953555458388503,50.0,186.9142450216169,33.8934202845723,0.052672834597523824,0.04175976351646355,49.99994486111111,0.11027777777777595
795.0,0.7791665449015234,3.7380670659507045,3.9533332359212188,50.0,186.90335329753523,33.90132706827745,0.052675243416312675,0.041761592039489724,49.999944791666664,0.11041666666666483
796.0,0.7788887668170323,3.737849240295934,3.953111013453626,50.0,186.8924620147967,33.90922862603344,0.05267765063165489,0.04176341886135355,49.999944722222224,0.11055555555555371
797.0,0.7786109887321555,3.737631423456641,3.9528887909857247,50.0,186.88157117283203,33.91712496059074,0.05268005624445531,0.041765243988934164,49.99994465277778,0.1106944444444426
798.0,0.7783332106468929,3.7374136154215214,3.9526665685175146,50.0,186.87068077107608,33.925016074698476,0.05268246025561435,0.04176706742903555,49.99994458333333,0.11083333333333148
799.0,0.7780554325612444,3.737195816179352,3.9524443460489955,50.0,186.8597908089676,33.93290197110434,0.05268486266602828,0.04176888918838743,49.99994451388889,0.11097222222222036
800.0,0.7777776544752102,3.736978025718989,3.9522221235801682,50.0,186.84890128594944,33.94078265255462,0.052687263476589634,0.04177070927364618,49.999944444444445,0.11111111111110925
801.0,0.7774998763887901,3.736760244029366,3.9519999011110323,50.0,186.8380122014683,33.94865812179427,0.05268966268818747,0.041772527691395694,49.999944375,0.11124999999999813
802.0,0.7772220983019843,3.7365424710994946,3.9517776786415877,50.0,186.82712355497472,33.956528381566784,0.05269206030170767,0.041774344448148246,49.99994430555555,0.11138888888888701
803.0,0.7769443202147926,3.736324706918461,3.9515554561718345,50.0,186.81623534592305,33.96439343461424,0.052694456318033156,0.04177615955034535,49.99994423611111,0.1115277777777759
804.0,0.7766665421272152,3.736106951475425,3.951333233701772,50.0,186.80534757377126,33.97225328367739,0.05269685073804413,0.04177797300435862,49.999944166666666,0.11166666666666478
805.0,0.7763887640392519,3.7358892047596246,3.9511110112314016,50.0,186.79446023798124,33.980107931495525,0.052699243562618285,0.041779784816490584,49.99994409722222,0.11180555555555366
806.0,0.7761109859509028,3.7356714667603654,3.9508887887607225,50.0,186.78357333801827,33.98795738080656,0.05270163479263101,0.04178159499297554,49.99994402777778,0.11194444444444254
807.0,0.7758332078621678,3.735453737467027,3.9506665662897342,50.0,186.77268687335135,33.995801634347,0.05270402442895551,0.04178340353998035,49.99994395833333,0.11208333333333143
808.0,0.775555429773047,3.735236016869061,3.950444343818438,50.0,186.76180084345305,34.00364069485204,0.05270641247246302,0.04178521046360524,49.999943888888886,0.11222222222222031
809.0,0.7752776516835405,3.7350183049559855,3.9502221213468327,50.0,186.75091524779927,34.01147456505538,0.052708798924022894,0.04178701576988463,49.99994381944444,0.11236111111110919
810.0,0.7749998735936481,3.7348006017173905,3.9499998988749185,50.0,186.74003008586953,34.01930324768932,0.052711183784502756,0.041788819464787894,49.99994375,0.11249999999999807
811.0,0.7747220955033699,3.734582907142932,3.949777676402696,50.0,186.7291453571466,34.02712674548485,0.05271356705476862,0.041790621554220156,49.99994368055555,0.11263888888888696
812.0,0.7744443174127059,3.7343652212223337,3.9495554539301647,50.0,186.7182610611167,34.03494506117153,0.052715948735685,0.04179242204402304,49.99994361111111,0.11277777777777584
813.0,0.7741665393216561,3.734147543945386,3.949333231457325,50.0,186.7073771972693,34.04275819747755,0.052718328828114974,0.04179422093997544,49.99994354166667,0.11291666666666472
814.0,0.7738887612302205,3.7339298753019454,3.9491110089841768,50.0,186.69649376509727,34.05056615712965,0.05272070733292032,0.04179601824779426,49.99994347222223,0.1130555555555536
815.0,0.7736109831383992,3.7337122152819293,3.9488887865107194,50.0,186.68561076409645,34.058368942853235,0.05272308425096156,0.04179781397313519,49.99994340277778,0.11319444444444249
816.0,0.773333205046192,3.7334945638753236,3.948666564036954,50.0,186.67472819376619,34.066166557372355,0.05272545958309803,0.04179960812159338,49.999943333333334,0.11333333333333137
817.0,0.773055426953599,3.7332769210721737,3.948444341562879,50.0,186.6638460536087,34.07395900340953,0.05272783333018798,0.04180140069870422,49.99994326388889,0.11347222222222025
818.0,0.7727776488606202,3.7330592868625896,3.9482221190884963,50.0,186.65296434312947,34.08174628368607,0.052730205493088614,0.041803191709944024,49.99994319444445,0.11361111111110914
819.0,0.7724998707672556,3.7328416612367414,3.947999896613805,50.0,186.64208306183707,34.08952840092172,0.05273257607265612,0.04180498116073074,49.999943125,0.11374999999999802
820.0,0.7722220926735052,3.7326240441848597,3.947777674138804,50.0,186.63120220924299,34.09730535783501,0.052734945069745756,0.04180676905642464,49.999943055555555,0.1138888888888869
821.0,0.771944314579369,3.7324064356972353,3.9475554516634954,50.0,186.62032178486177,34.105077157143,0.05273731248521188,0.04180855540232905,49.999942986111115,0.11402777777777579
822.0,0.771666536484847,3.732188835764219,3.9473332291878775,50.0,186.60944178821094,34.112843801561326,0.052739678319908,0.04181034020369096,49.99994291666667,0.11416666666666467
823.0,0.7713887583899391,3.7319712443762194,3.9471110067119515,50.0,186.59856221881097,34.12060529380432,0.0527420425746868,0.041812123465701775,49.99994284722222,0.11430555555555355
824.0,0.7711109802946455,3.7317536615237037,3.9468887842357168,50.0,186.5876830761852,34.12836163658483,0.052744405250400174,0.04181390519349791,49.999942777777775,0.11444444444444243
825.0,0.7708332021989661,3.731536087197194,3.946666561759173,50.0,186.5768043598597,34.13611283261446,0.05274676634789926,0.041815685392161496,49.999942708333336,0.11458333333333132
826.0,0.7705554241029009,3.7313185213872715,3.946444339282321,50.0,186.56592606936357,34.14385888460333,0.05274912586803447,0.041817464066720995,49.99994263888889,0.1147222222222202
827.0,0.7702776460064499,3.7311009640845723,3.94622211680516,50.0,186.55504820422863,34.15159979526021,0.052751483811655536,0.04181924122215187,49.99994256944444,0.11486111111110908
828.0,0.7699998679096131,3.730883415279788,3.9459998943276906,50.0,186.5441707639894,34.15933556729249,0.05275384017961148,0.041821016863377206,49.9999425,0.11499999999999796
829.0,0.7697220898123904,3.7306658749636616,3.9457776718499127,50.0,186.53329374818307,34.16706620340614,0.052756194972750685,0.04182279099526832,49.999942430555556,0.11513888888888685
830.0,0.769444311714782,3.7304483431269944,3.9455554493718257,50.0,186.52241715634972,34.174791706305825,0.0527585481919209,0.04182456362264539,49.99994236111111,0.11527777777777573
831.0,0.7691665336167878,3.73023081976064,3.9453332268934305,50.0,186.511540988032,34.1825120786948,0.052760899837969236,0.04182633475027808,49.99994229166666,0.11541666666666461
832.0,0.7688887555184077,3.7300133048555013,3.945111004414726,50.0,186.50066524277506,34.19022732327488,0.05276324991174223,0.04182810438288614,49.999942222222224,0.1155555555555535
833.0,0.7686109774196419,3.7297957984025367,3.9448887819357137,50.0,186.48978992012684,34.19793744274659,0.0527655984140858,0.041829872525139956,49.99994215277778,0.11569444444444238
834.0,0.7683331993204903,3.7295783003927547,3.9446665594563926,50.0,186.47891501963772,34.20564243980908,0.052767945345845294,0.04183163918166121,49.99994208333333,0.11583333333333126
835.0,0.7680554212209528,3.729360810817214,3.9444443369767623,50.0,186.4680405408607,34.213342317160084,0.05277029070786552,0.041833404357023415,49.999942013888884,0.11597222222222014
836.0,0.7677776431210296,3.7291433296670253,3.944222114496824,50.0,186.45716648335127,34.22103707749591,0.05277263450099071,0.041835168055752485,49.999941944444444,0.11611111111110903
837.0,0.7674998650207205,3.7289258569333468,3.9439998920165764,50.0,186.44629284666735,34.228726723511556,0.052774976726064564,0.04183693028232734,49.999941875,0.11624999999999791
838.0,0.7672220869200257,3.7287083926073863,3.9437776695360207,50.0,186.43541963036932,34.23641125790067,0.052777317383930246,0.041838691041180445,49.99994180555555,0.1163888888888868
839.0,0.766944308818945,3.728490936680401,3.9435554470551564,50.0,186.42454683402005,34.24409068335552,0.05277965647543039,0.041840450336698344,49.99994173611111,0.11652777777777568
840.0,0.7666665307174786,3.7282734891436964,3.943333224573983,50.0,186.4136744571848,34.25176500256697,0.05278199400140712,0.04184220817322225,49.999941666666665,0.11666666666666456
841.0,0.7663887526156263,3.728056049988623,3.9431110020925013,50.0,186.40280249943115,34.25943421822444,0.05278432996270205,0.04184396455504854,49.999941597222225,0.11680555555555344
842.0,0.7661109745133883,3.7278386192065796,3.9428887796107106,50.0,186.39193096032898,34.26709833301612,0.05278666436015628,0.041845719486429324,49.99994152777778,0.11694444444444232
843.0,0.7658331964107644,3.7276211967890127,3.9426665571286117,50.0,186.38105983945064,34.27475734962877,0.052788997194610415,0.04184747297157297,49.99994145833334,0.11708333333333121
844.0,0.7655554183077548,3.7274037827274125,3.942444334646204,50.0,186.3701891363706,34.28241127074779,0.052791328466904576,0.0418492250146446,49.99994138888889,0.11722222222222009
845.0,0.7652776402043593,3.7271863770133145,3.9422221121634875,50.0,186.35931885066572,34.29006009905714,0.05279365817787839,0.04185097561976664,49.999941319444446,0.11736111111110897
846.0,0.764999862100578,3.7269689796383005,3.9419998896804627,50.0,186.34844898191503,34.29770383723951,0.052795986328371,0.04185272479101928,49.99994125,0.11749999999999786
847.0,0.764722083996411,3.7267515905939947,3.9417776671971287,50.0,186.33757952969972,34.30534248797619,0.05279831291922107,0.04185447253244103,49.99994118055556,0.11763888888888674
848.0,0.7644443058918581,3.726534209872067,3.9415554447134866,50.0,186.32671049360334,34.31297605394707,0.052800637951266785,0.0418562188480292,49.99994111111111,0.11777777777777562
849.0,0.7641665277869194,3.726316837464229,3.941333222229536,50.0,186.31584187321144,34.32060453783072,0.05280296142534586,0.04185796374174037,49.999941041666666,0.1179166666666645
850.0,0.7638887496815949,3.7260994733622343,3.941110999745276,50.0,186.30497366811173,34.328227942304295,0.052805283342295534,0.041859707217490875,49.99994097222222,0.11805555555555339
851.0,0.7636109715758846,3.725882117557882,3.940888777260708,50.0,186.2941058778941,34.335846270043646,0.0528076037029526,0.04186144927915734,49.99994090277778,0.11819444444444227
852.0,0.7633331934697886,3.72566477004301,3.940666554775831,50.0,186.28323850215048,34.3434595237232,0.05280992250815336,0.04186318993057706,49.99994083333333,0.11833333333333115
853.0,0.7630554153633067,3.7254474308094987,3.9404443322906455,50.0,186.27237154047492,34.35106770601607,0.05281223975873367,0.041864929175548564,49.99994076388889,0.11847222222222004
854.0,0.762777637256439,3.725230099849269,3.9402221098051515,50.0,186.26150499246344,34.358670819593954,0.052814555455528926,0.04186666701783201,49.99994069444445,0.11861111111110892
855.0,0.7624998591491855,3.725012777154281,3.9399998873193485,50.0,186.25063885771405,34.366268867127246,0.05281686959937405,0.04186840346114966,49.999940625,0.1187499999999978
856.0,0.7622220810415462,3.724795462716539,3.939777664833237,50.0,186.23977313582697,34.373861851284914,0.052819182191103535,0.04187013850918634,49.999940555555554,0.11888888888888668
857.0,0.7619443029335211,3.7245781565280813,3.939555442346817,50.0,186.22890782640405,34.381449774734676,0.05282149323155139,0.041871872165589887,49.99994048611111,0.11902777777777557
858.0,0.7616665248251102,3.7243608585809893,3.9393332198600883,50.0,186.21804292904946,34.389032640142716,0.05282380272155121,0.041873604433971555,49.99994041666667,0.11916666666666445
859.0,0.7613887467163135,3.7241435688673805,3.939110997373051,50.0,186.20717844336903,34.39661045017402,0.0528261106619361,0.041875335317906506,49.99994034722222,0.11930555555555333
860.0,0.761110968607131,3.7239262873794114,3.938888774885705,50.0,186.19631436897058,34.40418320749211,0.052828417053538725,0.041877064820934194,49.999940277777775,0.11944444444444222
861.0,0.7608331904975627,3.7237090141092777,3.9386665523980504,50.0,186.1854507054639,34.41175091475924,0.05283072189719132,0.04187879294655881,49.999940208333335,0.1195833333333311
862.0,0.7605554123876086,3.7234917490492103,3.938444329910087,50.0,186.17458745246051,34.41931357463619,0.05283302519372566,0.04188051969824969,49.99994013888889,0.11972222222221998
863.0,0.7602776342772687,3.7232744921914778,3.938222107421815,50.0,186.16372460957388,34.4268711897825,0.05283532694397307,0.04188224507944174,49.99994006944444,0.11986111111110886
864.0,0.759999856166543,3.723057243528386,3.9379998849332347,50.0,186.15286217641932,34.434423762856284,0.05283762714876443,0.041883969093535846,49.999939999999995,0.11999999999999775
865.0,0.7597220780554315,3.7228400030522755,3.9377776624443452,50.0,186.14200015261378,34.44197129651434,0.05283992580893018,0.04188569174389925,49.999939930555556,0.12013888888888663
866.0,0.7594442999439341,3.7226227707555233,3.9375554399551476,50.0,186.13113853777617,34.44951379341211,0.05284222292530033,0.041887413033866,49.99993986111111,0.12027777777777551
867.0,0.759166521832051,3.7224055466305415,3.937333217465641,50.0,186.12027733152706,34.45705125620361,0.05284451849870442,0.04188913296673729,49.99993979166666,0.1204166666666644
868.0,0.7588887437197821,3.7221883306697783,3.937110994975826,50.0,186.1094165334889,34.46458368754156,0.05284681252997155,0.0418908515457819,49.99993972222222,0.12055555555555328
869.0,0.7586109656071274,3.721971122865715,3.9368887724857022,50.0,186.09855614328575,34.47211109007736,0.052849105019930405,0.04189256877423654,49.999939652777776,0.12069444444444216
870.0,0.7583331874940868,3.7217539232108656,3.9366665499952695,50.0,186.0876961605433,34.479633466460996,0.05285139596940921,0.041894284655306264,49.99993958333334,0.12083333333333104
871.0,0.7580554093806605,3.721536731697782,3.9364443275045287,50.0,186.0768365848891,34.48715081934114,0.052853685379235744,0.041895999192164815,49.99993951388889,0.12097222222221993
872.0,0.7577776312668484,3.721319548319046,3.9362221050134787,50.0,186.0659774159523,34.4946631513651,0.05285597325023737,0.041897712387955026,49.99993944444444,0.12111111111110881
873.0,0.7574998531526504,3.721102373067274,3.9359998825221205,50.0,186.0551186533637,34.502170465178835,0.052858259583240995,0.04189942424578916,49.999939375000004,0.12124999999999769
874.0,0.7572220750380667,3.7208852059351147,3.9357776600304537,50.0,186.04426029675574,34.50967276342692,0.05286054437907308,0.041901134768749286,49.99993930555556,0.12138888888888658
875.0,0.7569442969230972,3.7206680469152484,3.935555437538478,50.0,186.03340234576243,34.51717004875263,0.052862827638559665,0.04190284395988764,49.99993923611111,0.12152777777777546
876.0,0.7566665188077418,3.7204508960003886,3.9353332150461937,50.0,186.02254480001943,34.524662323797884,0.05286510936252635,0.04190455182222697,49.99993916666667,0.12166666666666434
877.0,0.7563887406920007,3.7202337531832788,3.9351109925536005,50.0,186.01168765916393,34.53214959120322,0.05286738955179829,0.041906258358760905,49.999939097222224,0.12180555555555322
878.0,0.7561109625758737,3.7200166184566963,3.934888770060699,50.0,186.0008309228348,34.53963185360789,0.052869668207200196,0.04190796357245427,49.99993902777778,0.12194444444444211
879.0,0.755833184459361,3.7197994918134465,3.934666547567489,50.0,185.98997459067232,34.54710911364975,0.05287194532955636,0.04190966746624345,49.99993895833333,0.12208333333333099
880.0,0.7555554063424624,3.719582373246366,3.93444432507397,50.0,185.9791186623183,34.554581373965334,0.05287422091969063,0.04191137004303672,49.99993888888889,0.12222222222221987
881.0,0.7552776282251781,3.719365262748324,3.9342221025801427,50.0,185.9682631374162,34.56204863718983,0.052876494978426426,0.041913071305714575,49.999938819444445,0.12236111111110876
882.0,0.7549998501075079,3.7191481603122156,3.9339998800860063,50.0,185.95740801561078,34.56951090595703,0.052878767506586724,0.041914771257130064,49.99993875,0.12249999999999764
883.0,0.754722071989452,3.7189310659309696,3.9337776575915617,50.0,185.94655329654847,34.57696818289946,0.052881038504994066,0.04191646990010912,49.99993868055556,0.12263888888888652
884.0,0.7544442938710102,3.718713979597541,3.9335554350968085,50.0,185.93569897987706,34.5844204706483,0.052883307974470564,0.04191816723745086,49.99993861111111,0.1227777777777754
885.0,0.7541665157521826,3.718496901304914,3.933333212601746,50.0,185.9248450652457,34.59186777183328,0.052885575915837896,0.04191986327192793,49.999938541666666,0.12291666666666429
886.0,0.7538887376329693,3.7182798310461034,3.9331109901063757,50.0,185.91399155230516,34.599310089082906,0.0528878423299173,0.04192155800628681,49.99993847222222,0.12305555555555317
887.0,0.7536109595133701,3.7180627688141508,3.932888767610696,50.0,185.90313844070755,34.60674742502431,0.052890107217529576,0.0419232514432481,49.99993840277778,0.12319444444444205
888.0,0.7533331813933851,3.7178457146021264,3.9326665451147083,50.0,185.89228573010632,34.614179782283315,0.052892370579495106,0.04192494358550687,49.99993833333333,0.12333333333333094
889.0,0.7530554032730143,3.7176286684031274,3.932444322618412,50.0,185.88143342015638,34.62160716348427,0.052894632416633836,0.041926634435732926,49.999938263888886,0.12347222222221982
890.0,0.7527776251522578,3.717411630210278,3.9322221001218063,50.0,185.8705815105139,34.629029571250385,0.05289689272976526,0.041928323996571114,49.99993819444445,0.1236111111111087
891.0,0.7524998470311154,3.7171946000167324,3.9319998776248926,50.0,185.85973000083663,34.636447008203334,0.052899151519708476,0.04193001227064162,49.999938125,0.12374999999999758
892.0,0.7522220689095872,3.716977577815667,3.9317776551276697,50.0,185.84887889078334,34.6438594769636,0.05290140878728212,0.04193169926054029,49.99993805555555,0.12388888888888647
893.0,0.7519442907876732,3.716760563600288,3.9315554326301387,50.0,185.8380281800144,34.65126698015024,0.052903664533304404,0.04193338496883887,49.99993798611111,0.12402777777777535
894.0,0.7516665126653734,3.716543557363828,3.931333210132299,50.0,185.8271778681914,34.65866952038107,0.0529059187585931,0.041935069398085306,49.99993791666667,0.12416666666666423
895.0,0.7513887345426878,3.716326559099543,3.9311109876341503,50.0,185.81632795497717,34.66606710027247,0.052908171463965564,0.04193675255080405,49.99993784722222,0.12430555555555312
896.0,0.7511109564196164,3.7161095688007175,3.9308887651356934,50.0,185.80547844003587,34.67345972243953,0.05291042265023872,0.04193843442949631,49.999937777777774,0.124444444444442
897.0,0.7508331782961593,3.7158925864606585,3.9306665426369274,50.0,185.79462932303292,34.68084738949602,0.052912672318229055,0.04194011503664034,49.999937708333334,0.12458333333333088
898.0,0.7505554001723163,3.715675612072701,3.930444320137853,50.0,185.78378060363505,34.688230104054355,0.052914920468752624,0.04194179437469169,49.999937638888895,0.12472222222221976
899.0,0.7502776220480875,3.715458645630204,3.9302220976384703,50.0,185.7729322815102,34.695607868725574,0.05291716710262505,0.041943472446083506,49.99993756944445,0.12486111111110865
900.0,0.7499998439234729,3.715241687126549,3.9299998751387784,50.0,185.76208435632745,34.702980686119474,0.05291941222066154,0.04194514925322677,49.9999375,0.12499999999999753
901.0,0.7497220657984724,3.7150247365551436,3.929777652638778,50.0,185.75123682775717,34.71034855884449,0.05292165582367685,0.041946824798510564,49.999937430555555,0.1251388888888864
902.0,0.7494442876730862,3.7148077939094195,3.929555430138469,50.0,185.74038969547098,34.71771148950768,0.052923897912485314,0.04194849908430234,49.999937361111115,0.1252777777777753
903.0,0.7491665095473142,3.714590859182833,3.9293332076378515,50.0,185.72954295914167,34.72506948071481,0.05292613848790085,0.04195017211294818,49.99993729166667,0.12541666666666418
904.0,0.7488887314211564,3.7143739323688627,3.9291109851369255,50.0,185.71869661844315,34.73242253507033,0.05292837755073694,0.04195184388677302,49.99993722222222,0.12555555555555306
905.0,0.7486109532946128,3.714157013461009,3.9288887626356903,50.0,185.70785067305044,34.739770655177324,0.052930615101806626,0.04195351440808092,49.99993715277778,0.12569444444444194
906.0,0.7483331751676834,3.713940102452799,3.928666540134147,50.0,185.69700512263995,34.74711384363758,0.05293285114192253,0.041955183679155315,49.999937083333336,0.12583333333333083
907.0,0.7480553970403682,3.7137231993377786,3.9284443176322945,50.0,185.68615996688894,34.754452103051506,0.05293508567189685,0.04195685170225924,49.99993701388889,0.1259722222222197
908.0,0.7477776189126671,3.713506304109521,3.928222095130134,50.0,185.67531520547604,34.76178543601827,0.05293731869254134,0.04195851847963559,49.99993694444444,0.1261111111111086
909.0,0.7474998407845803,3.7132894167616164,3.9279998726276646,50.0,185.66447083808083,34.76911384513562,0.05293955020466735,0.04196018401350733,49.999936875,0.12624999999999748
910.0,0.7472220626561077,3.713072537287681,3.927777650124886,50.0,185.65362686438405,34.77643733300005,0.05294178020908578,0.04196184830607778,49.999936805555556,0.12638888888888636
911.0,0.7469442845272493,3.712855665681352,3.9275554276217997,50.0,185.6427832840676,34.783755902206735,0.05294400870660711,0.041963511359530775,49.99993673611111,0.12652777777777524
912.0,0.746666506398005,3.712638801936286,3.927333205118404,50.0,185.6319400968143,34.79106955534945,0.0529462356980414,0.04196517317603096,49.99993666666667,0.12666666666666412
913.0,0.746388728268375,3.712421946046165,3.9271109826147,50.0,185.62109730230824,34.79837829502071,0.05294846118419827,0.04196683375772399,49.999936597222224,0.126805555555553
914.0,0.7461109501383592,3.712205098004689,3.9268887601106877,50.0,185.61025490023445,34.805682123811664,0.05295068516588693,0.04196849310673673,49.99993652777778,0.1269444444444419
915.0,0.7458331720079575,3.7119882578055785,3.926666537606366,50.0,185.59941289027893,34.81298104431215,0.05295290764391614,0.04197015122517753,49.99993645833333,0.12708333333333077
916.0,0.7455553938771701,3.7117714254425787,3.9264443151017363,50.0,185.58857127212895,34.82027505911071,0.052955128619094266,0.04197180811513638,49.99993638888889,0.12722222222221966
917.0,0.7452776157459968,3.71155460090945,3.9262220925967974,50.0,185.57773004547252,34.827564170794574,0.05295734809222922,0.04197346377868518,49.999936319444444,0.12736111111110854
918.0,0.7449998376144378,3.7113377841999786,3.9259998700915504,50.0,185.56688920999892,34.8348483819496,0.052959566064128494,0.04197511821787793,49.99993625,0.12749999999999742
919.0,0.7447220594824929,3.7111209753079666,3.9257776475859947,50.0,185.55604876539832,34.8421276951604,0.052961782535599154,0.041976771434750926,49.99993618055555,0.1276388888888863
920.0,0.7444442813501623,3.7109041742272364,3.92555542508013,50.0,185.54520871136182,34.84940211301017,0.052963997507447846,0.04197842343132299,49.99993611111111,0.1277777777777752
921.0,0.7441665032174458,3.7106873809516334,3.925333202573957,50.0,185.53436904758166,34.856671638080854,0.05296621098048079,0.04198007420959569,49.999936041666665,0.12791666666666407
922.0,0.7438887250843436,3.7104705954750172,3.925110980067475,50.0,185.52352977375085,34.86393627295308,0.052968422955503795,0.04198172377155348,49.99993597222222,0.12805555555555295
923.0,0.7436109469508555,3.7102538177912723,3.9248887575606846,50.0,185.5126908895636,34.87119602020613,0.05297063343332221,0.041983372119163975,49.99993590277778,0.12819444444444184
924.0,0.7433331688169816,3.710037047894299,3.9246665350535856,50.0,185.50185239471494,34.87845088241795,0.05297284241474098,0.04198501925437811,49.99993583333333,0.12833333333333072
925.0,0.743055390682722,3.709820285778015,3.9244443125461776,50.0,185.49101428890077,34.88570086216521,0.052975049900564626,0.04198666517913033,49.999935763888885,0.1284722222222196
926.0,0.7427776125480765,3.709603531436362,3.9242220900384615,50.0,185.4801765718181,34.892945962023305,0.052977255891597255,0.041988309895338805,49.99993569444444,0.12861111111110848
927.0,0.7424998344130452,3.7093867848632933,3.923999867530436,50.0,185.46933924316465,34.90018618456622,0.05297946038864253,0.04198995340490561,49.999935625000006,0.12874999999999737
928.0,0.7422220562776282,3.7091700460527863,3.9237776450221027,50.0,185.45850230263932,34.9074215323667,0.052981663392503694,0.041991595709716924,49.99993555555556,0.12888888888888625
929.0,0.7419442781418253,3.708953314998834,3.9235554225134606,50.0,185.4476657499417,34.9146520079961,0.052983864903983574,0.041993236811643186,49.99993548611111,0.12902777777777513
930.0,0.7416665000056365,3.708736591695447,3.9233332000045094,50.0,185.43682958477234,34.92187761402454,0.05298606492388457,0.04199487671253931,49.999935416666666,0.12916666666666402
931.0,0.7413887218690619,3.7085198761366542,3.9231109774952495,50.0,185.4259938068327,34.929098353020834,0.052988263453008666,0.04199651541424487,49.99993534722223,0.1293055555555529
932.0,0.7411109437321015,3.708303168316503,3.9228887549856815,50.0,185.41515841582515,34.93631422755243,0.05299046049215741,0.04199815291858426,49.99993527777778,0.12944444444444178
933.0,0.7408331655947553,3.7080864682290566,3.9226665324758043,50.0,185.40432341145282,34.943525240185465,0.05299265604213193,0.04199978922736688,49.99993520833333,0.12958333333333066
934.0,0.7405553874570233,3.707869775868396,3.922444309965619,50.0,185.3934887934198,34.95073139348477,0.05299485010373294,0.042001424342387295,49.99993513888889,0.12972222222221955
935.0,0.7402776093189055,3.707653091228618,3.9222220874551246,50.0,185.3826545614309,34.95793269001393,0.05299704267776074,0.042003058265425455,49.99993506944445,0.12986111111110843
936.0,0.7399998311804019,3.7074364143038396,3.9219998649443215,50.0,185.37182071519197,34.965129132335164,0.05299923376501517,0.042004690998246816,49.999935,0.1299999999999973
937.0,0.7397220530415125,3.707219745088192,3.9217776424332103,50.0,185.3609872544096,34.972320723009375,0.053001423366295694,0.04200632254260253,49.999934930555554,0.1301388888888862
938.0,0.7394442749022373,3.7070030835758216,3.92155541992179,50.0,185.3501541787911,34.979507464596225,0.05300361148240132,0.042007952900229635,49.999934861111115,0.13027777777777508
939.0,0.7391664967625763,3.706786429760896,3.9213331974100614,50.0,185.3393214880448,34.98668935965395,0.053005798114130656,0.04200958207285116,49.99993479166667,0.13041666666666396
940.0,0.7388887186225295,3.7065697836375917,3.9211109748980237,50.0,185.32848918187958,34.9938664107396,0.053007983262281885,0.042011210062176355,49.99993472222222,0.13055555555555284
941.0,0.7386109404820969,3.7063531452001084,3.9208887523856775,50.0,185.31765726000543,35.00103862040885,0.05301016692765276,0.04201283686990081,49.999934652777775,0.13069444444444173
942.0,0.7383331623412784,3.706136514442657,3.920666529873023,50.0,185.30682572213283,35.00820599121613,0.053012349111040614,0.04201446249770663,49.999934583333335,0.1308333333333306
943.0,0.7380553842000742,3.705919891359467,3.9204443073600594,50.0,185.29599456797334,35.01536852571451,0.05301452981324237,0.04201608694726259,49.99993451388889,0.1309722222222195
944.0,0.7377776060584842,3.7057032759447806,3.9202220848467877,50.0,185.28516379723902,35.02252622645574,0.053016709035054524,0.04201771022022429,49.99993444444444,0.13111111111110837
945.0,0.7374998279165084,3.705486668192858,3.919999862333207,50.0,185.2743334096429,35.02967909599033,0.05301888677727315,0.04201933231823432,49.999934375,0.13124999999999726
946.0,0.7372220497741467,3.705270068097973,3.9197776398193174,50.0,185.26350340489864,35.03682713686749,0.0530210630406939,0.04202095324292238,49.999934305555556,0.13138888888888614
947.0,0.7369442716313993,3.705053475654415,3.9195554173051197,50.0,185.25267378272073,35.04397035163504,0.05302323782611203,0.04202257299590548,49.99993423611111,0.13152777777777502
948.0,0.7366664934882661,3.7048368908564884,3.919333194790613,50.0,185.24184454282442,35.051108742839574,0.05302541113432234,0.04202419157878803,49.99993416666666,0.1316666666666639
949.0,0.736388715344747,3.7046203136985127,3.919110972275798,50.0,185.23101568492564,35.05824231302637,0.05302758296611924,0.04202580899316203,49.99993409722222,0.1318055555555528
950.0,0.7361109372008422,3.704403744174821,3.918888749760674,50.0,185.22018720874104,35.065371064739395,0.053029753322296695,0.04202742524060721,49.999934027777776,0.13194444444444167
951.0,0.7358331590565516,3.704187182279761,3.9186665272452412,50.0,185.20935911398806,35.07249500052137,0.05303192220364828,0.042029040322691155,49.99993395833333,0.13208333333333055
952.0,0.7355553809118751,3.7039706280076974,3.9184443047295003,50.0,185.19853140038487,35.079614122913654,0.05303408961096713,0.04203065424096946,49.99993388888889,0.13222222222221944
953.0,0.7352776027668129,3.7037540813530048,3.9182220822134504,50.0,185.18770406765023,35.08672843445629,0.05303625554504597,0.042032266996985854,49.99993381944444,0.13236111111110832
954.0,0.7349998246213648,3.703537542310076,3.917999859697092,50.0,185.1768771155038,35.09383793768808,0.053038420006677106,0.04203387859227237,49.99993375,0.1324999999999972
955.0,0.734722046475531,3.703321010873313,3.917777637180425,50.0,185.16605054366565,35.100942635146566,0.05304058299665242,0.042035489028349436,49.99993368055556,0.1326388888888861
956.0,0.7344442683293113,3.7031044870371366,3.917555414663449,50.0,185.15522435185682,35.10804252936788,0.05304274451576339,0.042037098306726056,49.99993361111111,0.13277777777777497
957.0,0.7341664901827059,3.7028879707959783,3.917333192146165,50.0,185.1443985397989,35.11513762288695,0.053044904564801064,0.04203870642889992,49.99993354166667,0.13291666666666385
958.0,0.7338887120357146,3.702671462144284,3.9171109696285717,50.0,185.1335731072142,35.12222791823734,0.05304706314455608,0.04204031339635751,49.999933472222224,0.13305555555555273
959.0,0.7336109338883375,3.702454961076514,3.9168887471106704,50.0,185.1227480538257,35.12931341795138,0.05304922025581865,0.0420419192105743,49.99993340277778,0.13319444444444162
960.0,0.7333331557405747,3.7022384675871383,3.91666652459246,50.0,185.1119233793569,35.13639412456013,0.053051375899378576,0.0420435238730148,49.99993333333334,0.1333333333333305
961.0,0.733055377592426,3.702021981670644,3.916444302073941,50.0,185.1010990835322,35.14347004059323,0.05305353007602524,0.04204512738513275,49.99993326388889,0.13347222222221938
962.0,0.7327775994438915,3.7018055033215296,3.9162220795551135,50.0,185.09027516607648,35.150541168579196,0.053055682786547625,0.04204672974837121,49.999933194444445,0.13361111111110827
963.0,0.7324998212949713,3.701589032534306,3.915999857035977,50.0,185.0794516267153,35.157607511045114,0.05305783403173427,0.0420483309641627,49.999933125,0.13374999999999715
964.0,0.7322220431456652,3.701372569303498,3.9157776345165325,50.0,185.0686284651749,35.16466907051688,0.05305998381237331,0.04204993103392932,49.99993305555556,0.13388888888888603
965.0,0.7319442649959733,3.7011561136236426,3.915555411996779,50.0,185.05780568118212,35.17172584951902,0.05306213212925247,0.04205152995908285,49.99993298611111,0.13402777777777491
966.0,0.7316664868458956,3.7009396654892877,3.9153331894767165,50.0,185.0469832744644,35.17877785057476,0.05306427898315905,0.04205312774102489,49.999932916666666,0.1341666666666638
967.0,0.7313887086954322,3.7007232248949977,3.915110966956346,50.0,185.03616124474988,35.185825076206186,0.053066424374879934,0.042054724381146984,49.999932847222226,0.13430555555555268
968.0,0.7311109305445829,3.7005067918353443,3.9148887444356664,50.0,185.02533959176722,35.1928675289339,0.053068568305201604,0.04205631988083072,49.99993277777778,0.13444444444444156
969.0,0.7308331523933478,3.700290366304915,3.9146665219146786,50.0,185.01451831524577,35.19990521127738,0.053070710774910115,0.04205791424144785,49.99993270833333,0.13458333333333045
970.0,0.7305553742417269,3.7000739482983076,3.9144442993933817,50.0,185.0036974149154,35.206938125754675,0.05307285178479111,0.042059507464360414,49.999932638888886,0.13472222222221933
971.0,0.7302775960897202,3.6998575378101317,3.914222076871776,50.0,184.99287689050658,35.213966274882694,0.053074991335629824,0.042061099550920834,49.99993256944445,0.1348611111111082
972.0,0.7299998179373277,3.699641134835011,3.9139998543498624,50.0,184.98205674175054,35.22098966117693,0.053077129428211064,0.04206269050247204,49.9999325,0.1349999999999971
973.0,0.7297220397845494,3.699424739367577,3.9137776318276396,50.0,184.97123696837886,35.228008287151624,0.05307926606331924,0.042064280320347584,49.99993243055555,0.13513888888888598
974.0,0.7294442616313853,3.699208351402478,3.9135554093051086,50.0,184.9604175701239,35.235022155319825,0.053081401241738324,0.042065869005871726,49.99993236111111,0.13527777777777486
975.0,0.7291664834778354,3.698991970934368,3.9133331867822685,50.0,184.9495985467184,35.242031268193216,0.0530835349642519,0.042067456560359553,49.99993229166667,0.13541666666666374
976.0,0.7288887053238997,3.698775597957917,3.9131109642591198,50.0,184.93877989789584,35.24903562828217,0.053085667231643124,0.04206904298511709,49.99993222222222,0.13555555555555263
977.0,0.7286109271695782,3.6985592324678036,3.912888741735663,50.0,184.9279616233902,35.25603523809582,0.053087798044694746,0.04207062828144141,49.999932152777774,0.1356944444444415
978.0,0.7283331490148709,3.698342874458719,3.912666519211897,50.0,184.91714372293595,35.26303010014203,0.0530899274041891,0.042072212450620726,49.999932083333334,0.1358333333333304
979.0,0.7280553708597778,3.698126523925365,3.9124442966878226,50.0,184.90632619626825,35.27002021692738,0.053092055310908104,0.04207379549393449,49.99993201388889,0.13597222222221927
980.0,0.7277775927042989,3.697910180862454,3.9122220741634393,50.0,184.8955090431227,35.277005590957174,0.053094181765633255,0.04207537741265349,49.99993194444444,0.13611111111110816
981.0,0.7274998145484342,3.697693845264711,3.9119998516387473,50.0,184.88469226323554,35.28398622473537,0.05309630676914567,0.042076958208039986,49.999931874999994,0.13624999999999704
982.0,0.7272220363921836,3.6974775171268677,3.911777629113747,50.0,184.87387585634337,35.29096212076473,0.05309843032222602,0.04207853788134776,49.999931805555555,0.13638888888888592
983.0,0.7269442582355473,3.6972611964436717,3.911555406588438,50.0,184.86305982218357,35.297933281546705,0.053100552425654576,0.042080116433822236,49.99993173611111,0.1365277777777748
984.0,0.7266664800785252,3.6970448832098777,3.9113331840628205,50.0,184.85224416049388,35.304899709581434,0.0531026730802112,0.04208169386670058,49.99993166666667,0.1366666666666637
985.0,0.7263887019211173,3.6968285774202516,3.911110961536894,50.0,184.84142887101257,35.31186140736787,0.05310479228667534,0.04208327018121181,49.99993159722222,0.13680555555555257
986.0,0.7261109237633235,3.69661227906957,3.910888739010659,50.0,184.83061395347852,35.318818377403545,0.05310691004582603,0.042084845378576825,49.99993152777778,0.13694444444444145
987.0,0.725833145605144,3.69639598815262,3.9106665164841155,50.0,184.819799407631,35.325770622184905,0.0531090263584419,0.04208641946000859,49.999931458333336,0.13708333333333034
988.0,0.7255553674465787,3.6961797046641984,3.910444293957263,50.0,184.8089852332099,35.33271814420692,0.05311114122530115,0.04208799242671214,49.99993138888889,0.13722222222221922
989.0,0.7252775892876275,3.6959634285991125,3.9102220714301024,50.0,184.79817142995563,35.33966094596343,0.053113254647181606,0.04208956427988476,49.99993131944444,0.1373611111111081
990.0,0.7249998111282906,3.6957471599521794,3.9099998489026326,50.0,184.78735799760898,35.34659902994696,0.053115366624860647,0.04209113502071597,49.99993125,0.13749999999999699
991.0,0.7247220329685679,3.695530898718226,3.9097776263748543,50.0,184.7765449359113,35.353532398648724,0.05311747715911525,0.04209270465038771,49.999931180555556,0.13763888888888587
992.0,0.7244442548084593,3.6953146448920897,3.9095554038467677,50.0,184.7657322446045,35.360461054558755,0.053119586250722,0.042094273170074366,49.99993111111111,0.13777777777777475
993.0,0.724166476647965,3.6950983984686157,3.909333181318372,50.0,184.75491992343078,35.36738500016571,0.05312169390045706,0.04209584058094289,49.99993104166667,0.13791666666666363
994.0,0.7238886984870848,3.694882159442662,3.909110958789668,50.0,184.7441079721331,35.374304237957006,0.053123800109096175,0.04209740688415286,49.999930972222224,0.13805555555555252
995.0,0.7236109203258189,3.694665927809093,3.9088887362606553,50.0,184.73329639045465,35.3812187704188,0.05312590487741469,0.042098972080856584,49.99993090277778,0.1381944444444414
996.0,0.7233331421641671,3.6944497035627855,3.9086665137313337,50.0,184.72248517813927,35.388128600036,0.053128008206187544,0.04210053617219917,49.99993083333333,0.13833333333333028
997.0,0.7230553640021296,3.6942334866986233,3.908444291201704,50.0,184.71167433493116,35.39503372929221,0.05313011009618926,0.042102099159318625,49.99993076388889,0.13847222222221917
998.0,0.7227775858397062,3.694017277211501,3.908222068671765,50.0,184.70086386057505,35.40193416066984,0.05313221054819395,0.04210366104334591,49.999930694444444,0.13861111111110805
999.0,0.722499807676897,3.693801075096322,3.907999846141518,50.0,184.69005375481612,35.40882989664988,0.053134309562975324,0.04210522182540505,49.999930625,0.13874999999999693
1000.0,0.7222220295137021,3.6935848803479985,3.907777623610962,50.0,184.67924401739992,35.41572093971217,0.053136407141306685,0.04210678150661318,49.99993055555556,0.13888888888888581
1001.0,0.7219442513501213,3.6933686929614518,3.907555401080097,50.0,184.66843464807258,35.42260729233527,0.053138503283960914,0.042108340088080655,49.99993048611111,0.1390277777777747
1002.0,0.7216664731861547,3.693152512931613,3.907333178548924,50.0,184.65762564658067,35.429488956996465,0.0531405979917105,0.04210989757091112,49.999930416666665,0.13916666666666358
1003.0,0.7213886950218024,3.692936340253422,3.907110956017442,50.0,184.6468170126711,35.436365936171796,0.05314269126532753,0.04211145395620157,49.99993034722222,0.13930555555555246
1004.0,0.7211109168570642,3.692720174921827,3.9068887334856517,50.0,184.63600874609133,35.44323823233594,0.053144783105583654,0.04211300924504245,49.99993027777778,0.13944444444444135
1005.0,0.7208331386919402,3.692504016931784,3.9066665109535523,50.0,184.6252008465892,35.45010584796245,0.05314687351325014,0.0421145634385177,49.99993020833333,0.13958333333333023
1006.0,0.7205553605264304,3.6922878662782597,3.9064442884211443,50.0,184.61439331391298,35.456968785523486,0.05314896248909784,0.042116116537704855,49.999930138888885,0.1397222222222191
1007.0,0.7202775823605349,3.6920717229562294,3.906222065888428,50.0,184.60358614781148,35.46382704749004,0.0531510500338972,0.04211766854367511,49.999930069444446,0.139861111111108
1008.0,0.7199998041942535,3.6918555869606746,3.905999843355403,50.0,184.59277934803373,35.47068063633179,0.05315313614841827,0.04211921945749338,49.99993,0.13999999999999688
1009.0,0.7197220260275863,3.691639458286589,3.9057776208220694,50.0,184.58197291432944,35.47752955451716,0.05315522083343066,0.042120769280218406,49.99992993055555,0.14013888888888576
1010.0,0.7194442478605333,3.69142333692897,3.905555398288427,50.0,184.5711668464485,35.484373804513325,0.05315730408970361,0.04212231801290277,49.999929861111106,0.14027777777777464
1011.0,0.7191664696930945,3.6912072228828268,3.9053331757544756,50.0,184.56036114414132,35.49121338878621,0.053159385918005946,0.042123865656593006,49.999929791666666,0.14041666666666353
1012.0,0.7188886915252699,3.690991116143177,3.905110953220216,50.0,184.54955580715887,35.49804830980048,0.05316146631910607,0.04212541221232967,49.99992972222223,0.1405555555555524
1013.0,0.7186109133570595,3.6907750167050444,3.9048887306856477,50.0,184.53875083525222,35.504878570019514,0.053163545293772,0.04212695768114739,49.99992965277778,0.1406944444444413
1014.0,0.7183331351884633,3.690558924563462,3.904666508150771,50.0,184.5279462281731,35.51170417190542,0.053165622842771335,0.04212850206407493,49.99992958333333,0.14083333333333017
1015.0,0.7180553570194813,3.690342839713471,3.904444285615585,50.0,184.51714198567356,35.51852511791907,0.05316769896687127,0.042130045362135285,49.999929513888894,0.14097222222221906
1016.0,0.7177775788501135,3.6901267621501193,3.904222063080091,50.0,184.50633810750597,35.52534141052007,0.0531697736668386,0.0421315875763457,49.99992944444445,0.14111111111110794
1017.0,0.7174998006803599,3.6899106918684654,3.903999840544288,50.0,184.49553459342326,35.53215305216679,0.05317184694343971,0.042133128707717786,49.999929375,0.14124999999999682
1018.0,0.7172220225102205,3.6896946288635726,3.9037776180081765,50.0,184.48473144317862,35.538960045316344,0.053173918797440586,0.04213466875725755,49.999929305555554,0.1413888888888857
1019.0,0.7169442443396953,3.6894785731305144,3.9035553954717566,50.0,184.47392865652571,35.54576239242459,0.053175989229606806,0.04213620772596546,49.999929236111115,0.1415277777777746
1020.0,0.7166664661687843,3.6892625246643704,3.9033331729350276,50.0,184.46312623321853,35.55256009594609,0.05317805824070354,0.04213774561483654,49.99992916666667,0.14166666666666347
1021.0,0.7163886879974874,3.689046483460228,3.90311095039799,50.0,184.45232417301142,35.559353158334204,0.05318012583149556,0.04213928242486038,49.99992909722222,0.14180555555555235
1022.0,0.7161109098258048,3.6888304495131856,3.902888727860644,50.0,184.44152247565927,35.566141582040984,0.05318219200274725,0.04214081815702124,49.99992902777778,0.14194444444444124
1023.0,0.7158331316537364,3.688614422818342,3.902666505322989,50.0,184.4307211409171,35.57292536951729,0.05318425675522255,0.04214235281229808,49.999928958333335,0.14208333333333012
1024.0,0.7155553534812822,3.6883984033708117,3.902444282785026,50.0,184.41992016854059,35.57970452321268,0.053186320089685026,0.04214388639166465,49.99992888888889,0.142222222222219
1025.0,0.7152775753084422,3.688182391165711,3.902222060246754,50.0,184.40911955828554,35.58647904557546,0.053188382006897836,0.04214541889608952,49.99992881944444,0.14236111111110789
1026.0,0.7149997971352163,3.6879663861981644,3.901999837708173,50.0,184.39831930990823,35.59324893905273,0.05319044250762373,0.042146950326536155,49.99992875,0.14249999999999677
1027.0,0.7147220189616047,3.6877503884633067,3.901777615169284,50.0,184.38751942316534,35.60001420609029,0.05319250159262506,0.04214848068396297,49.999928680555556,0.14263888888888565
1028.0,0.7144442407876073,3.687534397956276,3.901555392630086,50.0,184.37671989781379,35.60677484913276,0.05319455926266378,0.04215000996932339,49.99992861111111,0.14277777777777453
1029.0,0.714166462613224,3.687318414672221,3.9013331700905796,50.0,184.36592073361103,35.61353087062338,0.05319661551850143,0.04215153818356588,49.99992854166667,0.14291666666666342
1030.0,0.713888684438455,3.6871024386062943,3.901110947550764,50.0,184.3551219303147,35.62028227300431,0.053198670360899154,0.04215306532763404,49.99992847222222,0.1430555555555523
1031.0,0.7136109062633001,3.686886469753659,3.90088872501064,50.0,184.34432348768294,35.62702905871629,0.05320072379061769,0.042154591402466635,49.999928402777776,0.14319444444444118
1032.0,0.7133331280877595,3.6866705081094824,3.900666502470208,50.0,184.33352540547412,35.63377123019893,0.053202775808417375,0.042156116408997656,49.99992833333333,0.14333333333333007
1033.0,0.7130553499118331,3.68645455366894,3.9004442799294665,50.0,184.322727683447,35.64050878989059,0.05320482641505815,0.04215764034815637,49.99992826388889,0.14347222222221895
1034.0,0.7127775717355208,3.686238606427215,3.900222057388417,50.0,184.31193032136076,35.64724174022831,0.05320687561129955,0.04215916322086737,49.99992819444444,0.14361111111110783
1035.0,0.7124997935588228,3.6860226663794955,3.8999998348470584,50.0,184.30113331897476,35.653970083648005,0.05320892339790072,0.04216068502805065,49.999928125,0.1437499999999967
1036.0,0.7122220153817389,3.685806733520978,3.899777612305391,50.0,184.2903366760489,35.660693822584165,0.05321096977562038,0.042162205770621616,49.99992805555556,0.1438888888888856
1037.0,0.7119442372042692,3.6855908078468653,3.8995553897634156,50.0,184.27954039234328,35.6674129594702,0.05321301474521687,0.04216372544949118,49.99992798611111,0.14402777777777448
1038.0,0.7116664590264137,3.685374889352367,3.899333167221131,50.0,184.26874446761835,35.67412749673821,0.053215058307448125,0.042165244065565766,49.999927916666664,0.14416666666666336
1039.0,0.7113886808481723,3.6851589780326983,3.899110944678538,50.0,184.2579489016349,35.68083743681905,0.053217100463071675,0.04216676161974741,49.99992784722222,0.14430555555555225
1040.0,0.7111109026695451,3.6849430738830824,3.898888722135636,50.0,184.24715369415412,35.687542782142316,0.053219141212844656,0.04216827811293376,49.99992777777778,0.14444444444444113
1041.0,0.7108331244905322,3.68472717689875,3.898666499592426,50.0,184.23635884493748,35.694243535136366,0.0532211805575238,0.042169793546018165,49.99992770833334,0.14458333333333
1042.0,0.7105553463111334,3.6845112870749346,3.898444277048907,50.0,184.22556435374673,35.70093969822835,0.05322321849786543,0.0421713079198897,49.99992763888889,0.1447222222222189
1043.0,0.7102775681313488,3.68429540440688,3.898222054505079,50.0,184.214770220344,35.707631273844186,0.05322525503462549,0.0421728212354332,49.999927569444445,0.14486111111110778
1044.0,0.7099997899511784,3.6840795288898347,3.897999831960943,50.0,184.20397644449173,35.71431826440852,0.0532272901685595,0.04217433349352936,49.999927500000005,0.14499999999999666
1045.0,0.7097220117706222,3.6838636605190533,3.8977776094164978,50.0,184.19318302595266,35.72100067234476,0.05322932390042262,0.04217584469505471,49.99992743055556,0.14513888888888554
1046.0,0.7094442335896802,3.683647799289798,3.8975553868717445,50.0,184.18238996448991,35.72767850007506,0.05323135623096956,0.04217735484088173,49.99992736111111,0.14527777777777443
1047.0,0.7091664554083524,3.6834319451973356,3.897333164326682,50.0,184.1715972598668,35.73435175002038,0.05323338716095467,0.04217886393187884,49.999927291666665,0.1454166666666633
1048.0,0.7088886772266388,3.6832160982369397,3.8971109417813112,50.0,184.16080491184698,35.741020424600435,0.053235416691131895,0.04218037196891048,49.999927222222226,0.1455555555555522
1049.0,0.7086108990445394,3.683000258403891,3.8968887192356316,50.0,184.15001292019454,35.74768452623363,0.05323744482225476,0.04218187895283713,49.99992715277778,0.14569444444444107
1050.0,0.7083331208620542,3.6827844256934754,3.8966664966896434,50.0,184.13922128467377,35.75434405733722,0.05323947155507641,0.04218338488451537,49.99992708333333,0.14583333333332996
1051.0,0.7080553426791832,3.682568600100986,3.896444274143347,50.0,184.1284300050493,35.760999020327176,0.0532414968903496,0.04218488976479792,49.99992701388889,0.14597222222221884
1052.0,0.7077775644959264,3.68235278162172,3.8962220515967414,50.0,184.117639081086,35.76764941761826,0.05324352082882667,0.04218639359453369,49.99992694444445,0.14611111111110772
1053.0,0.7074997863122838,3.682136970250983,3.8959998290498272,50.0,184.10684851254913,35.77429525162398,0.05324554337125957,0.04218789637456779,49.999926875,0.1462499999999966
1054.0,0.7072220081282554,3.681921165984084,3.8957776065026044,50.0,184.0960582992042,35.78093652475667,0.05324756451839984,0.042189398105741606,49.99992680555555,0.1463888888888855
1055.0,0.7069442299438412,3.6817053688163393,3.895555383955073,50.0,184.08526844081698,35.78757323942733,0.05324958427099865,0.04219089878889283,49.999926736111114,0.14652777777777437
1056.0,0.7066664517590412,3.6814895787430726,3.8953331614072333,50.0,184.07447893715363,35.79420539804579,0.05325160262980676,0.0421923984248555,49.99992666666667,0.14666666666666325
1057.0,0.7063886735738554,3.68127379575961,3.8951109388590845,50.0,184.06368978798048,35.800833003020614,0.05325361959557452,0.04219389701446003,49.99992659722222,0.14680555555555214
1058.0,0.7061108953882838,3.6810580198612857,3.894888716310627,50.0,184.05290099306427,35.80745605675918,0.05325563516905191,0.04219539455853327,49.999926527777774,0.14694444444444102
1059.0,0.7058331172023263,3.68084225104344,3.894666493761861,50.0,184.042112552172,35.81407456166761,0.05325764935098848,0.04219689105789854,49.999926458333334,0.1470833333333299
1060.0,0.7055553390159831,3.680626489301418,3.8944442712127865,50.0,184.0313244650709,35.82068852015078,0.053259662142133415,0.042198386513375645,49.99992638888889,0.14722222222221878
1061.0,0.7052775608292541,3.6804107346305694,3.8942220486634036,50.0,184.02053673152847,35.82729793461232,0.053261673543235494,0.04219988092578095,49.99992631944444,0.14736111111110767
1062.0,0.7049997826421392,3.680194987026251,3.8939998261137116,50.0,184.00974935131256,35.833902807454706,0.053263683555043094,0.04220137429592738,49.99992625,0.14749999999999655
1063.0,0.7047220044546386,3.6799792464838266,3.893777603563711,50.0,183.99896232419133,35.840503141079125,0.0532656921783042,0.04220286662462449,49.999926180555555,0.14763888888888543
1064.0,0.7044442262667522,3.6797635129986617,3.893555381013402,50.0,183.98817564993308,35.84709893788556,0.053267699413766405,0.04220435791267848,49.99992611111111,0.14777777777777432
1065.0,0.70416644807848,3.6795477865661312,3.893333158462784,50.0,183.97738932830657,35.85369020027281,0.0532697052621769,0.04220584816089225,49.99992604166666,0.1479166666666632
1066.0,0.7038886698898219,3.679332067181613,3.893110935911858,50.0,183.96660335908066,35.86027693063829,0.05327170972428248,0.04220733737006541,49.99992597222222,0.14805555555555208
1067.0,0.7036108917007781,3.6791163548404917,3.8928887133606227,50.0,183.95581774202458,35.86685913137836,0.05327371280082957,0.04220882554099435,49.999925902777775,0.14819444444444096
1068.0,0.7033331135113484,3.678900649538156,3.892666490809079,50.0,183.9450324769078,35.873436804888115,0.053275714492564165,0.04221031267447224,49.99992583333333,0.14833333333332985
1069.0,0.703055335321533,3.6786849512700015,3.8924442682572264,50.0,183.93424756350007,35.88000995356134,0.05327771480023189,0.04221179877128909,49.99992576388889,0.14847222222221873
1070.0,0.7027775571313317,3.6784692600314286,3.8922220457050654,50.0,183.92346300157143,35.886578579790694,0.053279713724577966,0.04221328383223177,49.99992569444445,0.1486111111111076
1071.0,0.7024997789407447,3.6782535758178425,3.891999823152596,50.0,183.91267879089213,35.89314268596752,0.05328171126634723,0.042214767858084055,49.999925625,0.1487499999999965
1072.0,0.7022220007497718,3.6780378986246545,3.8917776005998177,50.0,183.90189493123273,35.899702274482024,0.05328370742628411,0.04221625084962666,49.999925555555556,0.14888888888888538
1073.0,0.7019442225584132,3.6778222284472806,3.8915553780467307,50.0,183.89111142236402,35.90625734772317,0.05328570220513265,0.04221773280763723,49.99992548611111,0.14902777777777426
1074.0,0.7016664443666687,3.677606565281142,3.891333155493335,50.0,183.88032826405708,35.91280790807866,0.0532876956036365,0.042219213732890455,49.99992541666667,0.14916666666666314
1075.0,0.7013886661745384,3.6773909091216646,3.8911109329396307,50.0,183.86954545608322,35.91935395793507,0.05328968762253891,0.04222069362615803,49.999925347222224,0.14930555555555203
1076.0,0.7011108879820224,3.6771752599642813,3.8908887103856182,50.0,183.85876299821408,35.92589549967761,0.053291678262582756,0.04222217248820871,49.99992527777778,0.1494444444444409
1077.0,0.7008331097891205,3.6769596178044277,3.8906664878312966,50.0,183.84798089022138,35.932432535690396,0.0532936675245105,0.04222365031980836,49.99992520833334,0.1495833333333298
1078.0,0.7005553315958328,3.676743982637546,3.8904442652766664,50.0,183.8371991318773,35.9389650683562,0.053295655409064224,0.04222512712171996,49.99992513888889,0.14972222222221868
1079.0,0.7002775534021594,3.676528354459083,3.8902220427217276,50.0,183.82641772295415,35.945493100056694,0.05329764191698562,0.04222660289470365,49.999925069444444,0.14986111111110756
1080.0,0.6999997752081001,3.676312755743681,3.88999984264567,50.0,183.81563778718407,35.95201663317232,0.05329962704901597,0.042228077639516755,49.999925,0.14999999999999644
1081.0,0.699721997013655,3.676124919347861,3.8898053979095586,50.0,183.80624596739307,35.958535670082256,0.05330161080589619,0.042229551356913815,49.99992493055556,0.15013888888888532
1082.0,0.6994442188188241,3.675937089926869,3.889610953173177,50.0,183.79685449634343,35.96505021316443,0.053303593188366784,0.04223102404764663,49.99992486111111,0.1502777777777742
1083.0,0.6991664406236074,3.675749267476171,3.8894165084365255,50.0,183.78746337380855,35.97156026479564,0.053305574197167874,0.04223249571246425,49.999924791666665,0.1504166666666631
1084.0,0.698888662428005,3.675561451991239,3.8892220636996035,50.0,183.77807259956197,35.97806582735143,0.05330755383303919,0.04223396635211305,49.999924722222225,0.15055555555555197
1085.0,0.6986108842320167,3.6753736434675504,3.889027618962412,50.0,183.76868217337753,35.98456690320609,0.05330953209672006,0.04223543596733674,49.99992465277778,0.15069444444444086
1086.0,0.6983331060356426,3.675185841900585,3.88883317422495,50.0,183.75929209502925,35.99106349473277,0.05331150898894944,0.042236904558876374,49.99992458333333,0.15083333333332974
1087.0,0.6980553278388827,3.6749980472858295,3.888638729487218,50.0,183.74990236429147,35.997555604303386,0.05331348451046588,0.04223837212747042,49.999924513888885,0.15097222222221862
1088.0,0.697777549641737,3.674810259618775,3.888444284749216,50.0,183.74051298093875,36.00404323428859,0.05331545866200755,0.042239838673854745,49.999924444444446,0.1511111111111075
1089.0,0.6974997714442055,3.674622478894916,3.888249840010944,50.0,183.7311239447458,36.01052638705784,0.053317431444312224,0.04224130419876266,49.999924375,0.1512499999999964
1090.0,0.6972219932462882,3.6744347051097543,3.888055395272402,50.0,183.72173525548772,36.0170050649794,0.05331940285811729,0.04224276870292497,49.99992430555555,0.15138888888888527
1091.0,0.6969442150479851,3.6742469382587934,3.8878609505335895,50.0,183.71234691293967,36.02347927042035,0.053321372904159746,0.04224423218706995,49.99992423611111,0.15152777777777415
1092.0,0.6966664368492962,3.674059178337544,3.8876665057945075,50.0,183.7029589168772,36.029949005746516,0.0533233415831762,0.042245694651923425,49.999924166666666,0.15166666666666304
1093.0,0.6963886586502215,3.6738714253415203,3.887472061055155,50.0,183.693571267076,36.03641427332252,0.05332530889590286,0.04224715609820876,49.99992409722222,0.15180555555555192
1094.0,0.696110880450761,3.67368367926624,3.887277616315533,50.0,183.68418396331202,36.0428750755118,0.05332727484307556,0.042248616526646895,49.99992402777777,0.1519444444444408
1095.0,0.6958331022509147,3.673495940107228,3.8870831715756404,50.0,183.6747970053614,36.049331414676544,0.05332923942542974,0.04225007593795638,49.99992395833333,0.15208333333332968
1096.0,0.6955553240506825,3.673308207860012,3.886888726835478,50.0,183.6654103930006,36.05578329317774,0.05333120264370044,0.04225153433285338,49.99992388888889,0.15222222222221857
1097.0,0.6952775458500646,3.673120482520124,3.8866942820950454,50.0,183.6560241260062,36.062230713375186,0.05333316449862234,0.04225299171205172,49.99992381944444,0.15236111111110745
1098.0,0.6949997676490609,3.6729327640831,3.886499837354343,50.0,183.646638204155,36.06867367762743,0.0533351249909297,0.042254448076262906,49.99992375,0.15249999999999633
1099.0,0.6947219894476714,3.672745052544484,3.88630539261337,50.0,183.6372526272242,36.07511218829188,0.053337084121356404,0.042255903426196145,49.99992368055556,0.15263888888888522
1100.0,0.6944442112458961,3.67255734789982,3.8861109478721274,50.0,183.627867394991,36.08154624772476,0.05333904189063596,0.042257357762558366,49.999923611111114,0.1527777777777741
1101.0,0.6941664330437349,3.6723696501446583,3.8859165031306144,50.0,183.61848250723293,36.08797585828097,0.053340998299501466,0.04225881108605424,49.99992354166667,0.15291666666666298
1102.0,0.693888654841188,3.6721819592745555,3.885722058388832,50.0,183.60909796372778,36.09440102231429,0.05334295334868565,0.04226026339738622,49.99992347222222,0.15305555555555186
1103.0,0.6936108766382553,3.6719942752850687,3.885527613646779,50.0,183.59971376425344,36.10082174217729,0.05334490703892085,0.04226171469725455,49.99992340277778,0.15319444444444075
1104.0,0.6933330984349367,3.671806598171762,3.885333168904456,50.0,183.5903299085881,36.1072380202213,0.053346859370939005,0.0422631649863573,49.999923333333335,0.15333333333332963
1105.0,0.6930553202312324,3.6716189279302034,3.885138724161863,50.0,183.58094639651017,36.113649858796464,0.053348810345471676,0.042264614265390375,49.99992326388889,0.1534722222222185
1106.0,0.6927775420271423,3.6714312645559652,3.884944279419,50.0,183.57156322779826,36.12005726025171,0.05335075996325005,0.04226606253504755,49.99992319444445,0.1536111111111074
1107.0,0.6924997638226663,3.671243608044623,3.8847498346758664,50.0,183.56218040223115,36.126460226934796,0.05335270822500489,0.042267509796020473,49.999923125,0.15374999999999628
1108.0,0.6922219856178046,3.6710559583917584,3.8845553899324634,50.0,183.55279791958793,36.13285876119227,0.05335465513146661,0.042268956048998704,49.999923055555556,0.15388888888888516
1109.0,0.691944207412557,3.670868315592955,3.88436094518879,50.0,183.54341577964775,36.139252865369485,0.05335660068336522,0.04227040129466974,49.99992298611111,0.15402777777777404
1110.0,0.6916664292069237,3.670680679643803,3.884166500444847,50.0,183.53403398219015,36.14564254181056,0.05335854488143035,0.04227184553371902,49.99992291666667,0.15416666666666293
1111.0,0.6913886510009045,3.6704930505398954,3.8839720557006334,50.0,183.52465252699477,36.15202779285846,0.05336048772639126,0.04227328876682995,49.99992284722222,0.1543055555555518
1112.0,0.6911108727944996,3.670305428276829,3.88377761095615,50.0,183.51527141384145,36.158408620854914,0.05336242921897678,0.04227473099468395,49.999922777777776,0.1544444444444407
1113.0,0.6908330945877088,3.670117812850206,3.8835831662113964,50.0,183.5058906425103,36.1647850281405,0.05336436935991539,0.04227617221796042,49.99992270833333,0.15458333333332958
1114.0,0.6905553163805322,3.6699302042556314,3.8833887214663725,50.0,183.49651021278157,36.1711570170545,0.05336630814993519,0.04227761243733682,49.99992263888889,0.15472222222221846
1115.0,0.6902775381729699,3.669742602488716,3.883194276721079,50.0,183.4871301244358,36.1775245899351,0.053368245589763864,0.04227905165348865,49.99992256944444,0.15486111111110734
1116.0,0.6899997599650217,3.669555007545074,3.8829998319755155,50.0,183.4777503772537,36.183887749119265,0.053370181680128734,0.04228048986708948,49.9999225,0.15499999999999622
1117.0,0.6897219817566878,3.669367419420321,3.8828053872296815,50.0,183.46837097101604,36.190246496942734,0.05337211642175674,0.04228192707881098,49.99992243055556,0.1551388888888851
1118.0,0.689444203547968,3.669179838110081,3.8826109424835775,50.0,183.45899190550406,36.19660083574007,0.05337404981537442,0.042283363289322945,49.99992236111111,0.155277777777774
1119.0,0.6891664253388624,3.66899226360998,3.882416497737204,50.0,183.449613180499,36.20295076784464,0.05337598186170795,0.042284798499293265,49.999922291666664,0.15541666666666287
1120.0,0.688888647129371,3.668804695915647,3.88222205299056,50.0,183.44023479578235,36.209296295588615,0.0533779125614831,0.04228623270938801,49.99992222222222,0.15555555555555176
1121.0,0.6886108689194939,3.668617135022716,3.882027608243646,50.0,183.4308567511358,36.21563742130297,0.05337984191542527,0.0422876659202714,49.99992215277778,0.15569444444444064
1122.0,0.6883330907092309,3.6684295809268255,3.8818331634964616,50.0,183.42147904634126,36.221974147317496,0.05338176992425947,0.04228909813260587,49.99992208333333,0.15583333333332952
1123.0,0.6880553124985821,3.6682420336236174,3.8816387187490076,50.0,183.41210168118087,36.22830647596072,0.053383696588710325,0.04229052934705202,49.999922013888884,0.1559722222222184
1124.0,0.6877775342875475,3.6680544931087375,3.8814442740012836,50.0,183.40272465543688,36.2346344095601,0.053385621909502086,0.042291959564268705,49.999921944444445,0.1561111111111073
1125.0,0.6874997560761271,3.6678669593778346,3.881249829253289,50.0,183.39334796889173,36.240957950441896,0.05338754588735862,0.04229338878491302,49.999921875,0.15624999999999617
1126.0,0.6872219778643209,3.667679432426563,3.8810553845050246,50.0,183.38397162132816,36.24727710093106,0.0533894685230034,0.04229481700964029,49.99992180555556,0.15638888888888505
1127.0,0.6869441996521289,3.6674919122505805,3.88086093975649,50.0,183.37459561252902,36.2535918633514,0.053391389817159525,0.04229624423910414,49.99992173611111,0.15652777777777394
1128.0,0.6866664214395511,3.6673043988455474,3.880666495007686,50.0,183.36521994227738,36.25990224002561,0.05339330977054971,0.042297670473956495,49.999921666666665,0.15666666666666282
1129.0,0.6863886432265875,3.6671168922071296,3.880472050258611,50.0,183.35584461035648,36.26620823327511,0.053395228383896286,0.042299095714847565,49.999921597222226,0.1568055555555517
1130.0,0.6861108650132381,3.6669293923309954,3.8802776055092667,50.0,183.34646961654977,36.27250984542019,0.05339714565792121,0.042300519962425905,49.99992152777778,0.15694444444444058
1131.0,0.685833086799503,3.666741899212818,3.880083160759652,50.0,183.3370949606409,36.27880707877989,0.05339906159334605,0.04230194321733841,49.99992145833333,0.15708333333332947
1132.0,0.6855553085853819,3.666554412848274,3.8798887160097673,50.0,183.32772064241368,36.28509993567212,0.053400976190891986,0.04230336548023033,49.99992138888889,0.15722222222221835
1133.0,0.6852775303708751,3.6663669332330437,3.8796942712596127,50.0,183.31834666165219,36.29138841841353,0.053402889451279835,0.0423047867517453,49.99992131944445,0.15736111111110723
1134.0,0.6849997521559825,3.6661794603628097,3.879499826509188,50.0,183.30897301814048,36.2976725293197,0.053404801375230015,0.04230620703252535,49.99992125,0.15749999999999612
1135.0,0.6847219739407041,3.6659919942332615,3.879305381758493,50.0,183.29959971166306,36.30395227070488,0.05340671196346256,0.042307626323210897,49.99992118055555,0.157638888888885
1136.0,0.6844441957250398,3.665804534840089,3.879110937007528,50.0,183.29022674200445,36.310227644882275,0.05340862121669716,0.0423090446244408,49.999921111111114,0.15777777777777388
1137.0,0.6841664175089897,3.6656170821789895,3.878916492256293,50.0,183.28085410894948,36.31649865416381,0.05341052913565307,0.04231046193685236,49.99992104166667,0.15791666666666276
1138.0,0.6838886392925537,3.6654296362456593,3.878722047504788,50.0,183.27148181228296,36.32276530086028,0.0534124357210492,0.04231187826108132,49.99992097222222,0.15805555555555165
1139.0,0.683610861075732,3.665242197035802,3.8785276027530124,50.0,183.26210985179011,36.3290275872813,0.05341434097360408,0.0423132935977619,49.99992090277778,0.15819444444444053
1140.0,0.6833330828585245,3.6650547645451232,3.878333158000967,50.0,183.25273822725617,36.33528551573528,0.05341624489403584,0.04231470794752679,49.999920833333334,0.1583333333333294
1141.0,0.6830553046409311,3.6648673387693336,3.878138713248652,50.0,183.2433669384667,36.34153908852937,0.05341814748306225,0.04231612131100721,49.99992076388889,0.1584722222222183
1142.0,0.682777526422952,3.6646799197041453,3.8779442684960665,50.0,183.23399598520726,36.34778830796972,0.05342004874140068,0.04231753368883287,49.99992069444444,0.15861111111110718
1143.0,0.682499748204587,3.664492507345276,3.877749823743211,50.0,183.2246253672638,36.3540331763611,0.053421948669768154,0.04231894508163201,49.999920625,0.15874999999999606
1144.0,0.6822219699858363,3.664305101688446,3.8775553789900856,50.0,183.2152550844223,36.360273696007255,0.053423847268881275,0.04232035549003142,49.999920555555555,0.15888888888888494
1145.0,0.6819441917666997,3.6641177027293788,3.8773609342366897,50.0,183.20588513646894,36.36650986921069,0.053425744539456296,0.042321764914656446,49.99992048611111,0.15902777777777383
1146.0,0.6816664135471774,3.6639303104638024,3.8771664894830242,50.0,183.19651552319013,36.372741698272705,0.053427640482209084,0.04232317335613099,49.99992041666667,0.1591666666666627
1147.0,0.6813886353272692,3.663742924887448,3.8769720447290887,50.0,183.1871462443724,36.378969185493474,0.05342953509785513,0.04232458081507756,49.99992034722222,0.1593055555555516
1148.0,0.6811108571069753,3.6635555459960503,3.876777599974883,50.0,183.1777772998025,36.38519233317197,0.053431428387109535,0.04232598729211725,49.999920277777775,0.15944444444444048
1149.0,0.6808330788862955,3.6633681737853476,3.876583155220407,50.0,183.16840868926738,36.39141114360598,0.05343332035068703,0.04232739278786976,49.99992020833333,0.15958333333332936
1150.0,0.68055530066523,3.663180808251081,3.876388710465661,50.0,183.15904041255405,36.39762561909208,0.05343521098930197,0.04232879730295343,49.99992013888889,0.15972222222221824
1151.0,0.6802775224437786,3.6629934493889955,3.876194265710645,50.0,183.14967246944977,36.40383576192579,0.05343710030366833,0.042330200837985214,49.99992006944444,0.15986111111110712
1152.0,0.6799997442219414,3.66280609719484,3.875999820955359,50.0,183.140304859742,36.410041574401305,0.0534389882944997,0.04233160339358074,49.999919999999996,0.159999999999996
1153.0,0.6797219659997185,3.6626187516643673,3.875805376199803,50.0,183.13093758321835,36.416243058811745,0.05344087496250931,0.042333004970354284,49.999919930555556,0.1601388888888849
1154.0,0.6794441877771097,3.6624314127933317,3.875610931443977,50.0,183.12157063966657,36.42244021744904,0.053442760308409984,0.042334405568918806,49.99991986111111,0.16027777777777377
1155.0,0.6791664095541151,3.662244080577492,3.8754164866878806,50.0,183.1122040288746,36.428633052603914,0.0534446443329142,0.04233580518988596,49.99991979166667,0.16041666666666266
1156.0,0.6788886313307347,3.6620567550126113,3.875222041931514,50.0,183.10283775063056,36.434821566565915,0.053446527036734054,0.04233720383386608,49.999919722222224,0.16055555555555154
1157.0,0.6786108531069686,3.661869436094455,3.875027597174878,50.0,183.09347180472275,36.4410057616235,0.05344840842058124,0.042338601501468225,49.99991965277778,0.16069444444444042
1158.0,0.6783330748828166,3.661682123818792,3.8748331524179718,50.0,183.0841061909396,36.44718564006388,0.0534502884851671,0.042339998193300185,49.99991958333334,0.1608333333333293
1159.0,0.6780552966582788,3.661494818181394,3.8746387076607953,50.0,183.0747409090697,36.45336120417306,0.053452167231202594,0.04234139390996848,49.99991951388889,0.1609722222222182
1160.0,0.6777775184333552,3.6613075191780386,3.874444262903349,50.0,183.06537595890194,36.45953245623599,0.0534540446593983,0.04234278865207838,49.999919444444444,0.16111111111110707
1161.0,0.6774997402080458,3.6611202268045027,3.874249818145632,50.0,183.05601134022513,36.465699398536344,0.05345592077046442,0.04234418242023391,49.999919375000005,0.16124999999999595
1162.0,0.6772219619823506,3.6609329410565703,3.8740553733876455,50.0,183.04664705282852,36.47186203335667,0.053457795565110794,0.04234557521503789,49.99991930555556,0.16138888888888483
1163.0,0.6769441837562696,3.660745661930027,3.873860928629389,50.0,183.03728309650137,36.47802036297833,0.05345966904404688,0.04234696703709188,49.99991923611111,0.16152777777777372
1164.0,0.6766664055298028,3.6605583894206615,3.873666483870862,50.0,183.02791947103307,36.48417438968153,0.05346154120798174,0.042348357886996264,49.999919166666665,0.1616666666666626
1165.0,0.6763886273029502,3.660371123524265,3.873472039112065,50.0,183.01855617621325,36.49032411574535,0.05346341205762409,0.04234974776535024,49.999919097222225,0.16180555555555148
1166.0,0.6761108490757118,3.6601838642366356,3.8732775943529982,50.0,183.00919321183179,36.49646954344763,0.05346528159368226,0.0423511366727518,49.99991902777778,0.16194444444444037
1167.0,0.6758330708480876,3.65999661155357,3.8730831495936613,50.0,182.9998305776785,36.50261067506506,0.05346714981686421,0.04235252460979777,49.99991895833333,0.16208333333332925
1168.0,0.6755552926200776,3.659809365470872,3.8728887048340543,50.0,182.9904682735436,36.508747512873185,0.05346901672787751,0.04235391157708382,49.99991888888889,0.16222222222221813
1169.0,0.6752775143916818,3.6596221259843458,3.8726942600741774,50.0,182.9811062992173,36.51488005914638,0.053470882327429366,0.04235529757520447,49.999918819444446,0.16236111111110701
1170.0,0.6749997361629002,3.6594348930898004,3.8724998153140304,50.0,182.97174465449,36.52100831615786,0.05347274661622661,0.04235668260475308,49.99991875,0.1624999999999959
1171.0,0.6747219579337328,3.6592476667830476,3.872305370553613,50.0,182.96238333915238,36.52713228617972,0.053474609594975714,0.0423580666663219,49.99991868055555,0.16263888888888478
1172.0,0.6744441797041796,3.659060447059902,3.8721109257929256,50.0,182.9530223529951,36.5332519714828,0.05347647126438274,0.04235944976050206,49.99991861111111,0.16277777777777366
1173.0,0.6741664014742406,3.658873233916184,3.8719164810319686,50.0,182.9436616958092,36.53936737433679,0.05347833162515341,0.04236083188788356,49.999918541666666,0.16291666666666255
1174.0,0.6738886232439157,3.658686027347712,3.871722036270741,50.0,182.9343013673856,36.545478497010265,0.05348019067799307,0.042362213049055325,49.99991847222222,0.16305555555555143
1175.0,0.6736108450132051,3.6584988273503116,3.8715275915092437,50.0,182.92494136751557,36.55158534177059,0.05348204842360667,0.042363593244605174,49.99991840277778,0.1631944444444403
1176.0,0.6733330667821087,3.6583116339198116,3.8713331467474763,50.0,182.91558169599057,36.557687910884056,0.0534839048626988,0.04236497247511984,49.99991833333333,0.1633333333333292
1177.0,0.6730552885506265,3.6581244470520424,3.8711387019854384,50.0,182.90622235260213,36.563786206615646,0.05348575999597368,0.042366350741185,49.99991826388889,0.16347222222221808
1178.0,0.6727775103187584,3.6579372667428376,3.870944257223131,50.0,182.89686333714187,36.56988023122938,0.05348761382413515,0.04236772804338526,49.99991819444444,0.16361111111110696
1179.0,0.6724997320865046,3.657750092988035,3.8707498124605535,50.0,182.88750464940176,36.5759699869879,0.0534894663478867,0.04236910438230418,49.999918125,0.16374999999999584
1180.0,0.672221953853865,3.6575629257834743,3.8705553676977056,50.0,182.8781462891737,36.582055476152846,0.053491317567931414,0.042370479758524274,49.999918055555554,0.16388888888888473
1181.0,0.6719441756208395,3.657375765124999,3.8703609229345877,50.0,182.86878825624996,36.58813670098465,0.05349316748497203,0.04237185417262702,49.99991798611111,0.1640277777777736
1182.0,0.6716663973874283,3.6571886110084564,3.8701664781711997,50.0,182.85943055042281,36.59421366374261,0.0534950160997109,0.04237322762519287,49.99991791666666,0.1641666666666625
1183.0,0.6713886191536312,3.6570014634296952,3.869972033407542,50.0,182.85007317148475,36.60028636668483,0.05349686341285001,0.04237460011680127,49.99991784722223,0.16430555555555137
1184.0,0.6711108409194484,3.656814322384569,3.869777588643614,50.0,182.84071611922846,36.60635481206822,0.053498709425090975,0.04237597164803065,49.99991777777778,0.16444444444444026
1185.0,0.6708330626848797,3.6566271878689327,3.869583143879416,50.0,182.83135939344663,36.61241900214861,0.05350055413713503,0.04237734221945844,49.999917708333335,0.16458333333332914
1186.0,0.6705552844499253,3.6564400598786464,3.869388699114948,50.0,182.82200299393233,36.618478939180704,0.05350239754968305,0.0423787118316611,49.99991763888889,0.16472222222221802
1187.0,0.670277506214585,3.65625293840957,3.8691942543502096,50.0,182.8126469204785,36.62453462541794,0.05350423966343554,0.04238008048521409,49.99991756944445,0.1648611111111069
1188.0,0.669999727978859,3.6560658234575696,3.868999809585201,50.0,182.8032911728785,36.63058606311267,0.053506080479092624,0.042381448180691894,49.9999175,0.1649999999999958
1189.0,0.6697219497427471,3.6558787150185137,3.868805364819923,50.0,182.7939357509257,36.636633254516084,0.05350791999735406,0.04238281491866805,49.999917430555556,0.16513888888888467
1190.0,0.6694441715062495,3.6556916130882726,3.868610920054375,50.0,182.78458065441362,36.6426762018782,0.05350975821891924,0.042384180699715134,49.999917361111116,0.16527777777777355
1191.0,0.669166393269366,3.65550451766272,3.8684164752885564,50.0,182.775225883136,36.64871490744787,0.05351159514448719,0.04238554552440477,49.99991729166667,0.16541666666666244
1192.0,0.6688886150320967,3.6553174287377335,3.868222030522468,50.0,182.76587143688667,36.65474937347284,0.053513430774756544,0.04238690939330765,49.99991722222222,0.16555555555555132
1193.0,0.6686108367944417,3.655130346309192,3.868027585756109,50.0,182.7565173154596,36.66077960219968,0.05351526511042559,0.042388272306993525,49.999917152777776,0.1656944444444402
1194.0,0.6683330585564008,3.6549432703729807,3.8678331409894806,50.0,182.74716351864905,36.666805595873825,0.05351709815219224,0.04238963426603123,49.99991708333334,0.16583333333332909
1195.0,0.6680552803179741,3.654756200924984,3.867638696222582,50.0,182.7378100462492,36.67282735673956,0.05351892990075401,0.04239099527098868,49.99991701388889,0.16597222222221797
1196.0,0.6677775020791616,3.6545691379610914,3.8674442514554133,50.0,182.72845689805456,36.678844887039986,0.0535207603568081,0.04239235532243288,49.99991694444444,0.16611111111110685
1197.0,0.6674997238399634,3.6543820814771935,3.8672498066879744,50.0,182.71910407385968,36.68485818901712,0.0535225895210513,0.04239371442092995,49.999916875,0.16624999999999573
1198.0,0.6672219456003793,3.6541950314691864,3.8670553619202654,50.0,182.70975157345933,36.69086726491173,0.05352441739418005,0.0423950725670451,49.99991680555556,0.16638888888888462
1199.0,0.6669441673604094,3.6540079879329683,3.8668609171522865,50.0,182.7003993966484,36.696872116963505,0.053526243976890396,0.042396429761342655,49.99991673611111,0.1665277777777735
1200.0,0.6666663891200537,3.653820950864439,3.8666664723840376,50.0,182.69104754322194,36.70287274741099,0.05352806926987805,0.04239778600438608,49.999916666666664,0.16666666666666238
1201.0,0.6663886108793122,3.653633920259502,3.8664720276155187,50.0,182.6816960129751,36.70886915849155,0.05352989327383833,0.04239914129673796,49.999916597222224,0.16680555555555127
1202.0,0.6661108326381849,3.653446896114064,3.8662775828467293,50.0,182.6723448057032,36.71486135244146,0.053531715989466204,0.042400495638960006,49.99991652777778,0.16694444444444015
1203.0,0.6658330543966718,3.6532598784240355,3.8660831380776703,50.0,182.66299392120177,36.72084933149574,0.053533537417456256,0.04240184903161308,49.99991645833333,0.16708333333332903
1204.0,0.665555276154773,3.6530728671853274,3.865888693308341,50.0,182.65364335926637,36.7268330978884,0.05353535755850272,0.042403201475257196,49.999916388888884,0.16722222222221791
1205.0,0.6652774979124882,3.6528858623938563,3.865694248538742,50.0,182.6442931196928,36.73281265385219,0.05353717641329945,0.04240455297045153,49.999916319444445,0.1673611111111068
1206.0,0.6649997196698177,3.6526988640455396,3.8654998037688726,50.0,182.634943202277,36.738788001618786,0.05353899398253993,0.04240590351775441,49.99991625,0.16749999999999568
1207.0,0.6647219414267614,3.6525118721362975,3.865305358998733,50.0,182.62559360681487,36.74475914341872,0.05354081026691729,0.042407253117723344,49.99991618055555,0.16763888888888456
1208.0,0.6644441631833193,3.652324886662056,3.8651109142283238,50.0,182.6162443331028,36.75072608148133,0.053542625267124284,0.042408601770915016,49.99991611111111,0.16777777777777345
1209.0,0.6641663849394914,3.65213790761874,3.864916469457644,50.0,182.606895380937,36.75668881803483,0.05354443898385329,0.0424099494778853,49.999916041666665,0.16791666666666233
1210.0,0.6638886066952777,3.6519509350022807,3.8647220246866945,50.0,182.59754675011405,36.76264735530634,0.05354625141779634,0.04241129623918926,49.99991597222222,0.1680555555555512
1211.0,0.6636108284506782,3.6517639688086088,3.8645275799154746,50.0,182.58819844043043,36.76860169552174,0.0535480625696451,0.04241264205538115,49.99991590277777,0.1681944444444401
1212.0,0.6633330502056929,3.6515770090336606,3.864333135143985,50.0,182.57885045168302,36.77455184090587,0.05354987244009085,0.04241398692701443,49.99991583333333,0.16833333333332898
1213.0,0.6630552719603218,3.6513900556733745,3.8641386903722252,50.0,182.56950278366872,36.7804977936824,0.0535516810298245,0.04241533085464177,49.99991576388889,0.16847222222221786
1214.0,0.6627774937145648,3.6512031087236902,3.8639442456001953,50.0,182.56015543618452,36.786439556073844,0.05355348833953663,0.04241667383881506,49.99991569444445,0.16861111111110674
1215.0,0.6624997154684221,3.6510161681805537,3.8637498008278954,50.0,182.5508084090277,36.79237713030159,0.05355529436991742,0.04241801588008542,49.999915625,0.16874999999999563
1216.0,0.6622219372218936,3.6508292340399096,3.8635553560553255,50.0,182.54146170199547,36.79831051858588,0.053557099121656696,0.042419356979003175,49.99991555555556,0.1688888888888845
1217.0,0.6619441589749793,3.6506423062977076,3.8633609112824856,50.0,182.53211531488537,36.80423972314583,0.05355890259544392,0.042420697136117916,49.999915486111114,0.1690277777777734
1218.0,0.6616663807276791,3.6504553849499004,3.8631664665093752,50.0,182.52276924749503,36.810164746199405,0.0535607047919682,0.04242203635197845,49.99991541666667,0.16916666666666227
1219.0,0.6613886024799932,3.6502684699924433,3.8629720217359953,50.0,182.51342349962215,36.81608558996339,0.053562505711918264,0.04242337462713284,49.99991534722222,0.16930555555555116
1220.0,0.6611108242319215,3.650081561421293,3.862777576962345,50.0,182.50407807106467,36.82200225665355,0.05356430535598248,0.0424247119621284,49.99991527777778,0.16944444444444004
1221.0,0.6608330459834639,3.649894659232411,3.862583132188425,50.0,182.49473296162054,36.827914748484375,0.053566103724848844,0.04242604835751171,49.999915208333334,0.16958333333332892
1222.0,0.6605552677346206,3.6497077634217594,3.8623886874142346,50.0,182.48538817108798,36.83382306766936,0.053567900819205004,0.0424273838138286,49.99991513888889,0.1697222222222178
1223.0,0.6602774894853914,3.649520873985306,3.862194242639774,50.0,182.4760436992653,36.83972721642073,0.053569696639738235,0.042428718331624184,49.99991506944445,0.1698611111111067
1224.0,0.6599997112357765,3.6493339909190174,3.8619997978650438,50.0,182.46669954595086,36.84562719694969,0.053571491187135445,0.04243005191144285,49.999915,0.16999999999999557
1225.0,0.6597219329857757,3.6491471142188665,3.861805353090043,50.0,182.45735571094332,36.85152301146621,0.05357328446208318,0.04243138455382824,49.999914930555555,0.17013888888888445
1226.0,0.6594441547353892,3.648960243880828,3.8616109083147725,50.0,182.4480121940414,36.857414662179224,0.05357507646526763,0.04243271625932332,49.99991486111111,0.17027777777777334
1227.0,0.6591663764846167,3.6487733799008786,3.8614164635392316,50.0,182.43866899504394,36.863302151296466,0.05357686719737461,0.04243404702847033,49.99991479166667,0.17041666666666222
1228.0,0.6588885982334585,3.648586522274997,3.8612220187634207,50.0,182.42932611374985,36.869185481024545,0.05357865665908958,0.04243537686181081,49.99991472222222,0.1705555555555511
1229.0,0.6586108199819144,3.6483996709991677,3.8610275739873403,50.0,182.41998354995837,36.875064653568984,0.05358044485109763,0.04243670575988558,49.999914652777775,0.17069444444443999
1230.0,0.6583330417299845,3.6482128260693734,3.860833129210989,50.0,182.41064130346868,36.88093967113417,0.0535822317740835,0.04243803372323481,49.999914583333336,0.17083333333332887
1231.0,0.6580552634776689,3.6480259874816037,3.860638684434368,50.0,182.4012993740802,36.8868105359233,0.053584017428731555,0.04243936075239795,49.99991451388889,0.17097222222221775
1232.0,0.6577774852249674,3.6478391552318494,3.860444239657477,50.0,182.39195776159247,36.89267725013849,0.0535858018157258,0.04244068684791378,49.99991444444444,0.17111111111110663
1233.0,0.6574997069718801,3.647652329316103,3.8602497948803163,50.0,182.38261646580517,36.89853981598071,0.05358758493574989,0.042442012010320385,49.999914374999996,0.17124999999999552
1234.0,0.657221928718407,3.6474655097303605,3.860055350102885,50.0,182.37327548651803,36.90439823564981,0.0535893667894871,0.042443336240155206,49.999914305555556,0.1713888888888844
1235.0,0.6569441504645481,3.6472786964706203,3.8598609053251836,50.0,182.36393482353103,36.91025251134448,0.05359114737762035,0.042444659537954996,49.99991423611111,0.17152777777777328
1236.0,0.6566663722103034,3.647091889532885,3.8596664605472126,50.0,182.35459447664425,36.916102645262356,0.053592926700832204,0.04244598190425586,49.99991416666666,0.17166666666666217
1237.0,0.656388593955673,3.646905088913158,3.8594720157689713,50.0,182.3452544456579,36.92194863959986,0.053594704759804865,0.04244730333959322,49.99991409722222,0.17180555555555105
1238.0,0.6561108157006567,3.646718294607445,3.85927757099046,50.0,182.33591473037225,36.92779049655235,0.05359648155522016,0.042448623844501876,49.99991402777778,0.17194444444443993
1239.0,0.6558330374452546,3.646531506611757,3.859083126211678,50.0,182.32657533058784,36.93362821831403,0.053598257087759574,0.042449943419515954,49.99991395833333,0.17208333333332881
1240.0,0.6555552591894667,3.646344724922105,3.8588886814326266,50.0,182.31723624610524,36.93946180707803,0.05360003135810421,0.04245126206516895,49.99991388888889,0.1722222222222177
1241.0,0.655277480933293,3.6461579495345044,3.8586942366533052,50.0,182.30789747672523,36.945291265036246,0.05360180436693484,0.04245257978199372,49.999913819444444,0.17236111111110658
1242.0,0.6549997026767335,3.6459711804449717,3.8584997918737134,50.0,182.29855902224858,36.951116594379585,0.05360357611493184,0.04245389657052246,49.999913750000005,0.17249999999999546
1243.0,0.6547219244197882,3.6457844176495273,3.8583053470938515,50.0,182.28922088247637,36.95693779729771,0.05360534660277526,0.04245521243128678,49.99991368055556,0.17263888888888435
1244.0,0.654444146162457,3.6455976611441936,3.85811090231372,50.0,182.27988305720967,36.962754875979215,0.05360711583114476,0.042456527364817635,49.99991361111111,0.17277777777777323
1245.0,0.6541663679047401,3.6454109109249955,3.8579164575333182,50.0,182.27054554624976,36.9685678326116,0.05360888380071966,0.042457841371645356,49.99991354166667,0.1729166666666621
1246.0,0.6538885896466374,3.645224166987962,3.8577220127526464,50.0,182.2612083493981,36.97437666938123,0.05361065051217892,0.042459154452299676,49.999913472222225,0.173055555555551
1247.0,0.6536108113881489,3.6450374293291214,3.857527567971704,50.0,182.25187146645607,36.980181388473284,0.05361241596620113,0.04246046660730969,49.99991340277778,0.17319444444443988
1248.0,0.6533330331292746,3.6448506979445097,3.857333123190492,50.0,182.24253489722548,36.98598199207191,0.053614180163464524,0.04246177783720391,49.99991333333333,0.17333333333332876
1249.0,0.6530552548700145,3.6446639728301604,3.8571386784090103,50.0,182.233198641508,36.991778482360075,0.053615943104646985,0.04246308814251022,49.99991326388889,0.17347222222221764
1250.0,0.6527774766103686,3.644477253982112,3.856944233627258,50.0,182.2238626991056,36.99757086151965,0.05361770479042602,0.04246439752375593,49.999913194444446,0.17361111111110653
1251.0,0.6524996983503368,3.644290541396406,3.856749788845236,50.0,182.21452706982032,37.00335913173137,0.05361946522147879,0.04246570598146772,49.999913125,0.1737499999999954
1252.0,0.6522219200899193,3.644103835069086,3.8565553440629436,50.0,182.2051917534543,37.00914329517491,0.0536212243984821,0.0424670135161717,49.99991305555555,0.1738888888888843
1253.0,0.651944141829116,3.643917134996197,3.8563608992803813,50.0,182.19585674980985,37.01492335402878,0.05362298232211238,0.04246832012839339,49.99991298611111,0.17402777777777317
1254.0,0.6516663635679268,3.6437304411737887,3.856166454497549,50.0,182.18652205868943,37.02069931047032,0.05362473899304573,0.04246962581865772,49.999912916666666,0.17416666666666206
1255.0,0.6513885853063519,3.6435437535979114,3.8559720097144465,50.0,182.17718767989558,37.02647116667583,0.05362649441195786,0.04247093058748904,49.99991284722222,0.17430555555555094
1256.0,0.6511108070443912,3.643357072264619,3.8557775649310737,50.0,182.16785361323096,37.03223892482049,0.053628248579524154,0.04247223443541112,49.99991277777778,0.17444444444443982
1257.0,0.6508330287820446,3.6431703971699694,3.8555831201474313,50.0,182.15851985849847,37.03800258707838,0.0536300014964196,0.042473537362947164,49.99991270833333,0.1745833333333287
1258.0,0.6505552505193123,3.642983728310019,3.8553886753635185,50.0,182.14918641550096,37.0437621556224,0.05363175316331888,0.042474839370619806,49.99991263888889,0.1747222222222176
1259.0,0.6502774722561941,3.6427970656808313,3.855194230579336,50.0,182.13985328404158,37.04951763262437,0.05363350358089626,0.0424761404589511,49.99991256944444,0.17486111111110647
1260.0,0.6499996939926902,3.6426104092784692,3.8549997857948832,50.0,182.13052046392346,37.05526902025497,0.05363525274982569,0.042477440628462565,49.9999125,0.17499999999999535
1261.0,0.6497219157288004,3.642423759098999,3.8548053410101604,50.0,182.12118795494996,37.06101632068379,0.05363700067078075,0.04247873987967513,49.999912430555554,0.17513888888888424
1262.0,0.6494441374645249,3.6422371151384914,3.8546108962251675,50.0,182.11185575692457,37.06675953607936,0.05363874734443466,0.0424800382131092,49.99991236111111,0.17527777777777312
1263.0,0.6491663591998635,3.6420504773930165,3.8544164514399046,50.0,182.1025238696508,37.072498668609,0.0536404927714603,0.042481335629284606,49.99991229166667,0.175416666666662
1264.0,0.6488885809348164,3.6418638458586483,3.8542220066543713,50.0,182.09319229293243,37.078233720439016,0.053642236952530176,0.04248263212872064,49.99991222222222,0.17555555555555089
1265.0,0.6486108026693834,3.641677220531465,3.8540275618685684,50.0,182.08386102657326,37.083964693734515,0.05364397988831643,0.04248392771193604,49.999912152777775,0.17569444444443977
1266.0,0.6483330244035647,3.641490601407544,3.853833117082495,50.0,182.0745300703772,37.08969159065953,0.05364572157949088,0.04248522237944903,49.99991208333333,0.17583333333332865
1267.0,0.6480552461373601,3.641303988482969,3.853638672296152,50.0,182.06519942414846,37.095414413377,0.053647462026724956,0.04248651613177727,49.99991201388889,0.17597222222221753
1268.0,0.6477774678707697,3.6411173817538223,3.853444227509539,50.0,182.05586908769112,37.10113316404875,0.053649201230689746,0.04248780896943789,49.99991194444444,0.17611111111110642
1269.0,0.6474996896037936,3.640930781216192,3.8532497827226555,50.0,182.0465390608096,37.10684784483544,0.05365093919205599,0.04248910089294751,49.999911875,0.1762499999999953
1270.0,0.6472219113364316,3.640744186866167,3.853055337935502,50.0,182.03720934330835,37.11255845789668,0.053652675911494065,0.04249039190282219,49.999911805555556,0.17638888888888418
1271.0,0.6469441330686838,3.6405575986998384,3.852860893148079,50.0,182.02787993499192,37.11826500539098,0.053654411389673994,0.04249168199957749,49.999911736111116,0.17652777777777307
1272.0,0.6466663548005502,3.6403710167133014,3.852666448360385,50.0,182.01855083566508,37.12396748947572,0.05365614562726543,0.042492971183728426,49.99991166666667,0.17666666666666195
1273.0,0.6463885765320309,3.640184440902653,3.8524720035724216,50.0,182.00922204513265,37.12966591230713,0.0536578786249377,0.04249425945578953,49.99991159722222,0.17680555555555083
1274.0,0.6461107982631257,3.639997871263991,3.8522775587841878,50.0,181.99989356319955,37.135360276040444,0.05365961038335976,0.04249554681627479,49.999911527777776,0.1769444444444397
1275.0,0.6458330199938347,3.639811307793418,3.8520831139956844,50.0,181.9905653896709,37.14105058282968,0.0536613409032002,0.0424968332656977,49.99991145833334,0.1770833333333286
1276.0,0.6455552417241579,3.6396247504870387,3.8518886692069105,50.0,181.98123752435194,37.146736834827834,0.05366307018512728,0.042498118804571224,49.99991138888889,0.17722222222221748
1277.0,0.6452774634540953,3.639438199340959,3.8516942244178667,50.0,181.97190996704796,37.15241903418672,0.0536647982298089,0.04249940343340784,49.99991131944444,0.17736111111110636
1278.0,0.6449996851836469,3.6392516543512885,3.851499779628553,50.0,181.96258271756443,37.15809718305712,0.053666525037912596,0.042500687152719534,49.999911250000004,0.17749999999999524
1279.0,0.6447219069128127,3.6390651155141382,3.851305334838969,50.0,181.9532557757069,37.16377128358869,0.053668250610105564,0.042501969963017756,49.99991118055556,0.17763888888888413
1280.0,0.6444441286415927,3.638878582825623,3.851110890049115,50.0,181.94392914128116,37.169441337929925,0.053669974947054624,0.042503251864813484,49.99991111111111,0.177777777777773
1281.0,0.6441663503699869,3.638692056281859,3.850916445258991,50.0,181.93460281409295,37.17510734822832,0.053671698049426265,0.0425045328586172,49.999911041666664,0.1779166666666619
1282.0,0.6438885720979953,3.638505535878966,3.850722000468597,50.0,181.92527679394829,37.180769316630176,0.053673419917886614,0.0425058129449389,49.999910972222224,0.17805555555555078
1283.0,0.6436107938256179,3.6383190216130634,3.8505275556779326,50.0,181.91595108065317,37.186427245280754,0.05367514055310145,0.04250709212428807,49.99991090277778,0.17819444444443966
1284.0,0.6433330155528547,3.6381325134802776,3.8503331108869983,50.0,181.90662567401387,37.19208113632419,0.05367685995573619,0.04250837039717373,49.99991083333333,0.17833333333332854
1285.0,0.6430552372797057,3.6379460114767332,3.850138666095794,50.0,181.89730057383667,37.19773099190354,0.053678578126455906,0.04250964776410441,49.99991076388889,0.17847222222221742
1286.0,0.6427774590061709,3.6377595155985594,3.8499442213043196,50.0,181.88797577992796,37.20337681416072,0.053680295065925324,0.042510924225588165,49.999910694444445,0.1786111111111063
1287.0,0.6424996807322503,3.6375730258418884,3.849749776512575,50.0,181.87865129209442,37.209018605236565,0.0536820107748088,0.04251219978213257,49.999910625,0.1787499999999952
1288.0,0.6422219024579439,3.6373865422028526,3.849555331720561,50.0,181.86932711014262,37.214656367270834,0.05368372525377036,0.04251347443424472,49.99991055555555,0.17888888888888407
1289.0,0.6419441241832516,3.6372000646775886,3.849360886928276,50.0,181.86000323387944,37.220290102402146,0.053685438503473654,0.04251474818243125,49.99991048611111,0.17902777777777296
1290.0,0.6416663459081736,3.6370135932622354,3.8491664421357217,50.0,181.85067966311178,37.2259198127681,0.05368715052458199,0.04251602102719832,49.999910416666665,0.17916666666666184
1291.0,0.6413885676327098,3.636827127952933,3.848971997342897,50.0,181.84135639764665,37.23154550050509,0.053688861317758345,0.042517292969051615,49.99991034722222,0.17930555555555072
1292.0,0.6411107893568602,3.6366406687458257,3.848777552549802,50.0,181.83203343729127,37.23716716774845,0.053690570883665314,0.04251856400849637,49.99991027777778,0.1794444444444396
1293.0,0.6408330110806247,3.636454215637058,3.848583107756437,50.0,181.8227107818529,37.24278481663248,0.053692279222965156,0.04251983414603735,49.99991020833333,0.1795833333333285
1294.0,0.6405552328040035,3.6362677686227793,3.8483886629628024,50.0,181.81338843113897,37.248398449290335,0.05369398633631978,0.04252110338217886,49.999910138888886,0.17972222222221737
1295.0,0.6402774545269965,3.6360813276991406,3.8481942181688975,50.0,181.80406638495703,37.2540080678541,0.05369569222439073,0.042522371717424755,49.99991006944444,0.17986111111110625
1296.0,0.6399996762496036,3.6358948928622934,3.8479997733747227,50.0,181.79474464311468,37.25961367445473,0.05369739688783923,0.04252363915227843,49.99991,0.17999999999999514
1297.0,0.639721897971825,3.6357084641083937,3.8478053285802774,50.0,181.78542320541968,37.26521527122213,0.05369910032732612,0.04252490568724283,49.99990993055556,0.18013888888888402
1298.0,0.6394441196936606,3.6355220414335996,3.8476108837855625,50.0,181.77610207168,37.27081286028505,0.05370080254351191,0.042526171322820445,49.999909861111114,0.1802777777777729
1299.0,0.6391663414151103,3.6353356248340707,3.847416438990577,50.0,181.76678124170354,37.276406443771236,0.053702503537056745,0.042527436059513334,49.99990979166667,0.18041666666666178
1300.0,0.6388885631361743,3.6351492143059705,3.847221994195322,50.0,181.75746071529852,37.28199602380721,0.05370420330862045,0.0425286998978231,49.99990972222223,0.18055555555555067
1301.0,0.6386107848568524,3.634962809845463,3.8470275493997965,50.0,181.74814049227314,37.28758160251857,0.05370590185886247,0.04252996283825089,49.99990965277778,0.18069444444443955
1302.0,0.6383330065771448,3.6347764114487164,3.846833104604001,50.0,181.73882057243583,37.29316318202967,0.05370759918844191,0.04253122488129744,49.999909583333334,0.18083333333332843
1303.0,0.6380552282970513,3.6345900191118994,3.846638659807936,50.0,181.72950095559497,37.2987407644639,0.053709295298017525,0.04253248602746302,49.99990951388889,0.18097222222221732
1304.0,0.637777450016572,3.6344036328311855,3.8464442150116005,50.0,181.72018164155926,37.30431435194345,0.05371099018824772,0.042533746277247486,49.99990944444445,0.1811111111111062
1305.0,0.637499671735707,3.634217252602748,3.8462497702149947,50.0,181.7108626301374,37.30988394658948,0.05371268385979057,0.04253500563115026,49.999909375,0.18124999999999508
1306.0,0.6372218934544561,3.6340308784227644,3.8460553254181193,50.0,181.7015439211382,37.31544955052209,0.053714376313303766,0.04253626408967031,49.999909305555555,0.18138888888888396
1307.0,0.6369441151728195,3.6338445102874135,3.8458608806209735,50.0,181.69222551437068,37.32101116586023,0.05371606754944468,0.04253752165330619,49.999909236111115,0.18152777777777285
1308.0,0.636666336890797,3.633658148192877,3.8456664358235577,50.0,181.68290740964386,37.326568794721766,0.05371775756887032,0.04253877832255603,49.99990916666667,0.18166666666666173
1309.0,0.6363885586083887,3.633471792135339,3.845471991025872,50.0,181.67358960676697,37.332122439223554,0.053719446372237356,0.04254003409791754,49.99990909722222,0.1818055555555506
1310.0,0.6361107803255945,3.6332854421109864,3.845277546227916,50.0,181.66427210554932,37.3376721014813,0.05372113396020211,0.04254128897988799,49.999909027777775,0.1819444444444395
1311.0,0.6358330020424146,3.633099098116007,3.8450831014296902,50.0,181.65495490580034,37.34321778360959,0.053722820333420546,0.04254254296896424,49.999908958333336,0.18208333333332838
1312.0,0.6355552237588488,3.632912760146591,3.844888656631194,50.0,181.64563800732955,37.34875948772202,0.053724505492548286,0.04254379606564272,49.99990888888889,0.18222222222221726
1313.0,0.6352774454748972,3.6327264281989335,3.844694211832428,50.0,181.63632140994667,37.35429721593101,0.05372618943824061,0.042545048270419474,49.99990881944444,0.18236111111110614
1314.0,0.6349996671905598,3.6325401022692296,3.844499767033392,50.0,181.62700511346148,37.3598309703479,0.05372787217115244,0.042546299583790095,49.99990875,0.18249999999999503
1315.0,0.6347218889058366,3.632353782353677,3.8443053222340855,50.0,181.61768911768385,37.36536075308305,0.05372955369193835,0.04254755000624978,49.999908680555556,0.1826388888888839
1316.0,0.6344441106207276,3.6321674684484764,3.844110877434509,50.0,181.60837342242382,37.370886566245645,0.05373123400125259,0.04254879953829331,49.99990861111111,0.1827777777777728
1317.0,0.6341663323352328,3.6319811605498304,3.843916432634663,50.0,181.5990580274915,37.37640841194383,0.053732913099749036,0.04255004818041507,49.99990854166666,0.18291666666666168
1318.0,0.6338885540493522,3.6317948586539446,3.8437219878345465,50.0,181.58974293269722,37.38192629228462,0.053734590988081234,0.04255129593310903,49.999908472222224,0.18305555555555056
1319.0,0.6336107757630858,3.6316085627570254,3.8435275430341598,50.0,181.58042813785127,37.38744020937395,0.05373626766690237,0.04255254279686875,49.99990840277778,0.18319444444443944
1320.0,0.6333329974764336,3.6314222728552834,3.8433330982335034,50.0,181.57111364276417,37.39295016531673,0.0537379431368653,0.042553788772187386,49.99990833333333,0.18333333333332832
1321.0,0.6330552191893956,3.63123598894493,3.8431386534325767,50.0,181.5617994472465,37.398456162216746,0.05373961739862252,0.042555033859557695,49.999908263888884,0.1834722222222172
1322.0,0.6327774409019717,3.63104971102218,3.8429442086313803,50.0,181.55248555110902,37.40395820217674,0.05374129045282619,0.04255627805947204,49.999908194444444,0.1836111111111061
1323.0,0.6324996626141621,3.63086343908325,3.8427497638299135,50.0,181.5431719541625,37.40945628729838,0.05374296230012813,0.04255752137242239,49.999908125,0.18374999999999497
1324.0,0.6322218843259667,3.630677173124359,3.8425553190281767,50.0,181.53385865621794,37.41495041968216,0.053744632941179794,0.0425587637989003,49.99990805555555,0.18388888888888386
1325.0,0.6319441060373855,3.630490913141728,3.84236087422617,50.0,181.5245456570864,37.42044060142763,0.053746302376632304,0.042560005339396946,49.99990798611111,0.18402777777777274
1326.0,0.6316663277484185,3.630304659131581,3.842166429423893,50.0,181.51523295657904,37.42592683463312,0.05374797060713644,0.04256124599440311,49.99990791666667,0.18416666666666162
1327.0,0.6313885494590656,3.6301184110901437,3.841971984621346,50.0,181.50592055450718,37.43140912139603,0.05374963763334262,0.04256248576440919,49.999907847222225,0.1843055555555505
1328.0,0.631110771169327,3.6299321690136446,3.841777539818529,50.0,181.49660845068223,37.43688746381258,0.053751303455900935,0.042563724649905176,49.99990777777778,0.1844444444444394
1329.0,0.6308329928792026,3.629745932898314,3.8415830950154417,50.0,181.4872966449157,37.442361863977965,0.053752968075461136,0.042564962651380676,49.99990770833334,0.18458333333332827
1330.0,0.6305552145886923,3.6295597027403845,3.8413886502120844,50.0,181.47798513701923,37.44783232398623,0.05375463149267261,0.04256619976932492,49.99990763888889,0.18472222222221715
1331.0,0.6302774362977963,3.6293734785360923,3.8411942054084576,50.0,181.46867392680463,37.453298845930476,0.05375629370818441,0.04256743600422676,49.999907569444446,0.18486111111110604
1332.0,0.6299996580065145,3.6291872602816735,3.8409997606045603,50.0,181.45936301408366,37.45876143190259,0.05375795472264525,0.04256867135657464,49.9999075,0.18499999999999492
1333.0,0.6297218797148468,3.629001047973368,3.8408053158003925,50.0,181.4500523986684,37.464220083993496,0.0537596145367035,0.04256990582685665,49.99990743055556,0.1851388888888838
1334.0,0.6294441014227934,3.6288148416074186,3.840610870995955,50.0,181.44074208037094,37.469674804292936,0.05376127315100717,0.042571139415560504,49.99990736111111,0.18527777777777268
1335.0,0.6291663231303541,3.6286286411800694,3.840416426191248,50.0,181.43143205900347,37.475125594889676,0.05376293056620394,0.0425723721231735,49.999907291666666,0.18541666666666157
1336.0,0.6288885448375291,3.6284424466875667,3.84022198138627,50.0,181.42212233437834,37.4805724578714,0.053764586782941146,0.042573603950182615,49.99990722222222,0.18555555555555045
1337.0,0.6286107665443182,3.62825625812616,3.840027536581023,50.0,181.412812906308,37.48601539532467,0.05376624180186578,0.0425748348970744,49.99990715277778,0.18569444444443933
1338.0,0.6283329882507216,3.6280700754920985,3.839833091775505,50.0,181.40350377460493,37.491454409335006,0.053767895623624495,0.04257606496433506,49.99990708333333,0.18583333333332822
1339.0,0.6280552099567391,3.6278838987816378,3.8396386469697172,50.0,181.3941949390819,37.49688950198686,0.05376954824886359,0.04257729415245043,49.99990701388889,0.1859722222222171
1340.0,0.6277774316623709,3.6276977279910327,3.8394442021636594,50.0,181.38488639955165,37.502320675363535,0.053771199678229034,0.042578522461905965,49.99990694444445,0.18611111111110598
1341.0,0.6274996533676168,3.627511563116541,3.8392497573573316,50.0,181.37557815582704,37.50774793154744,0.053772849912366444,0.042579749893186754,49.999906875,0.18624999999999486
1342.0,0.627221875072477,3.6273254041544236,3.839055312550734,50.0,181.3662702077212,37.51317127261973,0.0537744989519211,0.04258097644677753,49.999906805555554,0.18638888888888375
1343.0,0.6269440967769513,3.6271392511009424,3.838860867743866,50.0,181.35696255504712,37.51859070066058,0.05377614679753794,0.04258220212316264,49.99990673611111,0.18652777777777263
1344.0,0.6266663184810398,3.6269531039523617,3.8386664229367278,50.0,181.34765519761808,37.524006217749104,0.053777793449861555,0.04258342692282609,49.99990666666667,0.1866666666666615
1345.0,0.6263885401847425,3.6267669627049495,3.8384719781293195,50.0,181.3383481352475,37.52941782596338,0.0537794389095362,0.042584650846251494,49.99990659722222,0.1868055555555504
1346.0,0.6261107618880595,3.626580827354975,3.8382775333216417,50.0,181.32904136774874,37.53482552738029,0.0537810831772058,0.04258587389392214,49.999906527777775,0.18694444444443928
1347.0,0.6258329835909906,3.626394697898709,3.8380830885136934,50.0,181.31973489493544,37.54022932407577,0.05378272625351391,0.04258709606632094,49.999906458333335,0.18708333333332816
1348.0,0.6255552052935359,3.626208574332425,3.837888643705475,50.0,181.31042871662123,37.545629218124645,0.05378436813910376,0.04258831736393044,49.99990638888889,0.18722222222221704
1349.0,0.6252774269956954,3.6260224566524006,3.837694198896987,50.0,181.30112283262002,37.55102521160069,0.053786008834618246,0.04258953778723284,49.99990631944444,0.18736111111110593
1350.0,0.6249996486974692,3.625836344854913,3.8374997540882285,50.0,181.29181724274565,37.55641730657658,0.05378764834069991,0.04259075733670997,49.999906249999995,0.1874999999999948
1351.0,0.6247218703988571,3.6256502389362426,3.8373053092791998,50.0,181.28251194681212,37.56180550512397,0.053789286657990966,0.04259197601284333,49.999906180555556,0.1876388888888837
1352.0,0.6244440920998592,3.625464138892673,3.8371108644699015,50.0,181.27320694463364,37.56718980931345,0.05379092378713329,0.04259319381611404,49.99990611111111,0.18777777777777258
1353.0,0.6241663138004755,3.625278044720488,3.8369164196603327,50.0,181.2639022360244,37.57257022121445,0.05379255972876839,0.04259441074700289,49.99990604166666,0.18791666666666146
1354.0,0.623888535500706,3.6250919564159756,3.836721974850494,50.0,181.25459782079878,37.577946742895506,0.05379419448353745,0.04259562680599031,49.99990597222222,0.18805555555555034
1355.0,0.6236107572005507,3.624905873975426,3.8365275300403856,50.0,181.2452936987713,37.58331937642396,0.053795828052081336,0.04259684199355637,49.99990590277778,0.18819444444443922
1356.0,0.6233329789000096,3.624719797395129,3.836333085230007,50.0,181.23598986975645,37.58868812386612,0.053797460435040544,0.04259805631018082,49.99990583333334,0.1883333333333281
1357.0,0.6230552005990827,3.62453372667138,3.8361386404193576,50.0,181.226686333569,37.594052987287284,0.05379909163305524,0.04259926975634304,49.99990576388889,0.188472222222217
1358.0,0.62277742229777,3.6243476618004746,3.835944195608439,50.0,181.21738309002373,37.599413968751605,0.05380072164676526,0.04260048233252207,49.99990569444444,0.18861111111110587
1359.0,0.6224996439960715,3.6241616027787122,3.83574975079725,50.0,181.2080801389356,37.60477107032227,0.05380235047681009,0.04260169403919661,49.999905625000004,0.18874999999999476
1360.0,0.6222218656939872,3.623975549602392,3.8355553059857908,50.0,181.19877748011962,37.610124294061336,0.05380397812382888,0.042602904876845,49.99990555555556,0.18888888888888364
1361.0,0.6219440873915171,3.6237895022678184,3.835360861174062,50.0,181.18947511339093,37.615473642029826,0.05380560458846044,0.04260411484594528,49.99990548611111,0.18902777777777252
1362.0,0.6216663090886612,3.6236034607712946,3.8351664163620627,50.0,181.18017303856473,37.62081911628769,0.053807229871343246,0.0426053239469751,49.99990541666667,0.1891666666666614
1363.0,0.6213885307854194,3.623417425109129,3.8349719715497934,50.0,181.17087125545646,37.62616071889386,0.053808853973115425,0.042606532180411806,49.999905347222224,0.1893055555555503
1364.0,0.6211107524817919,3.623231395277631,3.834777526737254,50.0,181.16156976388154,37.63149845190611,0.05381047689441478,0.04260773954673238,49.99990527777778,0.18944444444443917
1365.0,0.6208329741777786,3.623045371273113,3.834583081924445,50.0,181.15226856365564,37.636832317381334,0.05381209863587877,0.04260894604641349,49.99990520833333,0.18958333333332805
1366.0,0.6205551958733795,3.622859353091888,3.8343886371113656,50.0,181.1429676545944,37.64216231737521,0.05381371919814451,0.04261015167993145,49.99990513888889,0.18972222222221694
1367.0,0.6202774175685946,3.6226733407302723,3.8341941922980163,50.0,181.1336670365136,37.6474884539424,0.053815338581848796,0.042611356447762254,49.999905069444445,0.18986111111110582
1368.0,0.6199996392634238,3.622487334184584,3.8339997474843965,50.0,181.1243667092292,37.65281072913655,0.05381695678762806,0.04261256035038155,49.999905,0.1899999999999947
1369.0,0.6197218609578673,3.6223013334511447,3.8338053026705072,50.0,181.11506667255725,37.65812914501021,0.05381857381611841,0.042613763388264655,49.99990493055556,0.19013888888888358
1370.0,0.619444082651925,3.6221153385262763,3.8336108578563475,50.0,181.1057669263138,37.66344370361492,0.05382018966795562,0.04261496556188656,49.99990486111111,0.19027777777777247
1371.0,0.6191663043455968,3.621929349406303,3.8334164130419177,50.0,181.09646747031516,37.668754407001074,0.05382180434377512,0.04261616687172192,49.999904791666665,0.19041666666666135
1372.0,0.6188885260388829,3.621743366087554,3.833221968227218,50.0,181.0871683043777,37.67406125721817,0.05382341784421201,0.042617367318245065,49.99990472222222,0.19055555555555023
1373.0,0.6186107477317832,3.621557388566357,3.833027523412248,50.0,181.07786942831785,37.6793642563145,0.05382503016990105,0.04261856690193,49.99990465277778,0.19069444444443912
1374.0,0.6183329694242976,3.6213714168390445,3.8328330785970084,50.0,181.06857084195224,37.68466340633739,0.05382664132147665,0.04261976562325039,49.99990458333333,0.190833333333328
1375.0,0.6180551911164263,3.621185450901949,3.832638633781498,50.0,181.05927254509746,37.68995870933304,0.053828251299572916,0.042620963482679596,49.999904513888886,0.19097222222221688
1376.0,0.6177774128081691,3.6209994907514083,3.8324441889657184,50.0,181.04997453757042,37.69525016734667,0.05382986010482359,0.042622160480690625,49.99990444444444,0.19111111111110576
1377.0,0.6174996344995262,3.6208135363837592,3.832249744149668,50.0,181.04067681918795,37.70053778242249,0.05383146773786208,0.04262335661775618,49.999904375,0.19124999999999465
1378.0,0.6172218561904974,3.6206275877953424,3.832055299333348,50.0,181.03137938976712,37.705821556603496,0.05383307419932147,0.042624551894348627,49.99990430555555,0.19138888888888353
1379.0,0.6169440778810829,3.6204416449825008,3.831860854516758,50.0,181.02208224912505,37.7111014919318,0.05383467948983451,0.04262574631094003,49.99990423611111,0.1915277777777724
1380.0,0.6166662995712825,3.6202557079415776,3.831666409699898,50.0,181.0127853970789,37.71637759044836,0.0538362836100336,0.04262693986800211,49.99990416666667,0.1916666666666613
1381.0,0.6163885212610963,3.6200697766689207,3.8314719648827675,50.0,181.00348883344603,37.721649854193174,0.053837886560550816,0.04262813256600628,49.99990409722222,0.19180555555555018
1382.0,0.6161107429505244,3.6198838511608793,3.831277520065367,50.0,180.99419255804398,37.7269182852051,0.0538394883420179,0.04262932440542364,49.999904027777774,0.19194444444443906
1383.0,0.6158329646395666,3.6196979314138047,3.8310830752476965,50.0,180.98489657069024,37.732182885522036,0.05384108895506625,0.04263051538672495,49.999903958333334,0.19208333333332794
1384.0,0.615555186328223,3.6195120174240496,3.8308886304297562,50.0,180.9756008712025,37.737443657180734,0.05384268840032694,0.042631705510380674,49.999903888888895,0.19222222222221683
1385.0,0.6152774080164937,3.6193261091879707,3.8306941856115455,50.0,180.96630545939854,37.742700602216985,0.05384428667843069,0.04263289477686094,49.99990381944445,0.1923611111111057
1386.0,0.6149996297043785,3.6191402067019243,3.8304997407930648,50.0,180.95701033509621,37.7479537226655,0.053845883790007903,0.042634083186635585,49.99990375,0.1924999999999946
1387.0,0.6147218513918775,3.618954309962271,3.830305295974314,50.0,180.94771549811355,37.753203020559965,0.053847479735688646,0.04263527074017411,49.999903680555555,0.19263888888888347
1388.0,0.6144440730789907,3.618768418965373,3.8301108511552933,50.0,180.93842094826863,37.75844849793299,0.05384907451610265,0.04263645743794571,49.999903611111115,0.19277777777777236
1389.0,0.614166294765718,3.618582533707594,3.8299164063360025,50.0,180.9291266853797,37.7636901568161,0.05385066813187932,0.04263764328041927,49.99990354166667,0.19291666666666124
1390.0,0.6138885164520596,3.6183966541853017,3.8297219615164417,50.0,180.91983270926508,37.76892799923991,0.0538522605836477,0.042638828268063346,49.99990347222222,0.19305555555555012
1391.0,0.6136107381380153,3.618210780394863,3.8295275166966105,50.0,180.91053901974314,37.77416202723384,0.053853851872036534,0.04264001240134622,49.999903402777775,0.193194444444439
1392.0,0.6133329598235852,3.6180249123326496,3.8293330718765093,50.0,180.90124561663248,37.77939224282642,0.05385544199767422,0.04264119568073582,49.999903333333336,0.1933333333333279
1393.0,0.6130551815087693,3.6178390499950335,3.8291386270561385,50.0,180.89195249975168,37.78461864804501,0.05385703096118881,0.0426423781066998,49.99990326388889,0.19347222222221677
1394.0,0.6127774031935675,3.617653193378391,3.8289441822354973,50.0,180.88265966891953,37.789841244915976,0.053858618763208035,0.04264355967970549,49.99990319444444,0.19361111111110565
1395.0,0.61249962487798,3.617467342479099,3.828749737414586,50.0,180.87336712395495,37.795060035464644,0.053860205404359304,0.042644740400219906,49.999903125,0.19374999999999454
1396.0,0.6122218465620067,3.6172814972935354,3.8285552925934048,50.0,180.86407486467678,37.800275021715265,0.05386179088526967,0.04264592026870977,49.999903055555556,0.19388888888888342
1397.0,0.6119440682456476,3.617095657818083,3.828360847771953,50.0,180.85478289090415,37.805486205691125,0.053863375206565874,0.042647099285641484,49.99990298611111,0.1940277777777723
1398.0,0.6116662899289027,3.616909824049126,3.828166402950232,50.0,180.8454912024563,37.81069358941443,0.053864958368874304,0.042648277451481156,49.99990291666666,0.1941666666666612
1399.0,0.611388511611772,3.616723995983049,3.82797195812824,50.0,180.83619979915244,37.8158971749063,0.05386654037282103,0.04264945476669459,49.999902847222224,0.19430555555555007
1400.0,0.6111107332942555,3.61653817361624,3.827777513305979,50.0,180.82690868081198,37.82109696418689,0.05386812121903179,0.04265063123174729,49.99990277777778,0.19444444444443895
1401.0,0.6108329549763531,3.616352356945089,3.827583068483447,50.0,180.81761784725444,37.82629295927529,0.05386970090813199,0.04265180684710444,49.99990270833333,0.19458333333332783
1402.0,0.610555176658065,3.6161665459659895,3.8273886236606454,50.0,180.80832729829947,37.83148516218955,0.05387127944074671,0.04265298161323094,49.99990263888889,0.19472222222221672
1403.0,0.6102773983393911,3.6159807406753344,3.8271941788375736,50.0,180.79903703376672,37.8366735749467,0.053872856817500675,0.04265415553059137,49.999902569444444,0.1948611111111056
1404.0,0.6099996200203314,3.6157949410695203,3.826999734014232,50.0,180.78974705347602,37.841858199562694,0.0538744330390183,0.04265532859965003,49.9999025,0.19499999999999448
1405.0,0.6097218417008858,3.6156091471449465,3.82680528919062,50.0,180.78045735724731,37.84703903805246,0.05387600810592367,0.04265650082087091,49.99990243055555,0.19513888888888337
1406.0,0.6094440633810545,3.6154233588980134,3.826610844366738,50.0,180.77116794490067,37.8522160924299,0.05387758201884052,0.0426576721947177,49.99990236111111,0.19527777777777225
1407.0,0.6091662850608374,3.6152375763251245,3.826416399542586,50.0,180.76187881625623,37.8573893647079,0.05387915477839227,0.042658842721653795,49.999902291666665,0.19541666666666113
1408.0,0.6088885067402344,3.6150517994226834,3.826221954718164,50.0,180.75258997113417,37.86255885689832,0.05388072638520201,0.042660012402142296,49.99990222222222,0.19555555555555001
1409.0,0.6086107284192457,3.614866028187098,3.8260275098934717,50.0,180.7433014093549,37.86772457101188,0.053882296839892506,0.042661181236646,49.99990215277778,0.1956944444444389
1410.0,0.6083329500978711,3.614680262614778,3.8258330650685095,50.0,180.7340131307389,37.87288650905839,0.05388386614308617,0.042662349225627415,49.99990208333333,0.19583333333332778
1411.0,0.6080551717761108,3.6144945027021342,3.8256386202432773,50.0,180.72472513510672,37.87804467304659,0.0538854342954051,0.042663516369548744,49.99990201388889,0.19597222222221666
1412.0,0.6077773934539646,3.6143087484455805,3.825444175417775,50.0,180.71543742227902,37.88319906498418,0.05388700129747106,0.042664682668871905,49.999901944444446,0.19611111111110555
1413.0,0.6074996151314327,3.6141229998415323,3.825249730592003,50.0,180.7061499920766,37.88834968687786,0.05388856714990548,0.04266584812405851,49.999901875,0.19624999999999443
1414.0,0.6072218368085149,3.6139372568864077,3.8250552857659605,50.0,180.69686284432038,37.893496540733224,0.05389013185332947,0.0426670127355699,49.99990180555556,0.1963888888888833
1415.0,0.6069440584852114,3.6137515195766254,3.824860840939648,50.0,180.68757597883126,37.89863962855492,0.05389169540836381,0.0426681765038671,49.99990173611111,0.1965277777777722
1416.0,0.606666280161522,3.613565787908609,3.824666396113065,50.0,180.67828939543045,37.90377895234644,0.05389325781562895,0.04266933942941086,49.999901666666666,0.19666666666666108
1417.0,0.6063885018374469,3.6133800618787815,3.824471951286213,50.0,180.66900309393907,37.90891451411039,0.05389481907574502,0.042670501512661635,49.99990159722223,0.19680555555554996
1418.0,0.6061107235129859,3.6131943414835694,3.82427750645909,50.0,180.65971707417847,37.91404631584834,0.05389637918933179,0.042671662754079576,49.99990152777778,0.19694444444443884
1419.0,0.6058329451881391,3.6130086267194015,3.8240830616316974,50.0,180.65043133597007,37.919174359560714,0.053897938157008725,0.04267282315412456,49.99990145833333,0.19708333333332773
1420.0,0.6055551668629066,3.612822917582707,3.8238886168040342,50.0,180.64114587913537,37.924298647246985,0.05389949597939496,0.04267398271325617,49.99990138888889,0.1972222222222166
1421.0,0.6052773885372882,3.6126372140699203,3.8236941719761015,50.0,180.63186070349602,37.92941918090554,0.053901052657109295,0.042675141431933704,49.99990131944445,0.1973611111111055
1422.0,0.604999610211284,3.6124515161774746,3.8234997271478988,50.0,180.62257580887373,37.93453596253386,0.05390260819077021,0.042676299310616166,49.99990125,0.19749999999999437
1423.0,0.604721831884894,3.6122658239018066,3.8233052823194256,50.0,180.61329119509034,37.93964899412828,0.053904162580995854,0.04267745634976227,49.999901180555554,0.19763888888888326
1424.0,0.6044440535581183,3.6120801372393565,3.823110837490683,50.0,180.60400686196783,37.944758277684116,0.05390571582840405,0.042678612549830464,49.999901111111114,0.19777777777777214
1425.0,0.6041662752309567,3.6118944561865636,3.8229163926616696,50.0,180.59472280932818,37.94986381519578,0.053907267933612286,0.04267976791127888,49.99990104166667,0.19791666666666102
1426.0,0.6038884969034093,3.6117087807398716,3.8227219478323864,50.0,180.5854390369936,37.954965608656494,0.05390881889723773,0.04268092243456539,49.99990097222222,0.1980555555555499
1427.0,0.6036107185754761,3.611523110895726,3.822527503002833,50.0,180.5761555447863,37.96006366005861,0.05391036871989722,0.042682076120147565,49.999900902777775,0.1981944444444388
1428.0,0.6033329402471571,3.6113374466505745,3.82233305817301,50.0,180.56687233252873,37.965157971393296,0.05391191740220726,0.0426832289684827,49.999900833333335,0.19833333333332767
1429.0,0.6030551619184523,3.6111517880008646,3.8221386133429163,50.0,180.55758940004324,37.97024854465087,0.05391346494478404,0.04268438098002782,49.99990076388889,0.19847222222221655
1430.0,0.6027773835893617,3.61096613494305,3.821944168512553,50.0,180.5483067471525,37.97533538182046,0.053915011348243405,0.042685532155239625,49.99990069444444,0.19861111111110544
1431.0,0.6024996052598853,3.610780487473583,3.82174972368192,50.0,180.53902437367915,37.980418484890265,0.053916556613200904,0.04268668249457458,49.999900625,0.19874999999999432
1432.0,0.6022218269300231,3.6105948455889187,3.821555278851016,50.0,180.52974227944594,37.985497855847484,0.053918100740271736,0.04268783199848884,49.999900555555556,0.1988888888888832
1433.0,0.6019440485997751,3.6104092092855153,3.8213608340198424,50.0,180.52046046427577,37.99057349667822,0.053919643730070764,0.042688980667438294,49.99990048611111,0.19902777777777209
1434.0,0.6016662702691413,3.6102235785598333,3.8211663891883987,50.0,180.51117892799166,37.995645409367626,0.05392118558321256,0.04269012850187854,49.99990041666666,0.19916666666666097
1435.0,0.6013884919381217,3.6100379534083333,3.820971944356685,50.0,180.50189767041667,38.000713595899754,0.053922726300311336,0.042691275502264904,49.99990034722222,0.19930555555554985
1436.0,0.6011107136067163,3.609852333827481,3.8207774995247012,50.0,180.49261669137405,38.005778058257704,0.053924265881980994,0.04269242166905242,49.999900277777776,0.19944444444443873
1437.0,0.6008329352749251,3.6096667198137413,3.8205830546924475,50.0,180.48333599068707,38.01083879842349,0.053925804328835106,0.04269356700269586,49.99990020833333,0.19958333333332762
1438.0,0.6005551569427481,3.6094811113635816,3.8203886098599233,50.0,180.47405556817907,38.015895818378226,0.05392734164148693,0.0426947115036497,49.99990013888889,0.1997222222222165
1439.0,0.6002773786101853,3.6092955084734735,3.8201941650271296,50.0,180.46477542367367,38.020949120101875,0.05392887782054938,0.042695855172368166,49.99990006944444,0.19986111111110538
1440.0,0.5999996002772366,3.609109951112165,3.819999760166342,50.0,180.45549755560825,38.02599870557344,0.05393041286663506,0.042696998009305175,49.999900000000004,0.19999999999999427
1441.0,0.5997218219439022,3.608952137164911,3.8198330931663413,50.0,180.44760685824554,38.03104457677091,0.053931946780356246,0.042698140014914385,49.99989993055556,0.20013888888888315
1442.0,0.599444043610182,3.60879432876717,3.819666426166109,50.0,180.4397164383585,38.03608673567123,0.05393347956232488,0.04269928118964918,49.99989986111111,0.20027777777777203
1443.0,0.599166265276076,3.60863652591542,3.8194997591656454,50.0,180.431826295771,38.041125184250404,0.05393501121315259,0.042700421533962654,49.99989979166667,0.20041666666666091
1444.0,0.5988884869415841,3.6084787286061415,3.81933309216495,50.0,180.42393643030707,38.046159924483334,0.05393654173345067,0.04270156104830764,49.999899722222224,0.2005555555555498
1445.0,0.5986107086067065,3.608320936835818,3.8191664251640236,50.0,180.4160468417909,38.051190958343966,0.053938071123830096,0.042702699733136694,49.99989965277778,0.20069444444443868
1446.0,0.5983329302714431,3.608163150600933,3.8189997581628656,50.0,180.40815753004665,38.056218287805166,0.053939599384901525,0.04270383758890209,49.99989958333334,0.20083333333332756
1447.0,0.5980551519357938,3.608005369897974,3.8188330911614763,50.0,180.40026849489868,38.06124191483883,0.053941126517275284,0.04270497461605583,49.99989951388889,0.20097222222221645
1448.0,0.5977773735997588,3.6078475947234296,3.818666424159855,50.0,180.39237973617148,38.06626184141584,0.05394265252156137,0.042706110815049665,49.999899444444445,0.20111111111110533
1449.0,0.597499595263338,3.607689825073791,3.8184997571580026,50.0,180.38449125368956,38.071278069506036,0.05394417739836947,0.04270724618633505,49.999899375,0.2012499999999942
1450.0,0.5972218169265313,3.6075320609455512,3.8183330901559187,50.0,180.37660304727757,38.076290601078256,0.05394570114830894,0.04270838073036316,49.99989930555556,0.2013888888888831
1451.0,0.5969440385893389,3.607374302335204,3.818166423153603,50.0,180.3687151167602,38.08129943810036,0.053947223771988816,0.04270951444758493,49.99989923611111,0.20152777777777198
1452.0,0.5966662602517606,3.6072165492392485,3.8179997561510564,50.0,180.36082746196243,38.086304582539185,0.0539487452700178,0.042710647338450994,49.999899166666665,0.20166666666666086
1453.0,0.5963884819137966,3.6070588016541825,3.817833089148278,50.0,180.35294008270913,38.09130603636055,0.053950265643004286,0.04271177940341174,49.999899097222226,0.20180555555554974
1454.0,0.5961107035754467,3.6069010595765074,3.817666422145268,50.0,180.34505297882538,38.09630380152919,0.05395178489155634,0.04271291064291726,49.99989902777778,0.20194444444443863
1455.0,0.595832925236711,3.606743323002726,3.8174997551420264,50.0,180.3371661501363,38.10129788000893,0.05395330301628169,0.042714041057417405,49.99989895833333,0.2020833333333275
1456.0,0.5955551468975896,3.606585591929345,3.8173330881385534,50.0,180.32927959646725,38.10628827376257,0.05395482001778778,0.04271517064736174,49.999898888888886,0.2022222222222164
1457.0,0.5952773685580823,3.606427866352871,3.817166421134849,50.0,180.32139331764355,38.1112749847519,0.05395633589668169,0.04271629941319956,49.99989881944445,0.20236111111110527
1458.0,0.5949995902181893,3.6062701462698126,3.8169997541309133,50.0,180.31350731349062,38.116258014937614,0.0539578506535702,0.042717427355379894,49.99989875,0.20249999999999416
1459.0,0.5947218118779104,3.606112431676683,3.816833087126746,50.0,180.30562158383415,38.1212373662795,0.05395936428905977,0.04271855447435152,49.99989868055555,0.20263888888888304
1460.0,0.5944440335372457,3.6059547225699933,3.8166664201223472,50.0,180.29773612849965,38.126213040736275,0.053960876803756525,0.04271968077056293,49.99989861111111,0.20277777777777192
1461.0,0.5941662551961953,3.6057970189462614,3.816499753117717,50.0,180.28985094731306,38.131185040265734,0.05396238819826627,0.04272080624446234,49.99989854166667,0.2029166666666608
1462.0,0.593888476854759,3.6056393208020037,3.8163330861128553,50.0,180.28196604010017,38.136153366824544,0.05396389847319451,0.04272193089649773,49.99989847222222,0.2030555555555497
1463.0,0.5936106985129368,3.6054816281337403,3.8161664191077618,50.0,180.274081406687,38.14111802236846,0.053965407629146395,0.042723054727116794,49.999898402777774,0.20319444444443857
1464.0,0.5933329201707288,3.605323940937992,3.815999752102437,50.0,180.26619704689958,38.14607900885221,0.05396691566672679,0.04272417773676696,49.999898333333334,0.20333333333332745
1465.0,0.593055141828135,3.6051662592112828,3.8158330850968807,50.0,180.25831296056413,38.15103632822951,0.05396842258654021,0.0427252999258954,49.99989826388889,0.20347222222221634
1466.0,0.5927773634851554,3.60500858295014,3.815666418091093,50.0,180.250429147507,38.155989982453036,0.05396992838919086,0.04272642129494902,49.99989819444444,0.20361111111110522
1467.0,0.59249958514179,3.604850912151089,3.8154997510850737,50.0,180.24254560755446,38.16093997347451,0.053971433075282634,0.042727541844374446,49.999898124999994,0.2037499999999941
1468.0,0.5922218067980388,3.6046932468106623,3.8153330840788233,50.0,180.2346623405331,38.16588630324463,0.053972936645419085,0.04272866157461807,49.99989805555556,0.20388888888888299
1469.0,0.5919440284539018,3.6045355869253886,3.8151664170723407,50.0,180.22677934626944,38.17082897371307,0.05397443910020347,0.042729780486125996,49.999897986111115,0.20402777777777187
1470.0,0.591666250109379,3.604377932491804,3.814999750065627,50.0,180.2188966245902,38.17576798682859,0.05397594044023871,0.04273089857934408,49.99989791666667,0.20416666666666075
1471.0,0.5913884717644704,3.6042202835064447,3.8148330830586823,50.0,180.21101417532225,38.18070334453881,0.0539774406661274,0.042732015854717906,49.99989784722222,0.20430555555554963
1472.0,0.591110693419176,3.604062639965847,3.8146664160515056,50.0,180.20313199829235,38.18563504879046,0.053978939778471825,0.0427331323126928,49.99989777777778,0.20444444444443852
1473.0,0.5908329150734958,3.603905001866552,3.8144997490440975,50.0,180.1952500933276,38.190563101529165,0.053980437777873966,0.042734247953713826,49.999897708333336,0.2045833333333274
1474.0,0.5905551367274298,3.603747369205101,3.8143330820364576,50.0,180.18736846025504,38.195487504699656,0.053981934664935456,0.04273536277822579,49.99989763888889,0.20472222222221628
1475.0,0.590277358380978,3.603589741978039,3.8141664150285868,50.0,180.17948709890194,38.20040826024564,0.05398343044025763,0.04273647678667322,49.99989756944444,0.20486111111110517
1476.0,0.5899995800341403,3.6034321201819113,3.813999748020484,50.0,180.17160600909557,38.20532537010973,0.053984925104441486,0.04273758997950042,49.9998975,0.20499999999999405
1477.0,0.5897218016869169,3.603274503813266,3.81383308101215,50.0,180.1637251906633,38.21023883623366,0.053986418658087724,0.042738702357151395,49.999897430555556,0.20513888888888293
1478.0,0.5894440233393077,3.603116892868653,3.8136664140035843,50.0,180.15584464343266,38.21514866055816,0.0539879111017967,0.04273981392006992,49.99989736111111,0.2052777777777718
1479.0,0.5891662449913126,3.6029592873446266,3.8134997469947876,50.0,180.14796436723134,38.220054845022844,0.05398940243616848,0.042740924668699484,49.99989729166667,0.2054166666666607
1480.0,0.5888884666429318,3.6028016872377377,3.813333079985759,50.0,180.1400843618869,38.22495739156642,0.05399089266180279,0.042742034603483345,49.99989722222222,0.20555555555554958
1481.0,0.5886106882941652,3.6026440925445447,3.813166412976499,50.0,180.13220462722722,38.22985630212662,0.05399238177929905,0.042743143724864485,49.99989715277778,0.20569444444443846
1482.0,0.5883329099450127,3.6024865032616042,3.8129997459670073,50.0,180.12432516308021,38.2347515786401,0.05399386978925634,0.042744252033285635,49.99989708333333,0.20583333333332735
1483.0,0.5880551315954745,3.602328919385478,3.8128330789572846,50.0,180.1164459692739,38.23964322304255,0.053995356692273455,0.042745359529189265,49.99989701388889,0.20597222222221623
1484.0,0.5877773532455505,3.6021713409127267,3.81266641194733,50.0,180.10856704563633,38.24453123726869,0.05399684248894886,0.04274646621301759,49.999896944444444,0.2061111111111051
1485.0,0.5874995748952406,3.602013767839917,3.8124997449371443,50.0,180.10068839199585,38.24941562325222,0.053998327179880685,0.04274757208521255,49.999896875,0.206249999999994
1486.0,0.587221796544545,3.6018562001636116,3.812333077926727,50.0,180.09281000818058,38.25429638292587,0.05399981076566677,0.042748677146215865,49.99989680555556,0.20638888888888288
1487.0,0.5869440181934635,3.6016986378803817,3.812166410916078,50.0,180.0849318940191,38.25917351822136,0.05400129324690462,0.04274978139646897,49.99989673611111,0.20652777777777176
1488.0,0.5866662398419963,3.601541080986796,3.8119997439051976,50.0,180.0770540493398,38.264047031069424,0.054002774624191424,0.04275088483641306,49.999896666666665,0.20666666666666064
1489.0,0.5863884614901432,3.6013835294794276,3.811833076894086,50.0,180.06917647397137,38.268916923399786,0.05400425489812406,0.04275198746648906,49.99989659722222,0.20680555555554953
1490.0,0.5861106831379044,3.60122598335485,3.8116664098827426,50.0,180.0612991677425,38.27378319714114,0.05400573406929909,0.042753089287137655,49.99989652777778,0.2069444444444384
1491.0,0.5858329047852797,3.6010684426096398,3.8114997428711677,50.0,180.05342213048198,38.27864585422128,0.05400721213831275,0.04275419029879927,49.99989645833333,0.2070833333333273
1492.0,0.5855551264322693,3.600910907240375,3.8113330758593613,50.0,180.04554536201874,38.28350489656697,0.05400868910576097,0.04275529050191406,49.999896388888885,0.20722222222221617
1493.0,0.585277348078873,3.600753377243637,3.8111664088473236,50.0,180.03766886218185,38.28836032610394,0.054010164972239365,0.04275638989692195,49.999896319444446,0.20736111111110506
1494.0,0.5849995697250909,3.600595852616007,3.8109997418350545,50.0,180.02979263080036,38.29321214475698,0.05401163973834323,0.042757488484262605,49.99989625,0.20749999999999394
1495.0,0.5847217913709231,3.6004383333540697,3.8108330748225536,50.0,180.0219166677035,38.29806035444983,0.05401311340466752,0.042758586264375426,49.99989618055555,0.20763888888888282
1496.0,0.5844440130163694,3.6002808194544103,3.8106664078098214,50.0,180.01404097272052,38.30290495710534,0.05401458597180693,0.042759683237699575,49.999896111111106,0.2077777777777717
1497.0,0.5841662346614299,3.6001233109136184,3.8104997407968577,50.0,180.00616554568091,38.30774595464527,0.05401605744035579,0.042760779404673946,49.999896041666666,0.2079166666666606
1498.0,0.5838884563061046,3.5999658077282843,3.8103330737836627,50.0,179.99829038641423,38.312583348990415,0.054017527810908135,0.0427618747657372,49.99989597222223,0.20805555555554947
1499.0,0.5836106779503936,3.599808309894999,3.810166406770236,50.0,179.99041549474995,38.31741714206066,0.05401899708405768,0.042762969321327726,49.99989590277778,0.20819444444443835
1500.0,0.5833328995942967,3.599650817410358,3.8099997397565777,50.0,179.9825408705179,38.32224733577482,0.05402046526039782,0.04276406307188368,49.99989583333333,0.20833333333332724
1501.0,0.583055121237814,3.5994933302709566,3.809833072742688,50.0,179.97466651354785,38.32707393205072,0.05402193234052165,0.04276515601784294,49.999895763888894,0.20847222222221612
1502.0,0.5827773428809455,3.5993358484733937,3.809666405728567,50.0,179.9667924236697,38.33189693280519,0.05402339832502193,0.04276624815964317,49.99989569444445,0.208611111111105
1503.0,0.5824995645236912,3.599178372014269,3.8094997387142144,50.0,179.95891860071345,38.336716339954194,0.05402486321449113,0.04276733949772176,49.999895625,0.20874999999999388
1504.0,0.5822217861660511,3.599020900890185,3.8093330716996303,50.0,179.95104504450924,38.34153215541255,0.05402632700952139,0.04276843003251585,49.999895555555554,0.20888888888888277
1505.0,0.5819440078080252,3.598863435097746,3.809166404684815,50.0,179.9431717548873,38.346344381094184,0.05402778971070454,0.042769519764462326,49.999895486111114,0.20902777777777165
1506.0,0.5816662294496135,3.598705974633558,3.808999737669768,50.0,179.9352987316779,38.35115301891199,0.05402925131863208,0.04277060869399785,49.99989541666667,0.20916666666666053
1507.0,0.581388451090816,3.598548519494229,3.8088330706544893,50.0,179.92742597471144,38.355958070777945,0.054030711833895226,0.0427716968215588,49.99989534722222,0.20930555555554942
1508.0,0.5811106727316327,3.59839106967637,3.8086664036389797,50.0,179.9195534838185,38.36075953860296,0.05403217125708486,0.04277278414758133,49.99989527777778,0.2094444444444383
1509.0,0.5808328943720636,3.598233625176591,3.808499736623238,50.0,179.91168125882956,38.36555742429704,0.05403362958879156,0.04277387067250134,49.999895208333335,0.20958333333332718
1510.0,0.5805551160121087,3.5980761859915082,3.808333069607265,50.0,179.9038092995754,38.37035172976914,0.054035086829605575,0.042774956396754465,49.99989513888889,0.20972222222221606
1511.0,0.580277337651768,3.5979187521177374,3.808166402591061,50.0,179.89593760588687,38.37514245692728,0.05403654298011686,0.042776041320776115,49.99989506944444,0.20986111111110495
1512.0,0.5799995592910415,3.5977613235518953,3.807999735574625,50.0,179.88806617759477,38.379929607678434,0.05403799804091505,0.04277712544500144,49.999895,0.20999999999999383
1513.0,0.5797217809299292,3.5976039002906033,3.8078330685579576,50.0,179.88019501453016,38.38471318392868,0.054039452012589466,0.04277820876986534,49.999894930555556,0.2101388888888827
1514.0,0.5794440025684311,3.5974464823304824,3.8076664015410584,50.0,179.8723241165241,38.38949318758307,0.05404090489572911,0.04277929129580249,49.99989486111111,0.2102777777777716
1515.0,0.5791662242065472,3.5972890696681574,3.8074997345239283,50.0,179.86445348340789,38.39426962054563,0.05404235669092269,0.04278037302324729,49.99989479166666,0.21041666666666048
1516.0,0.5788884458442775,3.597131662300254,3.8073330675065664,50.0,179.85658311501268,38.39904248471953,0.05404380739875857,0.0427814539526339,49.99989472222222,0.21055555555554936
1517.0,0.5786106674816219,3.5969742602234,3.807166400488973,50.0,179.84871301117,38.40381178200681,0.05404525701982483,0.042782534084396244,49.999894652777776,0.21069444444443824
1518.0,0.5783328891185806,3.5968168634342246,3.806999733471148,50.0,179.84084317171124,38.40857751430866,0.05404670555470923,0.04278361341896799,49.99989458333333,0.21083333333332713
1519.0,0.5780551107551535,3.596659471929361,3.806833066453092,50.0,179.83297359646807,38.41333968352524,0.05404815300399922,0.04278469195678257,49.99989451388889,0.210972222222216
1520.0,0.5777773323913405,3.5965020857054424,3.8066663994348042,50.0,179.82510428527212,38.41809829155568,0.054049599368281936,0.042785769698273156,49.99989444444444,0.2111111111111049
1521.0,0.5774995540271418,3.5963447047591046,3.806499732416285,50.0,179.81723523795523,38.42285334029822,0.05405104464814419,0.042786846643872695,49.999894375,0.21124999999999378
1522.0,0.5772217756625573,3.5961873290869844,3.806333065397534,50.0,179.80936645434923,38.42760483165006,0.054052488844172505,0.04278792279401387,49.99989430555555,0.21138888888888266
1523.0,0.5769439972975869,3.596029958685724,3.806166398378552,50.0,179.8014979342862,38.432352767507496,0.05405393195695308,0.04278899814912912,49.99989423611111,0.21152777777777154
1524.0,0.5766662189322308,3.5958725935519618,3.8059997313593383,50.0,179.7936296775981,38.43709714976575,0.0540553739870718,0.04279007270965066,49.999894166666664,0.21166666666666042
1525.0,0.5763884405664889,3.5957152336823444,3.805833064339893,50.0,179.7857616841172,38.44183798031912,0.05405681493511426,0.04279114647601045,49.999894097222224,0.2118055555555493
1526.0,0.5761106622003611,3.5955578790735157,3.8056663973202167,50.0,179.77789395367577,38.44657526106096,0.054058254801665706,0.042792219448640194,49.99989402777778,0.2119444444444382
1527.0,0.5758328838338476,3.5954005297221228,3.8054997303003084,50.0,179.77002648610613,38.45130899388357,0.0540596935873111,0.04279329162797136,49.99989395833334,0.21208333333332707
1528.0,0.5755551054669482,3.5952431856248164,3.8053330632801687,50.0,179.76215928124083,38.45603918067832,0.0540611312926351,0.042794363014435184,49.99989388888889,0.21222222222221596
1529.0,0.5752773270996631,3.5950858467782476,3.8051663962597977,50.0,179.7542923389124,38.460765823335635,0.05406256791822204,0.04279543360846265,49.999893819444445,0.21236111111110484
1530.0,0.5749995487319921,3.59492851317907,3.8049997292391953,50.0,179.74642565895348,38.46548892374494,0.05406400346465594,0.04279650341048449,49.99989375,0.21249999999999372
1531.0,0.5747217703639353,3.594771184823938,3.804833062218361,50.0,179.7385592411969,38.47020848379469,0.05406543793252051,0.04279757242093121,49.99989368055556,0.2126388888888826
1532.0,0.5744439919954928,3.5946138617095102,3.8046663951972954,50.0,179.7306930854755,38.474924505372314,0.05406687132239918,0.042798640640233074,49.99989361111111,0.2127777777777715
1533.0,0.5741662136266644,3.594456543832446,3.8044997281759985,50.0,179.7228271916223,38.479636990364384,0.05406830363487503,0.04279970806882009,49.999893541666665,0.21291666666666037
1534.0,0.5738884352574501,3.5942992311894053,3.80433306115447,50.0,179.71496155947025,38.4843459406564,0.05406973487053086,0.04280077470712202,49.999893472222226,0.21305555555554925
1535.0,0.5736106568878501,3.5941419237770513,3.80416639413271,50.0,179.70709618885257,38.48905135813294,0.05407116502994914,0.04280184055556841,49.99989340277778,0.21319444444443814
1536.0,0.5733328785178642,3.5939846215920506,3.8039997271107184,50.0,179.69923107960253,38.49375324467758,0.054072594113712034,0.04280290561458855,49.99989333333333,0.21333333333332702
1537.0,0.5730551001474925,3.5938273246310692,3.8038330600884955,50.0,179.69136623155347,38.49845160217296,0.05407402212240142,0.042803969884611485,49.999893263888886,0.2134722222222159
1538.0,0.572777321776735,3.5936700328907762,3.803666393066041,50.0,179.6835016445388,38.50314643250073,0.054075449056598834,0.042805033366066024,49.99989319444445,0.21361111111110478
1539.0,0.5724995434055917,3.5935127463678427,3.8034997260433547,50.0,179.67563731839215,38.507837737541536,0.05407687491688552,0.04280609605938074,49.999893125,0.21374999999999367
1540.0,0.5722217650340626,3.593355465058941,3.8033330590204373,50.0,179.66777325294706,38.51252551917514,0.054078299703842425,0.04280715796498396,49.99989305555555,0.21388888888888255
1541.0,0.5719439866621477,3.5931981889607467,3.8031663919972885,50.0,179.65990944803733,38.51720977928028,0.05407972341805016,0.04280821908330377,49.999892986111114,0.21402777777777143
1542.0,0.571666208289847,3.593040918069937,3.8029997249739083,50.0,179.65204590349686,38.52189051973477,0.054081146060089055,0.042809279414768024,49.99989291666667,0.21416666666666032
1543.0,0.5713884299171605,3.592883652383189,3.8028330579502962,50.0,179.64418261915944,38.52656774241541,0.05408256763053911,0.04281033895980434,49.99989284722222,0.2143055555555492
1544.0,0.5711106515440882,3.592726391897185,3.802666390926453,50.0,179.63631959485923,38.531241449198035,0.05408398812998003,0.04281139771884007,49.999892777777774,0.21444444444443808
1545.0,0.5708328731706301,3.5925691366086063,3.802499723902378,50.0,179.6284568304303,38.53591164195751,0.054085407558991216,0.04281245569230237,49.999892708333334,0.21458333333332696
1546.0,0.5705550947967862,3.592411886514137,3.8023330568780715,50.0,179.62059432570686,38.5405783225678,0.05408682591815175,0.04281351288061811,49.99989263888889,0.21472222222221585
1547.0,0.5702773164225565,3.5922546416104657,3.8021663898535336,50.0,179.61273208052327,38.54524149290182,0.054088243208040405,0.042814569284213955,49.99989256944444,0.21486111111110473
1548.0,0.569999538047941,3.5920974018942795,3.8019997228287643,50.0,179.604870094714,38.54990115483156,0.05408965942923567,0.04281562490351633,49.9998925,0.2149999999999936
1549.0,0.5697217596729397,3.5919401673622686,3.8018330558037636,50.0,179.59700836811342,38.55455731022806,0.054091074582315705,0.042816679738951396,49.999892430555555,0.2151388888888825
1550.0,0.5694439812975526,3.5917829380111255,3.8016663887785316,50.0,179.58914690055627,38.55920996096137,0.05409248866785836,0.042817733790945105,49.99989236111111,0.21527777777777138
1551.0,0.5691662029217797,3.5916257138375447,3.8014997217530677,50.0,179.58128569187724,38.563859108900544,0.054093901686441195,0.04281878705992317,49.99989229166666,0.21541666666666026
1552.0,0.5688884245456209,3.5914684948382214,3.8013330547273725,50.0,179.57342474191108,38.56850475591375,0.054095313638641444,0.042819839546311037,49.99989222222222,0.21555555555554914
1553.0,0.5686106461690764,3.5913112810098538,3.801166387701446,50.0,179.5655640504927,38.57314690386818,0.054096724525036055,0.04282089125053395,49.999892152777775,0.21569444444443803
1554.0,0.5683328677921461,3.5911540723491426,3.8009997206752875,50.0,179.55770361745712,38.577785554630054,0.054098134346201664,0.042821942173016894,49.999892083333336,0.2158333333333269
1555.0,0.56805508941483,3.5909968688527885,3.8008330536488977,50.0,179.54984344263943,38.58242071006458,0.05409954310271459,0.042822992314184634,49.99989201388889,0.2159722222222158
1556.0,0.567777311037128,3.5908396705174974,3.8006663866222765,50.0,179.54198352587488,38.587052372036055,0.05410095079515086,0.04282404167446169,49.99989194444445,0.21611111111110468
1557.0,0.5674995326590403,3.5906824773399726,3.800499719595424,50.0,179.53412386699864,38.5916805424078,0.05410235742408618,0.04282509025427234,49.999891875,0.21624999999999356
1558.0,0.5672217542805668,3.5905252893169237,3.80033305256834,50.0,179.5262644658462,38.596305223042236,0.05410376299009596,0.04282613805404064,49.999891805555556,0.21638888888888244
1559.0,0.5669439759017074,3.5903681064450583,3.8001663855410244,50.0,179.5184053222529,38.6009264158007,0.05410516749375532,0.042827185074190394,49.99989173611111,0.21652777777777132
1560.0,0.5666661975224623,3.590210928721089,3.7999997185134773,50.0,179.51054643605445,38.60554412254368,0.05410657093563904,0.04282823131514518,49.99989166666667,0.2166666666666602
1561.0,0.5663884191428313,3.5900537561417303,3.799833051485699,50.0,179.50268780708652,38.610158345130685,0.054107973316321625,0.04282927677732835,49.99989159722222,0.2168055555555491
1562.0,0.5661106407628146,3.5898965887036947,3.7996663844576886,50.0,179.49482943518473,38.61476908542022,0.05410937463637726,0.042830321461162994,49.99989152777778,0.21694444444443797
1563.0,0.565832862382412,3.589739426403702,3.799499717429447,50.0,179.4869713201851,38.61937634526987,0.05411077489637982,0.042831365367072,49.99989145833334,0.21708333333332686
1564.0,0.5655550840016237,3.5895822692384702,3.799333050400974,50.0,179.4791134619235,38.62398012653625,0.0541121740969029,0.042832408495478,49.99989138888889,0.21722222222221574
1565.0,0.5652773056204495,3.589425117204721,3.7991663833722695,50.0,179.47125586023606,38.62858043107502,0.054113572238519765,0.0428334508468034,49.999891319444444,0.21736111111110462
1566.0,0.5649995272388896,3.5892679702991765,3.7989997163433338,50.0,179.46339851495884,38.63317726074092,0.05411496932180338,0.04283449242147037,49.99989125,0.2174999999999935
1567.0,0.5647217488569438,3.589110828518562,3.798833049314166,50.0,179.4555414259281,38.63777061738767,0.05411636534732643,0.042835533219900836,49.99989118055556,0.2176388888888824
1568.0,0.5644439704746123,3.5889536918596043,3.7986663822847673,50.0,179.4476845929802,38.64236050286803,0.05411776031566126,0.04283657324251652,49.99989111111111,0.21777777777777127
1569.0,0.5641661920918949,3.588796560319032,3.798499715255137,50.0,179.4398280159516,38.646946919033894,0.05411915422737994,0.042837612489738865,49.999891041666665,0.21791666666666015
1570.0,0.5638884137087917,3.588639433893576,3.798333048225275,50.0,179.4319716946788,38.651529867736144,0.05412054708305421,0.04283865096198913,49.999890972222225,0.21805555555554904
1571.0,0.5636106353253028,3.588482312579968,3.7981663811951814,50.0,179.4241156289984,38.65610935082475,0.05412193888325553,0.04283968865968831,49.99989090277778,0.21819444444443792
1572.0,0.563332856941428,3.5883251963749427,3.7979997141648565,50.0,179.41625981874714,38.660685370148656,0.05412332962855505,0.04284072558325717,49.99989083333333,0.2183333333333268
1573.0,0.5630550785571674,3.5881680852752376,3.7978330471343003,50.0,179.40840426376187,38.66525792755584,0.05412471931952362,0.04284176173311625,49.999890763888885,0.21847222222221568
1574.0,0.562777300172521,3.5880109792775903,3.7976663801035127,50.0,179.40054896387952,38.669827024893436,0.05412610795673177,0.04284279710968585,49.999890694444446,0.21861111111110457
1575.0,0.5624995217874889,3.5878538783787395,3.7974997130724932,50.0,179.39269391893697,38.6743926640076,0.05412749554074975,0.04284383171338605,49.999890625,0.21874999999999345
1576.0,0.5622217434020709,3.5876967825754287,3.7973330460412424,50.0,179.38483912877143,38.678954846743466,0.05412888207214748,0.042844865544636686,49.99989055555555,0.21888888888888233
1577.0,0.5619439650162671,3.5875396918644014,3.7971663790097603,50.0,179.37698459322007,38.683513574945266,0.0541302675514946,0.042845898603857374,49.99989048611111,0.21902777777777122
1578.0,0.5616661866300775,3.587382606242403,3.7969997119780463,50.0,179.36913031212015,38.68806885045626,0.05413165197936046,0.04284693089146748,49.999890416666666,0.2191666666666601
1579.0,0.5613884082435021,3.587225525706182,3.796833044946101,50.0,179.3612762853091,38.6926206751188,0.054133035356314065,0.04284796240788616,49.99989034722222,0.21930555555554898
1580.0,0.5611106298565409,3.587068450252487,3.7966663779139243,50.0,179.35342251262435,38.69716905077422,0.05413441768292415,0.04284899315353232,49.99989027777777,0.21944444444443786
1581.0,0.5608328514691939,3.5869113798780714,3.796499710881516,50.0,179.34556899390358,38.70171397926299,0.05413579895975914,0.04285002312882465,49.99989020833333,0.21958333333332675
1582.0,0.5605550730814611,3.586754314579687,3.7963330438488767,50.0,179.33771572898436,38.706255462424565,0.054137179187387155,0.04285105233418161,49.999890138888894,0.21972222222221563
1583.0,0.5602772946933425,3.586597254354089,3.7961663768160054,50.0,179.32986271770446,38.71079350209743,0.05413855836637603,0.0428520807700214,49.99989006944445,0.2198611111111045
1584.0,0.5599995163048381,3.586440199198035,3.795999709782903,50.0,179.32200995990175,38.71532810011922,0.05413993649729327,0.04285310843676203,49.99989,0.2199999999999934
1585.0,0.5597217379159479,3.586283149108284,3.795833042749569,50.0,179.3141574554142,38.71985925832661,0.0541413135807061,0.042854135334821256,49.99988993055556,0.22013888888888228
1586.0,0.5594439595266719,3.586126104081597,3.795666375716003,50.0,179.30630520407985,38.72438697855523,0.05414268961718143,0.04285516146461661,49.999889861111114,0.22027777777777116
1587.0,0.5591661811370101,3.5859690641147366,3.7954997086822058,50.0,179.29845320573682,38.728911262639826,0.05414406460728589,0.042856186826565404,49.99988979166667,0.22041666666666004
1588.0,0.5588884027469625,3.5858120292044675,3.795333041648177,50.0,179.29060146022337,38.73343211241422,0.05414543855158578,0.0428572114210847,49.99988972222222,0.22055555555554893
1589.0,0.5586106243565291,3.585654999347557,3.7951663746139173,50.0,179.28274996737784,38.737949529711216,0.05414681145064713,0.04285823524859134,49.99988965277778,0.2206944444444378
1590.0,0.5583328459657099,3.5854979745407736,3.794999707579426,50.0,179.27489872703867,38.74246351636276,0.054148183305035645,0.04285925830950194,49.999889583333335,0.2208333333333267
1591.0,0.5580550675745048,3.5853409547808863,3.794833040544703,50.0,179.26704773904433,38.74697407419984,0.054149554115316745,0.04286028060423289,49.99988951388889,0.22097222222221558
1592.0,0.557777289182914,3.585183940064668,3.7946663735097483,50.0,179.2591970032334,38.75148120505247,0.05415092388205554,0.04286130213320034,49.99988944444445,0.22111111111110446
1593.0,0.5574995107909374,3.5850269303888944,3.7944997064745625,50.0,179.25134651944472,38.7559849107497,0.05415229260581685,0.04286232289682022,49.999889375,0.22124999999999334
1594.0,0.557221732398575,3.5848699257503394,3.794333039439145,50.0,179.24349628751696,38.76048519311968,0.05415366028716518,0.04286334289550822,49.999889305555556,0.22138888888888222
1595.0,0.5569439540058267,3.5847129261457815,3.7941663724034957,50.0,179.23564630728907,38.76498205398957,0.054155026926664754,0.042864362129679826,49.99988923611111,0.2215277777777711
1596.0,0.5566661756126927,3.584555931572001,3.7939997053676153,50.0,179.22779657860005,38.769475495185645,0.054156392524879485,0.04286538059975028,49.99988916666667,0.22166666666666
1597.0,0.5563883972191729,3.5843989420257794,3.7938330383315035,50.0,179.21994710128897,38.77396551853326,0.054157757082372984,0.04286639830613459,49.99988909722222,0.22180555555554887
1598.0,0.5561106188252672,3.5842419575038993,3.7936663712951604,50.0,179.21209787519496,38.778452125856745,0.05415912059970857,0.04286741524924754,49.999889027777776,0.22194444444443776
1599.0,0.5558328404309758,3.5840849780031476,3.7934997042585854,50.0,179.20424890015738,38.782935318979526,0.054160483077449265,0.04286843142950369,49.99988895833333,0.22208333333332664
1600.0,0.5555550620362986,3.5839280035203105,3.793333037221779,50.0,179.19640017601552,38.78741509972406,0.054161844516157784,0.04286944684731738,49.99988888888889,0.22222222222221552
1601.0,0.5552772836412354,3.5837710340521767,3.793166370184741,50.0,179.18855170260883,38.791891469911945,0.05416320491639654,0.042870461503102704,49.99988881944444,0.2223611111111044
1602.0,0.5549995052457865,3.5836140695955385,3.792999703147472,50.0,179.18070347977692,38.79636443136377,0.054164564278727664,0.04287147539727355,49.99988875,0.2224999999999933
1603.0,0.5547217268499517,3.583457110147189,3.792833036109971,50.0,179.17285550735943,38.80083398589926,0.054165922603712974,0.04287248853024356,49.99988868055556,0.22263888888888217
1604.0,0.5544439484537311,3.583300155703921,3.7926663690722386,50.0,179.16500778519605,38.80530013533712,0.054167279891914,0.04287350090242617,49.99988861111111,0.22277777777777105
1605.0,0.5541661700571248,3.5831432062625326,3.7924997020342746,50.0,179.15716031312664,38.80976288149509,0.05416863614389196,0.042874512514234575,49.999888541666664,0.22291666666665994
1606.0,0.5538883916601326,3.5829862618198227,3.7923330349960795,50.0,179.14931309099114,38.81422222619011,0.054169991360207795,0.04287552336608174,49.99988847222222,0.22305555555554882
1607.0,0.5536106132627546,3.5828293223725898,3.7921663679576527,50.0,179.1414661186295,38.81867817123805,0.054171345541422125,0.04287653345838042,49.99988840277778,0.2231944444444377
1608.0,0.5533328348649909,3.5826723879176376,3.7919997009189945,50.0,179.13361939588188,38.82313071845391,0.05417269868809528,0.04287754279154312,49.99988833333333,0.22333333333332658
1609.0,0.5530550564668413,3.5825154584517698,3.7918330338801045,50.0,179.12577292258848,38.8275798696518,0.0541740508007873,0.042878551365982155,49.999888263888884,0.22347222222221547
1610.0,0.5527772780683059,3.5823585339717927,3.7916663668409836,50.0,179.11792669858963,38.83202562664479,0.05417540188005793,0.04287955918210958,49.999888194444445,0.22361111111110435
1611.0,0.5524994996693847,3.582201614474514,3.791499699801631,50.0,179.1100807237257,38.83646799124506,0.05417675192646659,0.042880566240337245,49.999888125000005,0.22374999999999323
1612.0,0.5522217212700777,3.5820446999567417,3.7913330327620463,50.0,179.1022349978371,38.840906965263855,0.05417810094057245,0.04288157254107676,49.99988805555556,0.22388888888888211
1613.0,0.551943942870385,3.5818877904152897,3.7911663657222308,50.0,179.09438952076448,38.845342550511475,0.054179448922934345,0.042882578084739525,49.99988798611111,0.224027777777771
1614.0,0.5516661644703064,3.5817308858469703,3.7909996986821834,50.0,179.08654429234852,38.84977474879736,0.05418079587411082,0.04288358287173671,49.999887916666665,0.22416666666665988
1615.0,0.551388386069842,3.5815739862485994,3.790833031641905,50.0,179.07869931242996,38.85420356192992,0.05418214179466013,0.04288458690247924,49.999887847222226,0.22430555555554876
1616.0,0.5511106076689918,3.5814170916169923,3.7906663646013947,50.0,179.0708545808496,38.85862899171667,0.05418348668514024,0.04288559017737786,49.99988777777778,0.22444444444443765
1617.0,0.5508328292677558,3.58126020194897,3.7904996975606533,50.0,179.06301009744848,38.863051039964205,0.0541848305461088,0.04288659269684304,49.99988770833333,0.22458333333332653
1618.0,0.550555050866134,3.581103317241352,3.79033303051968,50.0,179.0551658620676,38.867469708478154,0.05418617337812318,0.042887594461285074,49.99988763888889,0.2247222222222154
1619.0,0.5502772724641264,3.580946437490961,3.7901663634784755,50.0,179.04732187454806,38.8718849990633,0.05418751518174045,0.04288859547111399,49.99988756944445,0.2248611111111043
1620.0,0.549999494061733,3.5807895626946227,3.7899996964370395,50.0,179.03947813473113,38.87629691352339,0.05418885595751738,0.042889595726739616,49.9998875,0.22499999999999318
1621.0,0.5497217156589538,3.5806326928491625,3.789833029395372,50.0,179.03163464245813,38.88070545366128,0.054190195706010455,0.042890595228571554,49.99988743055555,0.22513888888888206
1622.0,0.5494439372557888,3.580475827951408,3.789666362353473,50.0,179.02379139757042,38.8851106212789,0.05419153442777585,0.04289159397701917,49.999887361111114,0.22527777777777094
1623.0,0.549166158852238,3.5803189679981906,3.7894996953113425,50.0,179.01594839990952,38.889512418177276,0.05419287212336945,0.04289259197249163,49.99988729166667,0.22541666666665983
1624.0,0.5488883804483013,3.5801621129863412,3.7893330282689806,50.0,179.00810564931706,38.89391084615653,0.05419420879334685,0.042893589215397855,49.99988722222222,0.2255555555555487
1625.0,0.5486106020439789,3.580005262912694,3.7891663612263873,50.0,179.0002631456347,38.898305907015754,0.05419554443826334,0.04289458570614656,49.99988715277778,0.2256944444444376
1626.0,0.5483328236392707,3.5798484177740844,3.788999694183562,50.0,178.99242088870423,38.90269760255319,0.05419687905867393,0.04289558144514621,49.999887083333334,0.22583333333332647
1627.0,0.5480550452341767,3.57969157756735,3.7888330271405057,50.0,178.9845788783675,38.90708593456611,0.054198212655133325,0.042896576432805075,49.99988701388889,0.22597222222221536
1628.0,0.5477772668286969,3.5795347422893293,3.788666360097218,50.0,178.97673711446646,38.91147090485089,0.054199545228195936,0.0428975706695312,49.99988694444444,0.22611111111110424
1629.0,0.5474994884228312,3.5793779119368647,3.7884996930536987,50.0,178.96889559684323,38.91585251520297,0.05420087677841588,0.042898564155732385,49.999886875,0.22624999999999312
1630.0,0.5472217100165798,3.5792210865067986,3.7883330260099477,50.0,178.96105432533994,38.920230767416854,0.054202207306346985,0.04289955689181624,49.999886805555555,0.226388888888882
1631.0,0.5469439316099426,3.579064265995975,3.7881663589659653,50.0,178.95321329979873,38.924605663286115,0.05420353681254278,0.042900548878190115,49.99988673611111,0.2265277777777709
1632.0,0.5466661532029196,3.5789074504012413,3.7879996919217516,50.0,178.94537252006205,38.92897720460343,0.05420486529755649,0.04290154011526118,49.99988666666667,0.22666666666665977
1633.0,0.5463883747955107,3.5787506397194457,3.7878330248773064,50.0,178.9375319859723,38.93334539316055,0.05420619276194106,0.04290253060343635,49.99988659722222,0.22680555555554865
1634.0,0.5461105963877161,3.5785938339474392,3.7876663578326295,50.0,178.92969169737196,38.93771023074834,0.054207519206249145,0.04290352034312234,49.999886527777775,0.22694444444443754
1635.0,0.5458328179795356,3.5784370330820727,3.787499690787721,50.0,178.92185165410365,38.942071719156615,0.0542088446310331,0.04290450933472562,49.99988645833333,0.22708333333332642
1636.0,0.5455550395709694,3.578280237120201,3.7873330237425815,50.0,178.91401185601006,38.94642986017436,0.05421016903684498,0.04290549757865247,49.99988638888889,0.2272222222222153
1637.0,0.5452772611620174,3.5781234460586795,3.78716635669721,50.0,178.90617230293398,38.95078465558964,0.054211492424236556,0.04290648507530892,49.99988631944444,0.22736111111110419
1638.0,0.5449994827526795,3.5779666598943662,3.7869996896516076,50.0,178.89833299471832,38.95513610718962,0.054212814793759306,0.0429074718251008,49.999886249999996,0.22749999999999307
1639.0,0.5447217043429559,3.577809878624121,3.7868330226057734,50.0,178.89049393120604,38.959484216760416,0.05421413614596441,0.042908457828433715,49.99988618055555,0.22763888888888195
1640.0,0.5444439259328464,3.577653102244804,3.7866663555597078,50.0,178.8826551122402,38.96382898608738,0.05421545648140275,0.04290944308571303,49.99988611111112,0.22777777777777083
1641.0,0.5441661475223512,3.577496330753278,3.7864996885134103,50.0,178.87481653766392,38.96817041695482,0.054216775800624936,0.04291042759734391,49.99988604166667,0.22791666666665972
1642.0,0.5438883691114701,3.57733956414641,3.786333021466882,50.0,178.8669782073205,38.97250851114626,0.05421809410418127,0.0429114113637313,49.99988597222222,0.2280555555555486
1643.0,0.5436105907002032,3.5771828024210652,3.786166354420122,50.0,178.85914012105326,38.976843270444135,0.05421941139262176,0.04291239438527991,49.99988590277778,0.22819444444443748
1644.0,0.5433328122885506,3.5770260455741125,3.7859996873731303,50.0,178.85130227870562,38.98117469663009,0.05422072766649612,0.04291337666239425,49.99988583333334,0.22833333333332637
1645.0,0.5430550338765121,3.576869293602422,3.785833020325907,50.0,178.8434646801211,38.985502791484805,0.05422204292635379,0.04291435819547859,49.99988576388889,0.22847222222221525
1646.0,0.5427772554640878,3.5767125465028675,3.7856663532784527,50.0,178.83562732514338,38.98982755678804,0.05422335717274391,0.042915338984937,49.999885694444444,0.22861111111110413
1647.0,0.5424994770512778,3.5765558042723202,3.7854996862307666,50.0,178.827790213616,38.994148994318664,0.05422467040621531,0.042916319031173294,49.999885625000005,0.22874999999999301
1648.0,0.5422216986380819,3.5763990669076593,3.785333019182849,50.0,178.81995334538297,38.99846710585456,0.05422598262731656,0.04291729833459112,49.99988555555556,0.2288888888888819
1649.0,0.5419439202245002,3.5762423344057597,3.7851663521347,50.0,178.81211672028797,39.00278189317277,0.054227293836595906,0.04291827689559387,49.99988548611111,0.22902777777777078
1650.0,0.5416661418105327,3.576085606763503,3.7849996850863197,50.0,178.80428033817515,39.00709335804942,0.054228604034601335,0.04291925471458473,49.999885416666665,0.22916666666665966
1651.0,0.5413883633961795,3.575928883977769,3.7848330180377077,50.0,178.79644419888845,39.011401502259616,0.05422991322188052,0.042920231791966655,49.999885347222225,0.22930555555554855
1652.0,0.5411105849814404,3.5757721660454407,3.784666350988864,50.0,178.78860830227202,39.015706327577675,0.054231221398980844,0.042921208128142395,49.99988527777778,0.22944444444443743
1653.0,0.5408328065663155,3.5756154529634054,3.784499683939789,50.0,178.78077264817028,39.02000783577694,0.05423252856644942,0.04292218372351448,49.99988520833333,0.2295833333333263
1654.0,0.5405550281508048,3.5754587447285475,3.7843330168904825,50.0,178.77293723642737,39.02430602862984,0.054233834724833035,0.042923158578485214,49.999885138888885,0.2297222222222152
1655.0,0.5402772497349083,3.575302041337757,3.784166349840945,50.0,178.76510206688783,39.0286009079079,0.05423513987467822,0.042924132693456685,49.999885069444446,0.22986111111110408
1656.0,0.539999471318626,3.575145342787923,3.7839996827911753,50.0,178.75726713939613,39.03289247538174,0.0542364440165312,0.042925106068830765,49.999885,0.22999999999999296
1657.0,0.5397216929019579,3.574988649075939,3.7838330157411746,50.0,178.74943245379694,39.03718073282107,0.05423774715093792,0.042926078705009106,49.99988493055555,0.23013888888888184
1658.0,0.539443914484904,3.5748319601986984,3.783666348690942,50.0,178.74159800993493,39.04146568199462,0.054239049278444015,0.042927050602393144,49.99988486111111,0.23027777777777073
1659.0,0.5391661360674643,3.574675276153097,3.7834996816404782,50.0,178.73376380765484,39.04574732467029,0.05424035039959485,0.0429280217613841,49.999884791666666,0.2304166666666596
1660.0,0.5388883576496388,3.574518596936033,3.783333014589783,50.0,178.72592984680165,39.05002566261504,0.054241650514935486,0.04292899218238297,49.99988472222222,0.2305555555555485
1661.0,0.5386105792314275,3.574361922544405,3.7831663475388564,50.0,178.71809612722024,39.0543006975949,0.05424294962501071,0.04292996186579053,49.99988465277777,0.23069444444443737
1662.0,0.5383328008128304,3.574205252975115,3.782999680487698,50.0,178.71026264875576,39.05857243137501,0.054244247730365014,0.042930930812007356,49.99988458333333,0.23083333333332626
1663.0,0.5380550223938475,3.5740485882250654,3.782833013436308,50.0,178.70242941125326,39.06284086571958,0.054245544831542584,0.042931899021433795,49.99988451388889,0.23097222222221514
1664.0,0.5377772439744788,3.573891928291162,3.782666346384687,50.0,178.6945964145581,39.06710600239194,0.05424684092908734,0.04293286649446997,49.99988444444444,0.23111111111110402
1665.0,0.5374994655547243,3.57373527317031,3.7824996793328345,50.0,178.6867636585155,39.07136784315452,0.054248136023542906,0.042933833231515804,49.999884375,0.2312499999999929
1666.0,0.5372216871345838,3.5735786228594195,3.78233301228075,50.0,178.67893114297098,39.075626389768786,0.05424943011545261,0.042934799232970985,49.999884305555554,0.2313888888888818
1667.0,0.5369439087140576,3.5734219773554003,3.7821663452284344,50.0,178.67109886777,39.07988164399529,0.054250723205359494,0.042935764499234995,49.99988423611111,0.23152777777777067
1668.0,0.5366661302931456,3.573265336655164,3.7819996781758873,50.0,178.66326683275818,39.0841336075938,0.05425201529380632,0.0429367290307071,49.99988416666667,0.23166666666665955
1669.0,0.5363883518718477,3.573108700755624,3.7818330111231084,50.0,178.65543503778122,39.08838228232298,0.05425330638133556,0.04293769282778636,49.99988409722222,0.23180555555554844
1670.0,0.5361105734501641,3.5729520696536974,3.781666344070098,50.0,178.64760348268487,39.09262766994078,0.05425459646848939,0.04293865589087159,49.99988402777778,0.23194444444443732
1671.0,0.5358327950280947,3.572795443346301,3.7814996770168565,50.0,178.63977216731507,39.096869772204116,0.054255885555809694,0.042939618220361415,49.999883958333335,0.2320833333333262
1672.0,0.5355550166056394,3.572638821830354,3.7813330099633835,50.0,178.6319410915177,39.101108590869046,0.054257173643838086,0.04294057981665424,49.99988388888889,0.23222222222221509
1673.0,0.5352772381827984,3.5724822051027774,3.7811663429096787,50.0,178.62411025513887,39.10534412769073,0.054258460733115875,0.04294154068014824,49.99988381944445,0.23236111111110397
1674.0,0.5349994597595715,3.572325593160495,3.780999675855743,50.0,178.61627965802475,39.10957638442335,0.0542597468241841,0.04294250081124138,49.99988375,0.23249999999999285
1675.0,0.5347216813359589,3.5721689860004293,3.780833008801575,50.0,178.60844930002148,39.1138053628203,0.0542610319175835,0.04294346021033143,49.999883680555556,0.23263888888888173
1676.0,0.5344439029119604,3.572012383619509,3.780666341747176,50.0,178.60061918097546,39.11803106463395,0.05426231601385451,0.042944418877815915,49.99988361111111,0.23277777777777062
1677.0,0.5341661244875762,3.571855786014661,3.7804996746925457,50.0,178.59278930073305,39.12225349161588,0.05426359911353732,0.04294537681409217,49.99988354166667,0.2329166666666595
1678.0,0.5338883460628061,3.5716991931828157,3.7803330076376835,50.0,178.5849596591408,39.126472645516685,0.05426488121717181,0.04294633401955728,49.99988347222222,0.23305555555554838
1679.0,0.5336105676376502,3.571542605120906,3.78016634058259,50.0,178.57713025604528,39.13068852808607,0.05426616232529756,0.042947290494608166,49.999883402777776,0.23319444444443727
1680.0,0.5333327892121086,3.5713860218258633,3.779999673527265,50.0,178.56930109129317,39.13490114107287,0.05426744243845389,0.04294824623964149,49.99988333333334,0.23333333333332615
1681.0,0.5330550107861811,3.5712294432946243,3.7798330064717085,50.0,178.5614721647312,39.139110486225036,0.054268721557179815,0.042949201255053714,49.99988326388889,0.23347222222221503
1682.0,0.5327772323598678,3.571072869524126,3.7796663394159205,50.0,178.5536434762063,39.143316565289524,0.05426999968201407,0.0429501555412411,49.99988319444444,0.23361111111110391
1683.0,0.5324994539331688,3.5709163005113074,3.779499672359901,50.0,178.54581502556536,39.147519380012454,0.0542712768134951,0.042951109098599664,49.999883125,0.2337499999999928
1684.0,0.5322216755060839,3.5707597362531094,3.7793330053036502,50.0,178.53798681265548,39.15171893213903,0.054272552952161074,0.042952061927525244,49.99988305555556,0.23388888888888168
1685.0,0.5319438970786132,3.570603176746474,3.7791663382471676,50.0,178.5301588373237,39.15591522341356,0.054273828098549866,0.042953014028413436,49.99988298611111,0.23402777777777056
1686.0,0.5316661186507567,3.5704466219883457,3.7789996711904537,50.0,178.52233109941727,39.160108255579416,0.054275102253199065,0.04295396540165964,49.999882916666664,0.23416666666665945
1687.0,0.5313883402225145,3.570290071975671,3.7788330041335083,50.0,178.51450359878356,39.16429803037914,0.05427637541664597,0.04295491604765904,49.999882847222224,0.23430555555554833
1688.0,0.5311105617938864,3.5701335267053973,3.7786663370763316,50.0,178.50667633526987,39.168484549554364,0.0542776475894276,0.04295586596680659,49.99988277777778,0.2344444444444372
1689.0,0.5308327833648725,3.569976986174475,3.7784996700189235,50.0,178.49884930872375,39.172667814845795,0.0542789187720807,0.04295681515949705,49.99988270833333,0.2345833333333261
1690.0,0.5305550049354728,3.5698204503798547,3.7783330029612836,50.0,178.49102251899274,39.17684782799324,0.05428018896514172,0.042957763626124953,49.999882638888884,0.23472222222221498
1691.0,0.5302772265056873,3.569663919318489,3.7781663359034123,50.0,178.48319596592447,39.18102459073555,0.05428145816914681,0.04295871136708463,49.999882569444445,0.23486111111110386
1692.0,0.529999448075516,3.5695073929873344,3.7779996688453092,50.0,178.4753696493667,39.18519810481081,0.05428272638463187,0.04295965838277019,49.9998825,0.23499999999999274
1693.0,0.5297216696449589,3.569350871383347,3.7778330017869752,50.0,178.46754356916733,39.18936837195611,0.054283993612132486,0.042960604673575535,49.99988243055555,0.23513888888888163
1694.0,0.529443891214016,3.5691943545034848,3.7776663347284094,50.0,178.45971772517424,39.193535393907666,0.054285259852183965,0.04296155023989434,49.99988236111111,0.2352777777777705
1695.0,0.5291661127826873,3.569037842344709,3.777499667669612,50.0,178.45189211723545,39.19769917240086,0.05428652510532134,0.04296249508212009,49.999882291666665,0.2354166666666594
1696.0,0.5288883343509728,3.5688813349039807,3.7773330006105836,50.0,178.44406674519902,39.20185970917004,0.054287789372079336,0.042963439200646054,49.99988222222222,0.23555555555554827
1697.0,0.5286105559188725,3.568724832178264,3.7771663335513233,50.0,178.4362416089132,39.20601700594881,0.05428905265299243,0.04296438259586527,49.99988215277778,0.23569444444443716
1698.0,0.5283327774863864,3.568568334164525,3.7769996664918315,50.0,178.42841670822625,39.21017106446976,0.05429031494859479,0.042965325268170575,49.99988208333333,0.23583333333332604
1699.0,0.5280549990535145,3.568411840859731,3.7768329994321084,50.0,178.42059204298656,39.21432188646469,0.054291576259420306,0.0429662672179546,49.99988201388889,0.23597222222221492
1700.0,0.5277772206202568,3.5682553522608513,3.776666332372154,50.0,178.41276761304258,39.21846947366441,0.05429283658600258,0.04296720844560975,49.999881944444446,0.2361111111111038
1701.0,0.5274994421866133,3.5680988683648556,3.7764996653119676,50.0,178.40494341824277,39.22261382779891,0.054294095928874936,0.04296814895152823,49.999881875,0.2362499999999927
1702.0,0.527221663752584,3.5679423891687185,3.7763329982515503,50.0,178.39711945843592,39.22675495059724,0.05429535428857042,0.04296908873610202,49.99988180555556,0.23638888888888157
1703.0,0.5269438853181688,3.5677859146694124,3.7761663311909013,50.0,178.38929573347062,39.23089284378756,0.05429661166562179,0.042970027799722914,49.999881736111114,0.23652777777777045
1704.0,0.5266661068833679,3.5676294448639134,3.7759996641300204,50.0,178.38147224319567,39.235027509097165,0.05429786806056151,0.042970966142782466,49.99988166666667,0.23666666666665934
1705.0,0.5263883284481812,3.567472979749202,3.7758329970689086,50.0,178.37364898746011,39.23915894825245,0.054299123473921775,0.04297190376567203,49.99988159722222,0.23680555555554822
1706.0,0.5261105500126086,3.5673165193222562,3.775666330007565,50.0,178.36582596611282,39.2432871629789,0.0543003779062345,0.04297284066878276,49.99988152777778,0.2369444444444371
1707.0,0.5258327715766503,3.5671600635800575,3.77549966294599,50.0,178.35800317900288,39.24741215500114,0.0543016313580313,0.04297377685250558,49.999881458333334,0.23708333333332599
1708.0,0.5255549931403062,3.56700361251959,3.7753329958841837,50.0,178.3501806259795,39.251533926042896,0.05430288382984352,0.04297471231723121,49.99988138888889,0.23722222222221487
1709.0,0.5252772147035762,3.566847166137837,3.7751663288221455,50.0,178.34235830689184,39.25565247782697,0.05430413532220223,0.042975647063350164,49.99988131944445,0.23736111111110375
1710.0,0.5249994362664605,3.5666907244317856,3.774999661759876,50.0,178.33453622158927,39.259767812075324,0.054305385835638195,0.04297658109125274,49.99988125,0.23749999999999263
1711.0,0.524721657828959,3.5665342873984263,3.774832994697375,50.0,178.32671436992132,39.263879930509006,0.05430663537068192,0.04297751440132903,49.999881180555555,0.23763888888888152
1712.0,0.5244438793910716,3.566377855034748,3.774666327634643,50.0,178.3188927517374,39.267988834848154,0.05430788392786363,0.042978446993968904,49.99988111111111,0.2377777777777704
1713.0,0.5241661009527985,3.566221427337742,3.7744996605716787,50.0,178.31107136688712,39.272094526812054,0.05430913150771324,0.04297937886956204,49.99988104166667,0.23791666666665928
1714.0,0.5238883225141395,3.566065004304403,3.7743329935084837,50.0,178.30325021522015,39.276197008119084,0.05431037811076041,0.04298031002849789,49.99988097222222,0.23805555555554817
1715.0,0.5236105440750948,3.5659085859317265,3.7741663264450565,50.0,178.29542929658632,39.280296280486766,0.0543116237375345,0.04298124047116571,49.999880902777775,0.23819444444443705
1716.0,0.5233327656356642,3.565752172216709,3.7739996593813983,50.0,178.28760861083546,39.284392345631716,0.05431286838856462,0.04298217019795453,49.999880833333336,0.23833333333332593
1717.0,0.5230549871958479,3.565595763156351,3.7738329923175087,50.0,178.27978815781756,39.28848520526964,0.05431411206437956,0.042983099209253174,49.99988076388889,0.2384722222222148
1718.0,0.5227772087556457,3.5654393587476525,3.7736663252533873,50.0,178.2719679373826,39.292574861115384,0.05431535476550786,0.04298402750545027,49.99988069444444,0.2386111111111037
1719.0,0.5224994303150577,3.5652829589876154,3.7734996581890345,50.0,178.26414794938077,39.2966613148829,0.05431659649247776,0.04298495508693423,49.999880624999996,0.23874999999999258
1720.0,0.522221651874084,3.565126563873244,3.77333299112445,50.0,178.2563281936622,39.30074456828527,0.05431783724581722,0.042985881954093245,49.999880555555556,0.23888888888888146
1721.0,0.5219438734327244,3.5649701734015458,3.7731663240596345,50.0,178.24850867007729,39.304824623034676,0.05431907702605394,0.04298680810731531,49.99988048611111,0.23902777777777034
1722.0,0.521666094990979,3.564813787569527,3.772999656994587,50.0,178.24068937847636,39.30890148084245,0.05432031583371531,0.04298773354698821,49.99988041666666,0.23916666666665923
1723.0,0.5213883165488479,3.5646574063741974,3.7728329899293085,50.0,178.23287031870987,39.31297514341895,0.05432155366932847,0.042988658273499514,49.999880347222216,0.2393055555555481
1724.0,0.5211105381063309,3.564501029812569,3.7726663228637984,50.0,178.22505149062846,39.31704561247375,0.05432279053342025,0.04298958228723658,49.99988027777778,0.239444444444437
1725.0,0.5208327596634281,3.5643446578816538,3.7724996557980566,50.0,178.21723289408268,39.321112889715494,0.05432402642651722,0.04299050558858657,49.99988020833334,0.23958333333332588
1726.0,0.5205549812201395,3.564188290578467,3.7723329887320833,50.0,178.20941452892336,39.32517697685199,0.05432526134914568,0.04299142817793642,49.99988013888889,0.23972222222221476
1727.0,0.5202772027764652,3.5640319279000257,3.7721663216658787,50.0,178.20159639500127,39.32923787559008,0.05432649530183161,0.04299235005567288,49.999880069444444,0.23986111111110364
1728.0,0.5199994243324049,3.563875569843347,3.7719996545994428,50.0,178.19377849216735,39.3332955876358,0.054327728285100754,0.04299327122218248,49.999880000000005,0.23999999999999252
1729.0,0.5197216458879588,3.563719216405451,3.771832987532775,50.0,178.18596082027256,39.33735011469423,0.054328960299478556,0.042994191677851526,49.99987993055556,0.2401388888888814
1730.0,0.5194438674431269,3.5635628675833604,3.771666320465876,50.0,178.178143379168,39.341401458469704,0.05433019134549017,0.04299511142306614,49.99987986111111,0.2402777777777703
1731.0,0.5191660889979092,3.563406523374098,3.7714996533987453,50.0,178.1703261687049,39.34544962066548,0.05433142142366051,0.04299603045821223,49.99987979166667,0.24041666666665917
1732.0,0.5188883105523057,3.5632501837746884,3.7713329863313834,50.0,178.16250918873442,39.34949460298412,0.05433265053451416,0.042996948783675486,49.999879722222225,0.24055555555554806
1733.0,0.5186105321063164,3.563093848782159,3.7711663192637896,50.0,178.15469243910795,39.353536407127194,0.05433387867857547,0.0429978663998414,49.99987965277778,0.24069444444443694
1734.0,0.5183327536599412,3.5629375183935386,3.7709996521959646,50.0,178.14687591967692,39.357575034795445,0.054335105856368485,0.04299878330709525,49.99987958333333,0.24083333333332582
1735.0,0.5180549752131803,3.5627811926058572,3.770832985127908,50.0,178.13905963029285,39.36161048768872,0.054336332068416975,0.04299969950582211,49.99987951388889,0.2409722222222147
1736.0,0.5177771967660336,3.5626248714161473,3.77066631805962,50.0,178.13124357080736,39.36564276750602,0.054337557315244436,0.04300061499640685,49.999879444444446,0.2411111111111036
1737.0,0.5174994183185011,3.5624685548214425,3.7704996509911006,50.0,178.12342774107213,39.369671875945414,0.0543387815973741,0.04300152977923413,49.999879375,0.24124999999999247
1738.0,0.5172216398705828,3.562312242818778,3.7703329839223496,50.0,178.1156121409389,39.373697814704144,0.054340004915328886,0.0430024438546884,49.99987930555555,0.24138888888888135
1739.0,0.5169438614222787,3.562155935405191,3.770166316853367,50.0,178.10779677025954,39.37772058547853,0.054341227269631476,0.043003357223153904,49.99987923611111,0.24152777777777024
1740.0,0.5166660829735887,3.5619996325777215,3.769999649784153,50.0,178.09998162888607,39.381740189964034,0.05434244866080424,0.04300426988501468,49.999879166666666,0.24166666666665912
1741.0,0.516388304524513,3.561843334333409,3.7698329827147075,50.0,178.09216671667045,39.38575662985528,0.05434366908936929,0.043005181840654556,49.99987909722222,0.241805555555548
1742.0,0.5161105260750515,3.561687040669297,3.7696663156450305,50.0,178.08435203346485,39.38976990684597,0.05434488855584845,0.043006093090457165,49.99987902777778,0.24194444444443688
1743.0,0.5158327476252041,3.561530751582429,3.769499648575122,50.0,178.07653757912146,39.3937800226289,0.05434610706076328,0.04300700363480592,49.99987895833333,0.24208333333332577
1744.0,0.515554969174971,3.5613744670698515,3.7693329815049825,50.0,178.06872335349257,39.39778697889608,0.05434732460463505,0.043007913474084024,49.99987888888889,0.24222222222221465
1745.0,0.5152771907243521,3.5612181871286115,3.769166314434611,50.0,178.06090935643059,39.40179077733859,0.05434854118798477,0.043008822608674495,49.99987881944444,0.24236111111110353
1746.0,0.5149994122733473,3.561061911755759,3.768999647364008,50.0,178.05309558778794,39.405791419646675,0.05434975681133314,0.04300973103896013,49.99987875,0.24249999999999242
1747.0,0.5147216338219568,3.5609056409483437,3.768832980293174,50.0,178.04528204741717,39.409788907509665,0.05435097147520062,0.04301063876532352,49.999878680555554,0.2426388888888813
1748.0,0.5144438553701804,3.56074937470342,3.768666313222108,50.0,178.037468735171,39.413783242616034,0.05435218518010737,0.043011545788147046,49.99987861111111,0.24277777777777018
1749.0,0.5141660769180183,3.5605931130180415,3.768499646150811,50.0,178.02965565090207,39.41777442665335,0.05435339792657329,0.043012452107812904,49.99987854166667,0.24291666666665906
1750.0,0.5138882984654704,3.560436855889265,3.768332979079282,50.0,178.02184279446325,39.42176246130839,0.054354609715117984,0.04301335772470306,49.99987847222222,0.24305555555554795
1751.0,0.5136105200125366,3.5602806033141476,3.768166312007522,50.0,178.01403016570737,39.42574734826701,0.0543558205462608,0.043014262639199274,49.999878402777775,0.24319444444443683
1752.0,0.513332741559217,3.5601243552897492,3.76799964493553,50.0,178.00621776448747,39.42972908921416,0.054357030420520806,0.04301516685168313,49.99987833333333,0.2433333333333257
1753.0,0.5130549631055117,3.5599681118131317,3.7678329778633066,50.0,177.99840559065657,39.43370768583401,0.054358239338416776,0.04301607036253598,49.99987826388889,0.2434722222222146
1754.0,0.5127771846514205,3.559811872881358,3.767666310790852,50.0,177.9905936440679,39.437683139809735,0.05435944730046723,0.04301697317213897,49.99987819444445,0.24361111111110348
1755.0,0.5124994061969436,3.559655638491493,3.767499643718166,50.0,177.98278192457465,39.441655452823795,0.054360654307190406,0.043017875280873065,49.999878125,0.24374999999999236
1756.0,0.5122216277420808,3.559499408640603,3.7673329766452484,50.0,177.97497043203015,39.44562462655762,0.05436186035910426,0.04301877668911899,49.999878055555556,0.24388888888888124
1757.0,0.5119438492868322,3.5593431833257556,3.767166309572099,50.0,177.9671591662878,39.44959066269189,0.05436306545672648,0.0430196773972573,49.999877986111116,0.24402777777777013
1758.0,0.5116660708311979,3.5591869625440213,3.7669996424987184,50.0,177.95934812720105,39.45355356290639,0.05436426960057448,0.04302057740566832,49.99987791666667,0.244166666666659
1759.0,0.5113882923751777,3.559030746292472,3.7668329754251064,50.0,177.9515373146236,39.457513328880054,0.05436547279116539,0.043021476714732186,49.99987784722222,0.2443055555555479
1760.0,0.5111105139187717,3.558874534568181,3.766666308351263,50.0,177.94372672840905,39.461469962290835,0.054366675029016064,0.04302237532482882,49.999877777777776,0.24444444444443678
1761.0,0.5108327354619799,3.558718327368223,3.766499641277188,50.0,177.93591636841114,39.465423464815956,0.054367876314643106,0.043023273236337936,49.99987770833334,0.24458333333332566
1762.0,0.5105549570048024,3.5585621246896744,3.7663329742028813,50.0,177.92810623448372,39.46937383813173,0.05436907664856282,0.04302417044963906,49.99987763888889,0.24472222222221454
1763.0,0.510277178547239,3.558405926529615,3.7661663071283433,50.0,177.92029632648075,39.47332108391362,0.054370276031291236,0.043025066965111505,49.99987756944444,0.24486111111110342
1764.0,0.5099994000892898,3.5582497328851233,3.7659996400535736,50.0,177.91248664425615,39.47726520383611,0.05437147446334413,0.04302596278313437,49.999877500000004,0.2449999999999923
1765.0,0.5097216216309548,3.5580935437532824,3.765832972978573,50.0,177.9046771876641,39.481206199572966,0.05437267194523698,0.04302685790408657,49.99987743055556,0.2451388888888812
1766.0,0.509443843172234,3.5579373591311754,3.7656663059033404,50.0,177.89686795655876,39.48514407279703,0.054373868477485016,0.043027752328346804,49.99987736111111,0.24527777777777007
1767.0,0.5091660647131274,3.557781179015887,3.765499638827876,50.0,177.88905895079435,39.489078825180286,0.05437506406060316,0.043028646056293564,49.999877291666664,0.24541666666665896
1768.0,0.508888286253635,3.557625003404505,3.765332971752181,50.0,177.88125017022526,39.493010458393826,0.054376258695106094,0.04302953908830515,49.999877222222224,0.24555555555554784
1769.0,0.5086105077937568,3.5574688322941177,3.765166304676254,50.0,177.87344161470588,39.496938974107934,0.054377452381508214,0.04303043142475965,49.99987715277778,0.24569444444443672
1770.0,0.5083327293334928,3.5573126656818164,3.7649996376000954,50.0,177.86563328409082,39.50086437399199,0.05437864512032363,0.04303132306603495,49.99987708333333,0.2458333333333256
1771.0,0.508054950872843,3.5571565035646917,3.7648329705237056,50.0,177.85782517823458,39.50478665971451,0.0543798369120662,0.043032214012508736,49.99987701388889,0.2459722222222145
1772.0,0.5077771724118074,3.557000345939838,3.7646663034470844,50.0,177.8500172969919,39.50870583294318,0.0543810277572495,0.04303310426455848,49.999876944444445,0.24611111111110337
1773.0,0.507499393950386,3.556844192804351,3.7644996363702314,50.0,177.84220964021756,39.51262189534475,0.05438221765638682,0.04303399382256147,49.999876875,0.24624999999999225
1774.0,0.5072216154885788,3.5566880441553272,3.764332969293147,50.0,177.83440220776637,39.516534848585195,0.054383406609991206,0.043034882686894774,49.99987680555555,0.24638888888888114
1775.0,0.5069438370263858,3.556531899989866,3.7641663022158314,50.0,177.8265949994933,39.520444694329626,0.05438459461857541,0.043035770857935265,49.99987673611111,0.24652777777777002
1776.0,0.506666058563807,3.5563757603050674,3.763999635138284,50.0,177.81878801525338,39.52435143424225,0.05438578168265191,0.04303665833605962,49.999876666666665,0.2466666666666589
1777.0,0.5063882801008424,3.5562196250980347,3.7638329680605054,50.0,177.81098125490175,39.52825506998636,0.054386967802732916,0.0430375451216443,49.99987659722222,0.24680555555554778
1778.0,0.5061105016374919,3.556063494365871,3.763666300982495,50.0,177.80317471829355,39.53215560322451,0.05438815297933038,0.04303843121506557,49.99987652777777,0.24694444444443667
1779.0,0.5058327231737557,3.5559073681056814,3.763499633904253,50.0,177.79536840528408,39.53605303561835,0.05438933721295596,0.0430393166166995,49.99987645833333,0.24708333333332555
1780.0,0.5055549447096337,3.5557512463145744,3.76333296682578,50.0,177.7875623157287,39.53994736882868,0.054390520504121055,0.043040201326921934,49.999876388888886,0.24722222222221443
1781.0,0.5052771662451259,3.5555951289896575,3.763166299747075,50.0,177.77975644948287,39.54383860451537,0.05439170285333679,0.043041085346108544,49.99987631944444,0.24736111111110332
1782.0,0.5049993877802322,3.5554390161280427,3.762999632668139,50.0,177.77195080640215,39.547726744337524,0.05439288426111401,0.04304196867463478,49.99987625,0.2474999999999922
1783.0,0.5047216093149528,3.5552829077268417,3.7628329655889714,50.0,177.76414538634208,39.55161178995337,0.05439406472796331,0.0430428513128759,49.99987618055556,0.24763888888888108
1784.0,0.5044438308492876,3.5551268037831694,3.7626662985095725,50.0,177.75634018915846,39.555493743020236,0.05439524425439498,0.04304373326120695,49.999876111111114,0.24777777777776996
1785.0,0.5041660523832365,3.55497070429414,3.7624996314299417,50.0,177.748535214707,39.559372605194596,0.05439642284091907,0.04304461452000279,49.99987604166667,0.24791666666665885
1786.0,0.5038882739167997,3.5548146092568724,3.7623329643500796,50.0,177.74073046284363,39.56324837813213,0.05439760048804535,0.04304549508963807,49.99987597222223,0.24805555555554773
1787.0,0.503610495449977,3.5546585186684845,3.762166297269986,50.0,177.7329259334242,39.567121063487605,0.05439877719628332,0.04304637497048723,49.99987590277778,0.2481944444444366
1788.0,0.5033327169827685,3.5545024325260974,3.7619996301896608,50.0,177.72512162630488,39.570990662914994,0.054399952966142195,0.04304725416292453,49.999875833333334,0.2483333333333255
1789.0,0.5030549385151741,3.5543463508268336,3.761832963109104,50.0,177.71731754134169,39.574857178067305,0.054401127798130944,0.043048132667324004,49.99987576388889,0.24847222222221438
1790.0,0.502777160047194,3.554190273567818,3.761666296028316,50.0,177.7095136783909,39.578720610596804,0.05440230169275823,0.043049010484059506,49.99987569444445,0.24861111111110326
1791.0,0.502499381578828,3.554034200746175,3.7614996289472966,50.0,177.70171003730874,39.58258096215485,0.05440347465053249,0.04304988761350467,49.999875625,0.24874999999999214
1792.0,0.5022216031100762,3.553878132359033,3.7613329618660454,50.0,177.69390661795165,39.58643823439195,0.05440464667196186,0.043050764056032954,49.999875555555555,0.24888888888888103
1793.0,0.5019438246409387,3.5537220684035216,3.761166294784563,50.0,177.68610342017607,39.59029242895775,0.05440581775755421,0.043051639812017595,49.99987548611111,0.2490277777777699
1794.0,0.5016660461714153,3.55356600887677,3.760999627702849,50.0,177.6783004438385,39.59414354750106,0.05440698790781715,0.043052514881831636,49.99987541666667,0.2491666666666588
1795.0,0.5013882677015061,3.5534099537759123,3.7608329606209034,50.0,177.67049768879562,39.59799159166988,0.054408157123258014,0.04305338926584791,49.99987534722222,0.24930555555554768
1796.0,0.5011104892312112,3.5532539030980814,3.7606662935387263,50.0,177.66269515490407,39.601836563111306,0.05440932540438386,0.043054262964439066,49.999875277777775,0.24944444444443656
1797.0,0.5008327107605304,3.553097856840415,3.760499626456318,50.0,177.65489284202073,39.60567846347152,0.0544104927517015,0.043055135977977554,49.999875208333336,0.24958333333332544
1798.0,0.5005549322894638,3.5529418150000485,3.7603329593736783,50.0,177.64709075000243,39.60951729439603,0.054411659165717434,0.0430560083068356,49.99987513888889,0.24972222222221432
1799.0,0.5002771538180114,3.552785777574122,3.7601662922908066,50.0,177.6392888787061,39.61335305752931,0.05441282464693794,0.043056879951385255,49.99987506944444,0.2498611111111032
1800.0,0.4999993753461733,3.552629807025159,3.7599996876730866,50.0,177.63149035125795,39.617185754515106,0.054413989195869004,0.043057750911998365,49.999874999999996,0.2499999999999921
1801.0,0.49972159687394935,3.5525015219465597,3.7598607984369745,50.0,177.625076097328,39.621015389141235,0.05441515281301634,0.04305862118904656,49.999874930555556,0.250138888888881
1802.0,0.4994438184013396,3.552358013318925,3.7597219092006697,50.0,177.61790066594625,39.624842914795636,0.05441631549894208,0.04305949078290653,49.99987486111111,0.2502777777777699
1803.0,0.499166039928344,3.552214507704262,3.7595830199641718,50.0,177.6107253852131,39.62866833263905,0.054417477279352894,0.04306035969627746,49.99987479166666,0.2504166666666588
1804.0,0.4988882614549626,3.5520710050756317,3.759444130727481,50.0,177.60355025378158,39.63249164383154,0.05441863817772886,0.04306122793183018,49.99987472222222,0.2505555555555477
1805.0,0.4986104829811954,3.551927505408156,3.7593052414905976,50.0,177.5963752704078,39.6363128495326,0.05441979821551904,0.0430620954922075,49.99987465277778,0.2506944444444366
1806.0,0.4983327045070424,3.551784008678836,3.759166352253521,50.0,177.58920043394178,39.64013195090098,0.054420957412319906,0.0430629623800245,49.99987458333333,0.2508333333333255
1807.0,0.4980549260325036,3.551640514866392,3.7590274630162517,50.0,177.5820257433196,39.64394894909492,0.05442211578603804,0.04306382859786889,49.999874513888884,0.25097222222221444
1808.0,0.497777147557579,3.5514970239511117,3.758888573778789,50.0,177.57485119755557,39.647763845271925,0.05442327335303855,0.043064694148301295,49.999874444444444,0.25111111111110335
1809.0,0.4974993690822686,3.5513535359147177,3.758749684541134,50.0,177.56767679573588,39.65157664058893,0.054424430128280465,0.043065559033855574,49.999874375,0.25124999999999226
1810.0,0.4972215906065724,3.551210050740241,3.758610795303286,50.0,177.56050253701204,39.65538733620218,0.05442558612544024,0.043066423257039146,49.99987430555555,0.25138888888888117
1811.0,0.4969438121304904,3.5510665684119096,3.758471906065245,50.0,177.55332842059548,39.65919593326731,0.05442674135702437,0.04306728682033328,49.99987423611111,0.2515277777777701
1812.0,0.49666603365402257,3.550923088915045,3.7583330168270113,50.0,177.54615444575225,39.66300243293938,0.054427895834472134,0.0430681497261934,49.99987416666667,0.251666666666659
1813.0,0.49638825517716895,3.5507796122359663,3.758194127588584,50.0,177.5389806117983,39.6668068363727,0.05442904956824935,0.043069011977049376,49.999874097222225,0.2518055555555479
1814.0,0.4961104766999295,3.55063613836191,3.7580552383499644,50.0,177.5318069180955,39.67060914472097,0.05443020256793381,0.04306987357530584,49.99987402777778,0.2519444444444368
1815.0,0.4958326982223043,3.5504926672809454,3.757916349111152,50.0,177.52463336404728,39.674409359137314,0.054431354842293285,0.04307073452334245,49.99987395833333,0.2520833333333257
1816.0,0.4955549197442933,3.550349198981906,3.7577774598721465,50.0,177.5174599490953,39.67820748077418,0.05443250639935665,0.04307159482351419,49.99987388888889,0.25222222222221463
1817.0,0.49527714126589645,3.550205733454325,3.757638570632948,50.0,177.51028667271623,39.68200351078343,0.05443365724647875,0.043072454478151674,49.999873819444446,0.25236111111110354
1818.0,0.4949993627871138,3.550062270688373,3.757499681393557,50.0,177.50311353441865,39.685797450316215,0.054434807390399575,0.04307331348956139,49.99987375,0.25249999999999245
1819.0,0.4947215843079454,3.5499188106748094,3.7573607921539725,50.0,177.49594053374048,39.68958930052315,0.05443595683729825,0.04307417186002602,49.99987368055556,0.25263888888888136
1820.0,0.49444380582839115,3.549775353404926,3.7572219029141953,50.0,177.48876767024632,39.69337906255413,0.054437105592842275,0.04307502959180466,49.99987361111111,0.2527777777777703
1821.0,0.4941660273484511,3.549631898870506,3.7570830136742255,50.0,177.4815949435253,39.697166737558405,0.054438253662232414,0.04307588668713315,49.999873541666666,0.2529166666666592
1822.0,0.49388824886812527,3.5494884470637817,3.7569441244340624,50.0,177.47442235318908,39.70095232668473,0.0544394010502437,0.0430767431482243,49.99987347222222,0.2530555555555481
1823.0,0.4936104703874136,3.549344997977398,3.7568052351937067,50.0,177.4672498988699,39.70473583108105,0.05444054776126279,0.04307759897726819,49.99987340277778,0.253194444444437
1824.0,0.4933326919063162,3.5492015516043747,3.7566663459531577,50.0,177.46007758021872,39.70851725189482,0.054441693799322025,0.04307845417643239,49.99987333333333,0.2533333333333259
1825.0,0.49305491342483293,3.5490581079380803,3.756527456712416,50.0,177.45290539690401,39.712296590272786,0.054442839168130565,0.04307930874786226,49.99987326388889,0.2534722222222148
1826.0,0.4927771349429639,3.548914666972199,3.7563885674714816,50.0,177.44573334860996,39.71607384736109,0.05444398387110273,0.04308016269368119,49.99987319444445,0.25361111111110374
1827.0,0.492499356460709,3.548771228700706,3.7562496782303545,50.0,177.4385614350353,39.71984902430529,0.05444512791138387,0.04308101601599083,49.999873125,0.25374999999999265
1828.0,0.49222157797806837,3.5486277931178436,3.756110788989034,50.0,177.4313896558922,39.72362212225022,0.05444627129187397,0.0430818687168714,49.999873055555554,0.25388888888888156
1829.0,0.4919437994950419,3.548484360218099,3.7559718997475207,50.0,177.42421801090495,39.727393142340134,0.05444741401524918,0.043082720798381866,49.99987298611111,0.25402777777777047
1830.0,0.49166602101162965,3.548340929996189,3.7558330105058144,50.0,177.41704649980946,39.73116208571861,0.054448556083981456,0.04308357226256023,49.99987291666667,0.2541666666666594
1831.0,0.4913882425278316,3.5481975024470325,3.7556941212639154,50.0,177.40987512235162,39.73492895352871,0.054449697500356435,0.04308442311142378,49.99987284722222,0.2543055555555483
1832.0,0.49111046404364767,3.5480540775657428,3.7555552320218237,50.0,177.40270387828713,39.73869374691276,0.05445083826648983,0.04308527334696927,49.999872777777775,0.2544444444444372
1833.0,0.49083268555907794,3.5479106553476063,3.755416342779539,50.0,177.3955327673803,39.742456467012516,0.05445197838434229,0.04308612297117323,49.999872708333335,0.2545833333333261
1834.0,0.4905549070741224,3.5477672357880743,3.755277453537061,50.0,177.38836178940372,39.74621711496911,0.054453117855733014,0.04308697198599214,49.99987263888889,0.254722222222215
1835.0,0.4902771285887811,3.5476238188827445,3.7551385642943904,50.0,177.38119094413722,39.74997569192294,0.05445425668235215,0.0430878203933627,49.99987256944444,0.25486111111110393
1836.0,0.48999935010305395,3.5474804046273554,3.754999675051527,50.0,177.37402023136778,39.75373219901394,0.05445539486577211,0.043088668195202046,49.999872499999995,0.25499999999999284
1837.0,0.489721571616941,3.547336993017769,3.75486078580847,50.0,177.36684965088844,39.757486637381305,0.05445653240745789,0.04308951539340795,49.999872430555556,0.25513888888888175
1838.0,0.4894437931304423,3.547193584049968,3.754721896565221,50.0,177.3596792024984,39.761239008163614,0.05445766930877646,0.04309036198985909,49.99987236111111,0.25527777777777066
1839.0,0.48916601464355774,3.5470501777200427,3.7545830073217785,50.0,177.35250888600214,39.76498931249887,0.054458805571005395,0.04309120798641524,49.99987229166667,0.2554166666666596
1840.0,0.4888882361562874,3.5469067740241838,3.7544441180781436,50.0,177.3453387012092,39.76873755152445,0.05445994119534066,0.04309205338491748,49.99987222222222,0.2555555555555485
1841.0,0.48861045766863126,3.546763372958676,3.7543052288343155,50.0,177.3381686479338,39.77248372637706,0.054461076182903786,0.04309289818718842,49.99987215277778,0.2556944444444374
1842.0,0.4883326791805893,3.5466199745198894,3.7541663395902947,50.0,177.33099872599448,39.77622783819277,0.05446221053474838,0.04309374239503244,49.99987208333334,0.2558333333333263
1843.0,0.48805490069216156,3.546476578704275,3.7540274503460807,50.0,177.32382893521375,39.779969888107075,0.054463344251866073,0.043094586010235865,49.99987201388889,0.2559722222222152
1844.0,0.487777122203348,3.5463331855083604,3.753888561101674,50.0,177.31665927541803,39.78370987725481,0.05446447733519193,0.04309542903456717,49.99987194444444,0.25611111111110413
1845.0,0.48749934371414866,3.5461897949287406,3.753749671857074,50.0,177.30948974643704,39.78744780677022,0.054465609785609395,0.04309627146977722,49.999871875000004,0.25624999999999304
1846.0,0.4872215652245635,3.546046406962077,3.7536107826122818,50.0,177.30232034810385,39.791183677786876,0.054466741603954844,0.04309711331759945,49.99987180555556,0.25638888888888195
1847.0,0.48694378673459254,3.5459030216050897,3.753471893367296,50.0,177.2951510802545,39.794917491437786,0.05446787279102166,0.043097954579750054,49.99987173611111,0.25652777777777086
1848.0,0.4866660082442358,3.545759638854558,3.753333004122118,50.0,177.2879819427279,39.79864924885527,0.05446900334756399,0.043098795257928195,49.99987166666667,0.25666666666665977
1849.0,0.4863882297534932,3.5456162587073123,3.7531941148767465,50.0,177.28081293536562,39.802378951171136,0.054470133274300205,0.04309963535381622,49.999871597222224,0.2568055555555487
1850.0,0.48611045126236485,3.545472881160234,3.7530552256311824,50.0,177.27364405801168,39.8061065995164,0.05447126257191598,0.04310047486907981,49.99987152777778,0.2569444444444376
1851.0,0.4858326727708507,3.5453295062102503,3.752916336385425,50.0,177.2664753105125,39.80983219502161,0.05447239124106716,0.043101313805368226,49.99987145833333,0.2570833333333265
1852.0,0.4855548942789507,3.5451861338543336,3.7527774471394753,50.0,177.25930669271668,39.81355573881666,0.05447351928238241,0.04310215216431445,49.99987138888889,0.2572222222222154
1853.0,0.48527711578666494,3.545042764089495,3.752638557893332,50.0,177.25213820447473,39.81727723203073,0.05447464669646549,0.0431029899475354,49.999871319444445,0.2573611111111043
1854.0,0.48499933729399336,3.544899396912788,3.7524996686469967,50.0,177.2449698456394,39.82099667579246,0.05447577348389752,0.043103827156632094,49.99987125,0.25749999999999323
1855.0,0.484721558800936,3.5447560323213,3.7523607794004676,50.0,177.23780161606498,39.82471407122989,0.05447689964523887,0.04310466379318986,49.99987118055556,0.25763888888888214
1856.0,0.4844437803074928,3.5446126703121554,3.7522218901537463,50.0,177.23063351560776,39.82842941947041,0.05447802518103103,0.04310549985877849,49.99987111111111,0.25777777777777106
1857.0,0.4841660018136638,3.5444693108825103,3.7520830009068318,50.0,177.2234655441255,39.832142721640764,0.05447915009179819,0.04310633535495244,49.999871041666665,0.25791666666665997
1858.0,0.48388822331944903,3.5443259540295533,3.7519441116597245,50.0,177.21629770147766,39.83585397886708,0.05448027437804879,0.04310717028325098,49.99987097222222,0.2580555555555489
1859.0,0.48361044482484844,3.544182599750501,3.751805222412424,50.0,177.20912998752505,39.83956319227491,0.05448139804027685,0.04310800464519839,49.99987090277778,0.2581944444444378
1860.0,0.483332666329862,3.544039248042601,3.751666333164931,50.0,177.20196240213005,39.84327036298913,0.05448252107896326,0.04310883844230414,49.99987083333333,0.2583333333333267
1861.0,0.48305488783448974,3.543895898903125,3.7515274439172446,50.0,177.19479494515625,39.84697549213405,0.05448364349457685,0.04310967167606302,49.999870763888886,0.2584722222222156
1862.0,0.4827771093387317,3.543752552329373,3.7513885546693655,50.0,177.18762761646866,39.850678580833346,0.0544847652875755,0.04311050434795535,49.99987069444444,0.2586111111111045
1863.0,0.48249933084258784,3.543609208318669,3.7512496654212937,50.0,177.18046041593345,39.85437963021002,0.054485886458407046,0.04311133645944715,49.999870625,0.25874999999999343
1864.0,0.4822215523460582,3.5434658668683605,3.7511107761730287,50.0,177.17329334341804,39.858078641386555,0.05448700700751015,0.043112168011990235,49.99987055555555,0.25888888888888234
1865.0,0.4819437738491427,3.5433225279758176,3.750971886924571,50.0,177.16612639879088,39.86177561548476,0.05448812693531509,0.04311299900702247,49.99987048611111,0.25902777777777125
1866.0,0.48166599535184146,3.5431791916384334,3.7508329976759205,50.0,177.15895958192166,39.86547055362587,0.054489246242244486,0.04311382944596788,49.99987041666667,0.25916666666666016
1867.0,0.4813882168541544,3.5430358578536207,3.750694108427077,50.0,177.15179289268104,39.86916345693044,0.054490364928713945,0.0431146593302368,49.99987034722222,0.25930555555554907
1868.0,0.4811104383560815,3.5428925266188136,3.7505552191780405,50.0,177.14462633094067,39.87285432651845,0.05449148299513266,0.04311548866122607,49.99987027777778,0.259444444444438
1869.0,0.48083265985762286,3.5427491979314656,3.7504163299288114,50.0,177.1374598965733,39.87654316350921,0.05449260044190396,0.04311631744031915,49.999870208333334,0.2595833333333269
1870.0,0.4805548813587784,3.542605871789049,3.750277440679389,50.0,177.13029358945244,39.880229969021514,0.05449371726942581,0.04311714566888631,49.999870138888895,0.2597222222222158
1871.0,0.4802771028595481,3.542462548189055,3.750138551429774,50.0,177.12312740945276,39.88391474417347,0.054494833478091254,0.04311797334828475,49.99987006944445,0.2598611111111047
1872.0,0.47999932435993203,3.5423192271289916,3.749999662179966,50.0,177.1159613564496,39.887597490082555,0.05449594906828885,0.043118800479858777,49.99987,0.2599999999999936
1873.0,0.47972154585993015,3.542175908606385,3.749860772929965,50.0,177.10879543031925,39.891278207865696,0.05449706404040301,0.043119627064939915,49.999869930555555,0.26013888888888254
1874.0,0.47944376735954247,3.542032592618779,3.749721883679771,50.0,177.10162963093893,39.89495689863918,0.054498178394814405,0.0431204531048471,49.999869861111115,0.26027777777777145
1875.0,0.479165988858769,3.5418892791637306,3.7495829944293844,50.0,177.09446395818654,39.89863356351867,0.05449929213190021,0.04312127860088679,49.99986979166667,0.26041666666666036
1876.0,0.4788882103576097,3.541745968238817,3.7494441051788048,50.0,177.08729841194085,39.90230820361916,0.054500405252034444,0.043122103554353114,49.99986972222222,0.26055555555554927
1877.0,0.4786104318560646,3.5416026598416273,3.749305215928032,50.0,177.08013299208136,39.90598082005516,0.0545015177555882,0.04312292796652802,49.999869652777775,0.2606944444444382
1878.0,0.4783326533541337,3.5414593539697674,3.7491663266770665,50.0,177.07296769848838,39.90965141394048,0.05450262964292992,0.043123751838681425,49.999869583333336,0.2608333333333271
1879.0,0.478054874851817,3.5413160506208587,3.7490274374259083,50.0,177.06580253104295,39.913319986388274,0.054503740914425565,0.04312457517207132,49.99986951388889,0.260972222222216
1880.0,0.4777770963491145,3.5411727497925365,3.7488885481745573,50.0,177.05863748962682,39.916986538511196,0.05450485157043885,0.043125397967943936,49.99986944444444,0.2611111111111049
1881.0,0.4774993178460262,3.5410294514824474,3.748749658923013,50.0,177.05147257412236,39.920651071421275,0.0545059616113314,0.04312622022753387,49.999869375,0.2612499999999938
1882.0,0.4772215393425521,3.540886155688256,3.748610769671276,50.0,177.0443077844128,39.9243135862298,0.05450707103746295,0.04312704195206421,49.999869305555556,0.26138888888888273
1883.0,0.4769437608386922,3.5407428624076385,3.7484718804193458,50.0,177.03714312038193,39.927974084047605,0.05450817984919146,0.04312786314274668,49.99986923611111,0.26152777777777164
1884.0,0.4766659823344465,3.5405995716382845,3.748332991167223,50.0,177.02997858191424,39.93163256598484,0.054509288046873265,0.043128683800781754,49.99986916666666,0.26166666666666055
1885.0,0.476388203829815,3.540456283377897,3.7481941019149074,50.0,177.02281416889485,39.93528903315104,0.054510395630863226,0.04312950392735881,49.99986909722222,0.26180555555554946
1886.0,0.4761104253247977,3.540312997624191,3.7480552126623987,50.0,177.01564988120955,39.93894348665515,0.05451150260151479,0.043130323523656235,49.99986902777778,0.2619444444444384
1887.0,0.4758326468193946,3.540169714374895,3.7479163234096973,50.0,177.00848571874474,39.94259592760545,0.05451260895918015,0.04313114259084155,49.99986895833333,0.2620833333333273
1888.0,0.4755548683136056,3.5400264336277494,3.7477774341568026,50.0,177.00132168138748,39.946246357109715,0.054513714704210306,0.04313196113007155,49.99986888888889,0.2622222222222162
1889.0,0.47527708980743083,3.539883155380506,3.7476385449037153,50.0,176.9941577690253,39.949894776275016,0.054514819836955164,0.04313277914249242,49.999868819444444,0.2623611111111051
1890.0,0.47499931130087025,3.53973987963093,3.7474996556504347,50.0,176.9869939815465,39.95354118620787,0.05451592435776362,0.043133596629239844,49.99986875,0.262499999999994
1891.0,0.4747215327939239,3.539596606376797,3.747360766396962,50.0,176.97983031883984,39.95718558801417,0.05451702826698362,0.04313441359143916,49.99986868055555,0.2626388888888829
1892.0,0.4744437542865917,3.5394533356158946,3.7472218771432955,50.0,176.97266678079473,39.960827982799174,0.05451813156496223,0.04313523003020542,49.99986861111111,0.26277777777777184
1893.0,0.4741659757788737,3.5393100673460234,3.7470829878894367,50.0,176.96550336730118,39.96446837166758,0.05451923425204571,0.04313604594664355,49.999868541666665,0.26291666666666075
1894.0,0.4738881972707699,3.5391668015649915,3.746944098635385,50.0,176.95834007824956,39.968106755723454,0.054520336328579555,0.04313686134184849,49.99986847222222,0.26305555555554966
1895.0,0.4736104187622803,3.5390235382706217,3.74680520938114,50.0,176.95117691353107,39.971743136070245,0.05452143779490854,0.043137676216905244,49.99986840277778,0.26319444444443857
1896.0,0.47333264025340493,3.5388802774607453,3.7466663201267023,50.0,176.94401387303728,39.97537751381083,0.05452253865137679,0.04313849057288902,49.99986833333334,0.2633333333333275
1897.0,0.47305486174414374,3.5387370191332055,3.7465274308720717,50.0,176.93685095666027,39.97900989004745,0.05452363889832779,0.04313930441086538,49.99986826388889,0.2634722222222164
1898.0,0.47277708323449674,3.538593763285855,3.746388541617248,50.0,176.92968816429274,39.98264026588174,0.05452473853610445,0.043140117731890276,49.999868194444446,0.2636111111111053
1899.0,0.47249930472446394,3.5384505099165593,3.746249652362232,50.0,176.92252549582795,39.98626864241476,0.054525837565049126,0.043140930537010236,49.999868125,0.2637499999999942
1900.0,0.47222152621404534,3.538307259023191,3.7461107631070223,50.0,176.91536295115955,39.98989502074687,0.05452693598550365,0.043141742827262415,49.99986805555556,0.2638888888888831
1901.0,0.47194374770324093,3.538164010603636,3.7459718738516203,50.0,176.9082005301818,39.99351940197795,0.054528033797809364,0.04314255460367473,49.99986798611111,0.26402777777777203
1902.0,0.4716659691920507,3.5380207646557866,3.745832984596025,50.0,176.90103823278932,39.99714178720723,0.05452913100230716,0.04314336586726595,49.999867916666666,0.26416666666666094
1903.0,0.4713881906804747,3.537877521177548,3.7456940953402373,50.0,176.8938760588774,40.00076217753332,0.05453022759933748,0.04314417661904583,49.99986784722223,0.26430555555554985
1904.0,0.4711104121685129,3.5377342801668346,3.7455552060842563,50.0,176.88671400834173,40.00438057405421,0.05453132358924035,0.04314498686001517,49.99986777777778,0.26444444444443876
1905.0,0.4708326336561653,3.537591041621569,3.7454163168280825,50.0,176.87955208107843,40.00799697786732,0.05453241897235539,0.043145796591165964,49.99986770833333,0.2645833333333277
1906.0,0.47055485514343187,3.537447805539685,3.7452774275717156,50.0,176.87239027698425,40.01161139006945,0.05453351374902186,0.04314660581348146,49.99986763888889,0.2647222222222166
1907.0,0.47027707663031265,3.537304571919125,3.7451385383151563,50.0,176.86522859595627,40.01522381175681,0.05453460791957864,0.04314741452793627,49.99986756944445,0.2648611111111055
1908.0,0.46999929811680763,3.53716134075784,3.7449996490584034,50.0,176.858067037892,40.018834244025015,0.05453570148436428,0.04314822273549649,49.9998675,0.2649999999999944
1909.0,0.4697215196029168,3.5370181120537927,3.7448607598014583,50.0,176.85090560268964,40.02244268796903,0.05453679444371697,0.043149030437119776,49.999867430555554,0.2651388888888833
1910.0,0.4694437410886402,3.5368748858049517,3.74472187054432,50.0,176.84374429024757,40.02604914468327,0.05453788679797462,0.04314983763375545,49.999867361111114,0.26527777777777223
1911.0,0.46916596257397775,3.5367316620092963,3.744582981286989,50.0,176.83658310046482,40.02965361526151,0.054538978547474797,0.04315064432634458,49.99986729166667,0.26541666666666114
1912.0,0.4688881840589295,3.536588440664814,3.7444440920294646,50.0,176.8294220332407,40.03325610079696,0.05454006969255479,0.04315145051582009,49.99986722222222,0.26555555555555005
1913.0,0.4686104055434955,3.5364452217695024,3.7443052027717476,50.0,176.82226108847513,40.036856602382215,0.05454116023355158,0.043152256203106865,49.999867152777774,0.26569444444443896
1914.0,0.46833262702767564,3.5363020053213656,3.744166313513838,50.0,176.81510026606827,40.04045512110923,0.05454225017080189,0.0431530613891218,49.999867083333335,0.26583333333332787
1915.0,0.46805484851147,3.536158791318419,3.744027424255735,50.0,176.80793956592095,40.04405165806941,0.054543339504642165,0.04315386607477392,49.99986701388889,0.2659722222222168
1916.0,0.4677770699948785,3.536015579758683,3.743888534997439,50.0,176.80077898793417,40.04764621435356,0.05454442823540858,0.043154670260964485,49.99986694444444,0.2661111111111057
1917.0,0.4674992914779012,3.5358723706401896,3.7437496457389505,50.0,176.79361853200948,40.051238791051844,0.05454551636343706,0.043155473948587035,49.999866874999995,0.2662499999999946
1918.0,0.4672215129605381,3.5357291639609767,3.743610756480269,50.0,176.78645819804885,40.05482938925388,0.05454660388906327,0.043156277138527516,49.999866805555556,0.2663888888888835
1919.0,0.4669437344427892,3.5355859597190924,3.7434718672213942,50.0,176.77929798595463,40.05841801004863,0.054547690812622646,0.04315707983166435,49.99986673611111,0.2665277777777724
1920.0,0.4666659559246545,3.5354427579125915,3.7433329779623272,50.0,176.77213789562958,40.062004654524515,0.05454877713445037,0.04315788202886852,49.99986666666666,0.26666666666666133
1921.0,0.466388177406134,3.535299558539536,3.743194088703067,50.0,176.7649779269768,40.0655893237693,0.054549862854881385,0.043158683731003664,49.99986659722222,0.26680555555555024
1922.0,0.46611039888722766,3.535156361597999,3.7430551994436136,50.0,176.75781807989995,40.06917201887023,0.054550947974250426,0.04315948493892614,49.999866527777776,0.26694444444443916
1923.0,0.46583262036793555,3.5350131670860576,3.7429163101839675,50.0,176.75065835430289,40.07275274091387,0.05455203249289197,0.043160285653485134,49.99986645833333,0.26708333333332807
1924.0,0.46555484184825763,3.5348699750018,3.7427774209241287,50.0,176.74349875009,40.076331490986206,0.05455311641114031,0.04316108587552272,49.99986638888888,0.267222222222217
1925.0,0.4652770633281939,3.5347267853433184,3.7426385316640967,50.0,176.73633926716593,40.079908270172666,0.054554199729329476,0.04316188560587395,49.99986631944445,0.2673611111111059
1926.0,0.4649992848077444,3.534583598108717,3.742499642403872,50.0,176.72917990543584,40.08348307955805,0.05455528244779331,0.04316268484536694,49.999866250000004,0.2674999999999948
1927.0,0.46472150628690906,3.534440413296103,3.7423607531434544,50.0,176.72202066480514,40.08705592022653,0.054556364566865426,0.043163483594822936,49.99986618055556,0.2676388888888837
1928.0,0.46444372776568793,3.534297230903594,3.7422218638828437,50.0,176.7148615451797,40.09062679326178,0.054557446086879235,0.04316428185505639,49.99986611111111,0.2677777777777726
1929.0,0.464165949244081,3.534154050929315,3.7420829746220403,50.0,176.70770254646575,40.09419569974676,0.054558527008167934,0.043165079626875054,49.99986604166667,0.26791666666666153
1930.0,0.46388817072208827,3.5340108733713964,3.741944085361044,50.0,176.70054366856982,40.09776264076396,0.05455960733106451,0.043165876911080044,49.999865972222224,0.26805555555555044
1931.0,0.46361039219970973,3.5338676982279758,3.741805196099855,50.0,176.6933849113988,40.10132761739516,0.05456068705590175,0.04316667370846592,49.99986590277778,0.26819444444443935
1932.0,0.4633326136769454,3.5337245254971994,3.7416663068384723,50.0,176.68622627485996,40.10489063072157,0.05456176618301224,0.04316747001982075,49.99986583333333,0.26833333333332826
1933.0,0.46305483515379525,3.5335813551772204,3.7415274175768976,50.0,176.679067758861,40.10845168182391,0.054562844712728355,0.0431682658459262,49.99986576388889,0.26847222222221717
1934.0,0.4627770566302593,3.533438187266198,3.7413885283151296,50.0,176.6719093633099,40.11201077178214,0.05456392264538227,0.0431690611875576,49.999865694444445,0.2686111111111061
1935.0,0.46249927810633756,3.5332950217622976,3.7412496390531684,50.0,176.66475108811488,40.11556790167572,0.05456499998130596,0.04316985604548401,49.999865625,0.268749999999995
1936.0,0.46222149958203,3.533151858663694,3.741110749791015,50.0,176.6575929331847,40.119123072583534,0.054566076720831226,0.0431706504204683,49.99986555555556,0.2688888888888839
1937.0,0.46194372105733666,3.533008697968566,3.7409718605286684,50.0,176.6504348984283,40.12267628558385,0.05456715286428964,0.0431714443132672,49.99986548611111,0.2690277777777728
1938.0,0.4616659425322575,3.5328655396751003,3.7408329712661286,50.0,176.64327698375502,40.12622754175436,0.054568228412012594,0.043172237724631406,49.999865416666665,0.2691666666666617
1939.0,0.46138816400679256,3.5327223837814894,3.740694082003396,50.0,176.63611918907446,40.12977684217208,0.05456930336433127,0.04317303065530561,49.99986534722222,0.26930555555555064
1940.0,0.4611103854809418,3.532579230285935,3.7405551927404708,50.0,176.62896151429675,40.1333241879135,0.0545703777215767,0.043173823106028596,49.99986527777778,0.26944444444443955
1941.0,0.46083260695470524,3.532436079186641,3.7404163034773523,50.0,176.62180395933206,40.136869580054565,0.05457145148407966,0.04317461507753329,49.99986520833333,0.26958333333332846
1942.0,0.4605548284280829,3.532292930481821,3.740277414214041,50.0,176.61464652409106,40.14041301967052,0.05457252465217079,0.04317540657054684,49.999865138888886,0.26972222222221737
1943.0,0.46027704990107465,3.5321497841696936,3.7401385249505372,50.0,176.60748920848468,40.1439545078361,0.054573597226180506,0.04317619758579066,49.999865069444446,0.2698611111111063
1944.0,0.45999927137368063,3.532006640248484,3.73999963568684,50.0,176.6003320124242,40.14749404562548,0.05457466920643904,0.04317698812398051,49.999865,0.2699999999999952
1945.0,0.4597214928459008,3.531863498716423,3.7398607464229503,50.0,176.59317493582114,40.15103163411209,0.05457574059327644,0.04317777818582658,49.99986493055555,0.2701388888888841
1946.0,0.4594437143177352,3.5317203595717475,3.7397218571588673,50.0,176.58601797858736,40.15456727436896,0.05457681138702256,0.043178567772033515,49.99986486111111,0.270277777777773
1947.0,0.45916593578918374,3.5315772228127016,3.7395829678945915,50.0,176.57886114063507,40.158100967468386,0.054577881588007075,0.04317935688330048,49.99986479166667,0.2704166666666619
1948.0,0.4588881572602465,3.5314340884375355,3.739444078630123,50.0,176.57170442187677,40.161632714482096,0.05457895119655946,0.04318014552032127,49.99986472222222,0.27055555555555083
1949.0,0.4586103787309235,3.5312909564445025,3.7393051893654614,50.0,176.56454782222514,40.1651625164813,0.05458002021300899,0.043180933683784305,49.999864652777774,0.27069444444443974
1950.0,0.45833260020121463,3.531147826831866,3.739166300100607,50.0,176.5573913415933,40.168690374536595,0.05458108863768479,0.04318172137437274,49.999864583333334,0.27083333333332865
1951.0,0.45805482167112,3.531004699597892,3.73902741083556,50.0,176.55023497989458,40.17221628971794,0.054582156470915744,0.0431825085927645,49.99986451388889,0.27097222222221756
1952.0,0.45777704314063955,3.5308615747408525,3.7388885215703196,50.0,176.54307873704263,40.17574026309478,0.05458322371303061,0.04318329533963234,49.99986444444444,0.2711111111111065
1953.0,0.4574992646097733,3.530718452259027,3.7387496323048865,50.0,176.53592261295134,40.179262295735896,0.05458429036435791,0.04318408161564391,49.999864375,0.2712499999999954
1954.0,0.45722148607852126,3.5305753321506987,3.7386107430392603,50.0,176.52876660753495,40.18278238870954,0.054585356425226016,0.04318486742146183,49.999864305555555,0.2713888888888843
1955.0,0.4569437075468834,3.5304322144141587,3.7384718537734414,50.0,176.52161072070794,40.18630054308329,0.05458642189596309,0.04318565275774371,49.999864236111115,0.2715277777777732
1956.0,0.45666592901485975,3.530289099047701,3.7383329645074297,50.0,176.51445495238505,40.18981675992427,0.05458748677689712,0.043186437625142224,49.99986416666667,0.2716666666666621
1957.0,0.4563881504824503,3.5301459860496265,3.738194075241225,50.0,176.50729930248133,40.193331040298915,0.0545885510683559,0.04318722202430517,49.99986409722222,0.271805555555551
1958.0,0.45611037194965504,3.5300028754182406,3.738055185974827,50.0,176.50014377091202,40.1968433852731,0.05458961477066705,0.043188005955875526,49.99986402777778,0.27194444444443994
1959.0,0.455832593416474,3.529859767151857,3.737916296708237,50.0,176.49298835759285,40.20035379591212,0.054590677884157994,0.043188789420491494,49.999863958333336,0.27208333333332885
1960.0,0.4555548148829071,3.5297166612487896,3.7377774074414534,50.0,176.48583306243947,40.20386227328072,0.05459174040915597,0.04318957241878656,49.99986388888889,0.27222222222221776
1961.0,0.45527703634895444,3.5295735577073617,3.737638518174477,50.0,176.47867788536809,40.207368818443,0.05459280234598806,0.04319035495138955,49.99986381944444,0.27236111111110667
1962.0,0.454999257814616,3.5294304565259003,3.7374996289073077,50.0,176.471522826295,40.210873432462506,0.05459386369498112,0.04319113701892467,49.99986375,0.2724999999999956
1963.0,0.4547214792798917,3.5292873577027377,3.7373607396399455,50.0,176.46436788513688,40.21437611640215,0.05459492445646186,0.04319191862201157,49.999863680555556,0.2726388888888845
1964.0,0.45444370074478163,3.529144261236212,3.7372218503723906,50.0,176.4572130618106,40.217876871324336,0.05459598463075677,0.04319269976126539,49.99986361111111,0.2727777777777734
1965.0,0.45416592220928576,3.5290011671246644,3.7370829611046426,50.0,176.45005835623323,40.22137569829084,0.05459704421819219,0.04319348043729682,49.99986354166667,0.2729166666666623
1966.0,0.4538881436734041,3.528858075366443,3.7369440718367017,50.0,176.44290376832214,40.22487259836288,0.054598103219094266,0.043194260650712135,49.99986347222222,0.2730555555555512
1967.0,0.4536103651371366,3.5287149859599,3.736805182568568,50.0,176.435749297995,40.22836757260103,0.054599161633788945,0.04319504040211325,49.99986340277778,0.27319444444444013
1968.0,0.4533325866004833,3.5285718989033925,3.7366662933002415,50.0,176.42859494516964,40.23186062206537,0.054600219462602004,0.04319581969209777,49.99986333333333,0.27333333333332904
1969.0,0.4530548080634442,3.5284288141952826,3.736527404031722,50.0,176.42144070976414,40.23535174781529,0.054601276705859035,0.04319659852125905,49.99986326388889,0.27347222222221795
1970.0,0.4527770295260193,3.5282857318339373,3.7363885147630094,50.0,176.41428659169688,40.23884095090972,0.05460233336388546,0.043197376890186226,49.999863194444444,0.27361111111110686
1971.0,0.45249925098820853,3.5281426518177286,3.736249625494104,50.0,176.40713259088642,40.24232823240692,0.054603389437006496,0.04319815479946426,49.999863125,0.2737499999999958
1972.0,0.452221472450012,3.527999574145032,3.736110736225006,50.0,176.3999787072516,40.24581359336457,0.05460444492554719,0.04319893224967401,49.99986305555556,0.2738888888888847
1973.0,0.45194369391142963,3.5278564988142294,3.7359718469557146,50.0,176.39282494071148,40.249297034839856,0.05460549982983241,0.043199709241392256,49.99986298611111,0.2740277777777736
1974.0,0.4516659153724615,3.527713425823705,3.7358329576862306,50.0,176.38567129118525,40.25277855788926,0.05460655415018684,0.043200485775191734,49.999862916666665,0.2741666666666625
1975.0,0.4513881368331075,3.527570355171851,3.735694068416554,50.0,176.37851775859255,40.25625816356876,0.05460760788693497,0.043201261851641214,49.99986284722222,0.2743055555555514
1976.0,0.45111035829336776,3.5274272868570598,3.735555179146684,50.0,176.37136434285298,40.25973585293377,0.05460866104040112,0.04320203747130553,49.99986277777778,0.2744444444444403
1977.0,0.4508325797532422,3.527284220877731,3.7354162898766208,50.0,176.36421104388654,40.26321162703903,0.05460971361090944,0.0432028126347456,49.99986270833333,0.27458333333332924
1978.0,0.45055480121273084,3.52714115723227,3.7352774006063654,50.0,176.3570578616135,40.2666854869388,0.05461076559878387,0.04320358734251853,49.999862638888885,0.27472222222221815
1979.0,0.45027702267183367,3.526998095919083,3.735138511335917,50.0,176.34990479595416,40.270157433686734,0.05461181700434818,0.043204361595177584,49.999862569444446,0.27486111111110706
1980.0,0.4499992441305507,3.5268550369365825,3.734999622065275,50.0,176.34275184682912,40.27362746833586,0.05461286782792597,0.04320513539327228,49.9998625,0.27499999999999597
1981.0,0.44972146558888193,3.5267119802831854,3.734860732794441,50.0,176.33559901415927,40.27709559193863,0.05461391806984065,0.043205908737348406,49.99986243055555,0.2751388888888849
1982.0,0.44944368704682736,3.526568925957313,3.7347218435234137,50.0,176.32844629786567,40.280561805546995,0.05461496773041545,0.04320668162794807,49.99986236111111,0.2752777777777738
1983.0,0.449165908504387,3.526425873957389,3.7345829542521933,50.0,176.32129369786944,40.28402611021227,0.05461601680997341,0.04320745406560974,49.999862291666666,0.2754166666666627
1984.0,0.4488881299615608,3.5262828242818434,3.73444406498078,50.0,176.31414121409216,40.2874885069852,0.054617065308837406,0.04320822605086828,49.99986222222223,0.2755555555555516
1985.0,0.4486103514183488,3.5261397769291087,3.7343051757091743,50.0,176.30698884645543,40.290948996915915,0.054618113227330116,0.043208997584255004,49.99986215277778,0.2756944444444405
1986.0,0.44833257287475103,3.525996731897624,3.7341662864373752,50.0,176.29983659488119,40.29440758105403,0.05461916056577406,0.04320976866629771,49.99986208333333,0.27583333333332943
1987.0,0.44805479433076745,3.52585368918583,3.7340273971653835,50.0,176.29268445929148,40.29786426044859,0.05462020732449155,0.043210539297520695,49.999862013888894,0.27597222222221834
1988.0,0.44777701578639806,3.5257106487921717,3.733888507893199,50.0,176.28553243960857,40.301319036148016,0.054621253503804736,0.043211309478444836,49.99986194444445,0.27611111111110725
1989.0,0.44749923724164287,3.5255676107150986,3.733749618620821,50.0,176.27838053575493,40.304771909200156,0.054622299104035585,0.04321207920958759,49.999861875,0.27624999999999617
1990.0,0.4472214586965019,3.5254245749530653,3.733610729348251,50.0,176.27122874765325,40.308222880652295,0.05462334412550588,0.04321284849146306,49.999861805555554,0.2763888888888851
1991.0,0.4469436801509751,3.525281541504528,3.7334718400754876,50.0,176.2640770752264,40.31167195155115,0.05462438856853723,0.043213617324582024,49.999861736111114,0.276527777777774
1992.0,0.4466659016050625,3.525138510367948,3.7333329508025312,50.0,176.2569255183974,40.31511912294286,0.05462543243345105,0.043214385709451957,49.99986166666667,0.2766666666666629
1993.0,0.4463881230587641,3.5249954815417897,3.7331940615293817,50.0,176.24977407708948,40.318564395872954,0.05462647572056859,0.04321515364657708,49.99986159722222,0.2768055555555518
1994.0,0.44611034451207987,3.524852455024524,3.73305517225604,50.0,176.2426227512262,40.32200777138644,0.05462751843021092,0.04321592113645841,49.99986152777778,0.2769444444444407
1995.0,0.44583256596500986,3.524709430814621,3.732916282982505,50.0,176.23547154073106,40.3254492505277,0.05462856056269893,0.04321668817959377,49.999861458333335,0.27708333333332963
1996.0,0.44555478741755405,3.524566408910559,3.7327773937087767,50.0,176.22832044552794,40.328888834340546,0.05462960211835331,0.04321745477647782,49.99986138888889,0.27722222222221854
1997.0,0.4452770088697124,3.5244233893108166,3.7326385044348562,50.0,176.22116946554084,40.33232652386829,0.0546306430974946,0.04321822092760214,49.99986131944444,0.27736111111110745
1998.0,0.4449992303214849,3.524280372013877,3.732499615160742,50.0,176.21401860069386,40.335762320153606,0.054631683500443146,0.04321898663345523,49.99986125,0.27749999999999636
1999.0,0.44472145177287165,3.5241373570182297,3.7323607258864357,50.0,176.2068678509115,40.339196224238606,0.05463272332751911,0.04321975189452251,49.999861180555556,0.27763888888888527
2000.0,0.44444367322387257,3.523994344322363,3.732221836611936,50.0,176.19971721611816,40.342628237164774,0.05463376257904248,0.043220516711286426,49.99986111111111,0.2777777777777742
2001.0,0.4441658946744877,3.5238513339247723,3.732082947337244,50.0,176.19256669623863,40.34605835997314,0.05463480125533307,0.04322128108422643,49.99986104166666,0.2779166666666631
2002.0,0.443888116124717,3.523708325823956,3.7319440580623584,50.0,176.18541629119778,40.349486593704114,0.054635839356710514,0.043222045013819044,49.99986097222222,0.278055555555552
2003.0,0.44361033757456053,3.5235653200184145,3.73180516878728,50.0,176.17826600092073,40.35291293939747,0.05463687688349426,0.04322280850053786,49.999860902777776,0.2781944444444409
2004.0,0.44333255902401825,3.523422316506653,3.731666279512009,50.0,176.17111582533263,40.35633739809248,0.054637913836003575,0.04322357154485361,49.99986083333333,0.2783333333333298
2005.0,0.44305478047309016,3.523279315287179,3.731527390236545,50.0,176.16396576435895,40.35975997082778,0.054638950214557565,0.04322433414723416,49.99986076388889,0.27847222222221873
2006.0,0.44277700192177627,3.5231363163585048,3.731388500960888,50.0,176.15681581792524,40.36318065864151,0.05463998601947514,0.04322509630814458,49.99986069444444,0.27861111111110765
2007.0,0.4424992233700766,3.522993319719146,3.731249611685038,50.0,176.14966598595728,40.36659946257123,0.05464102125107504,0.04322585802804713,49.999860625,0.27874999999999656
2008.0,0.4422214448179911,3.5228503253676187,3.7311107224089954,50.0,176.14251626838094,40.370016383653876,0.05464205590967584,0.043226619307401355,49.99986055555555,0.27888888888888547
2009.0,0.4419436662655198,3.522707333302447,3.73097183313276,50.0,176.13536666512235,40.373431422925876,0.05464308999559589,0.04322738014666404,49.99986048611111,0.2790277777777744
2010.0,0.4416658877126627,3.522564343522154,3.7308329438563312,50.0,176.12821717610768,40.37684458142303,0.054644123509153424,0.04322814054628928,49.99986041666667,0.2791666666666633
2011.0,0.4413881091594198,3.5224213560252675,3.73069405457971,50.0,176.12106780126337,40.38025586018057,0.05464515645066645,0.04322890050672853,49.999860347222224,0.2793055555555522
2012.0,0.4411103306057911,3.5222783708103194,3.730555165302895,50.0,176.11391854051595,40.383665260233215,0.054646188820452815,0.04322966002843059,49.99986027777778,0.2794444444444411
2013.0,0.44083255205177657,3.5221353878758452,3.7304162760258883,50.0,176.10676939379226,40.387072782615064,0.0546472206188302,0.04323041911184167,49.99986020833334,0.27958333333333
2014.0,0.44055477349737626,3.5219924072203797,3.730277386748688,50.0,176.099620361019,40.3904784283597,0.05464825184611609,0.04323117775740538,49.99986013888889,0.27972222222221893
2015.0,0.44027699494259015,3.521849428842466,3.730138497471295,50.0,176.0924714421233,40.39388219850008,0.05464928250262781,0.043231935965562795,49.999860069444445,0.27986111111110784
2016.0,0.43999921638741823,3.5217064527406468,3.729999608193709,50.0,176.08532263703233,40.397284094068596,0.054650312588682484,0.043232693736752474,49.99986,0.27999999999999675
2017.0,0.4397214378318605,3.5215634789134698,3.7298607189159303,50.0,176.07817394567348,40.400684116097125,0.05465134210459708,0.04323345107141048,49.99985993055556,0.28013888888888566
2018.0,0.439443659275917,3.521420507359483,3.7297218296379584,50.0,176.07102536797413,40.40408226561692,0.05465237105068838,0.04323420796997041,49.99985986111111,0.2802777777777746
2019.0,0.4391658807195877,3.5212775380772405,3.7295829403597938,50.0,176.06387690386202,40.407478543658726,0.054653399427272986,0.04323496443286342,49.999859791666665,0.2804166666666635
2020.0,0.43888810216287255,3.5211345710652977,3.729444051081436,50.0,176.0567285532649,40.41087295125266,0.054654427234667326,0.043235720460518254,49.999859722222226,0.2805555555555524
2021.0,0.4386103236057716,3.5209916063222133,3.729305161802886,50.0,176.04958031611068,40.41426548942826,0.054655454473187655,0.04323647605336126,49.99985965277778,0.2806944444444413
2022.0,0.4383325450482849,3.52084864384655,3.729166272524142,50.0,176.04243219232748,40.41765615921463,0.05465648114315004,0.04323723121181646,49.99985958333333,0.2808333333333302
2023.0,0.4380547664904123,3.520705683636871,3.729027383245206,50.0,176.03528418184356,40.42104496164012,0.05465750724487039,0.04323798593630552,49.999859513888886,0.2809722222222191
2024.0,0.4377769879321539,3.5205627256917444,3.728888493966077,50.0,176.02813628458722,40.42443189773269,0.05465853277866442,0.04323874022724779,49.999859444444446,0.28111111111110804
2025.0,0.4374992093735097,3.52041977000974,3.7287496046867545,50.0,176.020988500487,40.42781696851961,0.054659557744847674,0.043239494085060344,49.999859375,0.28124999999999695
2026.0,0.43722143081447973,3.520276816589431,3.72861071540724,50.0,176.01384082947155,40.43120017502764,0.054660582143735516,0.043240247510158,49.99985930555555,0.28138888888888586
2027.0,0.43694365225506393,3.5201338654293943,3.728471826127532,50.0,176.00669327146971,40.43458151828298,0.054661605975643145,0.043241000502953354,49.999859236111114,0.28152777777777477
2028.0,0.43666587369526233,3.519990916528207,3.728332936847631,50.0,175.99954582641035,40.4379609993112,0.05466262924088557,0.043241753063856775,49.99985916666667,0.2816666666666637
2029.0,0.4363880951350749,3.5198479698844514,3.7281940475675373,50.0,175.99239849422256,40.44133861913741,0.054663651939777645,0.04324250519327646,49.99985909722222,0.2818055555555526
2030.0,0.4361103165745017,3.5197050254967115,3.7280551582872508,50.0,175.98525127483558,40.4447143787861,0.05466467407263402,0.04324325689161843,49.999859027777774,0.2819444444444415
2031.0,0.4358325380135427,3.5195620833635735,3.727916269006771,50.0,175.97810416817867,40.448088279281194,0.05466569563976919,0.0432440081592866,49.999858958333334,0.2820833333333304
2032.0,0.4355547594521979,3.519419143483628,3.7277773797260987,50.0,175.97095717418142,40.45146032164604,0.054666716641497456,0.04324475899668273,49.99985888888889,0.2822222222222193
2033.0,0.4352769808904673,3.5192762058554665,3.7276384904452335,50.0,175.96381029277333,40.45483050690342,0.054667737078132966,0.04324550940420652,49.99985881944444,0.28236111111110823
2034.0,0.4349992023283509,3.5191332704776834,3.7274996011641752,50.0,175.95666352388417,40.45819883607561,0.05466875694998967,0.043246259382255584,49.99985875,0.28249999999999714
2035.0,0.43472142376584866,3.518990337348877,3.727360711882924,50.0,175.94951686744383,40.46156531018431,0.054669776257381356,0.043247008931225496,49.999858680555555,0.28263888888888605
2036.0,0.43444364520296064,3.518847406467647,3.7272218226014804,50.0,175.94237032338236,40.464929930250605,0.054670795000621636,0.04324775805150981,49.99985861111111,0.28277777777777496
2037.0,0.4341658666396868,3.5187044778325944,3.7270829333198434,50.0,175.93522389162973,40.468292697295055,0.05467181318002394,0.04324850674350007,49.99985854166666,0.2829166666666639
2038.0,0.4338880880760272,3.518561551442327,3.7269440440380137,50.0,175.92807757211634,40.47165361233766,0.05467283079590153,0.04324925500758586,49.99985847222222,0.2830555555555528
2039.0,0.43361030951198176,3.51841862729545,3.726805154755991,50.0,175.92093136477249,40.47501267639785,0.054673847848567485,0.043250002844154777,49.99985840277778,0.2831944444444417
2040.0,0.43333253094755053,3.518275705390574,3.726666265473775,50.0,175.9137852695287,40.47836989049449,0.05467486433833471,0.04325075025359249,49.999858333333336,0.2833333333333306
2041.0,0.4330547523827335,3.518132785726312,3.726527376191367,50.0,175.9066392863156,40.48172525564587,0.054675880265515946,0.04325149723628276,49.99985826388889,0.2834722222222195
2042.0,0.43277697381753066,3.5179898683012794,3.7263884869087653,50.0,175.89949341506397,40.48507877286977,0.054676895630423744,0.04325224379260745,49.99985819444445,0.2836111111111084
2043.0,0.432499195251942,3.5178469531140926,3.726249597625971,50.0,175.89234765570464,40.488430443183404,0.05467791043337049,0.04325298992294653,49.999858125,0.28374999999999734
2044.0,0.4322214166859676,3.5177040401633715,3.7261107083429836,50.0,175.88520200816856,40.49178026760342,0.054678924674668394,0.04325373562767815,49.999858055555556,0.28388888888888625
2045.0,0.43194363811960734,3.517561129447739,3.7259718190598035,50.0,175.87805647238696,40.49512824714583,0.0546799383546295,0.043254480907178594,49.99985798611111,0.28402777777777516
2046.0,0.4316658595528613,3.517418220965819,3.7258329297764305,50.0,175.87091104829096,40.4984743828262,0.05468095147356565,0.043255225761822336,49.99985791666667,0.28416666666666407
2047.0,0.43138808098572945,3.517275314716239,3.7256940404928645,50.0,175.86376573581194,40.50181867565948,0.054681964031788544,0.04325597019198206,49.99985784722222,0.284305555555553
2048.0,0.4311103024182118,3.517132410697628,3.7255551512091056,50.0,175.85662053488142,40.50516112666003,0.05468297602960968,0.04325671419802868,49.99985777777778,0.2844444444444419
2049.0,0.4308325238503083,3.5169895089086176,3.725416261925154,50.0,175.84947544543087,40.50850173684171,0.0546839874673404,0.04325745778033134,49.99985770833334,0.2845833333333308
2050.0,0.430554745282019,3.516846609347842,3.7252773726410093,50.0,175.84233046739212,40.51184050721781,0.05468499834529188,0.04325820093925745,49.99985763888889,0.2847222222222197
2051.0,0.43027696671334387,3.516703712013936,3.725138483356672,50.0,175.8351856006968,40.51517743880106,0.054686008663775085,0.043258943675172704,49.999857569444444,0.2848611111111086
2052.0,0.42999918814428295,3.51656081690554,3.724999594072141,50.0,175.828040845277,40.51851253260361,0.05468701842310084,0.043259685988441085,49.9998575,0.28499999999999753
2053.0,0.42972140957483623,3.516417924021293,3.724860704787418,50.0,175.82089620106464,40.5218457896371,0.0546880276235798,0.043260427879424905,49.99985743055556,0.28513888888888644
2054.0,0.4294436310050037,3.5162750333598387,3.7247218155025017,50.0,175.81375166799194,40.5251772109126,0.05468903626552241,0.0432611693484848,49.99985736111111,0.28527777777777535
2055.0,0.4291658524347854,3.5161321449198217,3.7245829262173924,50.0,175.80660724599107,40.52850679744057,0.054690044349238985,0.04326191039597976,49.999857291666665,0.28541666666666426
2056.0,0.42888807386418126,3.5159892586998898,3.7244440369320904,50.0,175.7994629349945,40.531834550231,0.05469105187503963,0.04326265102226715,49.99985722222222,0.2855555555555532
2057.0,0.42861029529319133,3.5158463746986914,3.7243051476465956,50.0,175.79231873493458,40.53516047029319,0.05469205884323429,0.04326339122770273,49.99985715277778,0.2856944444444421
2058.0,0.4283325167218156,3.5157034929148794,3.7241662583609076,50.0,175.78517464574398,40.53848455863607,0.054693065254132756,0.04326413101264065,49.99985708333333,0.285833333333331
2059.0,0.42805473815005407,3.515560613347106,3.724027369075027,50.0,175.7780306673553,40.541806816267865,0.05469407110804461,0.043264870377433484,49.999857013888885,0.2859722222222199
2060.0,0.42777695957790673,3.5154177359940277,3.723888479788953,50.0,175.77088679970137,40.54512724419635,0.05469507640527929,0.04326560932243225,49.999856944444446,0.2861111111111088
2061.0,0.4274991810053736,3.5152748608543023,3.7237495905026865,50.0,175.7637430427151,40.54844584342868,0.05469608114614605,0.043266347847986414,49.999856875,0.28624999999999773
2062.0,0.42722140243245466,3.515131987926591,3.723610701216227,50.0,175.75659939632956,40.55176261497144,0.054697085330953965,0.04326708595444393,49.99985680555555,0.28638888888888664
2063.0,0.4269436238591499,3.514989117209553,3.7234718119295747,50.0,175.74945586047767,40.55507755983069,0.05469808896001195,0.04326782364215122,49.999856736111106,0.28652777777777555
2064.0,0.42666584528545937,3.514846248701855,3.7233329226427294,50.0,175.74231243509274,40.55839067901201,0.05469909203362874,0.043268560911453216,49.999856666666666,0.28666666666666446
2065.0,0.426388066711383,3.514703382402162,3.7231940333556914,50.0,175.73516912010808,40.56170197352026,0.0547000945521129,0.043269297762693386,49.99985659722222,0.28680555555555337
2066.0,0.42611028813692087,3.5145605183091417,3.7230551440684603,50.0,175.7280259154571,40.565011444359925,0.05470109651577281,0.043270034196213704,49.99985652777777,0.2869444444444423
2067.0,0.4258325095620729,3.5144176564214646,3.7229162547810364,50.0,175.72088282107325,40.56831909253481,0.0547020979249167,0.043270770212354724,49.99985645833333,0.2870833333333312
2068.0,0.42555473098683916,3.514274796737803,3.7227773654934193,50.0,175.71373983689017,40.57162491904825,0.054703098779852605,0.04327150581145554,49.999856388888894,0.2872222222222201
2069.0,0.4252769524112196,3.5141319392568313,3.7226384762056095,50.0,175.70659696284156,40.57492892490296,0.054704099080888406,0.04327224099385386,49.99985631944445,0.287361111111109
2070.0,0.42499917383521424,3.5139890839772248,3.722499586917607,50.0,175.69945419886125,40.57823111110116,0.05470509882833181,0.043272975759885944,49.99985625,0.2874999999999979
2071.0,0.4247213952588231,3.513846230897661,3.7223606976294112,50.0,175.69231154488304,40.58153147864448,0.05470609802249034,0.043273710109886704,49.999856180555554,0.28763888888888683
2072.0,0.4244436166820461,3.5137033800168207,3.722221808341023,50.0,175.68516900084103,40.58483002853404,0.05470709666367135,0.04327444404418966,49.999856111111114,0.28777777777777575
2073.0,0.42416583810488334,3.513560531333386,3.7220829190524416,50.0,175.6780265666693,40.588126761770354,0.05470809475218203,0.04327517756312697,49.99985604166667,0.28791666666666466
2074.0,0.4238880595273347,3.513417684846039,3.7219440297636672,50.0,175.67088424230195,40.59142167935346,0.05470909228832939,0.043275910667029446,49.99985597222222,0.28805555555555357
2075.0,0.4236102809494003,3.5132748405534664,3.7218051404747,50.0,175.66374202767332,40.59471478228278,0.05471008927242028,0.043276643356226586,49.99985590277778,0.2881944444444425
2076.0,0.42333250237108005,3.513131998454355,3.72166625118554,50.0,175.65659992271776,40.598006071557165,0.05471108570476137,0.043277375631046555,49.999855833333335,0.2883333333333314
2077.0,0.423054723792374,3.5129891585473945,3.721527361896187,50.0,175.64945792736972,40.60129554817502,0.054712081585659156,0.04327810749181621,49.99985576388889,0.2884722222222203
2078.0,0.4227769452132822,3.5128463208312763,3.721388472606641,50.0,175.64231604156382,40.604583213134106,0.05471307691541997,0.043278838938861135,49.99985569444444,0.2886111111111092
2079.0,0.42249916663380455,3.5127034853046917,3.721249583316902,50.0,175.63517426523458,40.60786906743169,0.05471407169434996,0.04327956997250562,49.999855625,0.2887499999999981
2080.0,0.4222213880539411,3.5125606519663375,3.7211106940269705,50.0,175.62803259831688,40.61115311206447,0.05471506592275512,0.04328030059307271,49.999855555555555,0.28888888888888703
2081.0,0.42194360947369186,3.512417820814909,3.7209718047368456,50.0,175.62089104074545,40.614435348028564,0.05471605960094127,0.043281030800884183,49.99985548611111,0.28902777777777594
2082.0,0.4216658308930568,3.5122749918491047,3.7208329154465285,50.0,175.61374959245524,40.61771577631964,0.05471705272921404,0.04328176059626059,49.99985541666667,0.28916666666666485
2083.0,0.42138805231203597,3.512132165067624,3.7206940261560177,50.0,175.60660825338118,40.62099439793269,0.0547180453078789,0.04328248997952125,49.99985534722222,0.28930555555555376
2084.0,0.4211102737306293,3.51198934046917,3.7205551368653147,50.0,175.5994670234585,40.624271213862244,0.05471903733724117,0.04328321895098428,49.999855277777776,0.2894444444444427
2085.0,0.42083249514883686,3.511846518052445,3.7204162475744185,50.0,175.59232590262226,40.62754622510232,0.05472002881760597,0.0432839475109666,49.99985520833333,0.2895833333333316
2086.0,0.4205547165666586,3.511703697816155,3.720277358283329,50.0,175.58518489080774,40.63081943264626,0.05472101974927827,0.04328467565978393,49.99985513888889,0.2897222222222205
2087.0,0.42027693798409455,3.5115608797590077,3.7201384689920474,50.0,175.5780439879504,40.63409083748695,0.054722010132562844,0.04328540339775083,49.99985506944444,0.2898611111111094
2088.0,0.4199991594011447,3.51141806387971,3.719999579700572,50.0,175.5709031939855,40.6373604406167,0.05472299996776432,0.0432861307251807,49.999855,0.2899999999999983
2089.0,0.419721380817809,3.5112752501769733,3.7198606904089044,50.0,175.56376250884867,40.64062824302732,0.05472398925518715,0.04328685764238577,49.99985493055556,0.2901388888888872
2090.0,0.41944360223408755,3.5111324386495095,3.7197218011170436,50.0,175.55662193247548,40.643894245710044,0.05472497799513561,0.04328758414967715,49.99985486111111,0.29027777777777614
2091.0,0.4191658236499803,3.5109896292960334,3.71958291182499,50.0,175.54948146480166,40.647158449655535,0.0547259661879138,0.04328831024736482,49.999854791666664,0.29041666666666505
2092.0,0.4188880450654872,3.510846822115258,3.7194440225327434,50.0,175.5423411057629,40.65042085585395,0.054726953833825684,0.04328903593575764,49.99985472222222,0.29055555555555396
2093.0,0.41861026648060834,3.5107040171059016,3.719305133240304,50.0,175.53520085529507,40.65368146529488,0.05472794093317501,0.043289761215163376,49.99985465277778,0.29069444444444287
2094.0,0.41833248789534366,3.510561214266684,3.719166243947672,50.0,175.5280607133342,40.65694027896734,0.05472892748626539,0.0432904860858887,49.99985458333333,0.2908333333333318
2095.0,0.4180547093096932,3.510418413596324,3.7190273546548465,50.0,175.5209206798162,40.660197297859895,0.05472991349340025,0.0432912105482392,49.999854513888884,0.2909722222222207
2096.0,0.4177769307236569,3.510275615093544,3.7188884653618284,50.0,175.5137807546772,40.66345252296048,0.054730898954882846,0.0432919346025194,49.999854444444445,0.2911111111111096
2097.0,0.4174991521372348,3.5101328187570666,3.718749576068617,50.0,175.50664093785332,40.66670595525653,0.05473188387101627,0.04329265824903276,49.999854375000005,0.2912499999999985
2098.0,0.41722137355042693,3.5099900245856186,3.7186106867752136,50.0,175.49950122928092,40.66995759573496,0.054732868242103445,0.04329338148808168,49.99985430555556,0.2913888888888874
2099.0,0.41694359496323324,3.509847232577925,3.7184717974816164,50.0,175.49236162889625,40.67320744538205,0.05473385206844712,0.04329410431996755,49.99985423611111,0.29152777777777633
2100.0,0.4166658163756537,3.5097044427327155,3.718332908187827,50.0,175.48522213663577,40.67645550518358,0.054734835350349884,0.04329482674499072,49.999854166666665,0.29166666666666524
2101.0,0.41638803778768835,3.5095616550487194,3.7181940188938443,50.0,175.47808275243597,40.67970177612489,0.05473581808811414,0.04329554876345053,49.999854097222226,0.29180555555555415
2102.0,0.4161102591993372,3.5094188695246666,3.7180551295996684,50.0,175.47094347623334,40.6829462591906,0.05473680028204214,0.043296270375645304,49.99985402777778,0.29194444444444306
2103.0,0.41583248061060024,3.509276086159291,3.7179162403053,50.0,175.46380430796455,40.68618895536491,0.05473778193243597,0.04329699158187238,49.99985395833333,0.292083333333332
2104.0,0.4155547020214775,3.5091333049513276,3.7177773510107386,50.0,175.45666524756638,40.68942986563144,0.054738763039597516,0.0432977123824281,49.99985388888889,0.2922222222222209
2105.0,0.4152769234319689,3.5089905258995118,3.7176384617159846,50.0,175.44952629497558,40.69266899097329,0.05473974360382852,0.043298432777607844,49.999853819444446,0.2923611111111098
2106.0,0.41499914484207456,3.5088477490025802,3.7174995724210373,50.0,175.44238745012902,40.695906332373,0.05474072362543056,0.04329915276770602,49.99985375,0.2924999999999987
2107.0,0.4147213662517944,3.5087049742592726,3.717360683125897,50.0,175.43524871296364,40.6991418908126,0.05474170310470503,0.04329987235301608,49.99985368055555,0.2926388888888876
2108.0,0.41444358766112843,3.508562201668329,3.7172217938305643,50.0,175.42811008341644,40.702375667273486,0.054742682041953164,0.04330059153383053,49.999853611111114,0.2927777777777765
2109.0,0.41416580907007666,3.508419431228492,3.7170829045350384,50.0,175.4209715614246,40.70560766273667,0.05474366043747603,0.04330131031044094,49.99985354166667,0.29291666666666544
2110.0,0.4138880304786391,3.5082766629385036,3.7169440152393194,50.0,175.41383314692519,40.708837878182464,0.05474463829157452,0.043302028683137955,49.99985347222222,0.29305555555555435
2111.0,0.4136102518868157,3.508133896797109,3.7168051259434076,50.0,175.40669483985545,40.71206631459074,0.05474561560454936,0.0433027466522113,49.99985340277778,0.29319444444444326
2112.0,0.41333247329460654,3.507991132803055,3.716666236647303,50.0,175.39955664015275,40.71529297294086,0.054746592376701105,0.0433034642179498,49.999853333333334,0.29333333333333217
2113.0,0.41305469470201156,3.5078483709550885,3.716527347351006,50.0,175.39241854775443,40.71851785421154,0.05474756860833016,0.04330418138064136,49.99985326388889,0.2934722222222211
2114.0,0.4127769161090308,3.5077056112519585,3.7163884580545155,50.0,175.38528056259793,40.72174095938101,0.05474854429973674,0.04330489814057302,49.99985319444444,0.29361111111111
2115.0,0.4124991375156642,3.507562853692416,3.716249568757832,50.0,175.3781426846208,40.72496228942697,0.05474951945122089,0.04330561449803093,49.999853125,0.2937499999999989
2116.0,0.4122213589219118,3.5074200982752126,3.716110679460956,50.0,175.37100491376063,40.72818184532656,0.054750494063082515,0.04330633045330035,49.999853055555555,0.2938888888888878
2117.0,0.4119435803277736,3.5072773449991015,3.715971790163887,50.0,175.36386724995506,40.73139962805641,0.05475146813562133,0.043307046006665705,49.99985298611111,0.2940277777777767
2118.0,0.4116658017332496,3.507134593862837,3.7158329008666247,50.0,175.35672969314186,40.73461563859263,0.05475244166913688,0.04330776115841054,49.99985291666667,0.29416666666666563
2119.0,0.41138802313833983,3.5069918448651762,3.7156940115691697,50.0,175.34959224325883,40.73782987791071,0.05475341466392855,0.043308475908817576,49.99985284722222,0.29430555555555454
2120.0,0.41111024454304423,3.5068490980048748,3.715555122271522,50.0,175.34245490024375,40.741042346985694,0.054754387120295574,0.04330919025816867,49.999852777777775,0.29444444444444345
2121.0,0.41083246594736283,3.506706353280694,3.7154162329736815,50.0,175.3353176640347,40.74425304679204,0.05475535903853699,0.043309904206744874,49.99985270833333,0.29458333333333236
2122.0,0.41055468735129563,3.5065636106913916,3.715277343675648,50.0,175.32818053456958,40.747461978303704,0.05475633041895168,0.0433106177548264,49.99985263888889,0.2947222222222213
2123.0,0.41027690875484263,3.5064208702357296,3.715138454377421,50.0,175.32104351178648,40.750669142494075,0.05475730126183836,0.04331133090269265,49.99985256944444,0.2948611111111102
2124.0,0.40999913015800377,3.506278131912472,3.714999565079002,50.0,175.3139065956236,40.75387454033603,0.054758271567495576,0.043312043650622224,49.9998525,0.2949999999999991
2125.0,0.4097213515607791,3.5061353957203814,3.7148606757803897,50.0,175.30676978601906,40.75707817280187,0.05475924133622173,0.04331275599889293,49.999852430555556,0.295138888888888
2126.0,0.40944357296316863,3.5059926616582238,3.7147217864815842,50.0,175.29963308291119,40.76028004086339,0.054760210568315024,0.04331346794778176,49.99985236111112,0.2952777777777769
2127.0,0.40916579436517236,3.505849929724767,3.714582897182586,50.0,175.29249648623835,40.76348014549188,0.054761179264073506,0.04331417949756496,49.99985229166667,0.29541666666666583
2128.0,0.4088880157667903,3.505707199918777,3.714444007883395,50.0,175.28535999593885,40.766678487658,0.054762147423795066,0.043314890648517984,49.99985222222222,0.29555555555555474
2129.0,0.4086102371680224,3.505564472239025,3.714305118584011,50.0,175.27822361195123,40.769875068332,0.05476311504777741,0.04331560140091551,49.99985215277778,0.29569444444444365
2130.0,0.40833245856886874,3.5054217466842807,3.714166229284434,50.0,175.27108733421403,40.77306988848352,0.05476408213631809,0.04331631175503148,49.99985208333334,0.29583333333333256
2131.0,0.40805467996932926,3.5052790232533164,3.7140273399846646,50.0,175.26395116266582,40.77626294908168,0.054765048689714484,0.043317021711139055,49.99985201388889,0.29597222222222147
2132.0,0.407776901369404,3.5051363019449053,3.713888450684702,50.0,175.25681509724527,40.7794542510951,0.054766014708263824,0.043317731269510676,49.999851944444444,0.2961111111111104
2133.0,0.4074991227690929,3.504993582757822,3.7137495613845464,50.0,175.2496791378911,40.78264379549182,0.05476698019226315,0.043318440430418034,49.999851875000004,0.2962499999999993
2134.0,0.407221344168396,3.5048508656908415,3.713610672084198,50.0,175.24254328454208,40.78583158323937,0.054767945142009354,0.04331914919413209,49.99985180555556,0.2963888888888882
2135.0,0.4069435655673133,3.5047081507427413,3.7134717827836567,50.0,175.23540753713706,40.78901761530477,0.054768909557799145,0.04331985756092308,49.99985173611111,0.2965277777777771
2136.0,0.4066657869658448,3.5045654379122992,3.713332893482922,50.0,175.22827189561497,40.792201892654475,0.05476987343992908,0.04332056553106055,49.999851666666665,0.296666666666666
2137.0,0.4063880083639905,3.5044227271982957,3.7131940041819953,50.0,175.2211363599148,40.795384416254365,0.05477083678869555,0.04332127310481329,49.999851597222225,0.29680555555555493
2138.0,0.40611022976175043,3.5042800185995104,3.7130551148808753,50.0,175.21400092997553,40.798565187069926,0.05477179960439478,0.043321980282449414,49.99985152777778,0.29694444444444384
2139.0,0.40583245115912453,3.5041373121147257,3.712916225579562,50.0,175.20686560573628,40.80174420606596,0.054772761887322816,0.043322687064236344,49.99985145833333,0.29708333333333276
2140.0,0.4055546725561128,3.5039946077427255,3.7127773362780565,50.0,175.19973038713627,40.80492147420682,0.05477372363777555,0.04332339345044082,49.999851388888885,0.29722222222222167
2141.0,0.4052768939527153,3.503851905482292,3.712638446976358,50.0,175.19259527411458,40.80809699245634,0.05477468485604872,0.04332409944132887,49.999851319444446,0.2973611111111106
2142.0,0.404999115348932,3.5037092053322123,3.712499557674466,50.0,175.18546026661062,40.81127076177779,0.054775645542437884,0.043324805037165855,49.99985125,0.2974999999999995
2143.0,0.4047213367447629,3.5035665072912736,3.7123606683723813,50.0,175.17832536456368,40.81444278313387,0.054776605697238426,0.04332551023821649,49.99985118055555,0.2976388888888884
2144.0,0.404443558140208,3.503423811358263,3.712221779070104,50.0,175.17119056791316,40.817613057486824,0.054777565320745576,0.043326215044744806,49.99985111111111,0.2977777777777773
2145.0,0.4041657795352673,3.503281117531969,3.7120828897676335,50.0,175.16405587659844,40.820781585798386,0.054778524413254405,0.04332691945701418,49.999851041666666,0.2979166666666662
2146.0,0.40388800092994076,3.5031384258111826,3.71194400046497,50.0,175.15692129055913,40.823948369029665,0.054779482975059815,0.04332762347528735,49.99985097222222,0.29805555555555513
2147.0,0.40361022232422844,3.5029957361946957,3.711805111162114,50.0,175.1497868097348,40.827113408141315,0.05478044100645653,0.04332832709982638,49.99985090277777,0.29819444444444404
2148.0,0.4033324437181303,3.5028530486813008,3.711666221859065,50.0,175.14265243406504,40.83027670409348,0.054781398507739124,0.04332903033089274,49.99985083333333,0.29833333333333295
2149.0,0.40305466511164634,3.5027103632697907,3.711527332555823,50.0,175.13551816348954,40.83343825784567,0.05478235547920201,0.04332973316874723,49.99985076388889,0.29847222222222186
2150.0,0.40277688650477655,3.5025676799589607,3.711388443252388,50.0,175.12838399794802,40.836598070356956,0.05478331192113943,0.04333043561365003,49.99985069444444,0.29861111111111077
2151.0,0.40249910789752097,3.5024249987476077,3.71124955394876,50.0,175.12124993738038,40.839756142585884,0.05478426783384545,0.04333113766586071,49.999850625,0.2987499999999997
2152.0,0.4022213292898796,3.5022823196345283,3.7111106646449397,50.0,175.11411598172643,40.84291247549044,0.05478522321761399,0.04333183932563823,49.999850555555554,0.2988888888888886
2153.0,0.4019435506818524,3.5021396426185203,3.710971775340926,50.0,175.106982130926,40.846067070028084,0.05478617807273879,0.043332540593240924,49.999850486111114,0.2990277777777775
2154.0,0.4016657720734394,3.5019969676983838,3.7108328860367195,50.0,175.0998483849192,40.84921992715573,0.05478713239951345,0.04333324146892653,49.99985041666667,0.2991666666666664
2155.0,0.4013879934646406,3.5018542948729197,3.7106939967323203,50.0,175.09271474364598,40.85237104782982,0.05478808619823138,0.043333941952952204,49.99985034722222,0.2993055555555553
2156.0,0.401110214855456,3.501711624140929,3.710555107427728,50.0,175.08558120704646,40.855520433006234,0.054789039469185834,0.043334642045574474,49.99985027777778,0.29944444444444424
2157.0,0.4008324362458856,3.501568955501215,3.7104162181229428,50.0,175.07844777506074,40.85866808364034,0.054789992212669905,0.04333534174704932,49.999850208333335,0.29958333333333315
2158.0,0.4005546576359294,3.501426288952581,3.7102773288179645,50.0,175.07131444762905,40.861814000686934,0.05479094442897652,0.04333604105763211,49.99985013888889,0.29972222222222206
2159.0,0.4002768790255874,3.5012836244938326,3.7101384395127934,50.0,175.06418122469162,40.86495818510042,0.05479189611839845,0.043336739977577664,49.99985006944445,0.29986111111111097
2160.0,0.3999991004148596,3.5011408721652613,3.7099994602489157,50.0,175.05704360826306,40.868100637834516,0.054792847281228296,0.04333743850714021,49.99985,0.2999999999999999
2161.0,0.399721321803746,3.5009703344101464,3.7098327930822474,50.0,175.0485167205073,40.871241366068205,0.05479379791775849,0.04333813664657341,49.999849930555555,0.3001388888888888
2162.0,0.39944354319224656,3.5007691392137517,3.709666125915348,50.0,175.0384569606876,40.87438228697101,0.05479474802844458,0.04333883439614546,49.99984986111111,0.3002777777777777
2163.0,0.39916576458036135,3.5005679435704438,3.709499458748217,50.0,175.0283971785222,40.87752340050997,0.05479569766397906,0.04333953176076505,49.99984979166667,0.3004166666666666
2164.0,0.39888798596809033,3.500366747429018,3.709332791580854,50.0,175.01833737145088,40.880664706652226,0.054796646870631016,0.043340228745284315,49.99984972222222,0.3005555555555555
2165.0,0.3986102073554335,3.5001655507423615,3.70916612441326,50.0,175.00827753711806,40.88380620536486,0.054797595690632125,0.04334092535449953,49.999849652777776,0.30069444444444443
2166.0,0.3983324287423909,3.499964353467104,3.7089994572454343,50.0,174.99821767335519,40.88694789661503,0.05479854416252889,0.0433416215931517,49.99984958333334,0.30083333333333334
2167.0,0.39805465012896246,3.4997631555632918,3.7088327900773774,50.0,174.98815777816458,40.89008978036992,0.0547994923215042,0.04334231746592724,49.99984951388889,0.30097222222222225
2168.0,0.39777687151514823,3.4995619569940954,3.7086661229090887,50.0,174.97809784970477,40.89323185659674,0.05480044019967085,0.04334301297745859,49.99984944444444,0.30111111111111116
2169.0,0.3974990929009482,3.499360757725542,3.708499455740569,50.0,174.9680378862771,40.89637412526264,0.054801387826339344,0.043343708132324826,49.999849375,0.3012500000000001
2170.0,0.39722131428636237,3.4991595577262684,3.7083327885718176,50.0,174.95797788631342,40.899516586334926,0.05480233522826247,0.04334440293505229,49.99984930555556,0.301388888888889
2171.0,0.39694353567139073,3.498958356967298,3.7081661214028343,50.0,174.9479178483649,40.90265923978086,0.054803282429858394,0.043345097390115175,49.99984923611111,0.3015277777777779
2172.0,0.3966657570560333,3.498757155421837,3.70799945423362,50.0,174.93785777109184,40.9058020855677,0.05480422945341437,0.04334579150193616,49.999849166666664,0.3016666666666668
2173.0,0.39638797844029,3.498555953065088,3.707832787064174,50.0,174.9277976532544,40.90894512366276,0.054805176319272675,0.04334648527488697,49.999849097222224,0.3018055555555557
2174.0,0.3961101998241609,3.498354749874078,3.7076661198944967,50.0,174.9177374937039,40.912088354033415,0.05480612304600026,0.043347178713288984,49.99984902777778,0.3019444444444446
2175.0,0.395832421207646,3.498153545827505,3.7074994527245875,50.0,174.90767729137525,40.91523177664703,0.054807069650543654,0.0433478718214138,49.99984895833333,0.30208333333333354
2176.0,0.3955546425907453,3.497952340905597,3.7073327855544473,50.0,174.89761704527984,40.91837539147099,0.05480801614837032,0.043348564603483825,49.999848888888884,0.30222222222222245
2177.0,0.3952768639734588,3.4977511350899766,3.7071661183840754,50.0,174.88755675449883,40.92151919847265,0.0548089625535977,0.04334925706367281,49.999848819444445,0.30236111111111136
2178.0,0.3949990853557865,3.49754992836355,3.7069994512134716,50.0,174.8774964181775,40.92466319761951,0.054809908879111,0.043349949206106464,49.99984875,0.30250000000000027
2179.0,0.3947213067377284,3.4973487207103964,3.706832784042637,50.0,174.86743603551983,40.927807388879046,0.05481085513667064,0.04335064103486295,49.99984868055555,0.3026388888888892
2180.0,0.39444352811928446,3.497147512115664,3.7066661168715704,50.0,174.8573756057832,40.93095177221869,0.05481180133701044,0.043351332553973464,49.999848611111105,0.3027777777777781
2181.0,0.39416574950045474,3.4969463025654908,3.706499449700273,50.0,174.84731512827454,40.93409634760599,0.054812747489927115,0.043352023767422775,49.99984854166667,0.302916666666667
2182.0,0.3938879708812392,3.4967450920469094,3.7063327825287433,50.0,174.83725460234547,40.937241115008476,0.05481369360436206,0.043352714679149744,49.999848472222226,0.3030555555555559
2183.0,0.3936101922616379,3.4965438805477844,3.7061661153569827,50.0,174.82719402738923,40.94038607439376,0.054814639688475934,0.04335340529304786,49.99984840277778,0.3031944444444448
2184.0,0.3933324136416508,3.4963426680567333,3.7059994481849903,50.0,174.81713340283667,40.94353122572937,0.054815585749716796,0.04335409561296579,49.99984833333333,0.30333333333333373
2185.0,0.39305463502127785,3.4961414545630727,3.7058327810127665,50.0,174.80707272815363,40.94667656898292,0.054816531794882245,0.04335478564270784,49.99984826388889,0.30347222222222264
2186.0,0.3927768564005191,3.4959402400567523,3.7056661138403113,50.0,174.79701200283762,40.94982210412206,0.05481747783017615,0.0433554753860345,49.999848194444446,0.30361111111111155
2187.0,0.3924990777793746,3.495739024528311,3.7054994466676248,50.0,174.78695122641554,40.95296783111445,0.05481842386126045,0.04335616484666295,49.999848125,0.30375000000000046
2188.0,0.39222129915784426,3.495537807968822,3.7053327794947064,50.0,174.7768903984411,40.95611374992774,0.05481936989330242,0.043356854028267555,49.99984805555556,0.3038888888888894
2189.0,0.3919435205359281,3.4953365903698543,3.7051661123215567,50.0,174.76682951849273,40.9592598605297,0.05482031593101782,0.04335754293448036,49.999847986111114,0.3040277777777783
2190.0,0.3916657419136262,3.4951353717234306,3.7049994451481756,50.0,174.75676858617152,40.96240616288799,0.054821261978710276,0.043358231568891556,49.99984791666667,0.3041666666666672
2191.0,0.39138796329093845,3.4949341520219908,3.704832777974563,50.0,174.74670760109953,40.96555265697043,0.054822208040307234,0.043358919935049985,49.99984784722222,0.3043055555555561
2192.0,0.3911101846678649,3.494732931258359,3.704666110800719,50.0,174.73664656291794,40.96869934274474,0.05482315411939275,0.04335960803646362,49.99984777777778,0.304444444444445
2193.0,0.39083240604440556,3.494531709425713,3.704499443626643,50.0,174.72658547128566,40.97184622017875,0.05482410021923747,0.043360295876599994,49.999847708333334,0.3045833333333339
2194.0,0.3905546274205604,3.4943304865175575,3.704332776452336,50.0,174.71652432587788,40.97499328924033,0.05482504634282592,0.04336098345888673,49.99984763888889,0.30472222222222284
2195.0,0.39027684879632946,3.4941292625276974,3.7041661092777978,50.0,174.70646312638488,40.97814054989726,0.054825992492881524,0.043361670786711964,49.99984756944444,0.30486111111111175
2196.0,0.3899990701717127,3.493928037450214,3.7039994421030276,50.0,174.6964018725107,40.98128800211748,0.0548269386718893,0.04336235786342477,49.9998475,0.30500000000000066
2197.0,0.3897212915467101,3.4937268112794464,3.703832774928026,50.0,174.68634056397232,40.98443564586887,0.05482788488211672,0.043363044692335685,49.999847430555555,0.30513888888888957
2198.0,0.3894435129213217,3.4935255840099697,3.703666107752793,50.0,174.6762792004985,40.987583481119316,0.054828831125632645,0.04336373127671707,49.99984736111111,0.3052777777777785
2199.0,0.38916573429554746,3.493324355636578,3.7034994405773283,50.0,174.6662177818289,40.99073150783681,0.05482977740432465,0.04336441761980361,49.99984729166667,0.3054166666666674
2200.0,0.38888795566938744,3.4931231261542677,3.7033327734016326,50.0,174.6561563077134,40.99387972598936,0.05483072371991486,0.04336510372479272,49.99984722222222,0.3055555555555563
2201.0,0.3886101770428416,3.492921895558224,3.703166106225705,50.0,174.6460947779112,40.997028135544895,0.05483167007397434,0.04336578959484499,49.999847152777775,0.3056944444444452
2202.0,0.38833239841591,3.4927206638438046,3.7029994390495458,50.0,174.63603319219024,41.000176736471474,0.05483261646793629,0.04336647523308459,49.99984708333333,0.3058333333333341
2203.0,0.38805461978859257,3.4925194310065333,3.7028327718731555,50.0,174.62597155032665,41.00332552873715,0.05483356290310805,0.04336716064259969,49.99984701388889,0.30597222222222303
2204.0,0.38777684116088934,3.492318197042078,3.7026661046965335,50.0,174.6159098521039,41.00647451230998,0.05483450938068212,0.04336784582644291,49.99984694444444,0.30611111111111194
2205.0,0.3874990625328003,3.4921169619462518,3.70249943751968,50.0,174.6058480973126,41.00962368715801,0.05483545590174612,0.04336853078763167,49.999846874999996,0.30625000000000085
2206.0,0.3872212839043255,3.491915725714997,3.7023327703425952,50.0,174.59578628574985,41.01277305324942,0.054836402467291975,0.04336921552914865,49.999846805555556,0.30638888888888977
2207.0,0.38694350527546484,3.4917144883443756,3.702166103165279,50.0,174.58572441721878,41.015922610552366,0.05483734907822424,0.04336990005394216,49.99984673611111,0.3065277777777787
2208.0,0.3866657266462184,3.4915132498305654,3.701999435987731,50.0,174.57566249152828,41.019072359034965,0.05483829573536772,0.04337058436492653,49.99984666666666,0.3066666666666676
2209.0,0.38638794801658616,3.491312010169851,3.7018327688099517,50.0,174.56560050849254,41.02222229866544,0.05483924243947444,0.043371268464982536,49.999846597222216,0.3068055555555565
2210.0,0.3861101693865681,3.4911107693586154,3.701666101631941,50.0,174.55553846793077,41.025372429412016,0.05484018919122997,0.04337195235695775,49.99984652777778,0.3069444444444454
2211.0,0.38583239075616427,3.490909527393334,3.7014994344536984,50.0,174.54547636966672,41.02852275124292,0.05484113599125923,0.043372636043666944,49.99984645833334,0.3070833333333343
2212.0,0.3855546121253746,3.490708284270572,3.7013327672752245,50.0,174.5354142135286,41.03167326412637,0.05484208284013178,0.043373319527892445,49.99984638888889,0.30722222222222323
2213.0,0.38527683349419917,3.4905070399869778,3.7011661000965193,50.0,174.52535199934889,41.03482396803071,0.054843029738366654,0.04337400281238453,49.999846319444444,0.30736111111111214
2214.0,0.3849990548626379,3.490305794539276,3.7009994329175826,50.0,174.5152897269638,41.037974862924216,0.05484397668643676,0.04337468589986179,49.999846250000004,0.30750000000000105
2215.0,0.38472127623069086,3.490104547924264,3.7008327657384146,50.0,174.5052273962132,41.04112594877523,0.054844923684772874,0.043375368793011494,49.99984618055556,0.30763888888888996
2216.0,0.384443497598358,3.4899033001388093,3.7006660985590147,50.0,174.49516500694045,41.04427722555215,0.054845870733767364,0.04337605149448994,49.99984611111111,0.30777777777777887
2217.0,0.38416571896563934,3.489702051179847,3.7004994313793835,50.0,174.48510255899234,41.04742869322331,0.05484681783377751,0.04337673400692283,49.999846041666665,0.3079166666666678
2218.0,0.38388794033253487,3.4895008010443718,3.700332764199521,50.0,174.4750400522186,41.050580351757105,0.05484776498512857,0.0433774163329056,49.999845972222225,0.3080555555555567
2219.0,0.3836101616990446,3.489299549729439,3.7001660970194266,50.0,174.46497748647195,41.05373220112199,0.05484871218811656,0.04337809847500379,49.99984590277778,0.3081944444444456
2220.0,0.38333238306516854,3.48909829723216,3.6999994298391012,50.0,174.454914861608,41.05688424128647,0.054849659443010824,0.04337878043575337,49.99984583333333,0.3083333333333345
2221.0,0.3830546044309066,3.4888970435496995,3.699832762658544,50.0,174.444852177485,41.06003647221894,0.054850606750056353,0.04337946221766108,49.99984576388889,0.3084722222222234
2222.0,0.3827768257962589,3.488695788679273,3.699666095477755,50.0,174.43478943396366,41.06318889388797,0.0548515541094759,0.04338014382320479,49.999845694444446,0.30861111111111234
2223.0,0.38249904716122535,3.4884945326181462,3.6994994282967353,50.0,174.42472663090732,41.066341506262006,0.05485250152147192,0.04338082525483382,49.999845625,0.30875000000000125
2224.0,0.382221268525806,3.4882932753636293,3.6993327611154836,50.0,174.41466376818147,41.069494309309675,0.05485344898622836,0.043381506514969234,49.99984555555555,0.30888888888889016
2225.0,0.3819434898900009,3.48809201691308,3.6991660939340005,50.0,174.404600845654,41.072647302999485,0.05485439650391225,0.043382187606004236,49.99984548611111,0.30902777777777907
2226.0,0.38166571125380994,3.487890757263896,3.698999426752286,50.0,174.3945378631948,41.075800487300114,0.05485534407467519,0.04338286853030442,49.999845416666666,0.309166666666668
2227.0,0.3813879326172332,3.48768949641352,3.69883275957034,50.0,174.38447482067602,41.07895386218013,0.054856291698654684,0.04338354929020813,49.99984534722222,0.3093055555555569
2228.0,0.38111015398027065,3.4874882343594313,3.6986660923881622,50.0,174.37441171797155,41.08210742760815,0.05485723937597538,0.04338422988802676,49.99984527777778,0.3094444444444458
2229.0,0.3808323753429223,3.487286971099149,3.6984994252057533,50.0,174.36434855495747,41.08526118355286,0.05485818710675019,0.04338491032604507,49.99984520833333,0.3095833333333347
2230.0,0.38055459670518815,3.4870857066302294,3.698332758023113,50.0,174.35428533151148,41.08841512998299,0.05485913489108132,0.04338559060652148,49.99984513888889,0.3097222222222236
2231.0,0.3802768180670682,3.486884440950264,3.6981660908402407,50.0,174.3442220475132,41.091569266867225,0.054860082729061184,0.04338627073168839,49.99984506944444,0.30986111111111253
2232.0,0.37999903942856245,3.4866831740568798,3.697999423657137,50.0,174.33415870284398,41.0947235941743,0.05486103062077328,0.04338695070375247,49.999845,0.31000000000000144
2233.0,0.3797212607896709,3.486481905947736,3.6978327564738023,50.0,174.3240952973868,41.097878111873,0.05486197856629295,0.04338763052489494,49.999844930555554,0.31013888888889035
2234.0,0.37944348215039353,3.486280636620526,3.697666089290236,50.0,174.31403183102628,41.10103281993213,0.05486292656568811,0.043388310197271907,49.99984486111111,0.31027777777777926
2235.0,0.37916570351073037,3.486079366072974,3.6974994221064383,50.0,174.3039683036487,41.10418771832042,0.05486387461901987,0.0433889897230146,49.99984479166667,0.3104166666666682
2236.0,0.3788879248706814,3.485878094302834,3.697332754922409,50.0,174.2939047151417,41.10734280700677,0.05486482272634316,0.043389669104229714,49.99984472222222,0.3105555555555571
2237.0,0.37861014623024664,3.4856768213078917,3.697166087738148,50.0,174.2838410653946,41.110498085960046,0.05486577088770725,0.043390348342999624,49.999844652777774,0.310694444444446
2238.0,0.37833236758942607,3.485475547085962,3.6969994205536554,50.0,174.2737773542981,41.113653555149085,0.05486671910315625,0.04339102744138273,49.999844583333335,0.3108333333333349
2239.0,0.3780545889482197,3.4852742716348866,3.696832753368932,50.0,174.26371358174433,41.1168092145428,0.05486766737272955,0.04339170640141368,49.99984451388889,0.3109722222222238
2240.0,0.3777768103066275,3.4850729949525365,3.6966660861839764,50.0,174.25364974762684,41.11996506411015,0.054868615696462245,0.043392385225103705,49.99984444444445,0.3111111111111127
2241.0,0.37749903166464954,3.484871717036808,3.6964994189987896,50.0,174.2435858518404,41.12312110382004,0.05486956407438551,0.04339306391444081,49.999844375,0.31125000000000164
2242.0,0.37722125302228576,3.484670437885627,3.6963327518133715,50.0,174.23352189428135,41.1262773336415,0.05487051250652693,0.04339374247139011,49.999844305555555,0.31138888888889055
2243.0,0.3769434743795362,3.4844691574969415,3.6961660846277216,50.0,174.22345787484707,41.12943375354348,0.054871460992910834,0.04339442089789405,49.999844236111116,0.31152777777777946
2244.0,0.3766656957364008,3.4842678758687278,3.6959994174418402,50.0,174.21339379343638,41.13259036349501,0.05487240953355855,0.043395099195872686,49.99984416666667,0.31166666666666837
2245.0,0.37638791709287955,3.4840665929989862,3.6958327502557276,50.0,174.20332964994932,41.13574716346517,0.05487335812848869,0.04339577736722394,49.99984409722222,0.3118055555555573
2246.0,0.3761101384489725,3.483865308885741,3.6956660830693835,50.0,174.19326544428705,41.13890415342303,0.05487430677771738,0.043396455413823865,49.999844027777776,0.3119444444444462
2247.0,0.37583235980467966,3.483664023527041,3.6954994158828076,50.0,174.18320117635204,41.142061333337665,0.05487525548125849,0.04339713333752686,49.99984395833334,0.3120833333333351
2248.0,0.375554581160001,3.4834627369209574,3.6953327486960004,50.0,174.17313684604787,41.14521870317816,0.054876204239123795,0.04339781114016596,49.99984388888889,0.312222222222224
2249.0,0.37527680251493656,3.483261449065586,3.6951660815089618,50.0,174.1630724532793,41.1483762629137,0.05487715305132321,0.04339848882355306,49.99984381944444,0.3123611111111129
2250.0,0.3749990238694863,3.4830601599590443,3.6949994143216918,50.0,174.15300799795222,41.15153401251342,0.0548781019178649,0.04339916638947916,49.999843750000004,0.31250000000000183
2251.0,0.37472124522365025,3.482858869599471,3.69483274713419,50.0,174.14294347997355,41.15469195194652,0.05487905083875547,0.04339984383971462,49.99984368055556,0.31263888888889074
2252.0,0.3744434665774284,3.4826575779850284,3.694666079946457,50.0,174.1328788992514,41.157850081182175,0.0548799998140001,0.04340052117600937,49.99984361111111,0.31277777777777965
2253.0,0.3741656879308207,3.482456285113901,3.6944994127584923,50.0,174.12281425569503,41.1610084001897,0.054880948843602645,0.043401198400093176,49.999843541666664,0.31291666666666856
2254.0,0.37388790928382726,3.482254990984291,3.6943327455702963,50.0,174.11274954921453,41.164166908938284,0.05488189792756576,0.04340187551367584,49.999843472222224,0.3130555555555575
2255.0,0.373610130636448,3.482053695594425,3.6941660783818686,50.0,174.10268477972124,41.16732560739723,0.05488284706589103,0.04340255251844746,49.99984340277778,0.3131944444444464
2256.0,0.3733323519886829,3.4818523989425474,3.6939994111932095,50.0,174.09261994712736,41.170484495535845,0.054883796258579025,0.04340322941607865,49.99984333333333,0.3133333333333353
2257.0,0.37305457334053205,3.4816511010269253,3.693832744004319,50.0,174.08255505134628,41.17364357332343,0.054884745505629426,0.04340390620822074,49.99984326388889,0.3134722222222242
2258.0,0.3727767946919954,3.481449801845844,3.693666076815197,50.0,174.07249009229218,41.17680284072935,0.05488569480704108,0.04340458289650602,49.999843194444445,0.3136111111111131
2259.0,0.3724990160430729,3.4812485013976078,3.6934994096258436,50.0,174.0624250698804,41.179962297722966,0.054886644162812075,0.04340525948254796,49.999843125,0.313750000000002
2260.0,0.3722212373937646,3.481047199680543,3.6933327424362585,50.0,174.05235998402716,41.183121944273694,0.05488759357293981,0.04340593596794142,49.99984305555555,0.31388888888889094
2261.0,0.37194345874407053,3.4808458966929914,3.693166075246442,50.0,174.04229483464957,41.18628178035095,0.05488854303742106,0.04340661235426285,49.99984298611111,0.31402777777777985
2262.0,0.37166568009399065,3.480644592433317,3.6929994080563944,50.0,174.03222962166583,41.18944180592416,0.05488949255625202,0.043407288643070537,49.999842916666665,0.31416666666666876
2263.0,0.37138790144352496,3.480443286899899,3.692832740866115,50.0,174.02216434499496,41.192602020962795,0.05489044212942838,0.04340796483590478,49.99984284722222,0.31430555555555767
2264.0,0.37111012279267347,3.4802419800911384,3.692666073675604,50.0,174.01209900455692,41.195762425436385,0.05489139175694534,0.043408640934288124,49.99984277777777,0.3144444444444466
2265.0,0.3708323441414362,3.4800406720054506,3.6924994064848615,50.0,174.00203360027254,41.19892301931441,0.05489234143879766,0.04340931693972554,49.99984270833333,0.3145833333333355
2266.0,0.3705545654898131,3.4798393626412722,3.692332739293888,50.0,173.99196813206362,41.20208380256639,0.05489329117497973,0.04340999285370462,49.999842638888886,0.3147222222222244
2267.0,0.3702767868378042,3.4796380519970542,3.6921660721026823,50.0,173.9819025998527,41.20524477516193,0.054894240965485556,0.04341066867769583,49.999842569444446,0.3148611111111133
2268.0,0.36999900818540943,3.4794367400712667,3.6919994049112455,50.0,173.97183700356334,41.20840593707055,0.05489519081030882,0.04341134441315264,49.9998425,0.3150000000000022
2269.0,0.36972122953262887,3.479235426862397,3.691832737719577,50.0,173.96177134311986,41.211567288261904,0.0548961407094429,0.043412020061511784,49.99984243055556,0.31513888888889113
2270.0,0.3694434508794625,3.4790341123689488,3.6916660705276776,50.0,173.95170561844745,41.21472882870563,0.054897090662880926,0.043412695624193386,49.999842361111114,0.31527777777778004
2271.0,0.36916567222591035,3.478832796589441,3.691499403335546,50.0,173.94163982947205,41.21789055837132,0.05489804067061575,0.0434133711026012,49.99984229166667,0.31541666666666895
2272.0,0.3688878935719724,3.4786314795224116,3.6913327361431834,50.0,173.93157397612057,41.22105247722868,0.05489899073264003,0.04341404649812277,49.99984222222223,0.31555555555555787
2273.0,0.3686101149176486,3.4784301611664143,3.691166068950589,50.0,173.9215080583207,41.22421458524741,0.05489994084894617,0.04341472181212966,49.99984215277778,0.3156944444444468
2274.0,0.36833233626293904,3.478228841520016,3.690999401757763,50.0,173.9114420760008,41.227376882397266,0.054900891019526436,0.04341539704597757,49.999842083333334,0.3158333333333357
2275.0,0.36805455760784367,3.4780275205818034,3.6908327345647063,50.0,173.90137602909016,41.23053936864795,0.0549018412443729,0.04341607220100658,49.99984201388889,0.3159722222222246
2276.0,0.3677767789523625,3.4778261983503755,3.6906660673714176,50.0,173.89130991751878,41.23370204396923,0.054902791523477476,0.04341674727854129,49.99984194444445,0.3161111111111135
2277.0,0.3674990002964955,3.47762487482435,3.6904994001778975,50.0,173.8812437412175,41.236864908330915,0.05490374185683195,0.04341742227989102,49.999841875,0.3162500000000024
2278.0,0.36722122164024273,3.477423550002355,3.6903327329841455,50.0,173.87117750011777,41.24002796170282,0.05490469224442798,0.04341809720634997,49.999841805555555,0.31638888888889133
2279.0,0.36694344298360415,3.47722222388304,3.6901660657901623,50.0,173.861111194152,41.24319120405477,0.0549056426862571,0.04341877205919742,49.99984173611111,0.31652777777778024
2280.0,0.36666566432657977,3.4770208964650644,3.6899993985959476,50.0,173.85104482325323,41.246354635356624,0.05490659318231073,0.04341944683969786,49.99984166666667,0.31666666666666915
2281.0,0.3663878856691696,3.4768195677471034,3.6898327314015016,50.0,173.84097838735516,41.249518255578266,0.054907543732580215,0.04342012154910121,49.99984159722222,0.31680555555555806
2282.0,0.3661101070113736,3.476618237727849,3.689666064206824,50.0,173.83091188639247,41.252682064689566,0.0549084943370568,0.04342079618864294,49.999841527777775,0.31694444444444697
2283.0,0.3658323283531918,3.4764169064060044,3.689499397011915,50.0,173.8208453203002,41.25584606266051,0.05490944499573166,0.043421470759544264,49.999841458333336,0.3170833333333359
2284.0,0.3655545496946242,3.476215573780289,3.6893327298167744,50.0,173.81077868901446,41.25901024946103,0.054910395708595884,0.0434221452630123,49.99984138888889,0.3172222222222248
2285.0,0.3652767710356708,3.4760142398494356,3.6891660626214025,50.0,173.80071199247178,41.26217462506105,0.05491134647564052,0.043422819700240235,49.99984131944444,0.3173611111111137
2286.0,0.3649989923763316,3.47581290461219,3.6889993954257987,50.0,173.7906452306095,41.26533918943062,0.05491229729685653,0.04342349407240747,49.999841249999996,0.3175000000000026
2287.0,0.3647212137166066,3.475611568067314,3.688832728229964,50.0,173.7805784033657,41.26850394253978,0.05491324817223485,0.043424168380679785,49.999841180555556,0.3176388888888915
2288.0,0.3644434350564958,3.4754102302135803,3.6886660610338975,50.0,173.77051151067903,41.27166888435852,0.05491419910176635,0.043424842626209506,49.99984111111111,0.31777777777778043
2289.0,0.3641656563959992,3.4752088910497774,3.6884993938375996,50.0,173.76044455248888,41.274834014856935,0.054915150085441865,0.043425516810135664,49.99984104166666,0.31791666666666935
2290.0,0.36388787773511677,3.4750075505747033,3.68833272664107,50.0,173.75037752873516,41.27799933400513,0.05491610112325219,0.043426190933584116,49.99984097222222,0.31805555555555826
2291.0,0.3636100990738485,3.474806208787174,3.688166059444309,50.0,173.7403104393587,41.28116484177315,0.05491705221518809,0.04342686499766772,49.99984090277778,0.31819444444444717
2292.0,0.36333232041219443,3.4746048656860142,3.6879993922473164,50.0,173.7302432843007,41.2843305381312,0.054918003361240295,0.0434275390034865,49.99984083333333,0.3183333333333361
2293.0,0.36305454175015456,3.474403521270064,3.6878327250500926,50.0,173.7201760635032,41.28749642304939,0.0549189545613995,0.043428212952127745,49.99984076388888,0.318472222222225
2294.0,0.3627767630877289,3.4742021755381756,3.6876660578526375,50.0,173.71010877690878,41.29066249649793,0.0549199058156564,0.04342888684466621,49.999840694444444,0.3186111111111139
2295.0,0.3624989844249174,3.4740008284892108,3.6874993906549505,50.0,173.70004142446055,41.293828758447034,0.054920857124001646,0.04342956068216423,49.999840625000004,0.3187500000000028
2296.0,0.3622212057617201,3.4737994801220475,3.687332723457032,50.0,173.68997400610237,41.29699520886686,0.05492180848642587,0.04343023446567186,49.99984055555556,0.3188888888888917
2297.0,0.36194342709813704,3.473598130435575,3.6871660562588824,50.0,173.67990652177875,41.300161847727736,0.0549227599029197,0.04343090819622703,49.99984048611111,0.31902777777778063
2298.0,0.36166564843416815,3.4733967794286915,3.686999389060501,50.0,173.6698389714346,41.303328674999875,0.05492371137347374,0.043431581874855685,49.99984041666667,0.31916666666666954
2299.0,0.36138786976981346,3.473195427100313,3.686832721861888,50.0,173.65977135501564,41.306495690653605,0.054924662898078576,0.0434322555025719,49.999840347222225,0.31930555555555845
2300.0,0.361110091105073,3.47299407344936,3.6866660546630436,50.0,173.64970367246798,41.309662894659255,0.0549256144767248,0.04343292908037805,49.99984027777778,0.31944444444444736
2301.0,0.3608323124399467,3.4727927184747704,3.686499387463968,50.0,173.63963592373852,41.312830286987094,0.05492656610940299,0.04343360260926492,49.99984020833333,0.3195833333333363
2302.0,0.3605545337744346,3.4725913621754914,3.6863327202646605,50.0,173.62956810877458,41.315997867607564,0.05492751779610369,0.04343427609021184,49.99984013888889,0.3197222222222252
2303.0,0.3602767551085367,3.472390004550481,3.686166053065122,50.0,173.61950022752407,41.31916563649099,0.05492846953681747,0.04343494952418683,49.999840069444446,0.3198611111111141
2304.0,0.359998976442253,3.472188645598709,3.685999385865352,50.0,173.60943227993545,41.32233359360782,0.05492942133153489,0.043435622912146726,49.99984,0.320000000000003
2305.0,0.3597211977755835,3.4719872853191567,3.68583271866535,50.0,173.59936426595783,41.32550173892844,0.05493037318024648,0.0434362962550373,49.99983993055556,0.3201388888888919
2306.0,0.3594434191085282,3.4717859237108155,3.685666051465117,50.0,173.58929618554077,41.328670072423336,0.054931325082942795,0.04343696955379339,49.99983986111111,0.3202777777777808
2307.0,0.35916564044108706,3.4715845607726883,3.685499384264652,50.0,173.57922803863443,41.33183859406296,0.05493227703961436,0.04343764280933903,49.999839791666666,0.32041666666666974
2308.0,0.35888786177326015,3.471383196503788,3.685332717063956,50.0,173.5691598251894,41.33500730381786,0.054933229050251726,0.043438316022587575,49.99983972222222,0.32055555555555865
2309.0,0.35861008310504744,3.4711818309031384,3.6851660498630285,50.0,173.55909154515692,41.338176201658484,0.05493418111484543,0.04343898919444182,49.99983965277778,0.32069444444444756
2310.0,0.3583323044364489,3.470980463969775,3.684999382661869,50.0,173.54902319848875,41.34134528755544,0.054935133233386,0.04343966232579411,49.99983958333333,0.32083333333333647
2311.0,0.3580545257674646,3.470779095702741,3.6848327154604785,50.0,173.53895478513707,41.34451456147923,0.054936085405863984,0.043440335417526496,49.99983951388889,0.3209722222222254
2312.0,0.3577767470980945,3.4705777261010917,3.6846660482588565,50.0,173.52888630505458,41.34768402340052,0.05493703763226991,0.04344100847051081,49.99983944444445,0.3211111111111143
2313.0,0.35749896842833856,3.470376355163893,3.684499381057003,50.0,173.51881775819464,41.35085367328986,0.054937989912594326,0.043441681485608806,49.999839375,0.3212500000000032
2314.0,0.3572211897581968,3.470174982890218,3.684332713854918,50.0,173.50874914451092,41.35402351111787,0.05493894224682777,0.04344235446367228,49.999839305555554,0.3213888888888921
2315.0,0.3569434110876692,3.4699736092791533,3.6841660466526016,50.0,173.49868046395767,41.35719353685528,0.05493989463496078,0.043443027405543164,49.99983923611111,0.321527777777781
2316.0,0.3566656324167558,3.4697722343297923,3.6839993794500536,50.0,173.48861171648963,41.360363750472686,0.054940847076983906,0.04344370031205366,49.99983916666667,0.32166666666666993
2317.0,0.3563878537454566,3.4695708580412385,3.683832712247274,50.0,173.47854290206192,41.363534151940826,0.054941799572887695,0.04344437318402635,49.99983909722222,0.32180555555555884
2318.0,0.3561100750737716,3.4693694804126074,3.683666045044263,50.0,173.46847402063037,41.36670474123042,0.054942752122662704,0.043445046022274295,49.999839027777774,0.32194444444444775
2319.0,0.35583229640170083,3.469168101443021,3.6834993778410206,50.0,173.45840507215104,41.3698755183122,0.05494370472629949,0.04344571882760114,49.99983895833333,0.32208333333333666
2320.0,0.35555451772924423,3.4689667211316113,3.6833327106375466,50.0,173.44833605658056,41.37304648315694,0.0549446573837886,0.04344639160080124,49.99983888888889,0.3222222222222256
2321.0,0.35527673905640184,3.4687653394775206,3.683166043433841,50.0,173.43826697387604,41.376217635735486,0.054945610095120605,0.04344706434265976,49.99983881944444,0.3223611111111145
2322.0,0.35499896038317363,3.4685639564798993,3.6829993762299043,50.0,173.42819782399496,41.37938897601856,0.054946562860286076,0.04344773705395278,49.999838749999995,0.3225000000000034
2323.0,0.35472118170955963,3.468362572137907,3.682832709025736,50.0,173.41812860689535,41.38256050397706,0.05494751567927558,0.04344840973544739,49.999838680555555,0.3226388888888923
2324.0,0.3544434030355598,3.4681611864507125,3.682666041821336,50.0,173.40805932253562,41.385732219581826,0.054948468552079695,0.043449082387901815,49.999838611111116,0.3227777777777812
2325.0,0.3541656243611742,3.467959799417492,3.6824993746167043,50.0,173.39798997087462,41.38890412280375,0.054949421478689,0.043449755012065494,49.99983854166667,0.3229166666666701
2326.0,0.3538878456864028,3.4677584110374333,3.6823327074118417,50.0,173.38792055187167,41.39207621361368,0.05495037445909409,0.0434504276086792,49.99983847222222,0.32305555555555904
2327.0,0.3536100670112456,3.46755702130973,3.6821660402067473,50.0,173.3778510654865,41.39524849198261,0.05495132749328556,0.043451100178475116,49.99983840277778,0.32319444444444795
2328.0,0.35333228833570257,3.4673556302335844,3.6819993730014215,50.0,173.36778151167923,41.398420957881456,0.054952280581254,0.043451772722176964,49.99983833333334,0.32333333333333686
2329.0,0.35305450965977375,3.467154237808208,3.681832705795864,50.0,173.3577118904104,41.40159361128116,0.05495323372299002,0.04345244524050008,49.99983826388889,0.32347222222222577
2330.0,0.35277673098345913,3.4669528440328223,3.6816660385900755,50.0,173.34764220164112,41.40476645215273,0.05495418691848422,0.0434531177341515,49.99983819444444,0.3236111111111147
2331.0,0.3524989523067587,3.4667514489066535,3.681499371384055,50.0,173.33757244533268,41.40793948046718,0.05495514016772722,0.04345379020383011,49.999838125000004,0.3237500000000036
2332.0,0.3522211736296725,3.466550052428938,3.6813327041778034,50.0,173.32750262144688,41.41111269619557,0.054956093470709635,0.043454462650226684,49.99983805555556,0.3238888888888925
2333.0,0.35194339495220045,3.4663486545989195,3.6811660369713204,50.0,173.31743272994598,41.414286099308924,0.0549570468274221,0.04345513507402397,49.99983798611111,0.3240277777777814
2334.0,0.3516656162743426,3.46614725541585,3.6809993697646055,50.0,173.3073627707925,41.417459689778354,0.05495800023785524,0.04345580747589685,49.999837916666664,0.3241666666666703
2335.0,0.351387837596099,3.4659458548789903,3.6808327025576593,50.0,173.29729274394953,41.42063346757493,0.0549589537019997,0.04345647985651235,49.999837847222224,0.32430555555555923
2336.0,0.3511100589174695,3.465744452987606,3.6806660353504816,50.0,173.2872226493803,41.42380743266983,0.05495990721984612,0.0434571522165298,49.99983777777778,0.32444444444444814
2337.0,0.3508322802384542,3.465543049740974,3.6804993681430727,50.0,173.27715248704868,41.426981585034184,0.05496086079138516,0.04345782455660087,49.99983770833333,0.32458333333333705
2338.0,0.3505545015590531,3.4653416451383747,3.680332700935432,50.0,173.26708225691874,41.43015592463911,0.054961814416607455,0.043458496877369676,49.99983763888889,0.32472222222222596
2339.0,0.3502767228792662,3.4651402391791,3.6801660337275597,50.0,173.257011958955,41.433330451455845,0.054962768095503683,0.043459169179472894,49.999837569444445,0.3248611111111149
2340.0,0.3499989441990935,3.464938831862448,3.679999366519456,50.0,173.2469415931224,41.43650516545557,0.05496372182806451,0.043459841463539796,49.9998375,0.3250000000000038
2341.0,0.349721165518535,3.4647374231877204,3.679832699311121,50.0,173.23687115938603,41.43968006660958,0.05496467561428062,0.04346051373019237,49.99983743055555,0.3251388888888927
2342.0,0.3494433868375907,3.464536013154232,3.6796660321025545,50.0,173.2268006577116,41.44285515488906,0.054965629454142684,0.04346118598004539,49.99983736111111,0.3252777777777816
2343.0,0.3491656081562606,3.464334601761301,3.6794993648937564,50.0,173.21673008806505,41.44603043026535,0.054966583347641394,0.04346185821370651,49.999837291666665,0.3254166666666705
2344.0,0.34888782947454466,3.4641331890082543,3.679332697684727,50.0,173.2066594504127,41.4492058927097,0.05496753729476745,0.04346253043177633,49.99983722222222,0.32555555555555943
2345.0,0.34861005079244295,3.463931774894423,3.6791660304754656,50.0,173.19658874472114,41.45238154219345,0.05496849129551155,0.04346320263484849,49.99983715277778,0.32569444444444834
2346.0,0.34833227210995543,3.4637303594191486,3.678999363265973,50.0,173.18651797095742,41.455557378687956,0.054969445349864386,0.04346387482350975,49.99983708333333,0.32583333333333725
2347.0,0.3480544934270821,3.463528942581778,3.6788326960562494,50.0,173.1764471290889,41.458733402164626,0.05497039945781669,0.043464546998340056,49.999837013888886,0.32597222222222616
2348.0,0.347776714743823,3.463327524381664,3.6786660288462936,50.0,173.1663762190832,41.46190961259481,0.054971353619359176,0.04346521915991263,49.99983694444444,0.32611111111111507
2349.0,0.34749893606017807,3.4631261048181674,3.678499361636107,50.0,173.15630524090838,41.465086009949914,0.05497230783448257,0.04346589130879404,49.999836875,0.326250000000004
2350.0,0.34722115737614734,3.462924683890655,3.678332694425688,50.0,173.14623419453275,41.46826259420135,0.054973262103177614,0.04346656344554428,49.99983680555555,0.3263888888888929
2351.0,0.3469433786917308,3.4627232615984997,3.6781660272150383,50.0,173.13616307992498,41.471439365320634,0.054974216425435034,0.043467235570716856,49.99983673611111,0.3265277777777818
2352.0,0.3466656000069285,3.462521837941081,3.677999360004157,50.0,173.12609189705407,41.47461632327918,0.05497517080124558,0.04346790768485884,49.99983666666667,0.3266666666666707
2353.0,0.34638782132174034,3.462320412917786,3.6778326927930443,50.0,173.11602064588928,41.47779346804856,0.054976125230600005,0.04346857978851097,49.99983659722223,0.3268055555555596
2354.0,0.3461100426361664,3.462118986528005,3.6776660255816997,50.0,173.10594932640024,41.48097079960024,0.05497707971348907,0.043469251882207696,49.99983652777778,0.32694444444444853
2355.0,0.34583226395020666,3.4619175587711384,3.677499358370124,50.0,173.09587793855692,41.484148317905806,0.05497803424990355,0.04346992396647726,49.999836458333334,0.32708333333333744
2356.0,0.3455544852638611,3.4617161296465895,3.6773326911583166,50.0,173.08580648232947,41.48732602293677,0.05497898883983421,0.04347059604184177,49.99983638888889,0.32722222222222636
2357.0,0.3452767065771298,3.4615146991537706,3.677166023946278,50.0,173.07573495768852,41.49050391466477,0.05497994348327182,0.04347126810881729,49.99983631944445,0.32736111111111527
2358.0,0.34499892789001263,3.4613132672920965,3.6769993567340076,50.0,173.06566336460483,41.49368199306139,0.054980898180207176,0.043471940167913864,49.99983625,0.3275000000000042
2359.0,0.3447211492025096,3.4611118340609908,3.6768326895215058,50.0,173.05559170304954,41.49686025809825,0.05498185293063107,0.04347261221963564,49.999836180555555,0.3276388888888931
2360.0,0.3444433705146208,3.4609103994598827,3.6766660223087726,50.0,173.04551997299413,41.50003870974706,0.0549828077345343,0.043473284264480876,49.999836111111115,0.327777777777782
2361.0,0.3441655918263462,3.4607089634882047,3.6764993550958076,50.0,173.03544817441022,41.503217347979444,0.05498376259190767,0.04347395630294208,49.99983604166667,0.3279166666666709
2362.0,0.3438878131376858,3.4605075261453986,3.6763326878826112,50.0,173.02537630726994,41.506396172767154,0.05498471750274199,0.043474628335506006,49.99983597222222,0.3280555555555598
2363.0,0.3436100344486396,3.460306087430909,3.6761660206691835,50.0,173.01530437154545,41.509575184081825,0.05498567246702808,0.04347530036265377,49.999835902777775,0.32819444444444873
2364.0,0.34333225575920756,3.4601046473441874,3.6759993534555244,50.0,173.00523236720937,41.51275438189526,0.05498662748475677,0.043475972384860895,49.999835833333336,0.32833333333333764
2365.0,0.34305447706938974,3.4599032058846904,3.675832686241634,50.0,172.99516029423452,41.51593376617922,0.05498758255591889,0.04347664440259737,49.99983576388889,0.32847222222222655
2366.0,0.3427766983791861,3.4597017630518803,3.6756660190275117,50.0,172.98508815259402,41.51911333690549,0.054988537680505274,0.04347731641632771,49.99983569444444,0.32861111111111546
2367.0,0.3424989196885967,3.4595003188452247,3.675499351813158,50.0,172.97501594226122,41.522293094045835,0.054989492858506774,0.04347798842651105,49.999835625,0.32875000000000437
2368.0,0.34222114099762146,3.4592988732641974,3.675332684598573,50.0,172.96494366320988,41.52547303757211,0.05499044808991423,0.043478660433601185,49.999835555555556,0.3288888888888933
2369.0,0.34194336230626043,3.459097426308275,3.675166017383756,50.0,172.95487131541375,41.528653167456184,0.054991403374718514,0.043479332438046615,49.99983548611111,0.3290277777777822
2370.0,0.3416655836145136,3.4588959779769417,3.674999350168708,50.0,172.9447988988471,41.531833483669914,0.05499235871291048,0.04348000444029064,49.99983541666666,0.3291666666666711
2371.0,0.34138780492238097,3.458694528269686,3.6748326829534284,50.0,172.9347264134843,41.53501398618522,0.054993314104481,0.043480676440771394,49.99983534722222,0.32930555555556
2372.0,0.34111002622986253,3.458493077186003,3.6746660157379174,50.0,172.92465385930015,41.538194674973965,0.05499426954942096,0.04348134843992192,49.99983527777778,0.3294444444444489
2373.0,0.3408322475369583,3.4582916247253905,3.674499348522175,50.0,172.91458123626953,41.54137555000813,0.05499522504772123,0.04348202043817021,49.99983520833333,0.32958333333333784
2374.0,0.34055446884366825,3.4580901708873513,3.674332681306201,50.0,172.90450854436756,41.54455661125968,0.05499618059937271,0.04348269243593928,49.99983513888889,0.32972222222222675
2375.0,0.3402766901499924,3.457888715671395,3.6741660140899954,50.0,172.89443578356975,41.54773785870054,0.054997136204366304,0.04348336443364723,49.999835069444444,0.32986111111111566
2376.0,0.33999891145593075,3.457687259077035,3.6739993468735586,50.0,172.88436295385173,41.55091929230275,0.05499809186269291,0.043484036431707285,49.999835,0.33000000000000457
2377.0,0.3397211327614833,3.4574858011037892,3.67383267965689,50.0,172.87429005518945,41.554100912038336,0.054999047574343436,0.04348470843052786,49.99983493055555,0.3301388888888935
2378.0,0.33944335406665005,3.4572843417511816,3.67366601243999,50.0,172.86421708755907,41.55728271787933,0.0550000033393088,0.043485380430512616,49.99983486111111,0.3302777777777824
2379.0,0.339165575371431,3.457082881018739,3.6734993452228584,50.0,172.85414405093695,41.56046470979783,0.05500095915757993,0.0434860524320605,49.999834791666665,0.3304166666666713
2380.0,0.33888779667582614,3.456881418905995,3.6733326780054956,50.0,172.84407094529973,41.56364688776591,0.05500191502914775,0.04348672443556584,49.99983472222222,0.3305555555555602
2381.0,0.3386100179798354,3.456679955412486,3.6731660107879014,50.0,172.83399777062428,41.56682925175568,0.055002870954003205,0.04348739644141833,49.99983465277778,0.3306944444444491
2382.0,0.3383322392834589,3.456478490537753,3.6729993435700754,50.0,172.82392452688765,41.57001180173927,0.055003826932137234,0.04348806845000316,49.99983458333334,0.33083333333333803
2383.0,0.3380544605866966,3.4562770242813423,3.672832676352018,50.0,172.8138512140671,41.573194537688835,0.05500478296354079,0.043488740461700995,49.99983451388889,0.33097222222222694
2384.0,0.33777668188954846,3.4560755566428045,3.672666009133729,50.0,172.8037778321402,41.57637745957652,0.05500573904820483,0.0434894124768881,49.999834444444446,0.33111111111111585
2385.0,0.33749890319201453,3.455874087621696,3.6724993419152088,50.0,172.79370438108478,41.579560567374585,0.05500669518612031,0.04349008449593633,49.999834375,0.33125000000000476
2386.0,0.3372211244940948,3.4556726172175734,3.672332674696457,50.0,172.78363086087867,41.58274386105518,0.0550076513772782,0.04349075651921321,49.99983430555556,0.3313888888888937
2387.0,0.3369433457957893,3.4554711454300024,3.6721660074774736,50.0,172.77355727150012,41.58592734059056,0.05500860762166948,0.043491428547081976,49.99983423611111,0.3315277777777826
2388.0,0.33666556709709794,3.455269672258549,3.6719993402582585,50.0,172.76348361292747,41.58911100595304,0.05500956391928513,0.043492100579901626,49.999834166666666,0.3316666666666715
2389.0,0.3363877883980208,3.4550681977027873,3.6718326730388124,50.0,172.75340988513938,41.59229485711484,0.055010520270116145,0.04349277261802697,49.99983409722223,0.3318055555555604
2390.0,0.33611000969855787,3.4548667217622917,3.6716660058191346,50.0,172.74333608811457,41.59547889404831,0.055011476674153514,0.04349344466180868,49.99983402777778,0.3319444444444493
2391.0,0.3358322309987091,3.4546652444366424,3.6714993385992254,50.0,172.73326222183212,41.59866311672579,0.05501243313138825,0.043494116711593346,49.99983395833333,0.3320833333333382
2392.0,0.3355544522984746,3.4544637657254236,3.671332671379085,50.0,172.72318828627118,41.60184752511958,0.05501338964181135,0.04349478876772348,49.99983388888889,0.33222222222222714
2393.0,0.33527667359785424,3.454262285628224,3.6711660041587124,50.0,172.7131142814112,41.605032119202065,0.05501434620541384,0.04349546083053763,49.99983381944445,0.33236111111111605
2394.0,0.3349988948968481,3.4540608041446363,3.6709993369381086,50.0,172.70304020723182,41.608216898945614,0.055015302822186724,0.04349613290037037,49.99983375,0.33250000000000496
2395.0,0.33472111619545614,3.453859321274256,3.6708326697172735,50.0,172.69296606371282,41.61140186432266,0.05501625949212105,0.04349680497755237,49.999833680555554,0.33263888888889387
2396.0,0.3344433374936784,3.453657837016683,3.670666002496207,50.0,172.68289185083415,41.61458701530563,0.05501721621520784,0.043497477062410445,49.999833611111114,0.3327777777777828
2397.0,0.3341655587915148,3.4534563513715204,3.6704993352749087,50.0,172.67281756857602,41.61777235186702,0.055018172991438144,0.04349814915526758,49.99983354166667,0.3329166666666717
2398.0,0.33388778008896547,3.4532548643383767,3.670332668053379,50.0,172.66274321691884,41.62095787397925,0.05501912982080301,0.04349882125644299,49.99983347222222,0.3330555555555606
2399.0,0.3336100013860303,3.4530533759168636,3.670166000831618,50.0,172.65266879584317,41.624143581614874,0.05502008670329349,0.04349949336625216,49.999833402777774,0.3331944444444495
2400.0,0.33333222268270934,3.452851886106594,3.6699993336096255,50.0,172.6425943053297,41.627329474746375,0.05502104363890064,0.04350016548500688,49.999833333333335,0.3333333333333384
2401.0,0.3330544439790026,3.452650394907189,3.6698326663874017,50.0,172.63251974535945,41.6305155533463,0.05502200062761553,0.043500837613015306,49.99983326388889,0.33347222222222733
2402.0,0.33277666527491,3.452448902318269,3.669665999164946,50.0,172.62244511591345,41.63370181738719,0.05502295766942923,0.04350150975058197,49.99983319444444,0.33361111111111624
2403.0,0.3324988865704316,3.45224740833946,3.669499331942259,50.0,172.612370416973,41.63688826684165,0.05502391476433283,0.04350218189800787,49.999833124999995,0.33375000000000515
2404.0,0.33222110786556736,3.4520459129703918,3.6693326647193403,50.0,172.6022956485196,41.64007490168228,0.05502487191231742,0.043502854055590456,49.999833055555555,0.33388888888889406
2405.0,0.3319433291603173,3.4518444162106974,3.66916599749619,50.0,172.59222081053485,41.643261721881686,0.05502582911337408,0.043503526223623704,49.99983298611111,0.334027777777783
2406.0,0.3316655504546815,3.4516429180600126,3.668999330272809,50.0,172.58214590300062,41.646448727412576,0.05502678636749392,0.04350419840239815,49.99983291666666,0.3341666666666719
2407.0,0.33138777174865985,3.4514414185179763,3.6688326630491956,50.0,172.5720709258988,41.649635918247554,0.055027743674668034,0.043504870592200935,49.99983284722222,0.3343055555555608
2408.0,0.3311099930422524,3.451239917584233,3.6686659958253514,50.0,172.56199587921165,41.65282329435934,0.055028701034887544,0.043505542793315824,49.999832777777776,0.3344444444444497
2409.0,0.3308322143354592,3.4510384152584272,3.6684993286012753,50.0,172.55192076292136,41.65601085572064,0.05502965844814356,0.043506215006023266,49.99983270833334,0.3345833333333386
2410.0,0.33055443562828013,3.4508369115402107,3.668332661376968,50.0,172.54184557701052,41.65919860230417,0.055030615914427226,0.04350688723060042,49.99983263888889,0.33472222222222753
2411.0,0.3302766569207153,3.4506354064292344,3.668165994152429,50.0,172.53177032146172,41.662386534082714,0.055031573433729664,0.0435075594673212,49.99983256944445,0.33486111111111644
2412.0,0.32999887821276463,3.450433899925156,3.6679993269276587,50.0,172.5216949962578,41.66557465102903,0.055032531006042,0.0435082317164563,49.999832500000004,0.33500000000000535
2413.0,0.3297210995044282,3.4502323920276328,3.6678326597026567,50.0,172.51161960138162,41.6687629531159,0.0550334886313554,0.043508903978273256,49.99983243055556,0.33513888888889426
2414.0,0.32944332079570593,3.4500308827363284,3.6676659924774233,50.0,172.50154413681642,41.67195144031615,0.055034446309661,0.043509576253036454,49.99983236111111,0.33527777777778317
2415.0,0.3291655420865979,3.449829372050908,3.6674993252519585,50.0,172.4914686025454,41.67514011260266,0.055035404040949955,0.043510248541007185,49.99983229166667,0.3354166666666721
2416.0,0.328887763377104,3.44962785997104,3.6673326580262624,50.0,172.481392998552,41.67832896994821,0.055036361825213445,0.04351092084244367,49.999832222222224,0.335555555555561
2417.0,0.32860998466722435,3.4494263464963963,3.6671659908003345,50.0,172.4713173248198,41.68151801232574,0.05503731966244263,0.0435115931576011,49.99983215277778,0.3356944444444499
2418.0,0.3283322059569589,3.449224831626651,3.666999323574175,50.0,172.46124158133256,41.68470723970813,0.055038277552628696,0.04351226548673167,49.99983208333333,0.3358333333333388
2419.0,0.3280544272463076,3.4490233153614818,3.6668326563477844,50.0,172.45116576807408,41.68789665206833,0.05503923549576282,0.043512937830084614,49.99983201388889,0.3359722222222277
2420.0,0.32777664853527055,3.448821797700569,3.6666659891211624,50.0,172.44108988502845,41.691086249379225,0.055040193491836184,0.04351361018790623,49.999831944444445,0.33611111111111663
2421.0,0.3274988698238477,3.4486202786435958,3.6664993218943085,50.0,172.43101393217978,41.69427603161381,0.055041151540839994,0.043514282560439946,49.999831875,0.33625000000000554
2422.0,0.327221091112039,3.4484187581902495,3.6663326546672232,50.0,172.42093790951247,41.69746599874509,0.05504210964276546,0.043514954947926295,49.99983180555556,0.33638888888889446
2423.0,0.32694331239984453,3.4482172363402173,3.6661659874399066,50.0,172.41086181701087,41.700656150746056,0.055043067797603776,0.04351562735060301,49.99983173611111,0.33652777777778337
2424.0,0.32666553368726425,3.448015713093193,3.6659993202123586,50.0,172.40078565465967,41.70384648758977,0.055044026005346164,0.043516299768705025,49.999831666666665,0.3366666666666723
2425.0,0.3263877549742981,3.4478141884488687,3.665832652984579,50.0,172.39070942244342,41.707037009249234,0.055044984265983844,0.0435169722024645,49.99983159722222,0.3368055555555612
2426.0,0.3261099762609462,3.4476126624069443,3.6656659857565677,50.0,172.38063312034723,41.7102277156975,0.05504594257950805,0.043517644652110866,49.99983152777778,0.3369444444444501
2427.0,0.32583219754720844,3.4474111349671186,3.665499318528325,50.0,172.37055674835594,41.71341860690774,0.055046900945910006,0.04351831711787085,49.99983145833333,0.337083333333339
2428.0,0.3255544188330849,3.4472096061290936,3.6653326512998508,50.0,172.3604803064547,41.716609682853004,0.05504785936518096,0.04351898959996854,49.999831388888886,0.3372222222222279
2429.0,0.32527664011857554,3.4470080758925756,3.6651659840711455,50.0,172.3504037946288,41.719800943506414,0.055048817837312164,0.04351966209862534,49.999831319444446,0.33736111111111683
2430.0,0.3249988614036804,3.446806544257272,3.6649993168422084,50.0,172.3403272128636,41.72299238884119,0.05504977636229486,0.043520334614060074,49.99983125,0.33750000000000574
2431.0,0.32472108268839944,3.4466050112228936,3.6648326496130395,50.0,172.33025056114468,41.72618401883045,0.05505073494012032,0.04352100714648899,49.99983118055555,0.33763888888889465
2432.0,0.3244433039727327,3.446403476789154,3.6646659823836396,50.0,172.3201738394577,41.72937583344742,0.055051693570779804,0.04352167969612577,49.99983111111111,0.33777777777778356
2433.0,0.32416552525668013,3.446201940955767,3.664499315154008,50.0,172.31009704778836,41.73256783266527,0.05505265225426459,0.043522352263181595,49.99983104166667,0.33791666666667247
2434.0,0.32388774654024177,3.4460004037224525,3.664332647924145,50.0,172.30002018612262,41.73576001645728,0.05505361099056595,0.04352302484786515,49.99983097222222,0.3380555555555614
2435.0,0.3236099678234176,3.44579886508893,3.6641659806940505,50.0,172.2899432544465,41.738952384796676,0.05505456977967517,0.043523697450382634,49.999830902777774,0.3381944444444503
2436.0,0.32333218910620765,3.4455973250549228,3.6639993134637243,50.0,172.27986625274613,41.7421449376568,0.05505552862158354,0.04352437007093785,49.999830833333334,0.3383333333333392
2437.0,0.3230544103886119,3.4453957836201567,3.663832646233167,50.0,172.26978918100784,41.74533767501089,0.055056487516282365,0.04352504270973219,49.99983076388889,0.3384722222222281
2438.0,0.3227766316706303,3.4451942407843585,3.6636659790023782,50.0,172.25971203921793,41.748530596832325,0.05505744646376295,0.04352571536696464,49.99983069444445,0.338611111111117
2439.0,0.32249885295226294,3.4449926965472586,3.663499311771358,50.0,172.24963482736294,41.7517237030944,0.05505840546401661,0.043526388042831855,49.999830625,0.33875000000000594
2440.0,0.32222107423350976,3.444791150908589,3.6633326445401058,50.0,172.23955754542945,41.75491699377051,0.055059364517034644,0.04352706073752818,49.999830555555555,0.33888888888889485
2441.0,0.3219432955143708,3.4445896038680854,3.6631659773086223,50.0,172.22948019340427,41.75811046883399,0.05506032362280839,0.04352773345124563,49.999830486111115,0.33902777777778376
2442.0,0.321665516794846,3.4443880554254838,3.6629993100769074,50.0,172.2194027712742,41.7613041282583,0.05506128278132918,0.04352840618417398,49.99983041666667,0.33916666666667267
2443.0,0.3213877380749354,3.4441865055805247,3.662832642844961,50.0,172.20932527902625,41.76449797201684,0.055062241992588336,0.043529078936500744,49.99983034722222,0.3393055555555616
2444.0,0.32110995935463904,3.443984954332948,3.6626659756127835,50.0,172.19924771664742,41.76769200008306,0.05506320125657722,0.043529751708411224,49.99983027777778,0.3394444444444505
2445.0,0.32083218063395685,3.4437834016824977,3.662499308380374,50.0,172.1891700841249,41.77088621243041,0.05506416057328717,0.04353042450008853,49.999830208333336,0.3395833333333394
2446.0,0.3205544019128888,3.4435818476289204,3.6623326411477333,50.0,172.17909238144603,41.77408060903241,0.05506511994270954,0.0435310973117136,49.99983013888889,0.3397222222222283
2447.0,0.32027662319143496,3.4433802921719634,3.662165973914861,50.0,172.16901460859816,41.777275189862564,0.055066079364835686,0.04353177014346522,49.99983006944444,0.3398611111111172
2448.0,0.3199988444695953,3.4431787353113763,3.661999306681757,50.0,172.15893676556882,41.780469954894386,0.055067038839656995,0.04353244299552009,49.99983,0.34000000000000613
2449.0,0.31972106574736986,3.442977177046912,3.6618326394484217,50.0,172.1488588523456,41.78366490410144,0.055067998367164826,0.043533115868052766,49.999829930555556,0.34013888888889504
2450.0,0.3194432870247586,3.4427756173783246,3.661665972214855,50.0,172.13878086891623,41.786860037457245,0.05506895794735056,0.04353378876123578,49.99982986111111,0.34027777777778395
2451.0,0.31916550830176155,3.4425740563053706,3.661499304981057,50.0,172.12870281526853,41.790055354935475,0.05506991758020559,0.0435344616752396,49.99982979166667,0.34041666666667286
2452.0,0.3188877295783787,3.4423724938278073,3.661332637747027,50.0,172.11862469139035,41.7932508565097,0.055070877265721296,0.04353513461023266,49.99982972222222,0.3405555555555618
2453.0,0.31860995085461,3.442170929945396,3.661165970512766,50.0,172.1085464972698,41.79644654215355,0.055071837003889096,0.043535807566381424,49.99982965277778,0.3406944444444507
2454.0,0.31833217213045556,3.4419693646578975,3.660999303278273,50.0,172.09846823289487,41.79964241184069,0.05507279679470038,0.04353648054385035,49.99982958333333,0.3408333333333396
2455.0,0.3180543934059153,3.4417677979650785,3.660832636043549,50.0,172.08838989825392,41.80283846554477,0.05507375663814657,0.04353715354280196,49.99982951388889,0.3409722222222285
2456.0,0.3177766146809892,3.441566229866703,3.6606659688085936,50.0,172.07831149333515,41.806034703239504,0.05507471653421908,0.04353782656339684,49.999829444444444,0.3411111111111174
2457.0,0.31749883595567735,3.44136466036254,3.6604993015734064,50.0,172.068233018127,41.809231124898645,0.055075676482909335,0.04353849960579365,49.999829375,0.3412500000000063
2458.0,0.3172210572299797,3.4411630894523584,3.660332634337988,50.0,172.05815447261793,41.81242773049587,0.05507663648420877,0.0435391726701492,49.99982930555555,0.34138888888889524
2459.0,0.3169432785038962,3.4409615171359307,3.6601659671023374,50.0,172.04807585679654,41.815624520004974,0.05507759653810881,0.0435398457566184,49.99982923611111,0.34152777777778415
2460.0,0.3166654997774269,3.440759943413031,3.659999299866456,50.0,172.03799717065155,41.818821493399696,0.0550785566446009,0.043540518865354344,49.999829166666665,0.34166666666667306
2461.0,0.31638772105057184,3.4405583682834346,3.659832632630343,50.0,172.02791841417172,41.82201865065389,0.055079516803676495,0.04354119199650828,49.99982909722222,0.34180555555556197
2462.0,0.31610994232333095,3.440356791746918,3.6596659653939985,50.0,172.01783958734592,41.82521599174129,0.055080477015327055,0.043541865150229654,49.99982902777778,0.3419444444444509
2463.0,0.31583216359570426,3.4401552138032607,3.6594992981574226,50.0,172.00776069016302,41.828413516635806,0.05508143727954404,0.04354253832666615,49.99982895833333,0.3420833333333398
2464.0,0.3155543848676918,3.4399536344522437,3.659332630920615,50.0,171.99768172261219,41.83161122531129,0.0550823975963189,0.04354321152596368,49.999828888888885,0.3422222222222287
2465.0,0.3152766061392935,3.439752053693649,3.659165963683576,50.0,171.98760268468246,41.8348091177416,0.055083357965643134,0.04354388474826641,49.99982881944444,0.3423611111111176
2466.0,0.3149988274105094,3.4395504715272613,3.6589992964463054,50.0,171.97752357636307,41.83800719390064,0.055084318387508206,0.0435445579937168,49.999828750000006,0.3425000000000065
2467.0,0.3147210486813395,3.4393488879528666,3.6588326292088036,50.0,171.96744439764333,41.84120545376237,0.055085278861905604,0.0435452312624556,49.99982868055556,0.34263888888889543
2468.0,0.31444326995178373,3.4391473029702526,3.65866596197107,50.0,171.95736514851262,41.84440389730071,0.055086239388826834,0.04354590455462188,49.99982861111111,0.34277777777778434
2469.0,0.3141654912218422,3.4389457165792083,3.6584992947331054,50.0,171.94728582896042,41.847602524489616,0.05508719996826339,0.04354657787035304,49.999828541666666,0.34291666666667325
2470.0,0.3138877124915148,3.438744128779524,3.6583326274949086,50.0,171.9372064389762,41.85080133530306,0.05508816060020677,0.04354725120978486,49.99982847222223,0.34305555555556216
2471.0,0.31360993376080165,3.4385425395709937,3.658165960256481,50.0,171.9271269785497,41.85400032971506,0.05508912128464849,0.04354792457305147,49.99982840277778,0.3431944444444511
2472.0,0.3133321550297027,3.438340948953411,3.6579992930178213,50.0,171.91704744767057,41.85719950769965,0.05509008202158007,0.043548597960285415,49.99982833333333,0.34333333333334
2473.0,0.3130543762982179,3.4381393569265715,3.657832625778931,50.0,171.90696784632857,41.860398869230835,0.05509104281099303,0.04354927137161764,49.99982826388889,0.3434722222222289
2474.0,0.31277659756634735,3.4379377634902717,3.657665958539808,50.0,171.89688817451358,41.863598414282706,0.055092003652878904,0.043549944807177526,49.99982819444445,0.3436111111111178
2475.0,0.312498818834091,3.4377361686443124,3.6574992913004545,50.0,171.88680843221562,41.86679814282934,0.05509296454722923,0.04355061826709291,49.999828125,0.3437500000000067
2476.0,0.3122210401014488,3.4375345723884925,3.657332624060869,50.0,171.87672861942463,41.86999805484487,0.05509392549403555,0.04355129175149009,49.999828055555554,0.3438888888888956
2477.0,0.3119432613684208,3.4373329747226142,3.6571659568210526,50.0,171.8666487361307,41.87319815030338,0.055094886493289405,0.04355196526049385,49.999827986111114,0.34402777777778454
2478.0,0.31166548263500704,3.437131375646481,3.656999289581004,50.0,171.85656878232405,41.87639842917906,0.05509584754498236,0.04355263879422747,49.99982791666667,0.34416666666667345
2479.0,0.31138770390120746,3.4369297751598977,3.6568326223407244,50.0,171.84648875799488,41.87959889144605,0.05509680864910597,0.04355331235281276,49.99982784722222,0.34430555555556236
2480.0,0.31110992516702207,3.4367281732626713,3.656665955100213,50.0,171.83640866313357,41.88279953707854,0.0550977698056518,0.04355398593637006,49.999827777777774,0.34444444444445127
2481.0,0.3108321464324509,3.4365265699546086,3.6564992878594706,50.0,171.82632849773043,41.88600036605072,0.05509873101461143,0.04355465954501826,49.999827708333335,0.3445833333333402
2482.0,0.3105543676974939,3.43632496523552,3.656332620618496,50.0,171.816248261776,41.88920137833685,0.055099692275976435,0.04355533317887484,49.99982763888889,0.3447222222222291
2483.0,0.3102765889621511,3.4361233591052147,3.6561659533772906,50.0,171.80616795526075,41.89240257391117,0.0551006535897384,0.04355600683805585,49.99982756944444,0.344861111111118
2484.0,0.3099988102264225,3.4359217515635057,3.6559992861358532,50.0,171.79608757817527,41.89560395274793,0.055101614955888924,0.04355668052267593,49.9998275,0.3450000000000069
2485.0,0.3097210314903081,3.435720142610207,3.655832618894185,50.0,171.78600713051034,41.89880551482145,0.05510257637441961,0.04355735423284837,49.999827430555555,0.3451388888888958
2486.0,0.3094432527538079,3.4355185322451316,3.6556659516522845,50.0,171.77592661225657,41.90200726010602,0.05510353784532205,0.04355802796868507,49.99982736111111,0.34527777777778473
2487.0,0.3091654740169219,3.4353169204680976,3.655499284410153,50.0,171.7658460234049,41.90520918857595,0.055104499368587856,0.043558701730296585,49.99982729166666,0.34541666666667364
2488.0,0.3088876952796501,3.4351153072789207,3.65533261716779,50.0,171.75576536394604,41.908411300205614,0.05510546094420865,0.043559375517792154,49.99982722222222,0.34555555555556255
2489.0,0.30860991654199244,3.4349136926774206,3.655165949925195,50.0,171.74568463387104,41.91161359496937,0.05510642257217605,0.043560049331279674,49.999827152777776,0.34569444444445147
2490.0,0.30833213780394897,3.4347120766634176,3.654999282682369,50.0,171.73560383317087,41.91481607284163,0.05510738425248169,0.04356072317086575,49.99982708333333,0.3458333333333404
2491.0,0.3080543590655197,3.4345104592367335,3.654832615439312,50.0,171.72552296183667,41.91801873379677,0.0551083459851172,0.04356139703665569,49.99982701388889,0.3459722222222293
2492.0,0.30777658032670463,3.434308840397189,3.6546659481960226,50.0,171.71544201985944,41.92122157780926,0.05510930777007422,0.043562070928753534,49.99982694444444,0.3461111111111182
2493.0,0.30749880158750376,3.4341072201446092,3.654499280952502,50.0,171.70536100723047,41.92442460485353,0.05511026960734441,0.04356274484726207,49.999826875,0.3462500000000071
2494.0,0.3072210228479171,3.43390559847882,3.65433261370875,50.0,171.695279923941,41.92762781490404,0.055111231496919405,0.043563418792282836,49.99982680555555,0.346388888888896
2495.0,0.3069432441079446,3.4337039753996472,3.654165946464767,50.0,171.68519876998235,41.930831207935285,0.055112193438790875,0.043564092763916124,49.99982673611111,0.34652777777778493
2496.0,0.3066654653675863,3.4335023509069176,3.653999279220552,50.0,171.67511754534587,41.93403478392179,0.05511315543295049,0.04356476676226104,49.99982666666667,0.34666666666667384
2497.0,0.30638768662684224,3.433300725000461,3.6538326119761053,50.0,171.66503625002306,41.93723854283809,0.05511411747938992,0.043565440787415456,49.999826597222224,0.34680555555556275
2498.0,0.30610990788571235,3.433099097680107,3.6536659447314275,50.0,171.65495488400535,41.94044248465872,0.055115079578100835,0.04356611483947608,49.99982652777778,0.34694444444445166
2499.0,0.30583212914419666,3.432897468945687,3.653499277486518,50.0,171.64487344728434,41.94364660935821,0.05511604172907492,0.04356678891853844,49.99982645833334,0.34708333333334057
2500.0,0.30555435040229517,3.4326958387970326,3.6533326102413772,50.0,171.63479193985162,41.94685091691122,0.05511700393230388,0.04356746302469689,49.99982638888889,0.3472222222222295
2501.0,0.3052765716600079,3.432494207233978,3.653165942996005,50.0,171.6247103616989,41.950055407292325,0.05511796618777939,0.043568137158044654,49.999826319444445,0.3473611111111184
2502.0,0.3049987929173348,3.4322925742563575,3.6529992757504006,50.0,171.61462871281788,41.953260080476184,0.05511892849549316,0.0435688113186738,49.99982625,0.3475000000000073
2503.0,0.3047210141742759,3.4320909398640067,3.6528326085045655,50.0,171.60454699320033,41.95646493643744,0.0551198908554369,0.0435694855066753,49.99982618055556,0.3476388888888962
2504.0,0.3044432354308312,3.431889304056763,3.6526659412584985,50.0,171.59446520283814,41.959669975150746,0.05512085326760233,0.043570159722139,49.99982611111111,0.3477777777777851
2505.0,0.3041654566870007,3.431687666834464,3.6524992740122,50.0,171.5843833417232,41.9628751965908,0.05512181573198116,0.04357083396515365,49.999826041666665,0.34791666666667403
2506.0,0.3038876779427844,3.431486028196949,3.6523326067656705,50.0,171.57430140984744,41.96608060073237,0.055122778248565124,0.043571508235806924,49.999825972222226,0.34805555555556295
2507.0,0.30360989919818226,3.4312843881440567,3.6521659395189094,50.0,171.56421940720284,41.9692861875501,0.05512374081734596,0.04357218253418542,49.99982590277778,0.34819444444445186
2508.0,0.30333212045319435,3.4310827466756297,3.6519992722719166,50.0,171.55413733378148,41.9724919570188,0.055124703438315395,0.04357285686037468,49.99982583333333,0.34833333333334077
2509.0,0.30305434170782064,3.43088110379151,3.6518326050246923,50.0,171.5440551895755,41.975697909113194,0.05512566611146518,0.0435735312144592,49.999825763888886,0.3484722222222297
2510.0,0.30277656296206107,3.4306794594915404,3.6516659377772367,50.0,171.533972974577,41.97890404380814,0.05512662883678707,0.04357420559652243,49.999825694444446,0.3486111111111186
2511.0,0.3024987842159157,3.430477813775565,3.6514992705295493,50.0,171.52389068877824,41.98211036107841,0.05512759161427282,0.043574880006646825,49.999825625,0.3487500000000075
2512.0,0.3022210054693845,3.4302761666434294,3.6513326032816305,50.0,171.51380833217146,41.98531686089882,0.05512855444391418,0.0435755544449138,49.99982555555555,0.3488888888888964
2513.0,0.30194322672246754,3.4300745180949797,3.6511659360334803,50.0,171.503725904749,41.98852354324424,0.05512951732570293,0.043576228911403794,49.99982548611111,0.3490277777777853
2514.0,0.30166544797516476,3.4298728681300634,3.6509992687850987,50.0,171.49364340650317,41.99173040808955,0.055130480259630854,0.04357690340619623,49.99982541666667,0.34916666666667423
2515.0,0.3013876692274762,3.429671216748529,3.650832601536486,50.0,171.48356083742644,41.99493745540963,0.05513144324568973,0.04357757792936959,49.99982534722222,0.34930555555556314
2516.0,0.3011098904794018,3.4294695639502244,3.650665934287641,50.0,171.4734781975112,41.9981446851794,0.05513240628387133,0.04357825248100136,49.999825277777774,0.34944444444445205
2517.0,0.3008321117309416,3.429267909735001,3.650499267038565,50.0,171.46339548675004,42.0013520973738,0.055133369374167455,0.043578927061168095,49.999825208333334,0.34958333333334096
2518.0,0.3005543329820956,3.429066254102709,3.6503325997892575,50.0,171.45331270513543,42.004559691967756,0.05513433251656991,0.043579601669945386,49.99982513888889,0.3497222222222299
2519.0,0.3002765542328638,3.4288645970532,3.650165932539718,50.0,171.44322985266,42.00776746893621,0.0551352957110705,0.04358027630740791,49.99982506944444,0.3498611111111188
2520.0,0.2999987754832462,3.428662081424601,3.64999840812822,50.0,171.43310407123005,42.0109754282542,0.05513625895766103,0.04358095097362942,49.999825,0.3500000000000077
2521.0,0.2997209967332428,3.4282658398790002,3.6496372957532155,50.0,171.41329199395003,42.01418357843028,0.055137222256333315,0.04358162566868275,49.999824930555555,0.3501388888888966
2522.0,0.2994432179828536,3.427838759920582,3.6492761833777094,50.0,171.3919379960291,42.01739384674653,0.05513818560730142,0.04358230039266035,49.99982486111111,0.3502777777777855
2523.0,0.2991654392320786,3.427411675846363,3.648915071001702,50.0,171.37058379231814,42.02060623219518,0.0551391490609503,0.04358297515028821,49.99982479166667,0.3504166666666744
2524.0,0.2988876604809178,3.4269845876040597,3.648553958625193,50.0,171.34922938020298,42.023820733769185,0.055140112663268646,0.04358364994623575,49.99982472222222,0.35055555555556334
2525.0,0.2986098817293712,3.42655749514546,3.6481928462481825,50.0,171.327874757273,42.027037350462194,0.05514107645623019,0.04358432478511649,49.99982465277778,0.35069444444445225
2526.0,0.2983321029774388,3.4261303984260754,3.6478317338706705,50.0,171.30651992130376,42.03025608126853,0.055142040478142015,0.0435849996714887,49.999824583333336,0.35083333333334116
2527.0,0.29805432422512057,3.4257032974048203,3.6474706214926567,50.0,171.285164870241,42.03347692518321,0.05514300476396254,0.04358567460985598,49.99982451388889,0.35097222222223007
2528.0,0.29777654547241655,3.425276192043725,3.6471095091141414,50.0,171.26380960218626,42.03669988120197,0.05514396934559203,0.043586349604667986,49.99982444444445,0.351111111111119
2529.0,0.29749876671932673,3.4248490823076643,3.646748396735125,50.0,171.24245411538323,42.03992494832124,0.05514493425213782,0.04358702466032095,49.999824375,0.3512500000000079
2530.0,0.29722098796585106,3.424421968164118,3.6463872843556064,50.0,171.2210984082059,42.04315212553814,0.05514589951015659,0.043587699781158354,49.999824305555556,0.3513888888888968
2531.0,0.2969432092119896,3.423994849582949,3.646026171975586,50.0,171.19974247914743,42.04638141185046,0.055146865143875595,0.0435883749714715,49.99982423611111,0.3515277777777857
2532.0,0.2966654304577423,3.423567726536202,3.645665059595065,50.0,171.1783863268101,42.049612806256675,0.05514783117539469,0.04358905023550016,49.99982416666667,0.3516666666666746
2533.0,0.2963876517031092,3.4231405989979122,3.645303947214042,50.0,171.15702994989562,42.052846307756056,0.055148797624870884,0.04358972557743309,49.99982409722222,0.35180555555556353
2534.0,0.2961098729480903,3.4227134669439447,3.6449428348325172,50.0,171.13567334719724,42.05608191534844,0.05514976451068681,0.04359040100140869,49.99982402777778,0.35194444444445244
2535.0,0.29583209419268564,3.422286330351833,3.644581722450491,50.0,171.11431651759165,42.059319628034416,0.05515073184960466,0.043591076511515545,49.99982395833334,0.35208333333334135
2536.0,0.29555431543689514,3.4218591892006436,3.6442206100679635,50.0,171.09295946003218,42.06255944481529,0.055151699656906715,0.043591752111792996,49.99982388888889,0.35222222222223026
2537.0,0.29527653668071885,3.421432043470841,3.6438594976849346,50.0,171.07160217354206,42.065801364693016,0.055152667946523695,0.043592427806231716,49.999823819444444,0.3523611111111192
2538.0,0.29499875792415675,3.4210048931441746,3.643498385301404,50.0,171.05024465720874,42.06904538667027,0.055153636731152006,0.04359310359877426,49.99982375,0.3525000000000081
2539.0,0.29472097916720885,3.4205777382035705,3.643137272917371,50.0,171.02888691017853,42.072291509750414,0.05515460602236078,0.04359377949331564,49.99982368055556,0.352638888888897
2540.0,0.29444320040987515,3.420150578633031,3.6427761605328377,50.0,171.00752893165154,42.07553973293744,0.05515557583068964,0.043594455493703825,49.99982361111111,0.3527777777777859
2541.0,0.29416542165215565,3.419723414417547,3.6424150481478024,50.0,170.98617072087734,42.07879005523614,0.05515654616573801,0.04359513160374033,49.999823541666665,0.3529166666666748
2542.0,0.29388764289405034,3.419296245543014,3.642053935762265,50.0,170.9648122771507,42.08204247565192,0.05515751703624663,0.043595807827180734,49.99982347222222,0.3530555555555637
2543.0,0.29360986413555923,3.418869071996159,3.641692823376227,50.0,170.94345359980795,42.08529699319092,0.05515848845017207,0.043596484167735185,49.99982340277778,0.35319444444445264
2544.0,0.2933320853766823,3.41844189376447,3.6413317109896868,50.0,170.9220946882235,42.088553606859875,0.05515946041475475,0.043597160629068946,49.99982333333333,0.35333333333334155
2545.0,0.2930543066174196,3.418014710836136,3.6409705986026455,50.0,170.9007355418068,42.091812315666346,0.055160432936580996,0.04359783721480291,49.999823263888885,0.35347222222223046
2546.0,0.2927765278577711,3.417587523199987,3.6406094862151024,50.0,170.87937615999934,42.09507311861847,0.055161406021639825,0.0435985139285141,49.999823194444446,0.35361111111111937
2547.0,0.29249874909773677,3.417160330845443,3.640248373827058,50.0,170.85801654227214,42.09833601472519,0.05516237967537474,0.043599190773736154,49.999823125,0.3537500000000083
2548.0,0.29222097033731664,3.4167331337624667,3.6398872614385116,50.0,170.83665668812333,42.101601002996006,0.05516335390273104,0.043599867753959874,49.99982305555555,0.3538888888888972
2549.0,0.2919431915765107,3.416305931941517,3.639526149049464,50.0,170.81529659707587,42.10486808244116,0.05516432870819905,0.04360054487263368,49.999822986111106,0.3540277777777861
2550.0,0.291665412815319,3.4158787253735143,3.6391650366599144,50.0,170.7939362686757,42.10813725207157,0.05516530409585355,0.04360122213316409,49.999822916666666,0.354166666666675
2551.0,0.2913876340537414,3.415451514049799,3.6388039242698635,50.0,170.77257570248997,42.111408510898855,0.05516628006938988,0.043601899538916244,49.99982284722222,0.3543055555555639
2552.0,0.291109855291778,3.415024297962101,3.6384428118793113,50.0,170.75121489810505,42.114681857935295,0.0551672566321568,0.04360257709321433,49.99982277777778,0.35444444444445283
2553.0,0.29083207652942883,3.4145970771025063,3.638081699488257,50.0,170.72985385512533,42.11795729219392,0.05516823378718658,0.04360325479934208,49.99982270833333,0.35458333333334174
2554.0,0.29055429776669384,3.4141698514634324,3.6377205870967018,50.0,170.7084925731716,42.121234812688385,0.05516921153722244,0.043603932660543236,49.999822638888894,0.35472222222223065
2555.0,0.29027651900357304,3.413742621037602,3.637359474704645,50.0,170.6871310518801,42.12451441843302,0.055170189884743676,0.043604610680022006,49.99982256944445,0.35486111111111956
2556.0,0.28999874024006644,3.413315385818016,3.6369983623120863,50.0,170.6657692909008,42.12779610844291,0.0551711688319885,0.0436052888609435,49.9998225,0.3550000000000085
2557.0,0.28972096147617404,3.4128881457979383,3.6366372499190263,50.0,170.64440728989692,42.13107988173374,0.05517214838097498,0.04360596720643422,49.999822430555554,0.3551388888888974
2558.0,0.28944318271189584,3.412460900970871,3.6362761375254644,50.0,170.62304504854356,42.1343657373219,0.05517312853352015,0.043606645719582456,49.999822361111114,0.3552777777777863
2559.0,0.28916540394723184,3.4120336513305394,3.635915025131401,50.0,170.60168256652696,42.13765367422445,0.05517410929125743,0.04360732440343876,49.99982229166667,0.3554166666666752
2560.0,0.28888762518218203,3.411606396870875,3.6355539127368366,50.0,170.58031984354375,42.1409436914592,0.0551750906556526,0.04360800326101636,49.99982222222222,0.3555555555555641
2561.0,0.2886098464167464,3.4111791375859983,3.63519280034177,50.0,170.55895687929993,42.14423578804457,0.055176072628018324,0.043608682295291606,49.99982215277778,0.35569444444445303
2562.0,0.288332067650925,3.41075187347021,3.6348316879462024,50.0,170.5375936735105,42.14752996299973,0.05517705520952744,0.04360936150920437,49.999822083333335,0.35583333333334194
2563.0,0.2880542888847178,3.410324604517973,3.634470575550133,50.0,170.51623022589865,42.150826215344466,0.05517803840122511,0.043610040905658495,49.99982201388889,0.35597222222223085
2564.0,0.2877765101181248,3.409897330723905,3.634109463153562,50.0,170.49486653619525,42.154124544099204,0.05517902220403989,0.04361072048752217,49.99982194444444,0.35611111111111976
2565.0,0.28749873135114595,3.409470052082766,3.63374835075649,50.0,170.4735026041383,42.157424948285154,0.05518000661879387,0.04361140025762837,49.999821875,0.35625000000000867
2566.0,0.28722095258378133,3.409042768589448,3.6333872383589156,50.0,170.4521384294724,42.16072742692421,0.05518099164621191,0.04361208021877527,49.999821805555555,0.3563888888888976
2567.0,0.2869431738160309,3.4086154802389674,3.63302612596084,50.0,170.43077401194836,42.16403197903884,0.0551819772869301,0.04361276037372662,49.99982173611111,0.3565277777777865
2568.0,0.2866653950478947,3.4081881870264596,3.632665013562263,50.0,170.40940935132298,42.16733860365224,0.055182963541503455,0.04361344072521212,49.99982166666667,0.3566666666666754
2569.0,0.28638761627937265,3.4077608889471636,3.6323039011631844,50.0,170.38804444735817,42.1706472997883,0.055183950410412956,0.04361412127592788,49.99982159722222,0.3568055555555643
2570.0,0.2861098375104648,3.4073335859964238,3.631942788763604,50.0,170.3666792998212,42.17395806647153,0.05518493789407201,0.04361480202853674,49.999821527777776,0.3569444444444532
2571.0,0.2858320587411712,3.406906278169679,3.6315816763635222,50.0,170.34531390848394,42.17727090272723,0.05518592599283229,0.04361548298566867,49.99982145833333,0.35708333333334213
2572.0,0.2855542799714917,3.406478965462459,3.6312205639629394,50.0,170.32394827312297,42.18058580758128,0.05518691470698914,0.043616164149921186,49.99982138888889,0.35722222222223105
2573.0,0.2852765012014264,3.4060516478703757,3.630859451561854,50.0,170.30258239351878,42.18390278006024,0.055187904036786445,0.04361684552385967,49.99982131944444,0.35736111111111996
2574.0,0.2849987224309753,3.4056243253891223,3.6304983391602677,50.0,170.2812162694561,42.18722181919139,0.05518889398242113,0.04361752711001776,49.99982125,0.35750000000000887
2575.0,0.2847209436601384,3.405196998014467,3.6301372267581797,50.0,170.25984990072337,42.190542924002614,0.05518988454404723,0.04361820891089773,49.99982118055556,0.3576388888888978
2576.0,0.2844431648889157,3.40476966574225,3.6297761143555904,50.0,170.2384832871125,42.19386609352256,0.05519087572177962,0.043618890928970824,49.99982111111111,0.3577777777777867
2577.0,0.2841653861173072,3.404342328568377,3.6294150019524993,50.0,170.21711642841885,42.19719132678051,0.05519186751569746,0.04361957316667763,49.999821041666664,0.3579166666666756
2578.0,0.2838876073453129,3.4039149864888185,3.629053889548907,50.0,170.19574932444092,42.200518622806385,0.055192859925847285,0.04362025562642843,49.99982097222222,0.3580555555555645
2579.0,0.28360982857293277,3.4034876394996054,3.6286927771448125,50.0,170.17438197498026,42.20384798063088,0.05519385295224582,0.043620938310603534,49.99982090277778,0.3581944444444534
2580.0,0.28333204980016685,3.403060287596827,3.628331664740217,50.0,170.15301437984135,42.207179399285224,0.05519484659488264,0.04362162122155366,49.99982083333334,0.35833333333334233
2581.0,0.28305427102701514,3.402632930776628,3.62797055233512,50.0,170.1316465388314,42.21051287780142,0.05519584085372252,0.04362230436160023,49.99982076388889,0.35847222222223124
2582.0,0.2827764922534776,3.4022055690352038,3.627609439929521,50.0,170.1102784517602,42.213848415212055,0.05519683572870756,0.04362298773303573,49.999820694444445,0.35861111111112015
2583.0,0.2824987134795543,3.401778202368802,3.6272483275234206,50.0,170.08891011844008,42.217186010550506,0.05519783121975922,0.043623671338124045,49.999820625000005,0.35875000000000906
2584.0,0.2822209347052452,3.4013508307737164,3.6268872151168186,50.0,170.06754153868582,42.22052566285072,0.05519882732678011,0.04362435517910079,49.99982055555556,0.35888888888889797
2585.0,0.28194315593055025,3.4009234542462887,3.626526102709715,50.0,170.04617271231444,42.22386737114732,0.05519982404965562,0.04362503925817361,49.99982048611111,0.3590277777777869
2586.0,0.2816653771554695,3.4004960727829046,3.6261649903021103,50.0,170.02480363914523,42.22721113447568,0.05520082138825546,0.043625723577522535,49.999820416666665,0.3591666666666758
2587.0,0.281387598380003,3.4000686863799903,3.625803877894004,50.0,170.00343431899952,42.23055695187179,0.055201819342435024,0.04362640813930027,49.999820347222226,0.3593055555555647
2588.0,0.28110981960415066,3.3996412950340154,3.6254427654853956,50.0,169.98206475170076,42.23390482237227,0.05520281791203664,0.04362709294563254,49.99982027777778,0.3594444444444536
2589.0,0.2808320408279125,3.3992138987414884,3.625081653076286,50.0,169.9606949370744,42.23725474501447,0.055203817096890734,0.04362777799861835,49.99982020833333,0.3595833333333425
2590.0,0.2805542620512886,3.3987864974989557,3.624720540666675,50.0,169.93932487494777,42.240606718836375,0.05520481689681686,0.04362846330033035,49.99982013888889,0.35972222222223144
2591.0,0.28027648327427884,3.398359091303001,3.6243594282565623,50.0,169.91795456515004,42.24396074287665,0.05520581731162467,0.04362914885281511,49.999820069444446,0.35986111111112035
2592.0,0.27999870449688324,3.397931680150242,3.6239983158459483,50.0,169.8965840075121,42.24731681617459,0.055206818341114794,0.043629834658093405,49.99982,0.36000000000000926
2593.0,0.27972092571910184,3.3975042640373347,3.6236372034348325,50.0,169.87521320186673,42.25067493777027,0.055207819985079634,0.043630520718160544,49.99981993055555,0.36013888888889817
2594.0,0.27944314694093464,3.3970768429609652,3.623276091023215,50.0,169.85384214804827,42.25403510670429,0.0552088222433041,0.043631207034986644,49.99981986111111,0.3602777777777871
2595.0,0.27916536816238163,3.396649416917853,3.622914978611096,50.0,169.83247084589266,42.257397322017994,0.055209825115566255,0.04363189361051693,49.99981979166667,0.360416666666676
2596.0,0.2788875893834428,3.3962219859047513,3.6225538661984755,50.0,169.81109929523757,42.26076158275333,0.055210828601637965,0.04363258044667199,49.99981972222222,0.3605555555555649
2597.0,0.2786098106041182,3.395794549918443,3.6221927537853538,50.0,169.78972749592216,42.26412788795301,0.05521183270128541,0.0436332675453481,49.999819652777774,0.3606944444444538
2598.0,0.2783320318244078,3.3953671089557402,3.62183164137173,50.0,169.768355447787,42.26749623666035,0.05521283741426961,0.0436339549084175,49.999819583333334,0.3608333333333427
2599.0,0.2780542530443116,3.394939663013485,3.621470528957605,50.0,169.74698315067425,42.270866627919304,0.055213842740346915,0.04363464253772862,49.99981951388889,0.36097222222223163
2600.0,0.27777647426382956,3.39451221208855,3.6211094165429785,50.0,169.72561060442752,42.274239060774505,0.055214848679269374,0.04363533043510643,49.99981944444444,0.36111111111112054
2601.0,0.27749869548296174,3.3940847561778327,3.6207483041278503,50.0,169.70423780889163,42.277613534271325,0.05521585523078519,0.04363601860235265,49.999819375,0.36125000000000945
2602.0,0.2772209167017081,3.39365729527826,3.6203871917122203,50.0,169.68286476391302,42.280990047455646,0.05521686239463901,0.043636707041246045,49.999819305555555,0.36138888888889836
2603.0,0.2769431379200687,3.3932298293867866,3.6200260792960894,50.0,169.66149146933932,42.284368599374204,0.05521787017057227,0.043637395753542675,49.99981923611111,0.3615277777777873
2604.0,0.27666535913804347,3.3928023585003904,3.6196649668794563,50.0,169.64011792501952,42.28774918907419,0.05521887855832352,0.04363808474097617,49.99981916666666,0.3616666666666762
2605.0,0.27638758035563243,3.392374882616077,3.619303854462322,50.0,169.61874413080383,42.29113181560365,0.055219887557628654,0.04363877400525798,49.99981909722222,0.3618055555555651
2606.0,0.2761098015728356,3.3919474017308784,3.6189427420446862,50.0,169.59737008654392,42.29451647801113,0.05522089716822118,0.04363946354807763,49.999819027777775,0.361944444444454
2607.0,0.27583202278965296,3.3915199158418488,3.618581629626549,50.0,169.57599579209244,42.29790317534594,0.05522190738983242,0.04364015337110298,49.99981895833333,0.3620833333333429
2608.0,0.2755542440060845,3.391092424946068,3.61822051720791,50.0,169.5546212473034,42.30129190665804,0.05522291822219173,0.04364084347598047,49.99981888888889,0.3622222222222318
2609.0,0.2752764652221303,3.39066492904064,3.6178594047887693,50.0,169.53324645203202,42.30468267099798,0.05522392966502672,0.04364153386433535,49.99981881944445,0.36236111111112074
2610.0,0.27499868643779024,3.390237428122692,3.6174982923691275,50.0,169.5118714061346,42.308075467416984,0.055224941718063345,0.04364222453777196,49.99981875,0.36250000000000965
2611.0,0.2747209076530644,3.3898099221893734,3.6171371799489838,50.0,169.49049610946867,42.31147029496702,0.05522595438102614,0.043642915497873934,49.999818680555556,0.36263888888889856
2612.0,0.2744431288679527,3.389382411237858,3.6167760675283382,50.0,169.4691205618929,42.314867152700685,0.055226967653638326,0.04364360674620447,49.99981861111111,0.36277777777778747
2613.0,0.2741653500824552,3.3889548952653397,3.616414955107192,50.0,169.447744763267,42.31826603967113,0.055227981535621945,0.043644298284306535,49.99981854166667,0.3629166666666764
2614.0,0.2738875712965719,3.388527374269037,3.6160538426855435,50.0,169.42636871345184,42.321666954932255,0.05522899602669797,0.043644990113703125,49.99981847222222,0.3630555555555653
2615.0,0.27360979251030276,3.3880998482461875,3.6156927302633934,50.0,169.40499241230938,42.32506989753864,0.055230011126586445,0.04364568223589747,49.99981840277778,0.3631944444444542
2616.0,0.27333201372364785,3.3876723171940513,3.615331617840742,50.0,169.38361585970256,42.328474866545434,0.05523102683500655,0.04364637465237329,49.99981833333334,0.3633333333333431
2617.0,0.27305423493660713,3.387244781109911,3.614970505417589,50.0,169.36223905549554,42.331881861008526,0.055232043151676714,0.043647067364594984,49.99981826388889,0.363472222222232
2618.0,0.2727764561491806,3.3868172399910668,3.614609392993935,50.0,169.34086199955334,42.33529087998443,0.05523306007631467,0.04364776037400788,49.999818194444444,0.36361111111112093
2619.0,0.2724986773613683,3.38638969383484,3.614248280569779,50.0,169.31948469174202,42.33870192253022,0.05523407760863756,0.043648453682038464,49.999818125,0.36375000000000984
2620.0,0.27222089857317017,3.3859621426385744,3.613887168145121,50.0,169.29810713192873,42.34211498770378,0.055235095748362016,0.04364914729009456,49.99981805555556,0.36388888888889875
2621.0,0.27194311978458624,3.385534586399632,3.613526055719962,50.0,169.2767293199816,42.34553007456361,0.05523611449520416,0.043649841199565574,49.99981798611111,0.36402777777778766
2622.0,0.2716653409956165,3.3851070251153925,3.6131649432943016,50.0,169.25535125576963,42.348947182168786,0.055237133848879724,0.04365053541182269,49.999817916666665,0.3641666666666766
2623.0,0.271387562206261,3.384679458783258,3.612803830868139,50.0,169.2339729391629,42.352366309579054,0.05523815380910409,0.043651229928219105,49.999817847222225,0.3643055555555655
2624.0,0.27110978341651965,3.384251887400648,3.6124427184414754,50.0,169.2125943700324,42.35578745585491,0.05523917437559231,0.0436519247500902,49.99981777777778,0.3644444444444544
2625.0,0.2708320046263925,3.383824310965002,3.61208160601431,50.0,169.19121554825009,42.35921062005741,0.05524019554805919,0.04365261987875377,49.99981770833333,0.3645833333333433
2626.0,0.27055422583587957,3.383396729473776,3.6117204935866436,50.0,169.1698364736888,42.362635801248246,0.05524121732621928,0.043653315315510206,49.999817638888885,0.3647222222222322
2627.0,0.2702764470449808,3.3829691429244453,3.611359381158475,50.0,169.14845714622226,42.36606299848984,0.05524223970978698,0.043654011061642746,49.999817569444446,0.36486111111112113
2628.0,0.2699986682536963,3.3825415513145036,3.610998268729805,50.0,169.1270775657252,42.36949221084518,0.05524326269847649,0.04365470711841761,49.9998175,0.36500000000001004
2629.0,0.26972088946202594,3.382113954641463,3.610637156300634,50.0,169.10569773207317,42.372923437378006,0.05524428629200191,0.043655403487084216,49.99981743055555,0.36513888888889895
2630.0,0.2694431106699698,3.381686352902851,3.6102760438709605,50.0,169.08431764514256,42.376356677152614,0.055245310490077235,0.0436561001688754,49.99981736111111,0.36527777777778786
2631.0,0.26916533187752784,3.381258746096215,3.609914931440786,50.0,169.06293730481076,42.37979192923399,0.055246335292416376,0.043656797165007595,49.999817291666666,0.36541666666667677
2632.0,0.2688875530847,3.380831134219118,3.60955381901011,50.0,169.04155671095592,42.38322919268779,0.05524736069873322,0.04365749447668098,49.99981722222222,0.3655555555555657
2633.0,0.2686097742914864,3.3804035172691407,3.6091927065789324,50.0,169.02017586345704,42.38666846658026,0.0552483867087416,0.043658192105079714,49.99981715277777,0.3656944444444546
2634.0,0.268331995497887,3.379975895243879,3.608831594147253,50.0,168.99879476219394,42.39010974997831,0.05524941332215535,0.043658890051372135,49.99981708333333,0.3658333333333435
2635.0,0.2680542167039018,3.379548268140949,3.6084704817150723,50.0,168.97741340704746,42.39355304194959,0.055250440538688314,0.04365958831671087,49.99981701388889,0.3659722222222324
2636.0,0.26777643790953076,3.3791206359579786,3.60810936928239,50.0,168.95603179789893,42.396998341562266,0.05525146835805435,0.04366028690223309,49.99981694444444,0.3661111111111213
2637.0,0.26749865911477394,3.3786929986926153,3.607748256849206,50.0,168.93464993463076,42.40044564788519,0.05525249677996737,0.04366098580906065,49.999816875,0.36625000000001023
2638.0,0.2672208803196313,3.378265356342521,3.6073871444155206,50.0,168.91326781712607,42.403894959987895,0.05525352580414132,0.04366168503830027,49.99981680555556,0.36638888888889914
2639.0,0.2669431015241029,3.3778377089053744,3.607026031981334,50.0,168.8918854452687,42.40734627694053,0.05525455543029024,0.043662384591043726,49.999816736111114,0.36652777777778806
2640.0,0.26666532272818866,3.3774100563788685,3.6066649195466454,50.0,168.87050281894344,42.410799597813934,0.05525558565812821,0.043663084468367995,49.99981666666667,0.36666666666667697
2641.0,0.2663875439318886,3.3769823987607115,3.606303807111455,50.0,168.84911993803559,42.41425492167957,0.05525661648736942,0.04366378467133546,49.99981659722222,0.3668055555555659
2642.0,0.2661097651352028,3.37655473604863,3.605942694675764,50.0,168.8277368024315,42.41771224760947,0.055257647917728143,0.04366448520099404,49.99981652777778,0.3669444444444548
2643.0,0.26583198633813115,3.3761270682403612,3.6055815822395703,50.0,168.80635341201807,42.42117157467641,0.05525867994891876,0.04366518605837739,49.999816458333335,0.3670833333333437
2644.0,0.2655542075406737,3.375699395333661,3.605220469802876,50.0,168.78496976668305,42.42463290195377,0.055259712580655776,0.04366588724450505,49.99981638888889,0.3672222222222326
2645.0,0.2652764287428305,3.3752717173262976,3.6048593573656795,50.0,168.76358586631488,42.428096228515585,0.0552607458126538,0.0436665887603826,49.99981631944445,0.3673611111111215
2646.0,0.2649986499446014,3.374844034216055,3.604498244927982,50.0,168.74220171080273,42.431561553436495,0.055261779644627564,0.043667290607001856,49.99981625,0.36750000000001043
2647.0,0.2647208711459866,3.37441634600073,3.6041371324897824,50.0,168.7208173000365,42.43502887579183,0.05526281407629194,0.04366799278534097,49.999816180555555,0.36763888888889934
2648.0,0.26444309234698593,3.3739886526781366,3.6037760200510816,50.0,168.69943263390684,42.43849819465754,0.05526384910736193,0.04366869529636464,49.99981611111111,0.36777777777778825
2649.0,0.2641653135475995,3.3735609542461007,3.6034149076118793,50.0,168.67804771230504,42.44196950911021,0.05526488473755268,0.04366939814102425,49.99981604166667,0.36791666666667716
2650.0,0.2638875347478272,3.373133250702461,3.6030537951721753,50.0,168.65666253512305,42.44544281822709,0.05526592096657948,0.043670101320258024,49.99981597222222,0.36805555555556607
2651.0,0.26360975594766917,3.372705542045073,3.60269268273197,50.0,168.63527710225367,42.448918121086024,0.05526695779415778,0.04367080483499116,49.999815902777776,0.368194444444455
2652.0,0.26333197714712525,3.372277828271804,3.6023315702912626,50.0,168.6138914135902,42.45239541676557,0.05526799522000317,0.04367150868613601,49.99981583333334,0.3683333333333439
2653.0,0.26305419834619553,3.371850109380534,3.601970457850054,50.0,168.59250546902672,42.455874704344865,0.055269033243831395,0.04367221287459219,49.99981576388889,0.3684722222222328
2654.0,0.26277641954488,3.3714223853691587,3.601609345408344,50.0,168.57111926845795,42.45935598290367,0.05527007186535837,0.043672917401246784,49.99981569444444,0.3686111111111217
2655.0,0.2624986407431787,3.370994656235584,3.601248232966132,50.0,168.5497328117792,42.46283925152244,0.055271111084300176,0.04367362226697443,49.999815625,0.3687500000000106
2656.0,0.26222086194109157,3.370566921977732,3.600887120523419,50.0,168.5283460988866,42.46632450928229,0.05527215090037304,0.04367432747263751,49.99981555555556,0.36888888888889954
2657.0,0.26194308313861864,3.3701391825935354,3.6005260080802044,50.0,168.50695912967677,42.46981175526486,0.05527319131329338,0.043675033019086255,49.99981548611111,0.36902777777778845
2658.0,0.2616653043357599,3.369711438080939,3.600164895636488,50.0,168.48557190404696,42.47330098855252,0.05527423232277775,0.043675738907158895,49.999815416666664,0.36916666666667736
2659.0,0.2613875255325154,3.369283688437902,3.59980378319227,50.0,168.4641844218951,42.47679220822829,0.05527527392854291,0.043676445137681826,49.999815347222224,0.36930555555556627
2660.0,0.26110974672888504,3.3688559336623967,3.5994426707475506,50.0,168.44279668311984,42.48028541337578,0.05527631613030578,0.043677151711469714,49.99981527777778,0.3694444444444552
2661.0,0.2608319679248689,3.3684281737524047,3.5990815583023297,50.0,168.42140868762024,42.4837806030792,0.05527735892778346,0.04367785862932563,49.99981520833333,0.3695833333333441
2662.0,0.26055418912046696,3.368000408705922,3.598720445856607,50.0,168.40002043529608,42.48727777642347,0.05527840232069321,0.04367856589204123,49.999815138888884,0.369722222222233
2663.0,0.2602764103156792,3.3675726385209557,3.598359333410383,50.0,168.37863192604777,42.49077693249416,0.05527944630875248,0.043679273500396805,49.999815069444445,0.3698611111111219
2664.0,0.2599986315105057,3.3671448631955254,3.597998220963657,50.0,168.35724315977626,42.49427807037739,0.05528049089167889,0.04367998145516149,49.999815,0.3700000000000108
2665.0,0.2597208527049463,3.3667170827276633,3.5976371085164303,50.0,168.33585413638318,42.49778118915992,0.05528153606919026,0.04368068975709337,49.99981493055555,0.37013888888889973
2666.0,0.2594430738990012,3.36628929711541,3.5972759960687015,50.0,168.3144648557705,42.50128628792925,0.05528258184100456,0.043681398406939576,49.99981486111111,0.37027777777778864
2667.0,0.2591652950926702,3.3658615063568216,3.5969148836204714,50.0,168.29307531784107,42.50479336577342,0.05528362820683997,0.043682107405436446,49.99981479166667,0.37041666666667755
2668.0,0.25888751628595347,3.3654337104499623,3.5965537711717395,50.0,168.2716855224981,42.50830242178114,0.05528467516641483,0.04368281675330965,49.999814722222226,0.37055555555556646
2669.0,0.2586097374788509,3.36500590939291,3.596192658722506,50.0,168.2502954696455,42.511813455041704,0.05528572271944768,0.0436835264512743,49.99981465277778,0.3706944444444554
2670.0,0.25833195867136255,3.364578103183752,3.5958315462727715,50.0,168.2289051591876,42.51532646464511,0.055286770865657225,0.04368423650003508,49.99981458333333,0.3708333333333443
2671.0,0.2580541798634884,3.3641502918205872,3.595470433822535,50.0,168.20751459102937,42.51884144968193,0.05528781960476237,0.043684946900286334,49.99981451388889,0.3709722222222332
2672.0,0.25777640105522837,3.363722475301525,3.5951093213717966,50.0,168.18612376507625,42.522358409243395,0.0552888689364822,0.043685657652712255,49.999814444444446,0.3711111111111221
2673.0,0.25749862224658254,3.363294653624688,3.5947482089205574,50.0,168.1647326812344,42.525877342421325,0.05528991886053598,0.04368636875798693,49.999814375,0.371250000000011
2674.0,0.2572208434375509,3.362866826788205,3.5943870964688163,50.0,168.14334133941026,42.52939824830827,0.05529096937664317,0.04368708021677452,49.99981430555556,0.3713888888888999
2675.0,0.2569430646281335,3.3624389947902187,3.5940259840165734,50.0,168.12194973951094,42.53292112599735,0.0552920204845234,0.043687792029729305,49.99981423611111,0.37152777777778884
2676.0,0.25666528581833026,3.3620111576288823,3.593664871563829,50.0,168.1005578814441,42.53644597458225,0.055293072183896494,0.04368850419749587,49.99981416666667,0.37166666666667775
2677.0,0.2563875070081412,3.361583315302356,3.5933037591105834,50.0,168.0791657651178,42.5399727931574,0.05529412447448247,0.04368921672070917,49.99981409722222,0.37180555555556666
2678.0,0.2561097281975664,3.3611554678088154,3.5929426466568364,50.0,168.05777339044076,42.543501580817804,0.05529517735600152,0.043689929599994654,49.99981402777778,0.37194444444445557
2679.0,0.25583194938660575,3.3607276151464407,3.5925815342025875,50.0,168.03638075732204,42.54703233665907,0.05529623082817404,0.043690642835968393,49.999813958333334,0.3720833333333445
2680.0,0.2555541705752593,3.3602997573134257,3.592220421747837,50.0,168.0149878656713,42.550565059777455,0.05529728489072058,0.04369135642923716,49.99981388888889,0.3722222222222334
2681.0,0.25527639176352707,3.359871894307973,3.5918593092925852,50.0,167.99359471539864,42.55409974926988,0.05529833954336193,0.043692070380398546,49.99981381944444,0.3723611111111223
2682.0,0.254998612951409,3.3594440261282945,3.591498196836832,50.0,167.97220130641472,42.55763640423385,0.055299394785819,0.04369278469004108,49.99981375,0.3725000000000112
2683.0,0.25472083413890517,3.3590161527726123,3.5911370843805765,50.0,167.9508076386306,42.561175023767476,0.05530045061781294,0.04369349935874432,49.999813680555555,0.3726388888889001
2684.0,0.2544430553260155,3.3585882742391577,3.59077597192382,50.0,167.9294137119579,42.56471560696957,0.05530150703906507,0.04369421438707898,49.99981361111111,0.37277777777778903
2685.0,0.25416527651274007,3.358160390526172,3.590414859466562,50.0,167.9080195263086,42.56825815293951,0.05530256404929689,0.04369492977560699,49.99981354166667,0.37291666666667794
2686.0,0.2538874976990788,3.3577325016319057,3.5900537470088025,50.0,167.8866250815953,42.57180266077734,0.05530362164823009,0.04369564552488163,49.99981347222222,0.37305555555556685
2687.0,0.25360971888503175,3.3573046075546173,3.5896926345505413,50.0,167.86523037773088,42.575349129583685,0.05530467983558656,0.043696361635447635,49.999813402777775,0.37319444444445576
2688.0,0.2533319400705989,3.3568767082925755,3.5893315220917783,50.0,167.84383541462878,42.57889755845986,0.05530573861108837,0.04369707810784127,49.99981333333333,0.3733333333333447
2689.0,0.25305416125578023,3.356448803844059,3.5889704096325143,50.0,167.82244019220295,42.58244794650767,0.05530679797445777,0.04369779494259044,49.99981326388889,0.3734722222222336
2690.0,0.25277638244057576,3.3560208942073535,3.5886092971727486,50.0,167.80104471036768,42.58600029282974,0.05530785792541721,0.0436985121402148,49.99981319444444,0.3736111111111225
2691.0,0.25249860362498544,3.355592979380755,3.588248184712481,50.0,167.77964896903774,42.589554596529126,0.05530891846368932,0.04369922970122582,49.999813124999996,0.3737500000000114
2692.0,0.2522208248090093,3.3551650593625664,3.587887072251712,50.0,167.75825296812832,42.59311085670964,0.055309979588996916,0.04369994762612692,49.999813055555556,0.3738888888889003
2693.0,0.2519430459926474,3.354737134151102,3.5875259597904416,50.0,167.7368567075551,42.59666907247566,0.055311041301063006,0.043700665915413515,49.99981298611111,0.3740277777777892
2694.0,0.25166526717589965,3.3543092037446818,3.5871648473286695,50.0,167.7154601872341,42.60022924293219,0.05531210359961078,0.04370138456957315,49.99981291666667,0.37416666666667814
2695.0,0.2513874883587661,3.3538812681416363,3.586803734866396,50.0,167.6940634070818,42.60379136718484,0.055313166484363616,0.04370210358908558,49.99981284722222,0.37430555555556705
2696.0,0.2511097095412468,3.3534533273403038,3.586442622403621,50.0,167.67266636701518,42.60735544433987,0.05531422995504509,0.04370282297442284,49.99981277777778,0.37444444444445596
2697.0,0.25083193072334165,3.353025381339031,3.5860815099403442,50.0,167.65126906695156,42.61092147350422,0.055315294011378954,0.043703542726049385,49.99981270833334,0.37458333333334487
2698.0,0.2505541519050507,3.3525974301361714,3.5857203974765657,50.0,167.62987150680857,42.614489453785325,0.05531635865308914,0.04370426284442211,49.99981263888889,0.3747222222222338
2699.0,0.25027637308637396,3.352169473730089,3.585359285012286,50.0,167.60847368650445,42.618059384291314,0.05531742387989979,0.04370498332999048,49.999812569444444,0.3748611111111227
2700.0,0.2499985942673114,3.3517415121191534,3.584998172547505,50.0,167.58707560595766,42.62163126413088,0.05531848969153521,0.04370570418319662,49.999812500000004,0.3750000000000116
2701.0,0.24972081544786306,3.3513135453017444,3.584637060082222,50.0,167.56567726508723,42.62520509241341,0.05531955608771991,0.04370642540447538,49.99981243055556,0.3751388888889005
2702.0,0.2494430366280289,3.3508855732762477,3.5842759476164376,50.0,167.54427866381238,42.628780868248896,0.05532062306817856,0.043707146994254424,49.99981236111111,0.3752777777777894
2703.0,0.24916525780780896,3.3504575960410574,3.5839148351501517,50.0,167.52287980205287,42.63235859074791,0.055321690632636054,0.04370786895295433,49.999812291666665,0.37541666666667833
2704.0,0.2488874789872032,3.350029613594576,3.583553722683364,50.0,167.50148067972881,42.63593825902166,0.05532275878081745,0.04370859128098866,49.999812222222225,0.37555555555556724
2705.0,0.24860970016621164,3.3496016259352137,3.583192610216075,50.0,167.4800812967607,42.63951987218195,0.055323827512448,0.04370931397876403,49.99981215277778,0.37569444444445615
2706.0,0.24833192134483426,3.3491736330613864,3.5828314977482845,50.0,167.4586816530693,42.64310342934124,0.05532489682725313,0.0437100370466802,49.99981208333333,0.37583333333334507
2707.0,0.24805414252307106,3.3487456349715186,3.582470385279992,50.0,167.43728174857594,42.646688929612594,0.055325966724958466,0.04371076048513019,49.99981201388889,0.375972222222234
2708.0,0.24777636370092207,3.3483176316640435,3.5821092728111985,50.0,167.41588158320218,42.650276372109715,0.055327037205289815,0.04371148429450028,49.999811944444446,0.3761111111111229
2709.0,0.24749858487838727,3.3478896231373985,3.5817481603419035,50.0,167.39448115686992,42.65386575594687,0.05532810826797318,0.04371220847517017,49.999811875,0.3762500000000118
2710.0,0.24722080605546667,3.3474616093900305,3.5813870478721066,50.0,167.37308046950153,42.65745708023894,0.05532917991273473,0.043712933027512994,49.99981180555555,0.3763888888889007
2711.0,0.24694302723216027,3.347033590420393,3.5810259354018084,50.0,167.35167952101966,42.661050344101454,0.05533025213930083,0.04371365795189545,49.99981173611111,0.3765277777777896
2712.0,0.24666524840846807,3.346605566226947,3.5806648229310083,50.0,167.33027831134734,42.66464554665055,0.05533132494739803,0.04371438324867782,49.999811666666666,0.37666666666667853
2713.0,0.24638746958439006,3.346177536808159,3.580303710459707,50.0,167.30887684040795,42.66824268700299,0.055332398336753075,0.04371510891821409,49.99981159722222,0.37680555555556744
2714.0,0.24610969075992625,3.3457495021625037,3.579942597987904,50.0,167.2874751081252,42.67184176427611,0.05533347230709288,0.043715834960852004,49.99981152777778,0.37694444444445635
2715.0,0.2458319119350766,3.3453214622884624,3.5795814855155994,50.0,167.2660731144231,42.67544277758793,0.05533454685814456,0.043716561376933125,49.99981145833333,0.37708333333334526
2716.0,0.24555413310984117,3.3448934171845237,3.5792203730427934,50.0,167.24467085922618,42.679045726056984,0.0553356219896354,0.04371728816679294,49.99981138888889,0.37722222222223417
2717.0,0.24527635428421993,3.344465366849181,3.578859260569486,50.0,167.22326834245905,42.68265060880253,0.05533669770129288,0.043718015330760904,49.99981131944444,0.3773611111111231
2718.0,0.24499857545821288,3.3440373112809354,3.578498148095677,50.0,167.20186556404678,42.68625742494436,0.05533777399284467,0.04371874286916052,49.99981125,0.377500000000012
2719.0,0.24472079663182003,3.343609250478295,3.578137035621366,50.0,167.18046252391474,42.68986617360292,0.0553388508640186,0.043719470782309394,49.999811180555554,0.3776388888889009
2720.0,0.24444301780504138,3.3431811844397745,3.577775923146554,50.0,167.1590592219887,42.6934768538992,0.05533992831454272,0.043720199070519335,49.99981111111111,0.3777777777777898
2721.0,0.24416523897787692,3.3427531131638935,3.57741481067124,50.0,167.13765565819466,42.6970894649549,0.05534100634414525,0.043720927734096394,49.99981104166666,0.3779166666666787
2722.0,0.24388746015032667,3.3423250366491795,3.577053698195425,50.0,167.11625183245897,42.70070400589225,0.055342084952554584,0.043721656773340944,49.99981097222222,0.37805555555556764
2723.0,0.2436096813223906,3.341896954894165,3.576692585719108,50.0,167.09484774470823,42.704320475834095,0.055343164139499315,0.04372238618854774,49.99981090277778,0.37819444444445655
2724.0,0.24333190249406875,3.3414688678973903,3.5763314732422895,50.0,167.0734433948695,42.70793887390391,0.055344243904708205,0.043723115980006,49.999810833333335,0.37833333333334546
2725.0,0.24305412366536105,3.3410407756574,3.5759703607649693,50.0,167.05203878287,42.71155919922586,0.055345324247910214,0.043723846147999436,49.99981076388889,0.37847222222223437
2726.0,0.24277634483626756,3.340612678172746,3.5756092482871478,50.0,167.0306339086373,42.71518145092455,0.05534640516883448,0.043724576692806355,49.99981069444445,0.3786111111111233
2727.0,0.24249856600678826,3.3401845754419868,3.575248135808825,50.0,167.00922877209933,42.718805628125324,0.05534748666721033,0.04372530761469971,49.999810625,0.3787500000000122
2728.0,0.24222078717692316,3.3397564674636846,3.57488702333,50.0,166.98782337318423,42.72243172995411,0.05534856874276727,0.043726038913947156,49.999810555555555,0.3788888888889011
2729.0,0.24194300834667226,3.3393283542364083,3.574525910850674,50.0,166.9664177118204,42.72605975553739,0.05534965139523499,0.04372677059081111,49.999810486111116,0.37902777777779
2730.0,0.24166522951603556,3.338900235758734,3.574164798370846,50.0,166.9450117879367,42.72968970400234,0.05535073462434337,0.04372750264554883,49.99981041666667,0.3791666666666789
2731.0,0.24138745068501305,3.338472112029243,3.573803685890517,50.0,166.92360560146216,42.73332157447663,0.05535181842982246,0.043728235078412454,49.99981034722222,0.37930555555556783
2732.0,0.24110967185360474,3.338043983046521,3.573442573409686,50.0,166.90219915232603,42.73695536608864,0.0553529028114025,0.04372896788964907,49.999810277777776,0.37944444444445674
2733.0,0.24083189302181063,3.337615848809161,3.573081460928354,50.0,166.88079244045807,42.74059107796728,0.05535398776881393,0.043729701079500784,49.99981020833334,0.37958333333334565
2734.0,0.2405541141896307,3.3371877093157605,3.57272034844652,50.0,166.85938546578802,42.74422870924212,0.05535507330178734,0.04373043464820476,49.99981013888889,0.37972222222223456
2735.0,0.24027633535706497,3.3367595645649217,3.5723592359641843,50.0,166.83797822824607,42.747868259043344,0.055356159410053535,0.04373116859599329,49.99981006944444,0.3798611111111235
2736.0,0.23999855652411342,3.3363314145552554,3.5719981234813476,50.0,166.81657072776278,42.751509726501695,0.055357246093343485,0.04373190292309385,49.99981,0.3800000000000124
2737.0,0.23972077769077607,3.3359032592853732,3.5716370109980087,50.0,166.79516296426866,42.755153110748495,0.055358333351388345,0.04373263762972915,49.99980993055556,0.3801388888889013
2738.0,0.23944299885705292,3.3354750987538977,3.571275898514169,50.0,166.7737549376949,42.7587984109158,0.055359421183919455,0.0437333727161172,49.99980986111111,0.3802777777777902
2739.0,0.23916522002294396,3.3350469329594516,3.570914786029827,50.0,166.7523466479726,42.76244562613613,0.055360509590668336,0.04373410818247135,49.999809791666664,0.3804166666666791
2740.0,0.2388874411884492,3.3346187619006655,3.570553673544984,50.0,166.73093809503328,42.76609475554261,0.0553615985713667,0.04373484402900037,49.999809722222224,0.380555555555568
2741.0,0.23860966235356865,3.334190585576174,3.5701925610596392,50.0,166.7095292788087,42.76974579826907,0.05536268812574643,0.04373558025590847,49.99980965277778,0.38069444444445694
2742.0,0.23833188351830228,3.3337624039846183,3.569831448573793,50.0,166.68812019923092,42.7733987534499,0.05536377825353959,0.04373631686339538,49.99980958333333,0.38083333333334585
2743.0,0.23805410468265012,3.3333342171246434,3.569470336087445,50.0,166.66671085623216,42.777053620220045,0.05536486895447843,0.0437370538516564,49.999809513888884,0.38097222222223476
2744.0,0.23777632584661212,3.332906024994901,3.569109223600596,50.0,166.64530124974505,42.7807103977151,0.05536596022829539,0.04373779122088244,49.999809444444445,0.38111111111112367
2745.0,0.23749854701018833,3.3324778275940434,3.5687481111132446,50.0,166.62389137970217,42.78436908507126,0.05536705207472308,0.04373852897126008,49.999809375,0.3812500000000126
2746.0,0.23722076817337873,3.332049624920734,3.5683869986253924,50.0,166.6024812460367,42.788029681425314,0.05536814449349431,0.04373926710297161,49.99980930555555,0.3813888888889015
2747.0,0.23694298933618332,3.331621416973636,3.5680258861370384,50.0,166.58107084868178,42.791692185914656,0.05536923748434204,0.04374000561619509,49.99980923611111,0.3815277777777904
2748.0,0.23666521049860212,3.33119320375142,3.5676647736481826,50.0,166.559660187571,42.7953565976772,0.05537033104699944,0.04374074451110442,49.999809166666665,0.3816666666666793
2749.0,0.2363874316606351,3.330764985252762,3.567303661158826,50.0,166.5382492626381,42.799022915851594,0.05537142518119985,0.04374148378786934,49.99980909722222,0.3818055555555682
2750.0,0.2361096528222823,3.3303367614763384,3.5669425486689668,50.0,166.51683807381693,42.80269113957701,0.055372519886676796,0.04374222344665552,49.99980902777777,0.38194444444445713
2751.0,0.2358318739835437,3.329908532420836,3.566581436178607,50.0,166.4954266210418,42.806361267993225,0.055373615163163976,0.043742963487624596,49.99980895833333,0.38208333333334604
2752.0,0.23555409514441927,3.3294802980849423,3.566220323687745,50.0,166.47401490424713,42.810033300240605,0.05537471101039527,0.04374370391093421,49.99980888888889,0.38222222222223495
2753.0,0.23527631630490906,3.3290520584673513,3.565859211196382,50.0,166.45260292336758,42.81370723546013,0.05537580742810475,0.04374444471673807,49.999808819444446,0.38236111111112386
2754.0,0.234998537465013,3.3286238135667596,3.565498098704517,50.0,166.43119067833797,42.81738307279335,0.05537690441602666,0.04374518590518599,49.99980875,0.3825000000000128
2755.0,0.23472075862473116,3.3281955633818705,3.5651369862121505,50.0,166.40977816909353,42.82106081138244,0.05537800197389543,0.04374592747642392,49.99980868055556,0.3826388888889017
2756.0,0.2344429797840635,3.3277673079113907,3.5647758737192827,50.0,166.38836539556954,42.8247404503702,0.05537910010144566,0.04374666943059402,49.99980861111111,0.3827777777777906
2757.0,0.23416520094301005,3.327339047154031,3.564414761225913,50.0,166.36695235770156,42.828421988900004,0.05538019879841214,0.043747411767834685,49.99980854166667,0.3829166666666795
2758.0,0.2338874221015708,3.326910781108506,3.564053648732042,50.0,166.34553905542532,42.83210542611579,0.055381298064529835,0.0437481544882806,49.99980847222222,0.3830555555555684
2759.0,0.23360964325974573,3.326482509773537,3.5636925362376695,50.0,166.32412548867686,42.83579076116206,0.055382397899533906,0.04374889759206279,49.99980840277778,0.3831944444444573
2760.0,0.23333186441753487,3.326054233147847,3.5633314237427953,50.0,166.30271165739234,42.839477993184005,0.05538349830315966,0.043749641079308635,49.999808333333334,0.38333333333334624
2761.0,0.2330540855749382,3.3256259512301645,3.56297031124742,50.0,166.2812975615082,42.84316712132738,0.055384599275142624,0.04375038495014194,49.99980826388889,0.38347222222223515
2762.0,0.23277630673195573,3.325197664019221,3.5626091987515425,50.0,166.25988320096104,42.84685814473852,0.05538570081521847,0.043751129204682965,49.99980819444445,0.38361111111112406
2763.0,0.23249852788858744,3.3247693715137543,3.5622480862551638,50.0,166.2384685756877,42.850551062564364,0.05538680292312308,0.043751873843048475,49.999808125,0.38375000000001297
2764.0,0.23222074904483334,3.324341073712503,3.5618869737582832,50.0,166.21705368562516,42.85424587395238,0.05538790559859249,0.04375261886535177,49.999808055555555,0.3838888888889019
2765.0,0.23194297020069343,3.3239127706142138,3.5615258612609013,50.0,166.19563853071068,42.85794257805071,0.05538900884136293,0.04375336427170273,49.99980798611111,0.3840277777777908
2766.0,0.23166519135616773,3.3234844622176345,3.561164748763018,50.0,166.1742231108817,42.86164117400807,0.0553901126511708,0.04375411006220788,49.99980791666667,0.3841666666666797
2767.0,0.23138741251125622,3.3230561485215167,3.560803636264633,50.0,166.15280742607584,42.8653416609738,0.0553912170277527,0.043754856236970376,49.99980784722222,0.3843055555555686
2768.0,0.2311096336659589,3.322627829524618,3.5604425237657464,50.0,166.1313914762309,42.86904403809774,0.055392321970845385,0.0437556027960901,49.999807777777775,0.3844444444444575
2769.0,0.2308318548202758,3.3221995052256985,3.5600814112663586,50.0,166.10997526128492,42.872748304530376,0.05539342748018579,0.043756349739663664,49.999807708333336,0.38458333333334643
2770.0,0.23055407597420688,3.3217711756235215,3.559720298766469,50.0,166.0885587811761,42.8764544594228,0.055394533555511036,0.04375709706778447,49.99980763888889,0.38472222222223534
2771.0,0.23027629712775216,3.3213428407168557,3.559359186266078,50.0,166.06714203584278,42.88016250192669,0.05539564019655843,0.043757844780542725,49.99980756944444,0.38486111111112425
2772.0,0.22999851828091164,3.320914500504472,3.558998073765185,50.0,166.0457250252236,42.88387243119428,0.05539674740306545,0.0437585928780255,49.999807499999996,0.38500000000001317
2773.0,0.2297207394336853,3.3204861549851468,3.5586369612637907,50.0,166.02430774925733,42.887584246378424,0.05539785517476975,0.04375934136031675,49.999807430555556,0.3851388888889021
2774.0,0.22944296058607314,3.3200578041576585,3.558275848761895,50.0,166.00289020788293,42.89129794663256,0.055398963511409174,0.04376009022749737,49.99980736111111,0.385277777777791
2775.0,0.22916518173807518,3.3196294480207897,3.5579147362594976,50.0,165.9814724010395,42.89501353111069,0.055400072412721726,0.04376083947964522,49.99980729166666,0.3854166666666799
2776.0,0.22888740288969142,3.3192010865733277,3.557553623756599,50.0,165.9600543286664,42.89873099896744,0.055401181878445595,0.04376158911683517,49.99980722222222,0.3855555555555688
2777.0,0.22860962404092186,3.3187727198140613,3.5571925112531986,50.0,165.93863599070306,42.90245034935799,0.055402291908319155,0.043762339139139114,49.99980715277778,0.3856944444444577
2778.0,0.2283318451917665,3.3183443477417844,3.5568313987492965,50.0,165.9172173870892,42.90617158143817,0.05540340250208096,0.04376308954662603,49.99980708333333,0.38583333333334663
2779.0,0.22805406634222533,3.317915970355294,3.5564702862448927,50.0,165.89579851776472,42.90989469436431,0.055404513659469724,0.043763840339361995,49.99980701388888,0.38597222222223554
2780.0,0.22777628749229836,3.3174875876533907,3.556109173739988,50.0,165.87437938266953,42.91361968729336,0.05540562538022435,0.04376459151741024,49.999806944444444,0.38611111111112445
2781.0,0.2274985086419856,3.3170591996348775,3.5557480612345813,50.0,165.85295998174388,42.917346559382906,0.05540673766408393,0.04376534308083115,49.999806875000004,0.38625000000001336
2782.0,0.227220729791287,3.3166308062985626,3.555386948728673,50.0,165.83154031492813,42.92107530979109,0.05540785051078771,0.04376609502968235,49.99980680555556,0.38638888888890227
2783.0,0.2269429509402026,3.316202407643257,3.5550258362222635,50.0,165.81012038216286,42.92480593767664,0.05540896392007513,0.043766847364018695,49.99980673611111,0.3865277777777912
2784.0,0.22666517208873238,3.315774003667773,3.554664723715352,50.0,165.78870018338864,42.92853844219877,0.05541007789168581,0.043767600083892313,49.99980666666667,0.3866666666666801
2785.0,0.22638739323687637,3.315345594370929,3.5543036112079394,50.0,165.76727971854646,42.93227282251746,0.05541119242535952,0.04376835318935264,49.999806597222225,0.386805555555569
2786.0,0.22610961438463456,3.3149171797515447,3.553942498700025,50.0,165.74585898757724,42.93600907779313,0.05541230752083624,0.043769106680446465,49.99980652777778,0.3869444444444579
2787.0,0.22583183553200695,3.3144887598084445,3.553581386191609,50.0,165.72443799042222,42.93974720718688,0.05541342317785611,0.043769860557217946,49.99980645833333,0.3870833333333468
2788.0,0.22555405667899353,3.3140603345404553,3.5532202736826917,50.0,165.70301672702277,42.943487209860336,0.055414539396159444,0.043770614819708634,49.99980638888889,0.38722222222223573
2789.0,0.2252762778255943,3.313631903946407,3.5528591611732727,50.0,165.68159519732035,42.94722908497573,0.055415656175486744,0.04377136946795753,49.999806319444446,0.38736111111112465
2790.0,0.2249984989718093,3.3132034680251325,3.552498048663352,50.0,165.66017340125663,42.95097283169588,0.05541677351557868,0.04377212450200109,49.99980625,0.38750000000001356
2791.0,0.22472072011763844,3.3127750267754688,3.55213693615293,50.0,165.63875133877343,42.9547184491841,0.0554178914161761,0.043772879921873266,49.99980618055556,0.38763888888890247
2792.0,0.22444294126308179,3.312346580196255,3.5517758236420063,50.0,165.61732900981275,42.958465936604455,0.055419009877020024,0.043773635727605543,49.99980611111111,0.3877777777777914
2793.0,0.22416516240813933,3.3119181282863335,3.551414711130581,50.0,165.5959064143167,42.96221529312146,0.05542012889785166,0.04377439191922696,49.999806041666666,0.3879166666666803
2794.0,0.22388738355281107,3.311489671044549,3.551053598618654,50.0,165.57448355222746,42.965966517900256,0.055421248478412385,0.043775148496764144,49.99980597222222,0.3880555555555692
2795.0,0.223609604697097,3.311061208469752,3.550692486106226,50.0,165.5530604234876,42.96971961010655,0.05542236861844375,0.04377590546024133,49.99980590277778,0.3881944444444581
2796.0,0.22333182584099714,3.310632740560792,3.550331373593296,50.0,165.5316370280396,42.973474568906624,0.05542348931768748,0.04377666280968039,49.99980583333333,0.388333333333347
2797.0,0.22305404698451148,3.3102042673165237,3.549970261079865,50.0,165.5102133658262,42.97723139346738,0.05542461057588548,0.043777420545100885,49.99980576388889,0.38847222222223593
2798.0,0.22277626812764,3.309775788735805,3.549609148565932,50.0,165.48878943679023,42.98099008295628,0.05542573239277982,0.04377817866652006,49.99980569444445,0.38861111111112484
2799.0,0.22249848927038274,3.3093473048174955,3.5492480360514977,50.0,165.46736524087478,42.98475063654132,0.05542685476811277,0.0437789371739529,49.999805625,0.38875000000001375
2800.0,0.22222071041273966,3.308918815560458,3.5488869235365614,50.0,165.4459407780229,42.98851305339116,0.05542797770162676,0.043779696067412124,49.999805555555554,0.38888888888890266
2801.0,0.22194293155471076,3.3084903209635588,3.548525811021124,50.0,165.42451604817794,42.99227733267497,0.055429101193064385,0.04378045534690825,49.99980548611111,0.3890277777777916
2802.0,0.22166515269629605,3.308061821025665,3.5481646985051847,50.0,165.40309105128327,42.996043473562565,0.05543022524216843,0.0437812150124496,49.99980541666667,0.3891666666666805
2803.0,0.22138737383749554,3.3076333157456497,3.5478035859887442,50.0,165.3816657872825,42.99981147522425,0.05543134984868185,0.04378197506404233,49.99980534722222,0.3893055555555694
2804.0,0.22110959497830923,3.3072048051223866,3.547442473471802,50.0,165.36024025611934,43.00358133683096,0.05543247501234777,0.04378273550169044,49.999805277777774,0.3894444444444583
2805.0,0.22083181611873712,3.306776289154752,3.5470813609543583,50.0,165.33881445773758,43.00735305755421,0.055433600732909497,0.04378349632539585,49.99980520833333,0.3895833333333472
2806.0,0.2205540372587792,3.306347767841625,3.546720248436413,50.0,165.31738839208126,43.011126636566075,0.05543472701011051,0.04378425753515835,49.99980513888889,0.3897222222222361
2807.0,0.22027625839843548,3.3059192411818876,3.546359135917966,50.0,165.2959620590944,43.014902073039195,0.05543585384369447,0.0437850191309757,49.99980506944444,0.38986111111112504
2808.0,0.21999847953770596,3.305490709174426,3.545998023399018,50.0,165.27453545872132,43.018679366146785,0.05543698123340519,0.043785781112843605,49.999805,0.39000000000001395
2809.0,0.21972070067659064,3.3050621718181254,3.545636910879568,50.0,165.25310859090627,43.02245851506268,0.05543810917898668,0.04378654348075577,49.999804930555555,0.39013888888890286
2810.0,0.21944292181508948,3.3046336291118776,3.5452757983596164,50.0,165.23168145559387,43.02623951896129,0.05543923768018311,0.04378730623470389,49.999804861111116,0.39027777777779177
2811.0,0.21916514295320252,3.3042050810545733,3.544914685839163,50.0,165.21025405272866,43.03002237701753,0.055440366736738834,0.04378806937467772,49.99980479166667,0.3904166666666807
2812.0,0.21888736409092976,3.303776527645109,3.5445535733182085,50.0,165.18882638225546,43.033807088406945,0.05544149634839838,0.04378883290066505,49.99980472222222,0.3905555555555696
2813.0,0.2186095852282712,3.3033479688823815,3.5441924607967525,50.0,165.16739844411907,43.037593652305645,0.05544262651490643,0.04378959681265176,49.99980465277778,0.3906944444444585
2814.0,0.21833180636522684,3.3029194047652903,3.5438313482747947,50.0,165.1459702382645,43.04138206789031,0.055443757236007876,0.04379036111062185,49.999804583333336,0.3908333333333474
2815.0,0.21805402750179667,3.3024908352927387,3.5434702357523356,50.0,165.12454176463694,43.04517233433819,0.05544488851144775,0.043791125794557434,49.99980451388889,0.3909722222222363
2816.0,0.2177762486379807,3.302062260463631,3.543109123229375,50.0,165.10311302318155,43.0489644508271,0.055446020340971264,0.04379189086443877,49.99980444444444,0.39111111111112523
2817.0,0.21749846977377893,3.3016336802768746,3.5427480107059126,50.0,165.08168401384373,43.05275841653548,0.055447152724323816,0.0437926563202443,49.999804375000004,0.39125000000001414
2818.0,0.21722069090919136,3.3012050947313796,3.542386898181949,50.0,165.060254736569,43.056554230642234,0.05544828566125098,0.04379342216195067,49.99980430555556,0.39138888888890305
2819.0,0.21694291204421795,3.3007765038260573,3.5420257856574833,50.0,165.03882519130286,43.060351892326935,0.05544941915149847,0.043794188389532716,49.99980423611111,0.39152777777779196
2820.0,0.21666513317885874,3.3003479075598214,3.5416646731325163,50.0,165.01739537799108,43.06415140076973,0.055450553194812215,0.04379495500296355,49.999804166666664,0.3916666666666809
2821.0,0.21638735431311373,3.2999193059315903,3.541303560607048,50.0,164.99596529657953,43.06795275515128,0.055451687790938294,0.043795722002214516,49.999804097222224,0.3918055555555698
2822.0,0.21610957544698292,3.299490698940282,3.540942448081078,50.0,164.9745349470141,43.071755954652815,0.055452822939622955,0.04379648938725526,49.99980402777778,0.3919444444444587
2823.0,0.2158317965804663,3.299062086584818,3.5405813355546063,50.0,164.95310432924092,43.07556099845618,0.05545395864061263,0.043797257158053715,49.99980395833333,0.3920833333333476
2824.0,0.2155540177135639,3.2986334688641215,3.540220223027633,50.0,164.93167344320608,43.07936788574375,0.055455094893653925,0.04379802531457615,49.99980388888889,0.3922222222222365
2825.0,0.21527623884627567,3.2982048457771183,3.5398591105001582,50.0,164.91024228885593,43.083176615698505,0.055456231698493605,0.04379879385678717,49.999803819444445,0.3923611111111254
2826.0,0.21499845997860165,3.2977762173227365,3.539497997972182,50.0,164.88881086613682,43.08698718750395,0.055457369054878615,0.04379956278464975,49.99980375,0.39250000000001434
2827.0,0.21472068111054182,3.297347583499907,3.539136885443704,50.0,164.86737917499534,43.09079960034421,0.055458506962556074,0.04380033209812524,49.99980368055555,0.39263888888890325
2828.0,0.2144429022420962,3.296918944307561,3.538775772914725,50.0,164.84594721537803,43.09461385340393,0.05545964542127327,0.043801101797173406,49.99980361111111,0.39277777777779216
2829.0,0.21416512337326474,3.2964902997446335,3.538414660385244,50.0,164.82451498723168,43.09842994586836,0.055460784430777656,0.043801871881752434,49.999803541666665,0.39291666666668107
2830.0,0.21388734450404748,3.2960616498100612,3.5380535478552617,50.0,164.80308249050307,43.10224787692334,0.05546192399081688,0.04380264235181895,49.99980347222222,0.39305555555557
2831.0,0.21360956563444441,3.2956329945027827,3.537692435324778,50.0,164.78164972513915,43.10606764575516,0.055463064101138736,0.04380341320732805,49.99980340277778,0.3931944444444589
2832.0,0.21333178676445555,3.295204333821738,3.537331322793792,50.0,164.7602166910869,43.10988925155084,0.0554642047614912,0.04380418444823331,49.99980333333333,0.3933333333333478
2833.0,0.21305400789408088,3.294775667765871,3.536970210262305,50.0,164.73878338829354,43.1137126934978,0.05546534597162243,0.04380495607448679,49.999803263888886,0.3934722222222367
2834.0,0.2127762290233204,3.294346996334127,3.5366090977303166,50.0,164.71734981670636,43.117537970784156,0.05546648773128073,0.04380572808603909,49.99980319444444,0.3936111111111256
2835.0,0.21249845015217414,3.293918319525452,3.5362479851978263,50.0,164.6959159762726,43.12136508259857,0.0554676300402146,0.043806500482839336,49.999803125,0.39375000000001453
2836.0,0.21222067128064206,3.293489637338795,3.5358868726648347,50.0,164.67448186693977,43.12519402813018,0.05546877289817269,0.04380727326483521,49.99980305555555,0.39388888888890344
2837.0,0.2119428924087242,3.2930609497731087,3.5355257601313412,50.0,164.65304748865543,43.12902480656879,0.05546991630490383,0.04380804643197297,49.99980298611111,0.39402777777779235
2838.0,0.21166511353642048,3.2926322568273445,3.535164647597347,50.0,164.63161284136723,43.13285741710473,0.05547106026015704,0.04380881998419745,49.99980291666667,0.39416666666668126
2839.0,0.21138733466373097,3.292203558500457,3.53480353506285,50.0,164.61017792502287,43.136691858928884,0.055472204763681476,0.043809593921452124,49.99980284722223,0.3943055555555702
2840.0,0.21110955579065566,3.291774854791404,3.5344424225278526,50.0,164.5887427395702,43.14052813123266,0.05547334981522649,0.04381036824367906,49.99980277777778,0.3944444444444591
2841.0,0.21083177691719454,3.2913461456991446,3.5340813099923527,50.0,164.56730728495722,43.14436623320813,0.05547449541454159,0.04381114295081898,49.999802708333334,0.394583333333348
2842.0,0.21055399804334762,3.290917431222639,3.533720197456352,50.0,164.54587156113195,43.14820616404785,0.05547564156137646,0.04381191804281127,49.99980263888889,0.3947222222222369
2843.0,0.2102762191691149,3.2904887113608496,3.5333590849198493,50.0,164.5244355680425,43.15204792294497,0.05547678825548096,0.04381269351959396,49.99980256944445,0.3948611111111258
2844.0,0.20999844029449638,3.2900599861127415,3.5329979723828453,50.0,164.50299930563708,43.15589150909324,0.05547793549660512,0.04381346938110382,49.9998025,0.39500000000001473
2845.0,0.20972066141949205,3.2896312554772815,3.5326368598453395,50.0,164.48156277386408,43.159736921686886,0.05547908328449912,0.0438142456272763,49.999802430555555,0.39513888888890364
2846.0,0.20944288254410193,3.2892025194534362,3.5322757473073323,50.0,164.46012597267182,43.16358415992073,0.05548023161891333,0.04381502225804558,49.999802361111115,0.39527777777779255
2847.0,0.20916510366832597,3.2887737780401762,3.5319146347688237,50.0,164.4386889020088,43.167433222990155,0.05548138049959828,0.04381579927334457,49.99980229166667,0.39541666666668146
2848.0,0.2088873247921642,3.288345031236475,3.5315535222298133,50.0,164.41725156182375,43.171284110091165,0.05548252992630469,0.04381657667310496,49.99980222222222,0.39555555555557037
2849.0,0.20860954591561665,3.2879162790413043,3.5311924096903016,50.0,164.39581395206523,43.17513682042022,0.055483679898783424,0.043817354457257186,49.999802152777775,0.3956944444444593
2850.0,0.20833176703868328,3.2874875214536403,3.5308312971502884,50.0,164.37437607268203,43.17899135317441,0.05548483041678552,0.04381813262573049,49.999802083333336,0.3958333333333482
2851.0,0.2080539881613641,3.2870587584724595,3.5304701846097735,50.0,164.352937923623,43.18284770755133,0.0554859814800622,0.04381891117845291,49.99980201388889,0.3959722222222371
2852.0,0.20777620928365914,3.2866299900967415,3.5301090720687567,50.0,164.33149950483707,43.18670588274921,0.05548713308836484,0.043819690115351285,49.99980194444444,0.396111111111126
2853.0,0.20749843040556837,3.286201216325468,3.529747959527239,50.0,164.3100608162734,43.190565877966776,0.05548828524144499,0.04382046943635131,49.999801875,0.3962500000000149
2854.0,0.2072206515270918,3.285772437157619,3.5293868469852194,50.0,164.28862185788097,43.19442769240334,0.055489437939054365,0.04382124914137752,49.999801805555556,0.39638888888890383
2855.0,0.20694287264822941,3.2853436525921804,3.529025734442698,50.0,164.267182629609,43.19829132525871,0.05549059118094487,0.0438220292303533,49.99980173611111,0.39652777777779274
2856.0,0.2066650937689812,3.284914862628138,3.528664621899676,50.0,164.2457431314069,43.202156775733386,0.055491744966868546,0.04382280970320092,49.99980166666666,0.39666666666668166
2857.0,0.2063873148893472,3.2844860672644773,3.5283035093561512,50.0,164.22430336322387,43.20602404302832,0.05549289929657762,0.04382359055984153,49.99980159722222,0.39680555555557057
2858.0,0.20610953600932738,3.2840572665001897,3.5279423968121257,50.0,164.20286332500947,43.20989312634504,0.055494054169824496,0.04382437180019521,49.99980152777778,0.3969444444444595
2859.0,0.20583175712892177,3.283628460334265,3.5275812842675984,50.0,164.18142301671327,43.21376402488562,0.05549520958636173,0.04382515342418092,49.99980145833333,0.3970833333333484
2860.0,0.20555397824813035,3.2831996487656947,3.5272201717225693,50.0,164.15998243828474,43.21763673785273,0.055496365545942054,0.043825935431716576,49.99980138888888,0.3972222222222373
2861.0,0.20527619936695313,3.2827708317934747,3.5268590591770392,50.0,164.13854158967374,43.22151126444953,0.05549752204831837,0.04382671782271903,49.999801319444444,0.3973611111111262
2862.0,0.2049984204853901,3.282342009416599,3.5264979466310074,50.0,164.11710047082994,43.225387603879824,0.05549867909324375,0.0438275005971041,49.99980125,0.3975000000000151
2863.0,0.20472064160344128,3.281913181634065,3.5261368340844736,50.0,164.09565908170325,43.22926575534791,0.05549983668047142,0.04382828375478657,49.99980118055555,0.39763888888890403
2864.0,0.20444286272110665,3.2814843484448715,3.5257757215374386,50.0,164.07421742224358,43.233145718058665,0.05550099480975478,0.043829067295680195,49.99980111111111,0.39777777777779294
2865.0,0.20416508383838622,3.2810555098480196,3.525414608989902,50.0,164.05277549240097,43.237027491217475,0.055502153480847416,0.04382985121969775,49.99980104166667,0.39791666666668185
2866.0,0.20388730495527996,3.2806266658425103,3.525053496441864,50.0,164.0313332921255,43.24091107403035,0.05550331269350305,0.04383063552675101,49.999800972222225,0.39805555555557076
2867.0,0.2036095260717879,3.280197816427347,3.524692383893324,50.0,164.00989082136735,43.244796465703814,0.055504472447475604,0.043831420216750766,49.99980090277778,0.39819444444445967
2868.0,0.20333174718791003,3.2797689616015355,3.524331271344283,50.0,163.98844808007678,43.24868366544496,0.05550563274251914,0.04383220528960685,49.99980083333334,0.3983333333333486
2869.0,0.20305396830364636,3.2793401013640806,3.5239701587947403,50.0,163.96700506820403,43.25257267246138,0.05550679357838791,0.04383299074522815,49.99980076388889,0.3984722222222375
2870.0,0.2027761894189969,3.278911235713991,3.523609046244696,50.0,163.94556178569954,43.25646348596126,0.05550795495483632,0.043833776583522596,49.999800694444446,0.3986111111111264
2871.0,0.20249841053396161,3.2784823646502765,3.52324793369415,50.0,163.92411823251382,43.26035610515339,0.055509116871618934,0.04383456280439721,49.999800625,0.3987500000000153
2872.0,0.20222063164854054,3.2780534881719476,3.5228868211431026,50.0,163.9026744085974,43.26425052924702,0.0555102793284905,0.04383534940775807,49.99980055555556,0.3988888888889042
2873.0,0.20194285276273366,3.2776246062780166,3.522525708591554,50.0,163.88123031390083,43.26814675745197,0.05551144232520593,0.04383613639351039,49.99980048611111,0.39902777777779314
2874.0,0.20166507387654098,3.2771957189674965,3.522164596039503,50.0,163.85978594837482,43.27204478897869,0.0555126058615203,0.04383692376155844,49.999800416666666,0.39916666666668205
2875.0,0.20138729498996247,3.2767668262394034,3.521803483486951,50.0,163.83834131197017,43.27594462303807,0.055513769937188845,0.043837711511805655,49.99980034722222,0.39930555555557096
2876.0,0.20110951610299815,3.2763379280927545,3.521442370933898,50.0,163.81689640463773,43.27984625884159,0.05551493455196699,0.04383849964415457,49.99980027777778,0.39944444444445987
2877.0,0.20083173721564804,3.275909024526566,3.5210812583803426,50.0,163.7954512263283,43.28374969560133,0.05551609970561029,0.04383928815850688,49.99980020833333,0.3995833333333488
2878.0,0.20055395832791212,3.2754801155398585,3.5207201458262856,50.0,163.77400577699294,43.28765493252985,0.0555172653978745,0.04384007705476341,49.99980013888889,0.3997222222222377
2879.0,0.2002761794397904,3.2750512011316526,3.5203590332717276,50.0,163.75256005658264,43.29156196884031,0.055518431628515524,0.04384086633282416,49.99980006944445,0.3998611111111266
2880.0,0.19999840055128287,3.2746208417971245,3.5199964812128224,50.0,163.73104208985623,43.29547080374641,0.055519598397289434,0.043841655992588324,49.9998,0.4000000000000155
2881.0,0.19972062166238955,3.273941915542985,3.519385367657257,50.0,163.69709577714926,43.29938143646234,0.05552076570395247,0.043842446033954256,49.999799930555554,0.4001388888889044
2882.0,0.19944284277311042,3.273262983864071,3.518774254100843,50.0,163.66314919320354,43.30329386620292,0.05552193354826104,0.0438432364568195,49.99979986111111,0.40027777777779333
2883.0,0.1991650638834455,3.272584046759407,3.5181631405435803,50.0,163.62920233797036,43.30720809218349,0.05552310192997172,0.04384402726108084,49.99979979166667,0.40041666666668224
2884.0,0.19888728499339473,3.271905104228022,3.5175520269854683,50.0,163.5952552114011,43.31112411361988,0.05552427084884125,0.04384481844663423,49.99979972222222,0.40055555555557115
2885.0,0.19860950610295816,3.271226156268944,3.516940913426508,50.0,163.5613078134472,43.31504192972852,0.055525440304626514,0.043845610013374885,49.999799652777774,0.40069444444446006
2886.0,0.1983317272121358,3.270547202881204,3.516329799866699,50.0,163.5273601440602,43.318961539726445,0.05552661029708459,0.043846401961197254,49.999799583333335,0.400833333333349
2887.0,0.19805394832092763,3.269868244063832,3.515718686306041,50.0,163.4934122031916,43.322882942831086,0.05552778082597272,0.04384719428999502,49.99979951388889,0.4009722222222379
2888.0,0.19777616942933365,3.269189279815862,3.515107572744534,50.0,163.4594639907931,43.326806138260565,0.055528951891048284,0.04384798699966112,49.99979944444444,0.4011111111111268
2889.0,0.19749839053735388,3.268510310136328,3.5144964591821783,50.0,163.4255155068164,43.330731125233456,0.05553012349206886,0.043848780090087774,49.999799374999995,0.4012500000000157
2890.0,0.1972206116449883,3.267831335024265,3.5138853456189745,50.0,163.39156675121325,43.3346579029689,0.05553129562879218,0.04384957356116646,49.999799305555555,0.4013888888889046
2891.0,0.19694283275223692,3.267152354478709,3.513274232054921,50.0,163.35761772393545,43.33858647068661,0.05553246830097612,0.043850367412787965,49.99979923611111,0.4015277777777935
2892.0,0.19666505385909974,3.266473368498698,3.5126631184900194,50.0,163.3236684249349,43.34251682760686,0.05553364150837875,0.043851161644842346,49.99979916666666,0.40166666666668244
2893.0,0.19638727496557673,3.2657943770832722,3.5120520049242687,50.0,163.28971885416362,43.346448972950384,0.05553481525075828,0.04385195625721898,49.99979909722222,0.40180555555557135
2894.0,0.19610949607166792,3.26511538023147,3.5114408913576693,50.0,163.2557690115735,43.350382905938545,0.055535989527873114,0.04385275124980655,49.99979902777778,0.40194444444446026
2895.0,0.1958317171773733,3.264436377942334,3.5108297777902213,50.0,163.22181889711672,43.35431862579321,0.0555371643394818,0.04385354662249307,49.999798958333336,0.40208333333334917
2896.0,0.19555393828269288,3.2637573702149063,3.510218664221924,50.0,163.18786851074532,43.358256131736766,0.055538339685343045,0.04385434237516588,49.99979888888889,0.4022222222222381
2897.0,0.19527615938762666,3.2630783570482316,3.509607550652779,50.0,163.15391785241158,43.36219542299216,0.05553951556521574,0.04385513850771165,49.99979881944444,0.402361111111127
2898.0,0.19499838049217463,3.262399338441354,3.508996437082784,50.0,163.1199669220677,43.36613649878291,0.05554069197885892,0.04385593502001643,49.999798750000004,0.4025000000000159
2899.0,0.1947206015963368,3.2617203143933193,3.508385323511941,50.0,163.08601571966597,43.3700793583331,0.0555418689260318,0.043856731911965596,49.99979868055556,0.4026388888889048
2900.0,0.19444282270011318,3.2610412849031767,3.507774209940249,50.0,163.05206424515885,43.37402400086722,0.05554304640649375,0.04385752918344391,49.99979861111111,0.4027777777777937
2901.0,0.19416504380350375,3.2603622499699734,3.5071630963677083,50.0,163.01811249849868,43.37797042561044,0.0555442244200043,0.0438583268343355,49.99979854166667,0.40291666666668263
2902.0,0.19388726490650848,3.2596832095927586,3.506551982794319,50.0,162.98416047963792,43.38191863178844,0.055545402966323154,0.043859124864523875,49.999798472222224,0.40305555555557154
2903.0,0.19360948600912742,3.259004163770584,3.50594086922008,50.0,162.95020818852922,43.3858686186274,0.05554658204521017,0.04385992327389195,49.99979840277778,0.40319444444446045
2904.0,0.19333170711136055,3.2583251125025026,3.5053297556449934,50.0,162.91625562512513,43.389820385354085,0.05554776165642539,0.04386072206232205,49.99979833333333,0.40333333333334936
2905.0,0.19305392821320788,3.257646055787565,3.5047186420690575,50.0,162.88230278937826,43.39377393119571,0.05554894179972898,0.04386152122969587,49.99979826388889,0.4034722222222383
2906.0,0.1927761493146694,3.256966993624827,3.5041075284922725,50.0,162.84834968124136,43.39772925538017,0.05555012247488131,0.043862320775894546,49.999798194444445,0.4036111111111272
2907.0,0.19249837041574513,3.2562879260133437,3.5034964149146393,50.0,162.8143963006672,43.40168635713576,0.05555130368164289,0.04386312070079864,49.999798125,0.4037500000000161
2908.0,0.19222059151643506,3.2556088529521716,3.502885301336157,50.0,162.7804426476086,43.405645235691395,0.05555248541977441,0.04386392100428814,49.99979805555556,0.403888888888905
2909.0,0.19194281261673918,3.2549297744403676,3.502274187756826,50.0,162.74648872201837,43.40960589027651,0.05555366768903669,0.04386472168624248,49.99979798611111,0.4040277777777939
2910.0,0.1916650337166575,3.2542506904769906,3.5016630741766464,50.0,162.71253452384954,43.4135683201211,0.055554850489190746,0.04386552274654054,49.999797916666665,0.40416666666668283
2911.0,0.19138725481618998,3.2535716010611013,3.501051960595618,50.0,162.67858005305507,43.41753252445568,0.05555603381999775,0.043866324185060646,49.99979784722222,0.40430555555557174
2912.0,0.19110947591533667,3.252892506191758,3.5004408470137407,50.0,162.6446253095879,43.42149850251127,0.05555721768121902,0.0438671260016806,49.99979777777778,0.40444444444446065
2913.0,0.19083169701409755,3.252213405868025,3.4998297334310147,50.0,162.61067029340126,43.4254662535194,0.05555840207261606,0.043867928196277675,49.99979770833333,0.40458333333334956
2914.0,0.19055391811247263,3.2515343000889643,3.49921861984744,50.0,162.5767150044482,43.429435776712296,0.05555958699395051,0.04386873076872861,49.999797638888886,0.40472222222223847
2915.0,0.1902761392104619,3.2508551888536386,3.498607506263016,50.0,162.54275944268193,43.433407071322506,0.05556077244498421,0.043869533718909635,49.999797569444446,0.4048611111111274
2916.0,0.18999836030806538,3.2501760721611137,3.4979963926777438,50.0,162.50880360805567,43.43738013658327,0.05556195842547912,0.04387033704669647,49.9997975,0.4050000000000163
2917.0,0.18972058140528306,3.2494969500104554,3.4973852790916227,50.0,162.47484750052277,43.441354971728344,0.05556314493519739,0.04387114075196434,49.99979743055555,0.4051388888889052
2918.0,0.18944280250211493,3.248817822400732,3.496774165504653,50.0,162.44089112003658,43.44533157599193,0.05556433197390131,0.043871944834587964,49.999797361111106,0.4052777777777941
2919.0,0.189165023598561,3.248138689331009,3.496163051916834,50.0,162.40693446655047,43.44930994860886,0.05556551954135335,0.04387274929444159,49.99979729166667,0.405416666666683
2920.0,0.18888724469462123,3.2474595508003565,3.4955519383281666,50.0,162.3729775400178,43.45329008881441,0.055566707637316144,0.04387355413139898,49.99979722222222,0.40555555555557193
2921.0,0.18860946579029567,3.2467804068078454,3.4949408247386504,50.0,162.33902034039227,43.45727199584451,0.055567896261552466,0.04387435934533341,49.999797152777774,0.40569444444446084
2922.0,0.1883316868855843,3.246101257352546,3.4943297111482856,50.0,162.3050628676273,43.46125566893551,0.05556908541382528,0.04387516493611772,49.999797083333334,0.40583333333334976
2923.0,0.18805390798048713,3.2454221024335284,3.4937185975570717,50.0,162.2711051216764,43.465241107324346,0.055570275093897684,0.04387597090362425,49.999797013888895,0.40597222222223867
2924.0,0.18777612907500416,3.244742942049868,3.493107483965009,50.0,162.2371471024934,43.46922831024847,0.05557146530153296,0.04387677724772492,49.99979694444445,0.4061111111111276
2925.0,0.18749835016913538,3.2440637762006377,3.492496370372098,50.0,162.2031888100319,43.47321727694589,0.055572656036494535,0.04387758396829119,49.999796875,0.4062500000000165
2926.0,0.1872205712628808,3.2433846048849126,3.4918852567783376,50.0,162.16923024424563,43.47720800665513,0.055573847298545996,0.04387839106519407,49.999796805555555,0.4063888888889054
2927.0,0.18694279235624042,3.2427054281017678,3.491274143183729,50.0,162.1352714050884,43.48120049861524,0.05557503908745111,0.043879198538304146,49.999796736111115,0.4065277777777943
2928.0,0.18666501344921424,3.2420262458502807,3.4906630295882715,50.0,162.10131229251402,43.48519475206581,0.05557623140297378,0.04388000638749158,49.99979666666667,0.4066666666666832
2929.0,0.18638723454180223,3.241347058129529,3.4900519159919647,50.0,162.06735290647646,43.48919076624691,0.055577424244878104,0.04388081461262611,49.99979659722222,0.40680555555557213
2930.0,0.1861094556340044,3.2406678649385903,3.48944080239481,50.0,162.0333932469295,43.49318854039922,0.055578617612928295,0.043881623213577046,49.99979652777778,0.40694444444446104
2931.0,0.1858316767258208,3.2399886662765454,3.4888296887968058,50.0,161.99943331382727,43.49718807376394,0.05557981150688877,0.0438824321902133,49.999796458333336,0.40708333333334995
2932.0,0.18555389781725137,3.2393094621424736,3.488218575197953,50.0,161.96547310712367,43.50118936558272,0.05558100592652407,0.04388324154240339,49.99979638888889,0.40722222222223886
2933.0,0.18527611890829615,3.2386302525354576,3.4876074615982513,50.0,161.93151262677287,43.50519241509784,0.055582200871598916,0.043884051270015406,49.99979631944444,0.40736111111112777
2934.0,0.18499833999895512,3.237951037454579,3.4869963479977013,50.0,161.89755187272894,43.50919722155203,0.05558339634187819,0.04388486137291707,49.99979625,0.4075000000000167
2935.0,0.1847205610892283,3.2372718168989207,3.486385234396302,50.0,161.86359084494603,43.51320378418865,0.05558459233712694,0.0438856718509757,49.999796180555556,0.4076388888889056
2936.0,0.18444278217911567,3.2365925908675672,3.4857741207940545,50.0,161.82962954337836,43.51721210225145,0.055585788857110345,0.04388648270405826,49.99979611111111,0.4077777777777945
2937.0,0.18416500326861723,3.2359133593596034,3.485163007190958,50.0,161.79566796798017,43.521222174984814,0.05558698590159378,0.04388729393203131,49.99979604166667,0.4079166666666834
2938.0,0.18388722435773297,3.235234122374115,3.4845518935870126,50.0,161.76170611870575,43.52523400163358,0.05558818347034275,0.04388810553476105,49.99979597222222,0.4080555555555723
2939.0,0.1836094454464629,3.234554879910188,3.4839407799822184,50.0,161.7277439955094,43.5292475814432,0.055589381563122944,0.04388891751211334,49.99979590277778,0.40819444444446124
2940.0,0.18333166653480704,3.233875631966911,3.4833296663765756,50.0,161.69378159834557,43.5332629136596,0.055590580179700186,0.04388972986395364,49.99979583333333,0.40833333333335015
2941.0,0.18305388762276537,3.233196378543372,3.4827185527700837,50.0,161.6598189271686,43.5372799975292,0.05559177931984048,0.04389054259014708,49.99979576388889,0.40847222222223906
2942.0,0.1827761087103379,3.2325171196386617,3.4821074391627436,50.0,161.62585598193309,43.54129883229899,0.05559297898330998,0.043891355690558444,49.999795694444444,0.40861111111112797
2943.0,0.18249832979752462,3.2318378552518676,3.481496325554554,50.0,161.59189276259337,43.54531941721649,0.055594179169875,0.04389216916505216,49.999795625,0.4087500000000169
2944.0,0.18222055088432554,3.231158585382083,3.480885211945516,50.0,161.55792926910414,43.54934175152977,0.055595379879302013,0.043892983013492336,49.99979555555555,0.4088888888889058
2945.0,0.18194277197074066,3.230479310028399,3.4802740983356295,50.0,161.52396550141995,43.55336583448735,0.05559658111135766,0.04389379723574273,49.99979548611111,0.4090277777777947
2946.0,0.18166499305676997,3.229800029189908,3.479662984724894,50.0,161.4900014594954,43.55739166533829,0.05559778286580872,0.04389461183166678,49.999795416666664,0.4091666666666836
2947.0,0.18138721414241346,3.2291207428657036,3.4790518711133096,50.0,161.4560371432852,43.56141924333224,0.055598985142422154,0.0438954268011276,49.99979534722222,0.4093055555555725
2948.0,0.18110943522767114,3.2284414510548807,3.4784407575008767,50.0,161.42207255274403,43.56544856771933,0.055600187940965065,0.043896242143988,49.99979527777778,0.40944444444446143
2949.0,0.18083165631254303,3.227762153756534,3.4778296438875946,50.0,161.3881076878267,43.56947963775019,0.05560139126120472,0.04389705786011045,49.99979520833333,0.40958333333335034
2950.0,0.1805538773970291,3.227082850969759,3.477218530273464,50.0,161.35414254848794,43.57351245267603,0.05560259510290855,0.04389787394935714,49.999795138888885,0.40972222222223925
2951.0,0.18027609848112938,3.226403542693653,3.4766074166584846,50.0,161.32017713468264,43.57754701174849,0.05560379946584413,0.043898690411589926,49.999795069444446,0.40986111111112816
2952.0,0.17999831956484386,3.225724228927315,3.4759963030426566,50.0,161.28621144636574,43.58158331421987,0.05560500434977921,0.043899507246670404,49.999795000000006,0.4100000000000171
2953.0,0.17972054064817253,3.2250449096698404,3.4753851894259795,50.0,161.252245483492,43.585621359342895,0.0556062097544817,0.04390032445445984,49.99979493055556,0.410138888888906
2954.0,0.1794427617311154,3.224365584920331,3.4747740758084538,50.0,161.21827924601655,43.589661146370815,0.05560741567971965,0.043901142034819235,49.99979486111111,0.4102777777777949
2955.0,0.17916498281367244,3.2236862546778857,3.4741629621900794,50.0,161.18431273389427,43.59370267455739,0.05560862212526128,0.043901959987609304,49.999794791666666,0.4104166666666838
2956.0,0.17888720389584367,3.2230069189416053,3.473551848570856,50.0,161.15034594708027,43.59774594315695,0.05560982909087496,0.04390277831269046,49.99979472222223,0.4105555555555727
2957.0,0.1786094249776291,3.2223275777105918,3.472940734950784,50.0,161.1163788855296,43.60179095142439,0.05561103657632922,0.04390359700992287,49.99979465277778,0.4106944444444616
2958.0,0.17833164605902874,3.2216482309839467,3.4723296213298633,50.0,161.08241154919733,43.605837698615005,0.05561224458139276,0.043904416079166404,49.99979458333333,0.41083333333335054
2959.0,0.17805386714004257,3.220968878760774,3.4717185077080934,50.0,161.0484439380387,43.609886183984656,0.05561345310583441,0.04390523552028069,49.99979451388889,0.41097222222223945
2960.0,0.1777760882206706,3.220289521040177,3.4711073940854753,50.0,161.01447605200886,43.613936406789776,0.0556146621494232,0.04390605533312507,49.99979444444445,0.41111111111112836
2961.0,0.17749830930091282,3.21961015782126,3.470496280462008,50.0,160.98050789106298,43.61798836628725,0.055615871711928264,0.04390687551755864,49.999794375,0.41125000000001727
2962.0,0.17722053038076924,3.2189307891031294,3.469885166837692,50.0,160.94653945515645,43.622042061734476,0.055617081793118944,0.04390769607344024,49.999794305555554,0.4113888888889062
2963.0,0.17694275146023986,3.21825141488489,3.4692740532125277,50.0,160.9125707442445,43.626097492389476,0.05561829239276471,0.043908517000628464,49.999794236111114,0.4115277777777951
2964.0,0.17666497253932464,3.2175720351656496,3.468662939586514,50.0,160.87860175828249,43.63015465751067,0.055619503510635195,0.04390933829898165,49.99979416666667,0.411666666666684
2965.0,0.17638719361802363,3.216892649944515,3.468051825959652,50.0,160.84463249722575,43.634213556357054,0.05562071514650019,0.043910159968357905,49.99979409722222,0.4118055555555729
2966.0,0.1761094146963368,3.216213259220596,3.467440712331941,50.0,160.8106629610298,43.63827418818812,0.05562192730012963,0.043910982008615096,49.999794027777774,0.4119444444444618
2967.0,0.1758316357742642,3.2155338629930004,3.4668295987033813,50.0,160.77669314965001,43.642336552263885,0.05562313997129364,0.043911804419610845,49.999793958333335,0.41208333333335073
2968.0,0.17555385685180577,3.214854461260838,3.4662184850739726,50.0,160.7427230630419,43.64640064784493,0.05562435315976247,0.04391262720120255,49.99979388888889,0.41222222222223964
2969.0,0.17527607792896155,3.2141750540232197,3.4656073714437152,50.0,160.708752701161,43.65046647419223,0.05562556686530653,0.043913450353247396,49.99979381944444,0.41236111111112855
2970.0,0.17499829900573152,3.2134956412792572,3.4649962578126092,50.0,160.67478206396285,43.65453403056745,0.0556267810876964,0.04391427387560233,49.99979375,0.41250000000001746
2971.0,0.1747205200821157,3.212816223028062,3.4643851441806546,50.0,160.64081115140308,43.658603316232586,0.0556279958267028,0.04391509776812409,49.999793680555555,0.4126388888889064
2972.0,0.17444274115811406,3.212136799268746,3.463774030547851,50.0,160.6068399634373,43.66267433045033,0.05562921108209663,0.04391592203066919,49.99979361111111,0.4127777777777953
2973.0,0.1741649622337266,3.211457370000424,3.4631629169141984,50.0,160.5728685000212,43.6667470724837,0.055630426853648926,0.04391674666309394,49.99979354166666,0.4129166666666842
2974.0,0.17388718330895334,3.2107779352222083,3.4625518032796974,50.0,160.5388967611104,43.67082154159641,0.055631643141130886,0.043917571665254444,49.99979347222222,0.4130555555555731
2975.0,0.17360940438379427,3.210098494933215,3.461940689644347,50.0,160.50492474666075,43.67489773705256,0.05563285994431386,0.0439183970370066,49.999793402777776,0.413194444444462
2976.0,0.1733316254582494,3.20941904913256,3.461329576008149,50.0,160.470952456628,43.678975658116826,0.055634077262969366,0.04391922277820609,49.99979333333333,0.4133333333333509
2977.0,0.17305384653231873,3.2087395978193576,3.4607184623711014,50.0,160.43697989096788,43.68305530405439,0.055635295096869056,0.04392004888870842,49.99979326388889,0.41347222222223984
2978.0,0.17277606760600225,3.208060140992726,3.460107348733205,50.0,160.4030070496363,43.6871366741309,0.05563651344578476,0.0439208753683689,49.99979319444444,0.41361111111112875
2979.0,0.17249828867929998,3.2073806786517824,3.45949623509446,50.0,160.36903393258913,43.69121976761261,0.05563773230948845,0.043921702217042655,49.999793125000004,0.41375000000001766
2980.0,0.1722205097522119,3.2067012107956456,3.458885121454866,50.0,160.3350605397823,43.69530458376619,0.05563895168775225,0.043922529434584606,49.99979305555556,0.41388888888890657
2981.0,0.17194273082473802,3.2060217374234328,3.4582740078144236,50.0,160.30108687117163,43.69939112185892,0.05564017158034845,0.0439233570208495,49.99979298611111,0.4140277777777955
2982.0,0.1716649518968783,3.205342258534265,3.457662894173132,50.0,160.26711292671325,43.7034793811585,0.0556413919870495,0.04392418497569191,49.99979291666667,0.4141666666666844
2983.0,0.1713871729686328,3.204662774127262,3.457051780530992,50.0,160.23313870636312,43.70756936093318,0.055642612907627995,0.04392501329896622,49.999792847222224,0.4143055555555733
2984.0,0.17110939404000147,3.203983284201544,3.456440666888003,50.0,160.1991642100772,43.71166106045172,0.05564383434185667,0.04392584199052665,49.99979277777778,0.4144444444444622
2985.0,0.17083161511098435,3.2033037887562346,3.4558295532441656,50.0,160.16518943781173,43.7157544789834,0.05564505628950845,0.043926671050227246,49.99979270833334,0.4145833333333511
2986.0,0.17055383618158143,3.202624287790453,3.455218439599479,50.0,160.13121438952265,43.71984961579801,0.05564627875035638,0.0439275004779219,49.99979263888889,0.41472222222224003
2987.0,0.1702760572517927,3.201944781303324,3.454607325953944,50.0,160.0972390651662,43.7239464701658,0.05564750172417369,0.043928330273464315,49.999792569444445,0.41486111111112894
2988.0,0.16999827832161818,3.2012652692939705,3.45399621230756,50.0,160.06326346469854,43.72804504135763,0.05564872521073373,0.04392916043670807,49.9997925,0.41500000000001785
2989.0,0.16972049939105785,3.200585751761517,3.4533850986603274,50.0,160.02928758807585,43.732145328644776,0.05564994920981004,0.04392999096750654,49.99979243055556,0.41513888888890677
2990.0,0.16944272046011172,3.1999062287050872,3.4527739850122456,50.0,159.99531143525437,43.73624733129907,0.0556511737211763,0.04393082186571299,49.99979236111111,0.4152777777777957
2991.0,0.16916494152877976,3.1992267001238073,3.4521628713633152,50.0,159.96133500619035,43.740351048592856,0.05565239874460633,0.0439316531311805,49.999792291666665,0.4154166666666846
2992.0,0.168887162597062,3.1985471660168034,3.451551757713536,50.0,159.92735830084018,43.744456479799,0.05565362427987412,0.04393248476376201,49.999792222222226,0.4155555555555735
2993.0,0.16860938366495842,3.1978676263832018,3.4509406440629085,50.0,159.89338131916008,43.74856362419081,0.05565485032675381,0.04393331676331034,49.99979215277778,0.4156944444444624
2994.0,0.16833160473246905,3.19718808122213,3.450329530411432,50.0,159.8594040611065,43.75267248104217,0.055656076885019695,0.043934149129678135,49.99979208333333,0.4158333333333513
2995.0,0.16805382579959388,3.1965085305327157,3.4497184167591066,50.0,159.8254265266358,43.756783049627415,0.05565730395444623,0.04393498186271791,49.999792013888886,0.41597222222224023
2996.0,0.1677760468663329,3.1958289743140877,3.4491073031059325,50.0,159.79144871570438,43.7608953292214,0.055658531534808015,0.04393581496228205,49.999791944444446,0.41611111111112914
2997.0,0.16749826793268613,3.195149412565374,3.4484961894519093,50.0,159.7574706282687,43.76500931909953,0.055659759625879796,0.04393664842822279,49.999791875,0.41625000000001805
2998.0,0.16722048899865355,3.1944698452857065,3.447885075797038,50.0,159.72349226428534,43.76912501853769,0.05566098822743649,0.043937482260392256,49.99979180555555,0.41638888888890696
2999.0,0.16694271006423514,3.1937902724742133,3.4472739621413173,50.0,159.68951362371067,43.77324242681232,0.05566221733925315,0.04393831645864242,49.999791736111106,0.41652777777779587
3000.0,0.16666493112943093,3.1931106941300267,3.446662848484748,50.0,159.65553470650133,43.77736154320024,0.055663446961105006,0.043939151022825154,49.99979166666667,0.4166666666666848
3001.0,0.1663871521942409,3.1924311102522775,3.44605173482733,50.0,159.62155551261387,43.78148236697888,0.055664677092767414,0.043939985952792186,49.99979159722222,0.4168055555555737
3002.0,0.1661093732586651,3.191751520840099,3.4454406211690634,50.0,159.58757604200494,43.78560489742614,0.055665907734015904,0.043940821248395136,49.999791527777774,0.4169444444444626
3003.0,0.16583159432270347,3.191071925892622,3.4448295075099478,50.0,159.55359629463112,43.78972913382046,0.05566713888462614,0.0439416569094855,49.999791458333334,0.4170833333333515
3004.0,0.16555381538635605,3.1903923254089817,3.444218393849983,50.0,159.5196162704491,43.79385507544072,0.05566837054437395,0.04394249293591466,49.99979138888889,0.4172222222222404
3005.0,0.16527603644962283,3.1897127193883117,3.44360728018917,50.0,159.4856359694156,43.79798272156637,0.055669602713035324,0.04394332932753387,49.99979131944444,0.41736111111112933
3006.0,0.1649982575125038,3.1890331078297462,3.442996166527508,50.0,159.45165539148732,43.80211207147738,0.055670835390386385,0.043944166084194304,49.999791249999994,0.41750000000001825
3007.0,0.16472047857499897,3.18835349073242,3.4423850528649975,50.0,159.41767453662098,43.80624312445411,0.05567206857620342,0.043945003205747,49.999791180555555,0.41763888888890716
3008.0,0.1644426996371083,3.187673868095469,3.441773939201638,50.0,159.38369340477345,43.810375879777496,0.055673302270262875,0.0439458406920429,49.999791111111115,0.41777777777779607
3009.0,0.16416492069883185,3.186994239918029,3.44116282553743,50.0,159.34971199590143,43.81451033672903,0.05567453647234133,0.04394667854293286,49.99979104166667,0.417916666666685
3010.0,0.16388714176016958,3.1863146061992387,3.440551711872373,50.0,159.31573030996194,43.81864649459061,0.055675771182215526,0.04394751675826761,49.99979097222222,0.4180555555555739
3011.0,0.1636093628211215,3.1856349669382333,3.4399405982064675,50.0,159.28174834691166,43.822784352644646,0.05567700639966236,0.04394835533789778,49.99979090277778,0.4181944444444628
3012.0,0.16333158388168764,3.1849553221341513,3.4393294845397127,50.0,159.24776610670756,43.826923910174116,0.055678242124458883,0.04394919428167393,49.999790833333336,0.4183333333333517
3013.0,0.16305380494186797,3.1842756717861325,3.4387183708721096,50.0,159.21378358930662,43.83106516646251,0.05567947835638229,0.0439500335894465,49.99979076388889,0.4184722222222406
3014.0,0.1627760260016625,3.1835960158933143,3.4381072572036575,50.0,159.1798007946657,43.83520812079371,0.05568071509520993,0.04395087326106585,49.99979069444444,0.41861111111112953
3015.0,0.16249824706107122,3.1829163544548376,3.4374961435343567,50.0,159.14581772274187,43.83935277245217,0.05568195234071929,0.04395171329638225,49.999790625,0.41875000000001844
3016.0,0.16222046812009414,3.182236687469842,3.436885029864207,50.0,159.1118343734921,43.84349912072287,0.055683190092688045,0.04395255369524589,49.999790555555556,0.41888888888890735
3017.0,0.16194268917873123,3.181557014937469,3.4362739161932088,50.0,159.07785074687345,43.847647164891214,0.05568442835089399,0.04395339445750686,49.99979048611111,0.41902777777779626
3018.0,0.1616649102369825,3.180877336856859,3.4356628025213616,50.0,159.04386684284296,43.851796904243145,0.05568566711511508,0.04395423558301517,49.99979041666667,0.4191666666666852
3019.0,0.161387131294848,3.180197653227155,3.4350516888486657,50.0,159.00988266135775,43.85594833806516,0.05568690638512942,0.04395507707162076,49.99979034722222,0.4193055555555741
3020.0,0.16110935235232768,3.1795179640474975,3.434440575175121,50.0,158.97589820237488,43.86010146564416,0.05568814616071528,0.043955918923173486,49.99979027777778,0.419444444444463
3021.0,0.16083157340942156,3.178838269317031,3.433829461500727,50.0,158.94191346585157,43.86425628626762,0.05568938644165107,0.04395676113752313,49.99979020833333,0.4195833333333519
3022.0,0.16055379446612963,3.1781585690349,3.433218347825485,50.0,158.907928451745,43.868412799223506,0.05569062722771533,0.043957603714519386,49.99979013888889,0.4197222222222408
3023.0,0.1602760155224519,3.1774788632002466,3.432607234149394,50.0,158.87394316001235,43.8725710038002,0.05569186851868679,0.0439584466540119,49.999790069444444,0.4198611111111297
3024.0,0.15999823657838838,3.176799151812217,3.4319961204724545,50.0,158.83995759061085,43.876730899286656,0.05569311031434431,0.043959289955850224,49.99979,0.42000000000001864
3025.0,0.15972045763393905,3.176119434869954,3.431385006794666,50.0,158.8059717434977,43.88089248497232,0.0556943526144669,0.043960133619883865,49.99978993055556,0.42013888888890755
3026.0,0.1594426786891039,3.1754397123726057,3.4307738931160285,50.0,158.77198561863028,43.88505576014717,0.05569559541883372,0.04396097764596224,49.99978986111111,0.42027777777779646
3027.0,0.15916489974388293,3.1747599843193166,3.430162779436542,50.0,158.73799921596583,43.88922072410156,0.05569683872722409,0.043961822033934714,49.999789791666664,0.42041666666668537
3028.0,0.15888712079827616,3.174080250709235,3.4295516657562075,50.0,158.70401253546177,43.89338737612644,0.05569808253941748,0.043962666783650586,49.99978972222222,0.4205555555555743
3029.0,0.1586093418522836,3.1734005115415074,3.428940552075024,50.0,158.67002557707536,43.89755571551325,0.055699326855193486,0.043963511894959104,49.99978965277778,0.4206944444444632
3030.0,0.15833156290590522,3.172720766815281,3.4283294383929914,50.0,158.63603834076406,43.901725741553946,0.055700571674331886,0.04396435736770945,49.99978958333333,0.4208333333333521
3031.0,0.15805378395914105,3.1720410165297053,3.4277183247101104,50.0,158.60205082648525,43.90589745354089,0.0557018169966126,0.04396520320175074,49.999789513888885,0.420972222222241
3032.0,0.15777600501199107,3.171361260683928,3.4271072110263803,50.0,158.5680630341964,43.910070850767,0.05570306282181568,0.04396604939693205,49.999789444444446,0.4211111111111299
3033.0,0.1574982260644553,3.1706814992770984,3.4264960973418015,50.0,158.53407496385492,43.91424593252566,0.055704309149721354,0.043966895953102395,49.999789375,0.42125000000001883
3034.0,0.15722044711653368,3.1700017323083673,3.425884983656374,50.0,158.50008661541835,43.91842269811082,0.055705555980109976,0.04396774287011075,49.99978930555555,0.42138888888890774
3035.0,0.15694266816822627,3.1693219597768842,3.4252738699700975,50.0,158.4660979888442,43.92260114681687,0.055706803312762065,0.043968590147806026,49.999789236111106,0.42152777777779665
3036.0,0.15666488921953306,3.168642181681801,3.424662756282973,50.0,158.43210908409006,43.92678127793869,0.05570805114745829,0.04396943778603709,49.999789166666666,0.42166666666668556
3037.0,0.15638711027045404,3.1679623980222678,3.424051642594999,50.0,158.39811990111338,43.93096309077163,0.05570929948397946,0.04397028578465277,49.99978909722223,0.4218055555555745
3038.0,0.15610933132098923,3.1672826087974375,3.423440528906176,50.0,158.36413043987187,43.93514658461157,0.05571054832210653,0.043971134143501844,49.99978902777778,0.4219444444444634
3039.0,0.1558315523711386,3.166602814006461,3.422829415216505,50.0,158.33014070032306,43.93933175875492,0.05571179766162062,0.04397198286243305,49.99978895833333,0.4220833333333523
3040.0,0.15555377342090218,3.1659230136484933,3.4222183015259846,50.0,158.29615068242467,43.94351861249851,0.05571304750230299,0.043972831941295074,49.999788888888894,0.4222222222222412
3041.0,0.15527599447027995,3.1652432077226864,3.4216071878346157,50.0,158.26216038613433,43.9477071451397,0.05571429784393506,0.04397368137993658,49.99978881944445,0.4223611111111301
3042.0,0.15499821551927193,3.1645633962281945,3.420996074142398,50.0,158.2281698114097,43.951897355976314,0.055715548686298376,0.04397453117820619,49.99978875,0.422500000000019
3043.0,0.15472043656787807,3.163883579164171,3.4203849604493315,50.0,158.19417895820857,43.956089244306725,0.055716800029174646,0.04397538133595249,49.999788680555554,0.42263888888890794
3044.0,0.1544426576160984,3.163203756529773,3.419773846755416,50.0,158.16018782648865,43.960282809429714,0.055718051872345735,0.04397623185302401,49.999788611111114,0.42277777777779685
3045.0,0.15416487866393294,3.162523928324154,3.419162733060652,50.0,158.1261964162077,43.96447805064463,0.05571930421559365,0.043977082729269285,49.99978854166667,0.42291666666668576
3046.0,0.15388709971138168,3.1618440945464705,3.4185516193650396,50.0,158.09220472732352,43.968674967251275,0.05572055705870054,0.043977933964536794,49.99978847222222,0.42305555555557467
3047.0,0.1536093207584446,3.161164255195878,3.417940505668578,50.0,158.0582127597939,43.97287355854996,0.05572181040144872,0.04397878555867499,49.99978840277778,0.4231944444444636
3048.0,0.15333154180512173,3.1604844102715344,3.4173293919712675,50.0,158.02422051357672,43.977073823841465,0.05572306424362062,0.0439796375115323,49.999788333333335,0.4233333333333525
3049.0,0.15305376285141306,3.1598045597725966,3.4167182782731085,50.0,157.99022798862984,43.98127576242706,0.05572431858499886,0.043980489822957124,49.99978826388889,0.4234722222222414
3050.0,0.15277598389731858,3.1591247036982226,3.416107164574101,50.0,157.95623518491112,43.98547937360854,0.05572557342536617,0.04398134249279783,49.99978819444444,0.4236111111111303
3051.0,0.15249820494283828,3.1584448420475697,3.415496050874244,50.0,157.92224210237848,43.9896846566881,0.055726828764505465,0.043982195520902774,49.999788125,0.4237500000000192
3052.0,0.15222042598797217,3.157764974819797,3.4148849371735386,50.0,157.88824874098987,43.99389161096855,0.05572808460219977,0.04398304890712029,49.999788055555555,0.42388888888890813
3053.0,0.15194264703272026,3.157085102014065,3.4142738234719845,50.0,157.85425510070326,43.9981002357531,0.05572934093823229,0.04398390265129869,49.99978798611111,0.42402777777779704
3054.0,0.15166486807708254,3.1564052236295312,3.4136627097695813,50.0,157.82026118147655,44.00231053034548,0.055730597772386356,0.043984756753286246,49.99978791666667,0.42416666666668595
3055.0,0.15138708912105903,3.1557253396653575,3.41305159606633,50.0,157.78626698326786,44.006522494049875,0.05573185510444546,0.043985611212931236,49.99978784722222,0.42430555555557486
3056.0,0.1511093101646497,3.1550454501207033,3.4124404823622294,50.0,157.75227250603515,44.010736126171025,0.055733112934193245,0.04398646603008192,49.999787777777776,0.4244444444444638
3057.0,0.15083153120785459,3.15436555499473,3.41182936865728,50.0,157.7182777497365,44.01495142601408,0.05573437126141348,0.04398732120458653,49.99978770833333,0.4245833333333527
3058.0,0.15055375225067366,3.1536856542866,3.411218254951482,50.0,157.68428271432998,44.019168392884694,0.0557356300858901,0.043988176736293294,49.99978763888889,0.4247222222222416
3059.0,0.15027597329310693,3.1530057479954734,3.410607141244835,50.0,157.65028739977367,44.02338702608904,0.05573688940740719,0.04398903262505042,49.99978756944444,0.4248611111111305
3060.0,0.14999819433515438,3.152325836120515,3.4099960275373395,50.0,157.61629180602574,44.0276073249338,0.05573814922574896,0.043989888870706116,49.9997875,0.4250000000000194
3061.0,0.14972041537681602,3.1516459186608854,3.4093849138289953,50.0,157.58229593304426,44.031829288726044,0.055739409540699794,0.043990745473108564,49.99978743055556,0.42513888888890833
3062.0,0.14944263641809186,3.1509659956157496,3.408773800119802,50.0,157.5482997807875,44.03605291677343,0.0557406703520442,0.04399160243210595,49.99978736111111,0.42527777777779724
3063.0,0.1491648574589819,3.150286066984271,3.40816268640976,50.0,157.51430334921355,44.04027820838405,0.05574193165956685,0.04399245974754645,49.999787291666664,0.42541666666668615
3064.0,0.14888707849948613,3.149606132765613,3.4075515726988694,50.0,157.48030663828067,44.04450516286647,0.05574319346305255,0.04399331741927824,49.99978722222222,0.42555555555557506
3065.0,0.14860929953960456,3.148926192958941,3.4069404589871297,50.0,157.44630964794706,44.048733779529755,0.055744455762286274,0.043994175447149474,49.99978715277778,0.42569444444446397
3066.0,0.14833152057933718,3.148246247563421,3.406329345274542,50.0,157.41231237817107,44.05296405768348,0.05574571855705311,0.043995033831008314,49.99978708333334,0.4258333333333529
3067.0,0.148053741618684,3.1475662965782174,3.4057182315611048,50.0,157.37831482891087,44.05719599663763,0.05574698184713832,0.04399589257070292,49.99978701388889,0.4259722222222418
3068.0,0.147775962657645,3.146886340002497,3.405107117846819,50.0,157.34431700012485,44.061429595702805,0.0557482456323273,0.04399675166608144,49.999786944444445,0.4261111111111307
3069.0,0.1474981836962202,3.146206377835425,3.4044960041316843,50.0,157.31031889177126,44.06566485418995,0.055749509912405605,0.04399761111699205,49.999786875000005,0.4262500000000196
3070.0,0.1472204047344096,3.1455264100761697,3.403884890415701,50.0,157.27632050380848,44.06990177141057,0.055750774687158916,0.043998470923282886,49.99978680555556,0.4263888888889085
3071.0,0.14694262577221318,3.1448464367238986,3.4032737766988688,50.0,157.24232183619492,44.074140346676586,0.05575203995637307,0.04399933108480212,49.99978673611111,0.42652777777779743
3072.0,0.14666484680963096,3.1441664577777786,3.402662662981188,50.0,157.20832288888892,44.07838057930053,0.05575330571983404,0.04400019160139791,49.999786666666665,0.42666666666668634
3073.0,0.14638706784666294,3.143486473236978,3.402051549262658,50.0,157.1743236618489,44.082622468595275,0.05575457197732798,0.044001052472918425,49.999786597222226,0.42680555555557526
3074.0,0.14610928888330912,3.142806483100667,3.40144043554328,50.0,157.14032415503334,44.086866013874214,0.05575583872864114,0.04400191369921184,49.99978652777778,0.42694444444446417
3075.0,0.1458315099195695,3.142126487368013,3.400829321823053,50.0,157.10632436840064,44.0911112144513,0.05575710597355996,0.044002775280126326,49.99978645833333,0.4270833333333531
3076.0,0.14555373095544408,3.1414464860381854,3.4002182081019767,50.0,157.07232430190928,44.095358069640895,0.05575837371187101,0.04400363721551008,49.99978638888889,0.427222222222242
3077.0,0.14527595199093282,3.1407664791103564,3.3996070943800523,50.0,157.03832395551782,44.0996065787578,0.05575964194336098,0.0440044995052113,49.999786319444446,0.4273611111111309
3078.0,0.14499817302603576,3.1400864665836945,3.3989959806572787,50.0,157.00432332918473,44.1038567411174,0.05576091066781674,0.044005362149078193,49.99978625,0.4275000000000198
3079.0,0.1447203940607529,3.1394064484573705,3.3983848669336565,50.0,156.97032242286852,44.10810855603552,0.0557621798850253,0.04400622514695897,49.99978618055555,0.4276388888889087
3080.0,0.14444261509508424,3.138726424730556,3.397773753209185,50.0,156.93632123652782,44.11236202282845,0.05576344959477379,0.044007088498701864,49.99978611111111,0.42777777777779763
3081.0,0.14416483612902978,3.1380463954024234,3.397162639483865,50.0,156.90231977012118,44.116617140812934,0.05576471979684952,0.04400795220415512,49.99978604166667,0.42791666666668654
3082.0,0.1438870571625895,3.137366360472145,3.396551525757697,50.0,156.86831802360726,44.120873909306226,0.055765990491039925,0.04400881626316699,49.99978597222222,0.42805555555557545
3083.0,0.14360927819576344,3.136686319938892,3.3959404120306793,50.0,156.83431599694458,44.12513232762609,0.055767261677132585,0.04400968067558574,49.999785902777774,0.42819444444446436
3084.0,0.14333149922855157,3.136006273801838,3.3953292983028134,50.0,156.8003136900919,44.12939239509075,0.055768533354915224,0.04401054544125968,49.999785833333334,0.42833333333335327
3085.0,0.14305372026095386,3.1353262220601574,3.3947181845740984,50.0,156.76631110300787,44.133654111018814,0.055769805524175715,0.044011410560037094,49.99978576388889,0.4284722222222422
3086.0,0.14277594129297036,3.1346461647130224,3.3941070708445347,50.0,156.73230823565112,44.137917474729534,0.05577107818470209,0.044012276031766315,49.99978569444444,0.4286111111111311
3087.0,0.14249816232460105,3.1339661017596083,3.3934959571141223,50.0,156.69830508798043,44.14218248554249,0.0557723513362825,0.04401314185629568,49.999785625,0.42875000000002
3088.0,0.14222038335584594,3.1332860331990893,3.392884843382861,50.0,156.66430165995448,44.14644914277784,0.05577362497870526,0.04401400803347355,49.999785555555555,0.4288888888889089
3089.0,0.14194260438670503,3.13260595903064,3.392273729650751,50.0,156.63029795153201,44.15071744575613,0.055774899111758806,0.04401487456314831,49.99978548611111,0.4290277777777978
3090.0,0.14166482541717831,3.131925879253437,3.391662615917792,50.0,156.59629396267184,44.15498739379848,0.05577617373523174,0.044015741445168365,49.99978541666666,0.42916666666668674
3091.0,0.1413870464472658,3.1312457938666562,3.3910515021839847,50.0,156.56228969333281,44.15925898622646,0.055777448848912815,0.04401660867938214,49.99978534722222,0.42930555555557565
3092.0,0.14110926747696748,3.130565702869472,3.390440388449328,50.0,156.5282851434736,44.16353222236205,0.0557787244525909,0.04401747626563808,49.999785277777775,0.42944444444446456
3093.0,0.14083148850628335,3.129885606261064,3.3898292747138234,50.0,156.4942803130532,44.167807101527785,0.055780000546055024,0.044018344203784664,49.999785208333336,0.42958333333335347
3094.0,0.1405537095352134,3.129205504040606,3.389218160977469,50.0,156.4602752020303,44.1720836230466,0.055781277129094364,0.04401921249367039,49.99978513888889,0.4297222222222424
3095.0,0.14027593056375764,3.1285253962072783,3.3886070472402667,50.0,156.42626981036392,44.176361786241955,0.05578255420149823,0.044020081135143795,49.99978506944445,0.4298611111111313
3096.0,0.1399981515919161,3.127845282760257,3.387995933502215,50.0,156.39226413801285,44.1806415904378,0.05578383176305608,0.04402095012805342,49.999785,0.4300000000000202
3097.0,0.13972037261968873,3.127165163698722,3.387384819763315,50.0,156.3582581849361,44.1849230349585,0.055785109813557526,0.04402181947224785,49.999784930555556,0.4301388888889091
3098.0,0.13944259364707556,3.12648503902185,3.386773706023566,50.0,156.3242519510925,44.189206119128926,0.05578638835279231,0.04402268916757569,49.99978486111111,0.430277777777798
3099.0,0.1391648146740766,3.125804908728823,3.3861625922829686,50.0,156.29024543644115,44.19349084227446,0.05578766738055032,0.04402355921388559,49.99978479166667,0.43041666666668693
3100.0,0.13888703570069183,3.1251247728188174,3.385551478541522,50.0,156.25623864094086,44.197777203720875,0.055788946896621595,0.044024429611026206,49.99978472222222,0.43055555555557584
3101.0,0.13860925672692126,3.124444631291015,3.3849403647992267,50.0,156.22223156455075,44.20206520279447,0.055790226900796304,0.04402530035884624,49.99978465277778,0.43069444444446475
3102.0,0.13833147775276486,3.123764484144596,3.3843292510560827,50.0,156.1882242072298,44.20635483882205,0.05579150739286477,0.04402617145719443,49.99978458333334,0.43083333333335366
3103.0,0.13805369877822266,3.1230843313787404,3.3837181373120897,50.0,156.15421656893702,44.21064611113081,0.055792788372617454,0.044027042905919536,49.99978451388889,0.4309722222222426
3104.0,0.13777591980329465,3.1224041729926295,3.383107023567248,50.0,156.12020864963148,44.21493901904847,0.05579406983984495,0.04402791470487036,49.999784444444444,0.4311111111111315
3105.0,0.13749814082798084,3.121724008985445,3.3824959098215577,50.0,156.08620044927227,44.21923356190325,0.055795351794338026,0.044028786853895725,49.999784375,0.4312500000000204
3106.0,0.13722036185228123,3.121043839356369,3.3818847960750187,50.0,156.05219196781846,44.223529739023775,0.055796634235887564,0.04402965935284451,49.99978430555556,0.4313888888889093
3107.0,0.13694258287619582,3.120363664104583,3.3812736823276306,50.0,156.01818320522915,44.22782754973912,0.0557979171642846,0.044030532201565616,49.99978423611111,0.4315277777777982
3108.0,0.1366648038997246,3.119683483229271,3.380662568579394,50.0,155.98417416146356,44.23212699337893,0.05579920057932031,0.04403140539990798,49.999784166666664,0.4316666666666871
3109.0,0.13638702492286758,3.1190032967296144,3.3800514548303084,50.0,155.95016483648072,44.236428069273245,0.05580048448078601,0.04403227894772057,49.999784097222225,0.43180555555557604
3110.0,0.13610924594562476,3.1183231046047983,3.3794403410803744,50.0,155.91615523023992,44.24073077675263,0.05580176886847316,0.04403315284485241,49.99978402777778,0.43194444444446495
3111.0,0.1358314669679961,3.1176429068540052,3.3788292273295912,50.0,155.88214534270026,44.24503511514803,0.05580305374217338,0.044034027091152554,49.99978395833333,0.43208333333335386
3112.0,0.13555368798998166,3.1169627034764193,3.3782181135779594,50.0,155.84813517382096,44.249341083790966,0.05580433910167839,0.04403490168647009,49.999783888888885,0.43222222222224277
3113.0,0.1352759090115814,3.116282494471227,3.377606999825479,50.0,155.81412472356135,44.25364868201336,0.0558056249467801,0.04403577663065415,49.999783819444445,0.4323611111111317
3114.0,0.13499813003279534,3.115602279837611,3.37699588607215,50.0,155.78011399188054,44.25795790914765,0.05580691127727052,0.04403665192355391,49.99978375,0.4325000000000206
3115.0,0.13472035105362348,3.1149220595747575,3.3763847723179716,50.0,155.74610297873787,44.26226876452665,0.05580819809294184,0.04403752756501858,49.99978368055555,0.4326388888889095
3116.0,0.13444257207406582,3.114241833681853,3.3757736585629448,50.0,155.71209168409266,44.26658124748377,0.05580948539358636,0.04403840355489741,49.99978361111111,0.4327777777777984
3117.0,0.13416479309412235,3.1135616021580828,3.3751625448070692,50.0,155.67808010790415,44.2708953573528,0.055810773178996534,0.044039279893039705,49.999783541666666,0.4329166666666873
3118.0,0.13388701411379308,3.1128813650026332,3.3745514310503446,50.0,155.64406825013165,44.275211093468045,0.05581206144896497,0.044040156579294804,49.99978347222222,0.43305555555557623
3119.0,0.13360923513307799,3.1122011222146915,3.3739403172927713,50.0,155.61005611073458,44.27952845516421,0.05581335020328441,0.044041033613512096,49.99978340277777,0.43319444444446514
3120.0,0.13333145615197708,3.1115208737934443,3.3733292035343494,50.0,155.57604368967222,44.283847441776516,0.055814639441747714,0.044041910995541,49.99978333333333,0.43333333333335405
3121.0,0.13305367717049038,3.110840619738081,3.372718089775079,50.0,155.54203098690405,44.288168052640685,0.05581592916414791,0.04404278872523101,49.99978326388889,0.43347222222224296
3122.0,0.13277589818861787,3.110160360047787,3.372106976014959,50.0,155.50801800238935,44.292490287092846,0.05581721937027818,0.04404366680243163,49.99978319444445,0.4336111111111319
3123.0,0.13249811920635957,3.1094800947217527,3.371495862253991,50.0,155.47400473608764,44.296814144469636,0.0558185100599318,0.044044545226992436,49.999783125,0.4337500000000208
3124.0,0.13222034022371545,3.1087998237591665,3.370884748492174,50.0,155.43999118795833,44.30113962410809,0.05581980123290223,0.04404542399876304,49.99978305555556,0.4338888888889097
3125.0,0.13194256124068554,3.108119547159217,3.370273634729508,50.0,155.40597735796084,44.30546672534575,0.05582109288898306,0.0440463031175931,49.999782986111114,0.4340277777777986
3126.0,0.13166478225726982,3.107439264921093,3.3696625209659934,50.0,155.37196324605463,44.309795447520685,0.055822385027968,0.044047182583332324,49.99978291666667,0.4341666666666875
3127.0,0.1313870032734683,3.1067589770439863,3.36905140720163,50.0,155.3379488521993,44.31412578997134,0.055823677649650925,0.04404806239583047,49.99978284722222,0.43430555555557643
3128.0,0.13110922428928096,3.1060786835270853,3.368440293436418,50.0,155.30393417635426,44.318457752036636,0.055824970753825844,0.044048942554937354,49.99978277777778,0.43444444444446534
3129.0,0.1308314453047078,3.1053983843695816,3.367829179670357,50.0,155.2699192184791,44.32279133305599,0.05582626434028691,0.04404982306050283,49.999782708333335,0.43458333333335425
3130.0,0.13055366631974885,3.104718079570665,3.3672180659034474,50.0,155.23590397853323,44.32712653236928,0.05582755840882841,0.0440507039123768,49.99978263888889,0.43472222222224316
3131.0,0.1302758873344041,3.104037769129528,3.366606952135689,50.0,155.2018884564764,44.331463349316834,0.055828852959244765,0.044051585110409235,49.99978256944445,0.43486111111113207
3132.0,0.12999810834867354,3.103357453045361,3.365995838367082,50.0,155.16787265226804,44.33580178323945,0.05583014799133055,0.04405246665445013,49.9997825,0.435000000000021
3133.0,0.12972032936255717,3.1026771313173573,3.3653847245976256,50.0,155.13385656586786,44.340141833478356,0.05583144350488047,0.044053348544349565,49.999782430555555,0.4351388888889099
3134.0,0.129442550376055,3.1019968039447083,3.3647736108273207,50.0,155.0998401972354,44.344483499375315,0.05583273949968938,0.04405423077995764,49.99978236111111,0.4352777777777988
3135.0,0.12916477138916704,3.101316470926608,3.364162497056167,50.0,155.0658235463304,44.348826780272475,0.055834035975552275,0.044055113361124526,49.99978229166667,0.4354166666666877
3136.0,0.12888699240189325,3.100636132262249,3.363551383284165,50.0,155.03180661311245,44.3531716755125,0.05583533293226428,0.04405599628770045,49.99978222222222,0.4355555555555766
3137.0,0.12860921341423365,3.0999557879508233,3.3629402695113138,50.0,154.99778939754117,44.357518184438504,0.055836630369620666,0.04405687955953568,49.999782152777776,0.43569444444446553
3138.0,0.12833143442618825,3.0992754379915266,3.362329155737614,50.0,154.96377189957633,44.361866306394006,0.055837928287416835,0.04405776317648055,49.99978208333333,0.43583333333335444
3139.0,0.12805365543775704,3.0985950823835524,3.3617180419630652,50.0,154.92975411917763,44.36621604072309,0.05583922668544834,0.04405864713838545,49.99978201388889,0.43597222222224336
3140.0,0.12777587644894003,3.097914721126095,3.361106928187668,50.0,154.89573605630477,44.37056738677023,0.05584052556351088,0.0440595314451008,49.99978194444444,0.43611111111113227
3141.0,0.12749809745973723,3.0972343542183487,3.3604958144114216,50.0,154.86171771091745,44.374920343880376,0.05584182492140027,0.04406041609647713,49.999781875,0.4362500000000212
3142.0,0.1272203184701486,3.0965539816595102,3.3598847006343266,50.0,154.8276990829755,44.37927491139891,0.05584312475891248,0.04406130109236497,49.99978180555556,0.4363888888889101
3143.0,0.1269425394801742,3.095873603448774,3.359273586856383,50.0,154.7936801724387,44.383631088671734,0.05584442507584363,0.04406218643261493,49.99978173611111,0.436527777777799
3144.0,0.12666476048981395,3.095193219585337,3.3586624730775907,50.0,154.75966097926687,44.38798887504515,0.05584572587198996,0.04406307211707769,49.999781666666664,0.4366666666666879
3145.0,0.1263869814990679,3.0945128300683935,3.3580513592979493,50.0,154.72564150341967,44.39234826986592,0.05584702714714784,0.04406395814560397,49.99978159722222,0.4368055555555768
3146.0,0.12610920250793606,3.0938324348971427,3.3574402455174592,50.0,154.69162174485714,44.39670927248136,0.05584832890111381,0.044064844518044544,49.99978152777778,0.43694444444446573
3147.0,0.1258314235164184,3.0931520340707794,3.3568291317361205,50.0,154.65760170353897,44.40107188223914,0.055849631133684526,0.044065731234250255,49.99978145833333,0.43708333333335464
3148.0,0.12555364452451495,3.0924716275885027,3.3562180179539327,50.0,154.62358137942513,44.40543609848743,0.05585093384465679,0.04406661829407202,49.999781388888884,0.43722222222224355
3149.0,0.1252758655322257,3.0917912154495086,3.3556069041708962,50.0,154.58956077247544,44.40980192057481,0.05585223703382754,0.044067505697360794,49.999781319444445,0.43736111111113246
3150.0,0.12499808653955062,3.0911107976529966,3.354995790387011,50.0,154.55553988264984,44.41416934785042,0.05585354070099386,0.044068393443967596,49.999781250000005,0.43750000000002137
3151.0,0.12472030754648974,3.090430374198164,3.3543846766022773,50.0,154.5215187099082,44.418538379663744,0.05585484484595297,0.04406928153374351,49.99978118055556,0.4376388888889103
3152.0,0.12444252855304307,3.0897499450842094,3.3537735628166945,50.0,154.48749725421047,44.42290901536484,0.05585614946850222,0.04407016996653968,49.99978111111111,0.4377777777777992
3153.0,0.12416474955921059,3.089069510310333,3.353162449030263,50.0,154.45347551551666,44.42728125430409,0.055857454568439116,0.04407105874220731,49.999781041666665,0.4379166666666881
3154.0,0.1238869705649923,3.088389069875733,3.3525513352429828,50.0,154.41945349378665,44.43165509583241,0.05585876014556128,0.04407194786059767,49.999780972222226,0.438055555555577
3155.0,0.1236091915703882,3.08770862377961,3.351940221454854,50.0,154.3854311889805,44.436030539301214,0.05586006619966648,0.044072837321562086,49.99978090277778,0.4381944444444659
3156.0,0.1233314125753983,3.0870281720211636,3.351329107665876,50.0,154.35140860105818,44.44040758406226,0.05586137273055263,0.044073727124951945,49.99978083333333,0.43833333333335484
3157.0,0.1230536335800226,3.0863477145995946,3.3507179938760494,50.0,154.31738572997972,44.444786229467866,0.055862679738017784,0.0440746172706187,49.99978076388889,0.43847222222224375
3158.0,0.12277585458426109,3.0856672515141033,3.350106880085374,50.0,154.28336257570515,44.449166474870765,0.05586398722186012,0.04407550775841387,49.999780694444446,0.43861111111113266
3159.0,0.12249807558811376,3.084986782763891,3.3494957662938503,50.0,154.24933913819453,44.453548319624076,0.05586529518187795,0.04407639858818905,49.999780625,0.43875000000002157
3160.0,0.12222029659158064,3.0843063083481583,3.3488846525014773,50.0,154.2153154174079,44.45793176308149,0.055866603617869756,0.044077289759795864,49.99978055555555,0.4388888888889105
3161.0,0.12194251759466171,3.083625828266108,3.3482735387082556,50.0,154.18129141330542,44.462316804597094,0.05586791252963412,0.04407818127308603,49.99978048611111,0.4390277777777994
3162.0,0.12166473859735698,3.082945342516943,3.3476624249141853,50.0,154.14726712584715,44.46670344352543,0.05586922191696979,0.044079073127911324,49.99978041666667,0.4391666666666883
3163.0,0.12138695959966643,3.082264851099863,3.347051311119266,50.0,154.11324255499315,44.4710916792215,0.055870531779675624,0.04407996532412359,49.99978034722222,0.4393055555555772
3164.0,0.12110918060159008,3.081584354014073,3.346440197323498,50.0,154.07921770070365,44.475481511040755,0.05587184211755065,0.04408085786157472,49.99978027777778,0.4394444444444661
3165.0,0.12083140160312793,3.080903851258775,3.345829083526881,50.0,154.04519256293875,44.4798729383391,0.055873152930394,0.0440817507401167,49.999780208333334,0.43958333333335503
3166.0,0.12055362260427997,3.0802233428331736,3.3452179697294158,50.0,154.0111671416587,44.4842659604729,0.05587446421800497,0.04408264395960156,49.99978013888889,0.43972222222224394
3167.0,0.1202758436050462,3.0795428287364714,3.3446068559311013,50.0,153.97714143682356,44.488660576798964,0.05587577598018297,0.04408353751988141,49.99978006944444,0.43986111111113285
3168.0,0.11999806460542663,3.078862308967874,3.3439957421319386,50.0,153.94311544839368,44.49305678667457,0.05587708821672757,0.0440844314208084,49.99978,0.44000000000002176
3169.0,0.11972028560542125,3.0781817835265826,3.3433846283319264,50.0,153.90908917632913,44.49745458945739,0.05587840092743846,0.044085325662234796,49.999779930555555,0.4401388888889107
3170.0,0.11944250660503007,3.0775012524118055,3.342773514531066,50.0,153.87506262059028,44.50185398450566,0.055879714112115474,0.04408622024401289,49.99977986111111,0.4402777777777996
3171.0,0.11916472760425308,3.076820715622746,3.3421624007293564,50.0,153.8410357811373,44.50625497117795,0.05588102777055858,0.04408711516599505,49.99977979166667,0.4404166666666885
3172.0,0.11888694860309028,3.0761401731586098,3.3415512869267983,50.0,153.80700865793048,44.51065754883331,0.05588234190256789,0.04408801042803373,49.99977972222222,0.4405555555555774
3173.0,0.11860916960154168,3.0754596250186026,3.3409401731233914,50.0,153.77298125093012,44.51506171683127,0.05588365650794364,0.04408890602998143,49.999779652777775,0.4406944444444663
3174.0,0.11833139059960728,3.074779071201931,3.340329059319136,50.0,153.73895356009655,44.51946747453184,0.055884971586486205,0.04408980197169074,49.99977958333333,0.4408333333333552
3175.0,0.11805361159728706,3.0740985117078004,3.3397179455140313,50.0,153.70492558539001,44.52387482129541,0.05588628713799611,0.044090698253014295,49.99977951388889,0.44097222222224414
3176.0,0.11777583259458103,3.0734179465354177,3.339106831708078,50.0,153.67089732677087,44.52828375648289,0.055887603162274,0.04409159487380482,49.99977944444444,0.44111111111113305
3177.0,0.11749805359148921,3.0727373756839906,3.338495717901276,50.0,153.63686878419952,44.53269427945554,0.05588891965912066,0.0440924918339151,49.999779374999996,0.44125000000002196
3178.0,0.11722027458801158,3.0720567991527257,3.337884604093625,50.0,153.6028399576363,44.53710638957517,0.055890236628337024,0.044093389133198,49.999779305555556,0.44138888888891087
3179.0,0.11694249558414814,3.071376216940831,3.3372734902851255,50.0,153.56881084704156,44.541520086204,0.055891554069724146,0.04409428677150644,49.99977923611112,0.4415277777777998
3180.0,0.1166647165798989,3.0706956290475147,3.3366623764757772,50.0,153.53478145237574,44.545935368704704,0.05589287198308322,0.04409518474869342,49.99977916666667,0.4416666666666887
3181.0,0.11638693757526385,3.070015035471984,3.3360512626655803,50.0,153.5007517735992,44.55035223644035,0.05589419036821558,0.04409608306461201,49.99977909722222,0.4418055555555776
3182.0,0.116109158570243,3.0693344362134494,3.335440148854534,50.0,153.46672181067248,44.55477068877451,0.055895509224922695,0.04409698171911535,49.99977902777778,0.4419444444444665
3183.0,0.11583137956483634,3.068653831271119,3.33482903504264,50.0,153.43269156355595,44.55919072507123,0.05589682855300616,0.04409788071205665,49.99977895833334,0.4420833333333554
3184.0,0.11555360055904387,3.0679732206442014,3.3342179212298966,50.0,153.39866103221007,44.563612344694945,0.05589814835226771,0.044098780043289196,49.99977888888889,0.44222222222224433
3185.0,0.1152758215528656,3.067292604331906,3.333606807416304,50.0,153.3646302165953,44.568035547010595,0.05589946862250923,0.044099679712666345,49.999778819444444,0.44236111111113324
3186.0,0.11499804254630153,3.066611982333444,3.332995693601863,50.0,153.3305991166722,44.57246033138347,0.055900789363532724,0.04410057972004153,49.999778750000004,0.44250000000002215
3187.0,0.11472026353935165,3.065931354648025,3.3323845797865737,50.0,153.29656773240126,44.57688669717942,0.05590211057514033,0.04410148006526824,49.99977868055556,0.44263888888891106
3188.0,0.11444248453201596,3.065250721274859,3.3317734659704348,50.0,153.26253606374297,44.58131464376464,0.05590343225713434,0.044102380748200054,49.99977861111111,0.4427777777778
3189.0,0.11416470552429446,3.0645700822131583,3.3311623521534477,50.0,153.22850411065792,44.58574417050585,0.05590475440931716,0.04410328176869061,49.999778541666664,0.4429166666666889
3190.0,0.11388692651618716,3.063889437462133,3.3305512383356115,50.0,153.19447187310664,44.590175276770196,0.05590607703149134,0.044104183126593643,49.999778472222225,0.4430555555555778
3191.0,0.11360914750769406,3.0632087870209936,3.3299401245169267,50.0,153.1604393510497,44.59460796192525,0.05590740012345957,0.04410508482176294,49.99977840277778,0.4431944444444667
3192.0,0.11333136849881514,3.062528130888954,3.329329010697393,50.0,153.1264065444477,44.59904222533902,0.05590872368502466,0.044105986854052356,49.99977833333333,0.4433333333333556
3193.0,0.11305358948955042,3.061847469065224,3.3287178968770106,50.0,153.09237345326122,44.603478066380035,0.05591004771598958,0.04410688922331585,49.99977826388889,0.4434722222222445
3194.0,0.1127758104798999,3.0611668015490188,3.32810678305578,50.0,153.05834007745094,44.60791548441716,0.0559113722161574,0.04410779192940742,49.999778194444445,0.44361111111113344
3195.0,0.11249803146986358,3.060486128339549,3.3274956692337,50.0,153.02430641697745,44.612354478819725,0.055912697185331345,0.04410869497218117,49.999778125,0.44375000000002235
3196.0,0.11222025245944144,3.059805449436028,3.326884555410771,50.0,152.9902724718014,44.61679504895761,0.05591402262331478,0.04410959835149126,49.99977805555555,0.44388888888891126
3197.0,0.11194247344863349,3.059124764837669,3.3262734415869937,50.0,152.95623824188345,44.621237194201,0.055915348529911195,0.04411050206719192,49.99977798611111,0.44402777777780017
3198.0,0.11166469443743975,3.0584440745436865,3.3256623277623674,50.0,152.92220372718432,44.62568091392063,0.05591667490492422,0.044111406119137477,49.999777916666666,0.4441666666666891
3199.0,0.1113869154258602,3.0577633785532936,3.3250512139368924,50.0,152.88816892766468,44.63012620748759,0.05591800174815761,0.04411231050718231,49.99977784722222,0.444305555555578
3200.0,0.11110913641389483,3.057082676865705,3.3244401001105683,50.0,152.85413384328527,44.634573074273476,0.055919329059415254,0.04411321523118089,49.99977777777778,0.4444444444444669
3201.0,0.11083135740154366,3.056401969480135,3.323828986283396,50.0,152.82009847400676,44.63902151365028,0.05592065683850119,0.044114120290987754,49.99977770833333,0.4445833333333558
3202.0,0.1105535783888067,3.0557212563957985,3.3232178724553747,50.0,152.78606281978992,44.6434715249905,0.05592198508521958,0.04411502568645752,49.99977763888889,0.4447222222222447
3203.0,0.11027579937568392,3.055040537611911,3.3226067586265047,50.0,152.75202688059554,44.647923107667054,0.05592331379937472,0.044115931417444874,49.99977756944444,0.44486111111113363
3204.0,0.10999802036217533,3.0543598131276877,3.3219956447967856,50.0,152.7179906563844,44.652376261053234,0.05592464298077103,0.0441168374838046,49.9997775,0.44500000000002254
3205.0,0.10972024134828094,3.0536790829423444,3.3213845309662178,50.0,152.68395414711722,44.656830984522855,0.055925972629213075,0.04411774388539153,49.999777430555554,0.44513888888891145
3206.0,0.10944246233400075,3.052998347055097,3.3207734171348013,50.0,152.64991735275487,44.66128727745013,0.055927302744505566,0.0441186506220606,49.99977736111111,0.44527777777780037
3207.0,0.10916468331933475,3.052317605465163,3.3201623033025363,50.0,152.61588027325814,44.66574513920972,0.05592863332645332,0.0441195576936668,49.99977729166667,0.4454166666666893
3208.0,0.10888690430428294,3.0516368581717574,3.319551189469422,50.0,152.58184290858787,44.67020456917675,0.05592996437486131,0.04412046510006521,49.99977722222223,0.4455555555555782
3209.0,0.10860912528884532,3.050956105174098,3.3189400756354597,50.0,152.5478052587049,44.67466556672673,0.055931295889534625,0.04412137284111098,49.99977715277778,0.4456944444444671
3210.0,0.1083313462730219,3.0502753464714023,3.318328961800648,50.0,152.5137673235701,44.67912813123564,0.0559326278702785,0.044122280916659345,49.999777083333335,0.445833333333356
3211.0,0.10805356725681269,3.0495945820628876,3.3177178479649876,50.0,152.4797291031444,44.68359226207997,0.0559339603168983,0.044123189326565615,49.99977701388889,0.4459722222222449
3212.0,0.10777578824021765,3.0489138119477723,3.317106734128479,50.0,152.44569059738862,44.688057958636534,0.05593529322919951,0.044124098070685173,49.99977694444445,0.44611111111113383
3213.0,0.10749800922323681,3.0482330361252736,3.316495620291121,50.0,152.41165180626368,44.692525220282675,0.05593662660698777,0.044125007148873484,49.999776875,0.44625000000002274
3214.0,0.10722023020587017,3.0475522545946108,3.3158845064529143,50.0,152.37761272973054,44.69699404639607,0.05593796045006884,0.0441259165609861,49.999776805555555,0.44638888888891165
3215.0,0.10694245118811772,3.046871467355002,3.3152733926138587,50.0,152.3435733677501,44.70146443635497,0.05593929475824861,0.044126826306878635,49.999776736111116,0.44652777777780056
3216.0,0.10666467216997946,3.0461906744056675,3.314662278773955,50.0,152.30953372028338,44.70593638953795,0.05594062953133312,0.04412773638640679,49.99977666666667,0.44666666666668947
3217.0,0.1063868931514554,3.0455098757458257,3.314051164933202,50.0,152.27549378729128,44.71040990532407,0.05594196476912852,0.044128646799426345,49.99977659722222,0.4468055555555784
3218.0,0.10610911413254553,3.044829071374696,3.3134400510916,50.0,152.24145356873478,44.714884983092816,0.05594330047144111,0.04412955754579316,49.999776527777776,0.4469444444444673
3219.0,0.10583133511324987,3.0441482612914994,3.3128289372491495,50.0,152.20741306457498,44.719361622224085,0.055944636638077305,0.04413046862536317,49.999776458333336,0.4470833333333562
3220.0,0.10555355609356838,3.0434674454954553,3.31221782340585,50.0,152.17337227477276,44.723839822098284,0.055945973268843666,0.04413138003799239,49.99977638888889,0.4472222222222451
3221.0,0.1052757770735011,3.042786623985785,3.311606709561702,50.0,152.13933119928924,44.72831958209622,0.05594731036354689,0.04413229178353693,49.99977631944444,0.447361111111134
3222.0,0.104997998053048,3.0421057967617084,3.3109955957167054,50.0,152.1052898380854,44.73280090159915,0.05594864792199379,0.044133203861852946,49.99977625,0.44750000000002293
3223.0,0.10472021903220911,3.0414249638224473,3.3103844818708597,50.0,152.07124819112238,44.73728377998873,0.05594998594399132,0.044134116272796696,49.99977618055556,0.44763888888891185
3224.0,0.1044424400109844,3.0407441251672243,3.3097733680241657,50.0,152.0372062583612,44.741768216647074,0.055951324429346576,0.04413502901622452,49.99977611111111,0.44777777777780076
3225.0,0.1041646609893739,3.0400632807952586,3.3091622541766226,50.0,152.00316403976294,44.74625421095669,0.055952663377866765,0.04413594209199284,49.999776041666664,0.44791666666668967
3226.0,0.10388688196737758,3.0393824307057735,3.3085511403282304,50.0,151.96912153528868,44.750741762300606,0.05595400278935924,0.04413685549995814,49.999775972222224,0.4480555555555786
3227.0,0.10360910294499547,3.0387015748979915,3.30794002647899,50.0,151.93507874489958,44.755230870062235,0.05595534266363149,0.044137769239977,49.99977590277778,0.4481944444444675
3228.0,0.10333132392222753,3.038020713371136,3.3073289126289005,50.0,151.9010356685568,44.759721533625395,0.055956683000491114,0.04413868331190607,49.99977583333333,0.4483333333333564
3229.0,0.1030535448990738,3.0373398461244276,3.3067177987779623,50.0,151.8669923062214,44.76421375237436,0.05595802379974586,0.04413959771560209,49.999775763888884,0.4484722222222453
3230.0,0.10277576587553426,3.0366589731570914,3.306106684926175,50.0,151.83294865785456,44.76870752569391,0.05595936506120361,0.04414051245092187,49.999775694444445,0.4486111111111342
3231.0,0.10249798685160892,3.03597809446835,3.3054955710735396,50.0,151.7989047234175,44.77320285296918,0.05596070678467237,0.04414142751772231,49.999775625,0.44875000000002313
3232.0,0.10222020782729777,3.035297210057428,3.304884457220055,50.0,151.7648605028714,44.77769973358568,0.05596204896996027,0.044142342915860396,49.99977555555555,0.44888888888891204
3233.0,0.1019424288026008,3.034616319923548,3.3042733433657214,50.0,151.7308159961774,44.782198166929504,0.055963391616875593,0.04414325864519318,49.99977548611111,0.44902777777780095
3234.0,0.10166464977751805,3.033935424065936,3.3036622295105396,50.0,151.6967712032968,44.78669815238709,0.05596473472522673,0.044144174705577806,49.999775416666665,0.44916666666668986
3235.0,0.10138687075204948,3.033254522483815,3.3030511156545086,50.0,151.66272612419075,44.79119968934532,0.05596607829482221,0.044145091096871494,49.99977534722222,0.4493055555555788
3236.0,0.1011090917261951,3.0325736151764113,3.302440001797629,50.0,151.62868075882056,44.79570277719148,0.0559674223254707,0.04414600781893155,49.99977527777778,0.4494444444444677
3237.0,0.10083131269995492,3.0318927021429505,3.3018288879399007,50.0,151.59463510714752,44.800207415313366,0.055968766816981,0.04414692487161536,49.99977520833333,0.4495833333333566
3238.0,0.10055353367332893,3.0312117833826555,3.3012177740813233,50.0,151.56058916913278,44.80471360309912,0.05597011176916203,0.04414784225478039,49.99977513888889,0.4497222222222455
3239.0,0.10027575464631715,3.0305308588947555,3.3006066602218977,50.0,151.52654294473777,44.80922133993738,0.05597145718182284,0.044148759968284185,49.999775069444446,0.4498611111111344
3240.0,0.09999797561891956,3.029848309173609,3.2999939268567586,50.0,151.49241545868045,44.81373062521715,0.05597280305477261,0.044149678011984377,49.999775,0.4500000000000233
3241.0,0.09972019659113615,3.02894492045431,3.2991605897734084,50.0,151.44724602271552,44.81824147267491,0.05597414938782068,0.04415059638573868,49.99977493055556,0.45013888888891224
3242.0,0.09944241756296694,3.0280102563567572,3.2983272526889005,50.0,151.40051281783786,44.82275583604502,0.05597549618114375,0.044151515089438764,49.99977486111111,0.45027777777780115
3243.0,0.09916463853441193,3.027075582787693,3.2974939156032357,50.0,151.35377913938467,44.82727371378047,0.05597684348491723,0.0441524341275912,49.99977479166667,0.45041666666669006
3244.0,0.09888685950547112,3.0261408996924897,3.296660578516413,50.0,151.3070449846245,44.83179510433541,0.05597819134498591,0.044153353504647774,49.99977472222222,0.45055555555557897
3245.0,0.09860908047614449,3.0252062070205348,3.2958272414284333,50.0,151.26031035102673,44.836320006165295,0.05597953980323438,0.04415427322500611,49.99977465277778,0.4506944444444679
3246.0,0.09833130144643205,3.0242715047248954,3.294993904339296,50.0,151.21357523624476,44.84084841772659,0.05598088889792567,0.04415519329301028,49.999774583333334,0.4508333333333568
3247.0,0.09805352241633382,3.023336792762005,3.2941605672490013,50.0,151.16683963810024,44.84538033747708,0.055982238664010996,0.04415611371295141,49.99977451388889,0.4509722222222457
3248.0,0.09777574338584978,3.022402071091381,3.293327230157549,50.0,151.12010355456903,44.849915763875686,0.05598358913341297,0.04415703448906832,49.99977444444445,0.4511111111111346
3249.0,0.09749796435497993,3.0214673396753615,3.2924938930649397,50.0,151.07336698376807,44.854454695382515,0.0559849403352846,0.04415795562554804,49.999774375,0.4512500000000235
3250.0,0.09722018532372427,3.020532598478876,3.2916605559711725,50.0,151.0266299239438,44.85899713045882,0.05598629229624616,0.044158877126526504,49.999774305555555,0.45138888888891243
3251.0,0.09694240629208281,3.019597847469218,3.2908272188762484,50.0,150.9798923734609,44.86354306756709,0.055987645040601754,0.04415979899608903,49.99977423611111,0.45152777777780134
3252.0,0.09666462726005555,3.0186630866158537,3.2899938817801666,50.0,150.9331543307927,44.86809250517098,0.05598899859053739,0.04416072123827096,49.99977416666667,0.45166666666669025
3253.0,0.09638684822764247,3.017728315890239,3.289160544682927,50.0,150.88641579451195,44.8726454417353,0.0559903529663021,0.0441616438570582,49.99977409722222,0.45180555555557916
3254.0,0.09610906919484359,3.01679353526565,3.2883272075845307,50.0,150.83967676328248,44.87720187572603,0.055991708186373626,0.0441625668563878,49.999774027777775,0.4519444444444681
3255.0,0.09583129016165891,3.015858744717034,3.2874938704849765,50.0,150.7929372358517,44.88176180561038,0.05599306426760981,0.04416349024014849,49.999773958333336,0.452083333333357
3256.0,0.09555351112808842,3.0149239442208713,3.286660533384265,50.0,150.74619721104355,44.88632522985671,0.0559944212253872,0.04416441401218125,49.99977388888889,0.4522222222222459
3257.0,0.09527573209413212,3.013989133755044,3.285827196282396,50.0,150.6994566877522,44.890892146934505,0.05599577907372764,0.044165338176279816,49.99977381944444,0.4523611111111348
3258.0,0.09499795305979002,3.0130543132987238,3.28499385917937,50.0,150.65271566493618,44.89546255531451,0.055997137825414184,0.04416626273619128,49.999773749999996,0.4525000000000237
3259.0,0.09472017402506211,3.012119482832263,3.284160522075186,50.0,150.60597414161313,44.9000364534686,0.055998497492096996,0.04416718769561656,49.999773680555556,0.4526388888889126
3260.0,0.0944423949899484,3.011184642337098,3.283327184969845,50.0,150.5592321168549,44.904613839869796,0.05599985808439023,0.044168113058210966,49.99977361111111,0.45277777777780154
3261.0,0.09416461595444887,3.0102497917956583,3.2824938478633463,50.0,150.51248958978292,44.90919471299236,0.05600121961196062,0.04416903882758468,49.99977354166666,0.45291666666669045
3262.0,0.09388683691856355,3.009314931191291,3.2816605107556907,50.0,150.46574655956454,44.913779071311694,0.05600258208360849,0.044169965007303316,49.999773472222216,0.45305555555557936
3263.0,0.09360905788229242,3.008380060508177,3.2808271736468773,50.0,150.41900302540884,44.91836691330434,0.05600394550734188,0.04417089160088838,49.99977340277778,0.45319444444446827
3264.0,0.09333127884563548,3.00744517973127,3.279993836536906,50.0,150.3722589865635,44.92295823744803,0.05600530989044428,0.044171818611817806,49.99977333333334,0.4533333333333572
3265.0,0.09305349980859273,3.0065102888462323,3.279160499425778,50.0,150.3255144423116,44.92755304222163,0.056006675239536556,0.044172746043526445,49.99977326388889,0.4534722222222461
3266.0,0.09277572077116418,3.0055753878393756,3.2783271623134924,50.0,150.27876939196878,44.93215132610527,0.05600804156063369,0.04417367389940653,49.999773194444444,0.453611111111135
3267.0,0.09249794173334983,3.0046404766976114,3.2774938252000494,50.0,150.23202383488058,44.9367530875802,0.05600940885919652,0.04417460218280821,49.999773125000004,0.4537500000000239
3268.0,0.09222016269514967,3.0037055554083993,3.276660488085449,50.0,150.18527777041996,44.94135832512876,0.05601077714017921,0.04417553089703998,49.99977305555556,0.4538888888889128
3269.0,0.0919423836565637,3.0027706239597083,3.275827150969691,50.0,150.1385311979854,44.94596703723454,0.05601214640807254,0.044176460045369174,49.99977298611111,0.45402777777780173
3270.0,0.09166460461759192,3.0018356823399737,3.2749938138527757,50.0,150.0917841169987,44.950579222382316,0.056013516666943514,0.04417738963102244,49.99977291666667,0.45416666666669064
3271.0,0.09138682557823434,3.00090073053806,3.274160476734703,50.0,150.045036526903,44.955194879057956,0.056014887920471663,0.044178319657186195,49.999772847222225,0.45430555555557955
3272.0,0.09110904653849096,2.999965768543227,3.2733271396154726,50.0,149.99828842716136,44.95981400574851,0.05601626017198218,0.04417925012700709,49.99977277777778,0.45444444444446846
3273.0,0.09083126749836176,2.999030796345104,3.2724938024950854,50.0,149.9515398172552,44.964436600942236,0.05601763342447618,0.04418018104359245,49.99977270833333,0.4545833333333574
3274.0,0.09055348845784676,2.998095813933653,3.27166046537354,50.0,149.90479069668265,44.969062663128454,0.0560190076806585,0.04418111241001073,49.99977263888889,0.4547222222222463
3275.0,0.09027570941694596,2.997160821299152,3.2708271282508377,50.0,149.8580410649576,44.973692190797806,0.05602038294296299,0.04418204422929196,49.999772569444445,0.4548611111111352
3276.0,0.08999793037565935,2.996225818432163,3.269993791126978,50.0,149.81129092160813,44.97832518244189,0.05602175921357573,0.04418297650442818,49.9997725,0.4550000000000241
3277.0,0.08972015133398693,2.995290805323517,3.2691604540019608,50.0,149.76454026617586,44.982961636553625,0.05602313649445623,0.04418390923837387,49.99977243055555,0.455138888888913
3278.0,0.08944237229192871,2.994355781964291,3.268327116875786,50.0,149.71778909821455,44.98760155162705,0.05602451478735679,0.04418484243404638,49.99977236111111,0.45527777777780193
3279.0,0.08916459324948468,2.99342074834579,3.267493779748454,50.0,149.6710374172895,44.9922449261573,0.056025894093840276,0.044185776094326334,49.999772291666666,0.45541666666669084
3280.0,0.08888681420665485,2.9924857044595323,3.2666604426199646,50.0,149.62428522297662,44.99689175864074,0.05602727441529633,0.0441867102220581,49.99977222222222,0.45555555555557975
3281.0,0.08860903516343921,2.991550650297229,3.2658271054903176,50.0,149.57753251486145,45.001542047574844,0.056028655752956166,0.04418764482005013,49.99977215277778,0.45569444444446866
3282.0,0.08833125611983776,2.990615585850779,3.264993768359513,50.0,149.53077929253894,45.00619579145825,0.056030038107906174,0.04418857989107544,49.99977208333333,0.45583333333335757
3283.0,0.08805347707585051,2.989680511112246,3.2641604312275514,50.0,149.4840255556123,45.01085298879076,0.0560314214811003,0.04418951543787196,49.99977201388889,0.4559722222222465
3284.0,0.08777569803147746,2.9887454260738546,3.263327094094432,50.0,149.43727130369274,45.015513638073344,0.05603280587337142,0.04419045146314296,49.99977194444444,0.4561111111111354
3285.0,0.08749791898671859,2.9878103307279753,3.2624937569601555,50.0,149.39051653639876,45.02017773780807,0.056034191285441674,0.044191387969557454,49.999771875,0.4562500000000243
3286.0,0.08722013994157392,2.986875225067118,3.2616604198247217,50.0,149.3437612533559,45.02484528649825,0.05603557771793198,0.04419232495975055,49.999771805555554,0.4563888888889132
3287.0,0.08694236089604344,2.9859401090839173,3.26082708268813,50.0,149.29700545419587,45.02951628264822,0.05603696517137071,0.04419326243632387,49.99977173611111,0.4565277777778021
3288.0,0.08666458185012717,2.9850049827711307,3.259993745550381,50.0,149.25024913855654,45.03419072476356,0.05603835364620162,0.044194200401845934,49.99977166666667,0.45666666666669103
3289.0,0.08638680280382507,2.9840698461216277,3.259160408411475,50.0,149.2034923060814,45.038868611351006,0.05603974314279112,0.04419513885885252,49.99977159722222,0.45680555555557995
3290.0,0.08610902375713718,2.983134699128382,3.2583270712714114,50.0,149.15673495641911,45.04354994091841,0.05604113366143489,0.04419607780984703,49.999771527777774,0.45694444444446886
3291.0,0.08583124471006348,2.9821995417844662,3.25749373413019,50.0,149.10997708922332,45.048234711974715,0.05604252520236397,0.044197017257300894,49.99977145833333,0.45708333333335777
3292.0,0.08555346566260398,2.9812643740830476,3.2566603969878116,50.0,149.06321870415238,45.05292292303011,0.05604391776575029,0.044197957203653895,49.99977138888889,0.4572222222222467
3293.0,0.08527568661475866,2.9803291960173786,3.255827059844276,50.0,149.01645980086892,45.05761457259587,0.05604531135171178,0.04419889765131456,49.99977131944445,0.4573611111111356
3294.0,0.08499790756652754,2.9793940075807948,3.2549937226995826,50.0,148.96970037903975,45.06230965918439,0.05604670596031698,0.04419983860266049,49.99977125,0.4575000000000245
3295.0,0.08472012851791062,2.9784588087667108,3.2541603855537318,50.0,148.92294043833553,45.06700818130935,0.056048101591589315,0.044200780060038726,49.999771180555555,0.4576388888889134
3296.0,0.0844423494689079,2.977523599568615,3.2533270484067236,50.0,148.87617997843074,45.071710137485354,0.05604949824551095,0.0442017220257661,49.999771111111116,0.4577777777778023
3297.0,0.08416457041951936,2.976588379980063,3.252493711258558,50.0,148.82941899900314,45.076415526228345,0.056050895922026354,0.044202664502129584,49.99977104166667,0.45791666666669123
3298.0,0.08388679136974501,2.9756531499946792,3.251660374109235,50.0,148.78265749973397,45.08112434605533,0.05605229462104558,0.044203607491386604,49.99977097222222,0.45805555555558014
3299.0,0.08360901231958487,2.97471790960615,3.2508270369587544,50.0,148.7358954803075,45.08583659548441,0.05605369434244717,0.04420455099576541,49.999770902777776,0.45819444444446905
3300.0,0.0833312332690389,2.9737826588082212,3.2499936998071166,50.0,148.68913294041107,45.090552273034916,0.05605509508608093,0.04420549501746539,49.999770833333336,0.45833333333335796
3301.0,0.08305345421810714,2.972847397594697,3.2491603626543215,50.0,148.64236987973484,45.09527137722722,0.056056496851770395,0.0442064395586574,49.99977076388889,0.4584722222222469
3302.0,0.08277567516678958,2.971912125959433,3.2483270255003687,50.0,148.59560629797167,45.09999390658294,0.05605789963931509,0.04420738462148409,49.99977069444444,0.4586111111111358
3303.0,0.0824978961150862,2.9709768438963406,3.2474936883452585,50.0,148.54884219481704,45.104719859624765,0.05605930344849263,0.044208330208060226,49.999770625000004,0.4587500000000247
3304.0,0.08222011706299702,2.970041551399378,3.246660351188991,50.0,148.5020775699689,45.10944923487648,0.056060708279060595,0.04420927632047301,49.99977055555556,0.4588888888889136
3305.0,0.08194233801052203,2.9691062484625528,3.245827014031566,50.0,148.45531242312765,45.114182030863105,0.0560621141307583,0.044210222960782405,49.99977048611111,0.4590277777778025
3306.0,0.08166455895766124,2.9681709350799172,3.2449936768729835,50.0,148.40854675399586,45.11891824611075,0.05606352100330836,0.04421117013102142,49.999770416666664,0.4591666666666914
3307.0,0.08138677990441465,2.9672356112455693,3.2441603397132437,50.0,148.36178056227845,45.12365787914666,0.05606492889641815,0.04421211783319643,49.999770347222224,0.45930555555558034
3308.0,0.08110900085078224,2.966300276953648,3.2433270025523466,50.0,148.3150138476824,45.12840092849922,0.056066337809781146,0.0442130660692875,49.99977027777778,0.45944444444446925
3309.0,0.08083122179676402,2.965364932198332,3.242493665390292,50.0,148.2682466099166,45.13314739269788,0.05606774774307813,0.04421401484124866,49.99977020833333,0.45958333333335816
3310.0,0.08055344274236001,2.964429576973843,3.2416603282270797,50.0,148.22147884869216,45.137897270273356,0.05606915869597829,0.04421496415100818,49.99977013888889,0.45972222222224707
3311.0,0.08027566368757019,2.9634942112744374,3.2408269910627103,50.0,148.17471056372187,45.142650559757385,0.05607057066814028,0.044215914000468926,49.999770069444445,0.459861111111136
3312.0,0.07999788463239456,2.9625588350944114,3.2399936538971836,50.0,148.12794175472058,45.147407259682836,0.0560719836592131,0.044216864391508605,49.99977,0.4600000000000249
3313.0,0.07972010557683312,2.961623448428094,3.239160316730499,50.0,148.08117242140472,45.152167368583775,0.056073397668836976,0.04421781532598006,49.99976993055555,0.4601388888889138
3314.0,0.07944232652088588,2.960688051269852,3.2383269795626575,50.0,148.03440256349262,45.15693088499535,0.05607481269664415,0.044218766805711573,49.99976986111111,0.4602777777778027
3315.0,0.07916454746455284,2.9597526436140837,3.2374936423936584,50.0,147.9876321807042,45.161697807453834,0.05607622874225954,0.0442197188325071,49.999769791666665,0.4604166666666916
3316.0,0.07888676840783398,2.958817225455221,3.2366603052235017,50.0,147.94086127276105,45.16646813449671,0.05607764580530145,0.04422067140814661,49.99976972222222,0.46055555555558053
3317.0,0.07860898935072932,2.957881796787728,3.235826968052188,50.0,147.8940898393864,45.17124186466242,0.05607906388538214,0.0442216245343863,49.99976965277778,0.46069444444446944
3318.0,0.07833121029323886,2.9569463576060993,3.2349936308797163,50.0,147.84731788030496,45.17601899649071,0.05608048298210836,0.04422257821295891,49.99976958333333,0.46083333333335835
3319.0,0.0780534312353626,2.9560109079048607,3.2341602937060876,50.0,147.80054539524303,45.18079952852236,0.05608190309508186,0.04422353244557396,49.999769513888886,0.46097222222224726
3320.0,0.07777565217710052,2.9550754476785666,3.233326956531301,50.0,147.75377238392832,45.18558345929921,0.05608332422389985,0.04422448723391805,49.99976944444444,0.4611111111111362
3321.0,0.07749787311845263,2.9541399769218017,3.232493619355358,50.0,147.70699884609007,45.19037078736437,0.0560847463681554,0.04422544257965508,49.999769375,0.4612500000000251
3322.0,0.07722009405941894,2.9532044956291776,3.2316602821782565,50.0,147.66022478145888,45.19516151126197,0.05608616952743785,0.04422639848442654,49.99976930555556,0.461388888888914
3323.0,0.07694231499999946,2.9522690037953345,3.2308269449999982,50.0,147.61345018976672,45.19995562953727,0.05608759370133312,0.044227354949851756,49.99976923611111,0.4615277777778029
3324.0,0.07666453594019415,2.9513335014149393,3.229993607820582,50.0,147.56667507074695,45.20475314073673,0.05608901888942408,0.04422831197752814,49.99976916666667,0.4616666666666918
3325.0,0.07638675688000304,2.9503979884826865,3.229160270640009,50.0,147.51989942413434,45.20955404340782,0.05609044509129076,0.04422926956903145,49.99976909722223,0.4618055555555807
3326.0,0.07610897781942613,2.9494624649932946,3.2283269334582783,50.0,147.47312324966472,45.21435833609917,0.05609187230651072,0.04423022772591601,49.99976902777778,0.46194444444446964
3327.0,0.07583119875846342,2.9485269309415094,3.22749359627539,50.0,147.42634654707547,45.21916601736058,0.056093300534659205,0.044231186449715014,49.999768958333334,0.46208333333335855
3328.0,0.07555341969711489,2.947591386322102,3.2266602590913447,50.0,147.3795693161051,45.22397708574289,0.05609472977530941,0.04423214574194068,49.99976888888889,0.46222222222224746
3329.0,0.07527564063538056,2.9466558311298665,3.2258269219061417,50.0,147.33279155649333,45.228791539798124,0.05609616002803268,0.04423310560408459,49.99976881944445,0.46236111111113637
3330.0,0.07499786157326042,2.9457202653596224,3.224993584719781,50.0,147.28601326798113,45.233609378079336,0.05609759129239869,0.044234066037617835,49.99976875,0.4625000000000253
3331.0,0.07472008251075449,2.9447846890062137,3.2241602475322635,50.0,147.23923445031068,45.23843059914077,0.05609902356797563,0.0442350270439913,49.999768680555555,0.4626388888889142
3332.0,0.07444230344786273,2.9438491020645063,3.223326910343588,50.0,147.1924551032253,45.243255201537806,0.05610045685433034,0.0442359886246359,49.999768611111115,0.4627777777778031
3333.0,0.07416452438458518,2.94291350452939,3.2224935731537556,50.0,147.1456752264695,45.24808318382685,0.056101891151028475,0.04423695078096278,49.99976854166667,0.462916666666692
3334.0,0.07388674532092182,2.941977896395777,3.2216602359627653,50.0,147.09889481978882,45.25291454456544,0.056103326457634606,0.044237913514363535,49.99976847222222,0.4630555555555809
3335.0,0.07360896625687266,2.9410422776586023,3.2208268987706177,50.0,147.05211388293012,45.25774928231226,0.05610476277371236,0.044238876826210485,49.999768402777775,0.46319444444446983
3336.0,0.07333118719243768,2.940106648312823,3.2199935615773128,50.0,147.00533241564116,45.26258739562712,0.056106200098824534,0.044239840717856846,49.999768333333336,0.46333333333335874
3337.0,0.0730534081276169,2.9391710083534175,3.2191602243828505,50.0,146.95855041767086,45.26742888307092,0.05610763843253318,0.04424080519063696,49.99976826388889,0.46347222222224765
3338.0,0.07277562906241032,2.938235357775386,3.218326887187231,50.0,146.9117678887693,45.27227374320563,0.05610907777439969,0.04424177024586652,49.99976819444444,0.46361111111113656
3339.0,0.07249784999681794,2.937299696573749,3.217493549990454,50.0,146.86498482868743,45.277121974594365,0.05611051812398492,0.044242735884842795,49.999768125,0.4637500000000255
3340.0,0.07222007093083974,2.9363640247435487,3.2166602127925192,50.0,146.81820123717745,45.28197357580137,0.05611195948084921,0.0442437021088448,49.999768055555556,0.4638888888889144
3341.0,0.07194229186447573,2.935428342279847,3.215826875593427,50.0,146.77141711399236,45.286828545391984,0.056113401844552505,0.04424466891913353,49.99976798611111,0.4640277777778033
3342.0,0.07166451279772593,2.9344926491777277,3.214993538393178,50.0,146.7246324588864,45.291686881932606,0.05611484521465437,0.044245636316952185,49.99976791666666,0.4641666666666922
3343.0,0.07138673373059032,2.9335569454322923,3.214160201191771,50.0,146.6778472716146,45.296548583990784,0.056116289590714095,0.044246604303526345,49.99976784722222,0.4643055555555811
3344.0,0.0711089546630689,2.9326212310386643,3.2133268639892067,50.0,146.63106155193321,45.301413650135146,0.056117734972290716,0.04424757288006418,49.99976777777778,0.46444444444447003
3345.0,0.07083117559516167,2.9316855059919846,3.212493526785485,50.0,146.58427529959923,45.30628207893545,0.056119181358943074,0.04424854204775665,49.99976770833333,0.46458333333335894
3346.0,0.07055339652686864,2.9307497702874152,3.2116601895806056,50.0,146.53748851437075,45.31115386896255,0.05612062875022986,0.044249511807777704,49.99976763888888,0.46472222222224785
3347.0,0.0702756174581898,2.9298140239201365,3.210826852374569,50.0,146.49070119600682,45.31602901878841,0.05612207714570967,0.04425048216128448,49.999767569444444,0.46486111111113676
3348.0,0.06999783838912516,2.928878266885347,3.2099935151673753,50.0,146.44391334426734,45.320907526986105,0.056123526544941016,0.04425145310941748,49.9997675,0.46500000000002567
3349.0,0.0697200593196747,2.9279424991782643,3.209160177959024,50.0,146.39712495891322,45.32578939212971,0.056124976947482356,0.044252424653300766,49.99976743055555,0.4651388888889146
3350.0,0.06944228024983845,2.927006720794124,3.2083268407495154,50.0,146.3503360397062,45.33067461279455,0.05612642835289217,0.04425339679404218,49.99976736111111,0.4652777777778035
3351.0,0.0691645011796164,2.926070931728181,3.207493503538849,50.0,146.30354658640906,45.33556318755694,0.05612788076072895,0.044254369532733484,49.99976729166667,0.4654166666666924
3352.0,0.06888672210900852,2.9251351319757055,3.2066601663270253,50.0,146.25675659878527,45.34045511499437,0.05612933417055122,0.04425534287045056,49.999767222222225,0.4655555555555813
3353.0,0.06860894303801485,2.924199321531989,3.2058268291140446,50.0,146.20996607659944,45.34535039368535,0.0561307885819176,0.04425631680825361,49.99976715277778,0.4656944444444702
3354.0,0.06833116396663537,2.9232635003923373,3.204993491899906,50.0,146.16317501961686,45.35024902220954,0.05613224399438678,0.044257291347187304,49.99976708333334,0.46583333333335913
3355.0,0.06805338489487008,2.922327668552075,3.20416015468461,50.0,146.11638342760375,45.35515099914767,0.056133700407517584,0.044258266488280996,49.99976701388889,0.46597222222224804
3356.0,0.06777560582271898,2.921391826006545,3.203326817468157,50.0,146.06959130032723,45.36005632308161,0.05613515782086895,0.04425924223254887,49.999766944444445,0.46611111111113696
3357.0,0.06749782675018208,2.920455972751104,3.202493480250546,50.0,146.0227986375552,45.36496499259425,0.056136616233999966,0.04426021858099012,49.999766875,0.46625000000002587
3358.0,0.06722004767725938,2.919520108781128,3.201660143031778,50.0,145.9760054390564,45.36987700626963,0.056138075646469894,0.04426119553458913,49.99976680555556,0.4663888888889148
3359.0,0.06694226860395086,2.918584234092008,3.2008268058118525,50.0,145.9292117046004,45.37479236269286,0.05613953605783816,0.04426217309431564,49.99976673611111,0.4665277777778037
3360.0,0.06666448953025654,2.917648348679152,3.1999934685907694,50.0,145.8824174339576,45.37971106045018,0.05614099746766439,0.04426315126112491,49.999766666666666,0.4666666666666926
3361.0,0.06638671045617642,2.916712452537985,3.199160131368529,50.0,145.83562262689924,45.38463309812886,0.05614245987550841,0.044264130035957874,49.99976659722222,0.4668055555555815
3362.0,0.06610893138171049,2.9157765456639457,3.198326794145131,50.0,145.7888272831973,45.38955847431731,0.05614392328093023,0.04426510941974135,49.99976652777778,0.4669444444444704
3363.0,0.06583115230685875,2.914840628052492,3.197493456920576,50.0,145.7420314026246,45.39448718760502,0.056145387683490124,0.04426608941338815,49.99976645833333,0.46708333333335933
3364.0,0.0655533732316212,2.9139046996990943,3.1966601196948634,50.0,145.6952349849547,45.39941923658256,0.05614685308274856,0.044267070017797276,49.99976638888889,0.46722222222224824
3365.0,0.06527559415599786,2.9129687605992394,3.1958267824679933,50.0,145.64843802996197,45.40435461984157,0.05614831947826627,0.04426805123385405,49.99976631944445,0.46736111111113715
3366.0,0.06499781507998871,2.9120328107484306,3.194993445239966,50.0,145.60164053742153,45.40929333597484,0.05614978686960421,0.0442690330624303,49.99976625,0.46750000000002606
3367.0,0.06472003600359374,2.911096850142185,3.1941601080107813,50.0,145.55484250710927,45.41423538357611,0.05615125525632359,0.04427001550438449,49.999766180555554,0.46763888888891497
3368.0,0.06444225692681298,2.9101608787760345,3.193326770780439,50.0,145.50804393880173,45.4191807612404,0.05615272463798589,0.044270998560561894,49.99976611111111,0.4677777777778039
3369.0,0.0641644778496464,2.9092248966455276,3.192493433548939,50.0,145.46124483227638,45.42412946756366,0.05615419501415284,0.044271982231794724,49.99976604166667,0.4679166666666928
3370.0,0.06388669877209403,2.9082889037462256,3.191660096316282,50.0,145.4144451873113,45.429081501143,0.05615566638438646,0.04427296651890231,49.99976597222222,0.4680555555555817
3371.0,0.06360891969415584,2.907352900073705,3.1908267590824675,50.0,145.36764500368525,45.43403686057661,0.056157138748249014,0.04427395142269122,49.999765902777774,0.4681944444444706
3372.0,0.06333114061583185,2.9064168856235564,3.1899934218474955,50.0,145.3208442811778,45.438995544463694,0.056158612105303055,0.044274936943955435,49.999765833333335,0.4683333333333595
3373.0,0.06305336153712206,2.905480860391386,3.189160084611366,50.0,145.2740430195693,45.44395755140465,0.05616008645511142,0.04427592308347646,49.99976576388889,0.46847222222224844
3374.0,0.06277558245802646,2.904544824372812,3.188326747374079,50.0,145.2272412186406,45.44892288000085,0.05616156179723722,0.04427690984202349,49.99976569444444,0.46861111111113735
3375.0,0.062497803378545054,2.9036087775634676,3.187493410135635,50.0,145.1804388781734,45.4538915288548,0.05616303813124387,0.044277897220353545,49.999765624999995,0.46875000000002626
3376.0,0.06222002429867784,2.902672719959,3.1866600728960335,50.0,145.13363599795,45.458863496570075,0.05616451545669507,0.04427888521921162,49.999765555555555,0.46888888888891517
3377.0,0.06194224521842482,2.9017366515550695,3.1858267356552745,50.0,145.08683257775348,45.46383878175135,0.056165993773154795,0.044279873839330804,49.99976548611111,0.4690277777778041
3378.0,0.06166446613778599,2.900800572347349,3.184993398413358,50.0,145.04002861736745,45.468817383004364,0.05616747308018733,0.04428086308143244,49.99976541666667,0.469166666666693
3379.0,0.06138668705676136,2.8998644823315276,3.184160061170284,50.0,144.99322411657639,45.473799298935944,0.056168953377357264,0.04428185294622624,49.99976534722222,0.4693055555555819
3380.0,0.06110890797535092,2.898928381503305,3.1833267239260525,50.0,144.94641907516527,45.47878452815394,0.05617043466422947,0.04428284343441042,49.99976527777778,0.4694444444444708
3381.0,0.06083112889355468,2.897992269858394,3.182493386680664,50.0,144.8996134929197,45.48377306926733,0.05617191694036912,0.04428383454667186,49.999765208333336,0.4695833333333597
3382.0,0.06055334981137263,2.8970561473925223,3.1816600494341176,50.0,144.8528073696261,45.48876492088618,0.05617340020534171,0.0442848262836862,49.99976513888889,0.46972222222224863
3383.0,0.060275570728804774,2.8961200141014287,3.1808267121864144,50.0,144.80600070507143,45.49376008162159,0.05617488445871302,0.04428581864611797,49.99976506944444,0.46986111111113754
3384.0,0.05999779164585111,2.895183869980864,3.179993374937553,50.0,144.7591934990432,45.49875855008577,0.05617636970004914,0.04428681163462076,49.999765000000004,0.47000000000002645
3385.0,0.059720012562511644,2.894247715026595,3.179160037687535,50.0,144.71238575132975,45.50376032489197,0.05617785592891647,0.0442878052498373,49.99976493055556,0.47013888888891536
3386.0,0.05944223347878637,2.8933115492343964,3.178326700436359,50.0,144.6655774617198,45.508765404654525,0.05617934314488172,0.04428879949239961,49.99976486111111,0.4702777777778043
3387.0,0.059164454394675284,2.8923753726000587,3.1774933631840256,50.0,144.61876863000293,45.51377378798878,0.056180831347511895,0.044289794362929104,49.99976479166667,0.4704166666666932
3388.0,0.058886675310178396,2.891439185119383,3.176660025930535,50.0,144.57195925596915,45.51878547351129,0.05618232053637432,0.04429078986203673,49.999764722222224,0.4705555555555821
3389.0,0.0586088962252957,2.890502986788183,3.175826688675887,50.0,144.52514933940915,45.523800459839606,0.05618381071103663,0.044291785990323095,49.99976465277778,0.470694444444471
3390.0,0.0583311171400272,2.8895667776022833,3.1749933514200817,50.0,144.47833888011417,45.528818745592275,0.05618530187106676,0.04429278274837857,49.99976458333333,0.4708333333333599
3391.0,0.05805333805437289,2.888630557557522,3.1741600141631188,50.0,144.4315278778761,45.53384032938902,0.056186794016032965,0.0442937801367834,49.99976451388889,0.4709722222222488
3392.0,0.05777555896833278,2.887694326649746,3.173326676904998,50.0,144.3847163324873,45.5388652098506,0.056188287145503814,0.04429477815610784,49.999764444444445,0.47111111111113774
3393.0,0.05749777988190686,2.8867580848748178,3.1724933396457207,50.0,144.3379042437409,45.543893385598835,0.05618978125904819,0.044295776806912275,49.999764375,0.47125000000002665
3394.0,0.057220000795095136,2.885821832228608,3.1716600023852854,50.0,144.2910916114304,45.54892485525659,0.05619127635623527,0.044296776089747296,49.99976430555556,0.47138888888891556
3395.0,0.0569422217078976,2.8848855687070003,3.170826665123693,50.0,144.24427843535003,45.553959617447845,0.056192772436634564,0.044297776005153874,49.99976423611111,0.47152777777780447
3396.0,0.05666444262031427,2.8839492943058875,3.1699933278609427,50.0,144.1974647152944,45.55899767079762,0.05619426949981588,0.04429877655366341,49.999764166666665,0.4716666666666934
3397.0,0.05638666353234512,2.8830130090211767,3.169159990597035,50.0,144.15065045105882,45.56403901393196,0.05619576754534936,0.04429977773579788,49.99976409722222,0.4718055555555823
3398.0,0.056108884443990176,2.8820767128487845,3.1683266533319703,50.0,144.10383564243924,45.56908364547803,0.05619726657280543,0.04430077955206994,49.99976402777778,0.4719444444444712
3399.0,0.05583110535524942,2.881140405784637,3.167493316065748,50.0,144.05702028923184,45.574131564063975,0.056198766581754864,0.044301782002983014,49.99976395833333,0.4720833333333601
3400.0,0.05555332626612286,2.8802040878246724,3.1666599787983687,50.0,144.01020439123363,45.57918276831913,0.056200267571768714,0.04430278508903144,49.999763888888886,0.472222222222249
3401.0,0.05527554717661049,2.87926775896484,3.1658266415298315,50.0,143.963387948242,45.58423725687379,0.05620176954241837,0.04430378881070054,49.99976381944444,0.47236111111113793
3402.0,0.05499776808671232,2.878331419201099,3.164993304260137,50.0,143.91657096005494,45.589295028359345,0.056203272493275544,0.04430479316846672,49.99976375,0.47250000000002684
3403.0,0.05471998899642834,2.8773950685294176,3.164159966989285,50.0,143.86975342647088,45.59435608140825,0.05620477642391222,0.04430579816279763,49.99976368055555,0.47263888888891575
3404.0,0.05444220990575856,2.8764587069457788,3.1633266297172757,50.0,143.82293534728893,45.59942041465399,0.056206281333900744,0.04430680379415218,49.999763611111106,0.47277777777780466
3405.0,0.054164430814702964,2.8755223344461704,3.162493292444109,50.0,143.77611672230853,45.60448802673113,0.05620778722281375,0.04430781006298072,49.99976354166667,0.4729166666666936
3406.0,0.05388665172326157,2.8745859510265936,3.161659955169785,50.0,143.7292975513297,45.60955891627532,0.05620929409022418,0.04430881696972508,49.99976347222222,0.4730555555555825
3407.0,0.053608872631434365,2.8736495566830587,3.160826617894303,50.0,143.68247783415293,45.61463308192316,0.05621080193570532,0.0443098245148187,49.99976340277778,0.4731944444444714
3408.0,0.05333109353922136,2.872713151411587,3.159993280617664,50.0,143.63565757057935,45.61971052231246,0.05621231075883075,0.04431083269868673,49.999763333333334,0.4733333333333603
3409.0,0.05305331444662254,2.8717767352082073,3.1591599433398674,50.0,143.58883676041037,45.62479123608199,0.056213820559174364,0.0443118415217461,49.999763263888894,0.4734722222222492
3410.0,0.05277553535363792,2.870840308068961,3.1583266060609136,50.0,143.54201540344803,45.62987522187154,0.05621533133631037,0.044312850984405655,49.99976319444445,0.47361111111113813
3411.0,0.052497756260267495,2.8699038699898973,3.1574932687808026,50.0,143.49519349949486,45.63496247832205,0.05621684308981329,0.04431386108706619,49.999763125,0.47375000000002704
3412.0,0.05221997716651126,2.868967420967075,3.156659931499534,50.0,143.44837104835375,45.64005300407547,0.056218355819257965,0.04431487183012062,49.999763055555555,0.47388888888891595
3413.0,0.05194219807236922,2.8680309609965624,3.1558265942171078,50.0,143.4015480498281,45.645146797774714,0.05621986952421954,0.044315883213953994,49.999762986111115,0.47402777777780486
3414.0,0.05166441897784137,2.867094490074439,3.154993256933524,50.0,143.35472450372194,45.6502438580639,0.056221384204273486,0.04431689523894365,49.99976291666667,0.47416666666669377
3415.0,0.051386639882927715,2.8661580081967912,3.154159919648783,50.0,143.30790040983956,45.65534418358811,0.056222899858995576,0.04431790790545926,49.99976284722222,0.4743055555555827
3416.0,0.05110886078762825,2.865221515359716,3.153326582362885,50.0,143.2610757679858,45.66044777299351,0.0562244164879619,0.044318921213862945,49.999762777777775,0.4744444444444716
3417.0,0.05083108169194299,2.864285011559318,3.1524932450758287,50.0,143.2142505779659,45.66555462492727,0.056225934090748865,0.04431993516450935,49.999762708333336,0.4745833333333605
3418.0,0.050553302595871916,2.863348496791713,3.1516599077876157,50.0,143.16742483958564,45.67066473803766,0.05622745266693318,0.044320949757745726,49.99976263888889,0.4747222222222494
3419.0,0.05027552349941504,2.862411971053023,3.150826570498245,50.0,143.12059855265116,45.675778110973965,0.05622897221609188,0.04432196499391204,49.99976256944444,0.4748611111111383
3420.0,0.049997744402572354,2.8614754343393822,3.149993233207717,50.0,143.0737717169691,45.6808947423865,0.05623049273780232,0.044322980873341036,49.9997625,0.47500000000002723
3421.0,0.049719965305343866,2.8605388866469306,3.1491598959160316,50.0,143.02694433234652,45.68601463092671,0.05623201423164214,0.04432399739635833,49.999762430555556,0.47513888888891614
3422.0,0.04944218620772957,2.859602327971818,3.1483265586231886,50.0,142.9801163985909,45.69113777524694,0.05623353669718931,0.044325014563282486,49.99976236111111,0.47527777777780505
3423.0,0.04916440710972947,2.8586657583102024,3.147493221329188,50.0,142.9332879155101,45.6962641740007,0.05623506013402211,0.0443260323744251,49.99976229166666,0.47541666666669397
3424.0,0.04888662801134356,2.8577291776582516,3.1466598840340305,50.0,142.8864588829126,45.7013938258425,0.056236584541719134,0.04432705083009089,49.99976222222222,0.4755555555555829
3425.0,0.04860884891257185,2.8567925860121406,3.1458265467377156,50.0,142.83962930060704,45.706526729427935,0.05623810991985928,0.04432806993057776,49.99976215277778,0.4756944444444718
3426.0,0.048331069813414326,2.855855983368053,3.144993209440243,50.0,142.79279916840264,45.71166288341357,0.05623963626802177,0.044329089676176894,49.99976208333333,0.4758333333333607
3427.0,0.048053290713871,2.85491936972218,3.144159872141613,50.0,142.745968486109,45.71680228645704,0.05624116358578611,0.04433011006717284,49.99976201388889,0.4759722222222496
3428.0,0.04777551161394187,2.8539827450707222,3.1433265348418256,50.0,142.69913725353612,45.721944937217074,0.05624269187273216,0.04433113110384356,49.999761944444444,0.4761111111111385
3429.0,0.047497732513626933,2.8530461094098873,3.1424931975408805,50.0,142.65230547049435,45.72709083435336,0.05624422112844006,0.04433215278646053,49.999761875,0.47625000000002743
3430.0,0.04721995341292619,2.8521094627358923,3.1416598602387786,50.0,142.60547313679461,45.73223997652667,0.05624575135249027,0.044333175115288795,49.99976180555555,0.47638888888891634
3431.0,0.04694217431183964,2.85117280504496,3.140826522935519,50.0,142.558640252248,45.73739236239879,0.056247282544463546,0.04433419809058707,49.99976173611111,0.47652777777780525
3432.0,0.046664395210367283,2.8502361363333235,3.1399931856311016,50.0,142.51180681666617,45.7425479906326,0.05624881470394098,0.04433522171260781,49.999761666666664,0.47666666666669416
3433.0,0.04638661610850912,2.849299456597221,3.1391598483255274,50.0,142.46497282986107,45.747706859891935,0.05625034783050396,0.04433624598159726,49.99976159722222,0.47680555555558307
3434.0,0.04610883700626515,2.848362765832902,3.1383265110187955,50.0,142.41813829164508,45.75286896884171,0.05625188192373419,0.044337270897795544,49.99976152777778,0.476944444444472
3435.0,0.04583105790363537,2.8474260640366196,3.137493173710906,50.0,142.37130320183098,45.75803431614787,0.05625341698321367,0.04433829646143674,49.99976145833334,0.4770833333333609
3436.0,0.04555327880061979,2.8464893512046374,3.136659836401859,50.0,142.32446756023188,45.76320290047744,0.05625495300852472,0.04433932267274893,49.99976138888889,0.4772222222222498
3437.0,0.0452754996972184,2.845552627333225,3.135826499091655,50.0,142.27763136666124,45.7683747204984,0.056256489999249974,0.044340349531954315,49.999761319444445,0.4773611111111387
3438.0,0.044997720593431205,2.8446158924186618,3.1349931617802937,50.0,142.2307946209331,45.773549774879825,0.05625802795497237,0.04434137703926922,49.99976125,0.4775000000000276
3439.0,0.0447199414892582,2.84367914645723,3.1341598244677744,50.0,142.18395732286152,45.77872806229175,0.05625956687527515,0.04434240519490422,49.99976118055556,0.47763888888891654
3440.0,0.0444421623846994,2.8427423894452235,3.1333264871540982,50.0,142.13711947226116,45.78390958140534,0.05626110675974187,0.04434343399906417,49.99976111111111,0.47777777777780545
3441.0,0.04416438327975478,2.8418056213789415,3.1324931498392643,50.0,142.09028106894706,45.78909433089274,0.05626264760795639,0.0443444634519483,49.999761041666666,0.47791666666669436
3442.0,0.043886604174424367,2.84086884225469,3.131659812523273,50.0,142.0434421127345,45.79428230942705,0.0562641894195029,0.044345493553750254,49.99976097222223,0.47805555555558327
3443.0,0.04360882506870814,2.8399320520687827,3.130826475206124,50.0,141.99660260343913,45.799473515682564,0.056265732193965856,0.04434652430465817,49.99976090277778,0.4781944444444722
3444.0,0.04333104596260611,2.838995250817541,3.1299931378878183,50.0,141.94976254087706,45.8046679483345,0.05626727593093006,0.044347555704854755,49.99976083333333,0.4783333333333611
3445.0,0.04305326685611827,2.838058438497292,3.1291598005683547,50.0,141.9029219248646,45.80986560605908,0.05626882062998061,0.04434858775451732,49.99976076388889,0.47847222222225
3446.0,0.04277548774924463,2.8371216151043703,3.128326463247734,50.0,141.85608075521853,45.81506648753361,0.05627036629070291,0.044349620453817865,49.99976069444445,0.4786111111111389
3447.0,0.04249770864198518,2.8361847806351173,3.1274931259259553,50.0,141.80923903175585,45.82027059143644,0.05627191291268265,0.04435065380292314,49.999760625,0.4787500000000278
3448.0,0.04221992953433993,2.835247935085881,3.12665978860302,50.0,141.76239675429406,45.82547791644686,0.05627346049550587,0.0443516878019947,49.999760555555554,0.47888888888891673
3449.0,0.04194215042630887,2.8343110784530157,3.1258264512789267,50.0,141.71555392265077,45.830688461245245,0.056275009038758886,0.04435272245118897,49.999760486111114,0.47902777777780564
3450.0,0.041664371317892,2.833374210732883,3.1249931139536757,50.0,141.66871053664417,45.83590222451306,0.05627655854202833,0.04435375775065731,49.99976041666667,0.47916666666669455
3451.0,0.04138659220908933,2.8324373319218523,3.124159776627268,50.0,141.62186659609262,45.841119204932625,0.05627810900490114,0.04435479370054604,49.99976034722222,0.47930555555558346
3452.0,0.041108813099900846,2.8315004420162957,3.1233264392997024,50.0,141.57502210081478,45.846339401187436,0.05627966042696456,0.04435583030099657,49.999760277777774,0.4794444444444724
3453.0,0.04083103399032656,2.830563541012596,3.1224931019709796,50.0,141.5281770506298,45.85156281196197,0.05628121280780615,0.04435686755214538,49.999760208333335,0.4795833333333613
3454.0,0.040553254880366464,2.8296266289071403,3.1216597646410995,50.0,141.48133144535703,45.856789435941664,0.056282766147013746,0.04435790545412414,49.99976013888889,0.4797222222222502
3455.0,0.040275475770020566,2.8286897056963216,3.1208264273100617,50.0,141.43448528481608,45.86201927181304,0.05628432044417552,0.044358944007059725,49.99976006944444,0.4798611111111391
3456.0,0.03999769665928886,2.8277527713765394,3.1199930899778665,50.0,141.38763856882696,45.86725231826364,0.05628587569887994,0.04435998321107429,49.99976,0.480000000000028
3457.0,0.03971991754817135,2.8268158259442013,3.119159752644514,50.0,141.34079129721007,45.87248857398197,0.05628743191071577,0.04436102306628532,49.999759930555555,0.4801388888889169
3458.0,0.03944213843666803,2.8258788693957184,3.118326415310004,50.0,141.29394346978592,45.87772803765762,0.0562889890792721,0.04436206357280569,49.99975986111111,0.48027777777780584
3459.0,0.03916435932477891,2.82494190172751,3.117493077974337,50.0,141.2470950863755,45.882970707981144,0.0562905472041383,0.044363104730743716,49.99975979166666,0.48041666666669475
3460.0,0.03888658021250398,2.824004922936,3.116659740637512,50.0,141.2002461468,45.88821658364418,0.05629210628490406,0.04436414654020321,49.99975972222222,0.48055555555558366
3461.0,0.03860880109984324,2.8230679330176187,3.1158264032995295,50.0,141.15339665088095,45.89346566333933,0.05629366632115937,0.044365189001283535,49.999759652777776,0.48069444444447257
3462.0,0.0383310219867967,2.822130931968803,3.11499306596039,50.0,141.10654659844016,45.89871794576021,0.05629522731249452,0.044366232114079654,49.99975958333333,0.4808333333333615
3463.0,0.038053242873364354,2.821193919785995,3.114159728620093,50.0,141.05969598929974,45.90397342960148,0.05629678925850011,0.04436727587868219,49.99975951388889,0.4809722222222504
3464.0,0.0377754637595462,2.820256896465643,3.1133263912786386,50.0,141.01284482328217,45.9092321135588,0.056298352158767044,0.04436832029517744,49.99975944444445,0.4811111111111393
3465.0,0.03749768464534224,2.8193198620042,3.1124930539360265,50.0,140.96599310021,45.91449399632887,0.05629991601288653,0.0443693653636475,49.999759375000004,0.4812500000000282
3466.0,0.037219905530752474,2.8183828163981275,3.1116597165922575,50.0,140.91914081990637,45.91975907660935,0.05630148082045007,0.04437041108417025,49.99975930555556,0.4813888888889171
3467.0,0.036942126415776905,2.8174457596438884,3.1108263792473307,50.0,140.87228798219442,45.925027353098926,0.05630304658104948,0.04437145745681943,49.99975923611111,0.48152777777780603
3468.0,0.036664347300415526,2.8165086917379556,3.1099930419012467,50.0,140.82543458689779,45.9302988244973,0.05630461329427688,0.044372504481664674,49.99975916666667,0.48166666666669494
3469.0,0.03638656818466834,2.8155716126768042,3.109159704554005,50.0,140.77858063384022,45.93557348950526,0.05630618095972467,0.044373552158771576,49.999759097222224,0.48180555555558385
3470.0,0.036108789068535346,2.814634522456917,3.108326367205606,50.0,140.73172612284586,45.9408513468245,0.05630774957698559,0.044374600488201736,49.99975902777778,0.48194444444447276
3471.0,0.035831009952016546,2.813697421074781,3.1074930298560495,50.0,140.68487105373904,45.94613239515775,0.056309319145652646,0.044375649470012796,49.99975895833334,0.4820833333333617
3472.0,0.03555323083511194,2.8127603085268906,3.106659692505336,50.0,140.63801542634454,45.95141663320874,0.056310889665319164,0.044376699104258496,49.99975888888889,0.4822222222222506
3473.0,0.03527545171782153,2.811823184809742,3.1058263551534644,50.0,140.59115924048712,45.956704059682295,0.05631246113557877,0.04437774939098873,49.999758819444445,0.4823611111111395
3474.0,0.034997672600145316,2.8108860499198403,3.1049930178004357,50.0,140.544302495992,45.961994673284096,0.05631403355602539,0.04437880033024955,49.99975875,0.4825000000000284
3475.0,0.03471989348208329,2.8099489038536936,3.1041596804462497,50.0,140.49744519268467,45.96728847272101,0.05631560692625326,0.044379851922083276,49.99975868055556,0.4826388888889173
3476.0,0.034442114363635465,2.809011746607817,3.1033263430909064,50.0,140.45058733039085,45.972585456700756,0.0563171812458569,0.04438090416652848,49.99975861111111,0.4827777777778062
3477.0,0.03416433524480183,2.8080745781787284,3.1024930057344053,50.0,140.40372890893642,45.97788562393214,0.05631875651443114,0.04438195706362006,49.999758541666665,0.48291666666669514
3478.0,0.03388655612558239,2.8071373985629533,3.101659668376747,50.0,140.35686992814766,45.983188973124925,0.05632033273157112,0.0443830106133893,49.999758472222226,0.48305555555558405
3479.0,0.03360877700597714,2.8062002077570214,3.1008263310179314,50.0,140.31001038785107,45.988495502989906,0.05632190989687226,0.04438406481586388,49.99975840277778,0.48319444444447296
3480.0,0.03333099788598609,2.8052630057574666,3.099992993657958,50.0,140.26315028787332,45.9938052122389,0.0563234880099303,0.044385119671067924,49.99975833333333,0.48333333333336187
3481.0,0.03305321876560923,2.804325792560829,3.0991596562968278,50.0,140.21628962804144,45.99911809958468,0.05632506707034126,0.04438617517902206,49.999758263888886,0.4834722222222508
3482.0,0.03277543964484657,2.803388568163654,3.09832631893454,50.0,140.16942840818268,46.00443416374105,0.05632664707770148,0.044387231339743455,49.999758194444446,0.4836111111111397
3483.0,0.032497660523698096,2.802451332562489,3.097492981571094,50.0,140.12256662812445,46.00975340342285,0.056328228031607586,0.044388288153245845,49.999758125,0.4837500000000286
3484.0,0.032219881402163815,2.8015140857538907,3.0966596442064915,50.0,140.07570428769455,46.01507581734586,0.05632980993165651,0.0443893456195396,49.99975805555555,0.4838888888889175
3485.0,0.03194210228024373,2.8005768277344174,3.0958263068407312,50.0,140.02884138672087,46.020401404226845,0.056331392777445484,0.04439040373863173,49.999757986111106,0.4840277777778064
3486.0,0.03166432315793784,2.7996395585006333,3.0949929694738136,50.0,139.98197792503166,46.025730162783645,0.05633297656857204,0.04439146251052595,49.99975791666667,0.48416666666669533
