time_seconds,fill_level,terminal_voltage_V,resting_voltage_V,current_A,temperature_C,fast_voltage_drop_V,slow_voltage_drop_V
1.0,0.10013875000000001,3.3779327585392234,3.3003052499999996,-25.0,22.00562500000001,-0.0023790645491010122,-0.0002484439901223712
2.0,0.10027750000000002,3.3806221579324838,3.3006105,-25.0,22.011246050781267,-0.0045317311730504566,-0.0004938017594333462
3.0,0.10041625000000003,3.3831036561285406,3.3009157499999997,-25.0,22.01686315481203,-0.0064795444829570574,-0.0007361116455835639
4.0,0.10055500000000003,3.3853967853590947,3.301221,-25.0,22.022476314559015,-0.008241998849109023,-0.0009754115099857188
5.0,0.10069375000000004,3.3875192222509143,3.3015262499999998,-25.0,22.02808553248741,-0.00983673350718417,-0.001211738743730483
6.0,0.10083250000000005,3.3894869643710783,3.3018315,-25.0,22.033690811060865,-0.011279709097649346,-0.0014451302734289405
7.0,0.10097125000000005,3.391314489972197,3.30213675,-25.0,22.03929215274144,-0.012585367405214768,-0.0016756225669824457
8.0,0.10111000000000006,3.3930149025363505,3.302442,-25.0,22.044889559989713,-0.013766775897069466,-0.0019032516392808064
9.0,0.10124875000000007,3.3946000615643146,3.30274725,-25.0,22.050483035264733,-0.014835758506485029,-0.002128053057829684
10.0,0.10138750000000007,3.3960807009190224,3.3030525,-25.0,22.056072581023955,-0.015803013970713948,-0.0023500619483080897
11.0,0.10152625000000008,3.397466535907605,3.30335775,-25.0,22.061658199723297,-0.01667822290754802,-0.00256931300005684
12.0,0.10166500000000009,3.3987663601736937,3.303663,-25.0,22.067239893817202,-0.017470144702194955,-0.002785840471498841
13.0,0.1018037500000001,3.399988133369642,3.30396825,-25.0,22.072817665758578,-0.018186705174149692,-0.0029996781954920344
14.0,0.1019425000000001,3.4011390604860754,3.3042735,-25.0,22.07839151799874,-0.018835075901459844,-0.00321085958461585
15.0,0.10208125000000011,3.4022256636326813,3.30457875,-25.0,22.083961452987467,-0.01942174599628926,-0.0034194176363919904
16.0,0.10222000000000012,3.403253846988574,3.304884,-25.0,22.08952747317312,-0.01995258705013362,-0.0036253849384403603
17.0,0.10235875000000012,3.4042289555722522,3.30518925,-25.0,22.095089581002412,-0.020432911898681638,-0.003828793673570948
18.0,0.10249750000000013,3.4051558284192733,3.3054945,-25.0,22.100647778920518,-0.020867527794460338,-0.004029675624812456
19.0,0.10263625000000014,3.406038846699813,3.3057997500000003,-25.0,22.106202069371193,-0.021260784519434126,-0.004228062180378464
20.0,0.10277500000000014,3.406881977257657,3.306105,-25.0,22.1117524547966,-0.021616617919084685,-0.004423984338571899
21.0,0.10291375000000015,3.4076888120063047,3.3064102500000003,-25.0,22.117298937637372,-0.021938589293675453,-0.004617472712628586
22.0,0.10305250000000016,3.4084626035764423,3.3067155,-25.0,22.1228415203326,-0.022229921040941653,-0.004808557535500627
23.0,0.10319125000000016,3.4092062975715103,3.3070207500000004,-25.0,22.1283802053199,-0.022493528906929905,-0.0049972686645803595
24.0,0.10333000000000017,3.40992256175413,3.307326,-25.0,22.133914995035298,-0.022732051167764684,-0.005183635586365639
25.0,0.10346875000000018,3.4106138124554697,3.30763125,-25.0,22.139445891913397,-0.022947875034402525,-0.005367687421067161
26.0,0.10360750000000019,3.411282238471801,3.3079365000000003,-25.0,22.14497289838721,-0.023143160544641647,-0.005549452927158553
27.0,0.10374625000000019,3.411929822687376,3.30824175,-25.0,22.150496016888212,-0.02331986218150625,-0.0057289605058699474
28.0,0.1038850000000002,3.412558361639996,3.3085470000000003,-25.0,22.156015249846405,-0.023479748434369545,-0.0059062382056257285
29.0,0.1040237500000002,3.4131694832250172,3.30885225,-25.0,22.161530599690252,-0.023624419498589812,-0.006081313726427158
30.0,0.10416250000000021,3.4137646627149842,3.3091575000000004,-25.0,22.167042068846683,-0.023755323290803394,-0.006254214424180554
31.0,0.10430125000000022,3.414345237255133,3.3094627500000002,-25.0,22.17254965974115,-0.023873769940161046,-0.0064249673149717095
32.0,0.10444000000000023,3.4149124189798283,3.3097680000000005,-25.0,22.17805337479757,-0.023980944900540837,-0.006593599079287212
33.0,0.10457875000000023,3.4154673068811525,3.3100732500000003,-25.0,22.183553216438327,-0.02407792081496899,-0.006760136066183317
34.0,0.10471750000000024,3.416010897548395,3.3103785000000006,-25.0,22.189049187084322,-0.02416566825099184,-0.006924604297403052
35.0,0.10485625000000025,3.4165440948858845,3.3106837500000004,-25.0,22.19454128915487,-0.02424506541444203,-0.007087029471442157
36.0,0.10499500000000025,3.4170677189063823,3.310989,-25.0,22.20002952506792,-0.02431690693881768,-0.007247436967564531
37.0,0.10513375000000026,3.41758251368801,3.3112942500000004,-25.0,22.20551389723977,-0.024381911838241507,-0.0074058518497677975
38.0,0.10527250000000027,3.4180891545742957,3.3115995000000003,-25.0,22.21099440808524,-0.024440730703595853,-0.007562298870699596
39.0,0.10541125000000028,3.418588254689381,3.3119047500000005,-25.0,22.216471060017682,-0.02449395221385488,-0.007716802475525242
40.0,0.10555000000000028,3.4190803708335293,3.3122100000000003,-25.0,22.2219438554489,-0.024542109027781638,-0.007869386805747329
41.0,0.10568875000000029,3.419566008817934,3.3125152500000006,-25.0,22.227412796789224,-0.024585683114955962,-0.00802007570297789
42.0,0.1058275000000003,3.420045628292152,3.3128205000000004,-25.0,22.232877886447454,-0.02462511057948805,-0.008168892712663694
43.0,0.1059662500000003,3.4205196471124606,3.3131257500000006,-25.0,22.23833912683091,-0.02466078602469497,-0.008315861087765278
44.0,0.10610500000000031,3.4209884452948143,3.3134310000000005,-25.0,22.24379652034537,-0.02469306650242328,-0.008461003792390261
45.0,0.10624375000000032,3.4214523685919263,3.3137362500000007,-25.0,22.249250069395146,-0.024722275086543934,-0.008604343505381534
46.0,0.10638250000000032,3.4219117317302454,3.3140415000000005,-25.0,22.254699776383006,-0.02474870410638415,-0.00874590262386088
47.0,0.10652125000000033,3.4223668213391867,3.3143467500000003,-25.0,22.260145643710246,-0.024772618072457595,-0.008885703266728565
48.0,0.10666000000000034,3.4228178986018944,3.3146520000000006,-25.0,22.26558767377668,-0.02479425632377449,-0.009023767278119463
49.0,0.10679875000000034,3.4232652016540435,3.3149572500000004,-25.0,22.271025868980587,-0.024813835423226883,-0.00916011623081625
50.0,0.10693750000000035,3.4237089477546436,3.3152625000000007,-25.0,22.276460231718715,-0.024831551325022856,-0.009294771429620185
51.0,0.10707625000000036,3.4241493352505423,3.3155677500000005,-25.0,22.28189076438639,-0.024847581335862103,-0.009427753914680042
52.0,0.10721500000000037,3.424586545354261,3.3158730000000007,-25.0,22.2873174693774,-0.024862085889480974,-0.009559084464779667
53.0,0.10735375000000037,3.4250207437529125,3.3161782500000005,-25.0,22.292740349084056,-0.02487521015232724,-0.009688783600584706
54.0,0.10749250000000038,3.425452082064284,3.316483500000001,-25.0,22.298159405897138,-0.024887085476434676,-0.009816871587849003
55.0,0.10763125000000039,3.42588069915462,3.3167887500000006,-25.0,22.303574642205945,-0.02489783071403839,-0.009943368440581166
56.0,0.1077700000000004,3.4263067223312604,3.317094000000001,-25.0,22.308986060398297,-0.024907553407087918,-0.010068293924171795
57.0,0.1079087500000004,3.4267302684220455,3.3173992500000007,-25.0,22.31439366286054,-0.02491635086356321,-0.010191667558481863
58.0,0.10804750000000041,3.4271514447522584,3.3177045000000005,-25.0,22.31979745197748,-0.024924311131365597,-0.010313508620892736
59.0,0.10818625000000041,3.4275703500288497,3.3180097500000008,-25.0,22.325197430132505,-0.024931513879530784,-0.010433836149318303
60.0,0.10832500000000042,3.4279870751407633,3.3183150000000006,-25.0,22.330593599707413,-0.024938031195583334,-0.01055266894517969
61.0,0.10846375000000043,3.428401703883357,3.318620250000001,-25.0,22.335985963082578,-0.024943928307012846,-0.010670025576343016
62.0,0.10860250000000043,3.4288143136141143,3.3189255000000006,-25.0,22.341374522636897,-0.024949264234092598,-0.010785924380020667
63.0,0.10874125000000044,3.429224975846212,3.319230750000001,-25.0,22.346759280747733,-0.02495409238057427,-0.010900383465636512
64.0,0.10888000000000045,3.429633756785827,3.3195360000000007,-25.0,22.352140239791026,-0.024958461068170644,-0.011013420717655549
65.0,0.10901875000000046,3.430040717818555,3.319841250000001,-25.0,22.357517402141184,-0.024962414020175554,-0.011125053798378384
66.0,0.10915750000000046,3.430445915949763,3.3201465000000008,-25.0,22.362890770171077,-0.024965990799061297,-0.011235300150700995
67.0,0.10929625000000047,3.4308494042032747,3.320451750000001,-25.0,22.368260346252214,-0.024969227202433157,-0.011344177000840235
68.0,0.10943500000000048,3.43125123198233,3.320757000000001,-25.0,22.373626132754566,-0.024972155621303872,-0.011451701361025446
69.0,0.10957375000000048,3.4316514453964313,3.321062250000001,-25.0,22.378988132046572,-0.02497480536427378,-0.01155789003215667
70.0,0.10971250000000049,3.432050087557292,3.321367500000001,-25.0,22.384346346495306,-0.02497720295086113,-0.01166275960642981
71.0,0.1098512500000005,3.432447198846848,3.3216727500000007,-25.0,22.38970077846625,-0.024979372376918343,-0.011766326469929209
72.0,0.1099900000000005,3.4328428171599796,3.321978000000001,-25.0,22.395051430323463,-0.024981335354790576,-0.011868606805187995
73.0,0.11012875000000051,3.4332369781243375,3.322283250000001,-25.0,22.40039830442953,-0.024983111530620147,-0.011969616593716644
74.0,0.11026750000000052,3.4336297152994733,3.322588500000001,-25.0,22.4057414031455,-0.024984718680971754,-0.01206937161850012
75.0,0.11040625000000052,3.434021060357211,3.322893750000001,-25.0,22.411080728831053,-0.024986172890746297,-0.012167887466463996
76.0,0.11054500000000053,3.434411043245075,3.323199000000001,-25.0,22.416416283844285,-0.024987488714163977,-0.012265179530909952
77.0,0.11068375000000054,3.43479969233435,3.323504250000001,-25.0,22.421748070541867,-0.024988679320427823,-0.012361263013920997
78.0,0.11082250000000055,3.435187034554264,3.323809500000001,-25.0,22.427076091279048,-0.024989756625525498,-0.012456152928736837
79.0,0.11096125000000055,3.4355730955135892,3.324114750000001,-25.0,22.432400348409487,-0.024990731411488516,-0.012549864102099715
80.0,0.11110000000000056,3.435957899610875,3.3244200000000013,-25.0,22.43772084428548,-0.02499161343430243,-0.012642411176571127
81.0,0.11123875000000057,3.436341470134369,3.324725250000001,-25.0,22.443037581257784,-0.024992411521548023,-0.012733808612819747
82.0,0.11137750000000057,3.4367238293526325,3.325030500000001,-25.0,22.44835056167574,-0.02499313366075069,-0.01282407069188094
83.0,0.11151625000000058,3.4371049985967117,3.325335750000001,-25.0,22.453659787887204,-0.024993787079322295,-0.012913211517388197
84.0,0.11165500000000059,3.437484998334673,3.325641000000001,-25.0,22.458965262238507,-0.02499437831689552,-0.013001245017776863
85.0,0.1117937500000006,3.437863848239236,3.325946250000001,-25.0,22.46426698707461,-0.024994913290774728,-0.01308818494846048
86.0,0.1119325000000006,3.438241567249139,3.326251500000001,-25.0,22.469564964738936,-0.024995397355158305,-0.013174044893980096
87.0,0.11207125000000061,3.438618173624854,3.3265567500000013,-25.0,22.474859197573494,-0.024995835354725302,-0.013258838270126883
88.0,0.11221000000000061,3.4389936849991622,3.326862000000001,-25.0,22.480149687918754,-0.024996231673122607,-0.013342578326038378
89.0,0.11234875000000062,3.4393681184231077,3.3271672500000014,-25.0,22.485436438113823,-0.024996590276837944,-0.013425278146268685
90.0,0.11248750000000063,3.439741490407732,3.327472500000001,-25.0,22.49071945049627,-0.024996914754897827,-0.013506950652832972
91.0,0.11262625000000064,3.4401138169620156,3.3277777500000014,-25.0,22.495998727402196,-0.02499720835478774,-0.013587608607226553
92.0,0.11276500000000064,3.440485113627374,3.3280830000000012,-25.0,22.501274271166324,-0.024997474014954068,-0.013667264612418902
93.0,0.11290375000000065,3.4408553955090366,3.328388250000001,-25.0,22.50654608412185,-0.02499771439421304,-0.01374593111482289
94.0,0.11304250000000066,3.441224677304602,3.3286935000000013,-25.0,22.51181416860055,-0.02499793189836108,-0.013823620406239568
95.0,0.11318125000000066,3.441592973330032,3.328998750000001,-25.0,22.517078526932664,-0.024998128704252803,-0.01390034462577878
96.0,0.11332000000000067,3.441960297543345,3.3293040000000014,-25.0,22.522339161447064,-0.024998306781587723,-0.013976115761755923
97.0,0.11345875000000068,3.4423266635661904,3.329609250000001,-25.0,22.52759607447115,-0.024998467912623664,-0.014050945653565154
98.0,0.11359750000000068,3.4426920847035447,3.3299145000000014,-25.0,22.532849268330835,-0.02499861371001419,-0.014124845993529308
99.0,0.11373625000000069,3.4430565739616767,3.3302197500000013,-25.0,22.538098745350624,-0.02499874563294859,-0.014197828328726857
100.0,0.1138750000000007,3.4434201440645538,3.3305250000000015,-25.0,22.543344507853533,-0.02499886500175593,-0.01426990406279616
101.0,0.1140137500000007,3.4437828074688377,3.3308302500000013,-25.0,22.548586558161105,-0.02499897301111936,-0.014341084457717306
102.0,0.11415250000000071,3.444144576377606,3.3311355000000016,-25.0,22.55382489859352,-0.024999070742032888,-0.014411380635571815
103.0,0.11429125000000072,3.4445054627529017,3.3314407500000014,-25.0,22.559059531469416,-0.02499915917262035,-0.0144808035802805
104.0,0.11443000000000073,3.444865478327246,3.3317460000000017,-25.0,22.56429045910602,-0.024999239187924783,-0.014549364139319709
105.0,0.11456875000000073,3.445224634614184,3.3320512500000015,-25.0,22.569517683819072,-0.02499931158876625,-0.014617073025416283
106.0,0.11470750000000074,3.445582942917979,3.3323565000000013,-25.0,22.574741207922955,-0.024999377099756706,-0.01468394081822143
107.0,0.11484625000000075,3.4459404143425174,3.3326617500000015,-25.0,22.579961033730513,-0.024999436376552164,-0.014749977965963815
108.0,0.11498500000000075,3.446297059799498,3.3329670000000013,-25.0,22.58517716355317,-0.024999490012414714,-0.01481519478708213
109.0,0.11512375000000076,3.4466528900159887,3.3332722500000016,-25.0,22.590389599700927,-0.024999538544150098,-0.01487960147183736
110.0,0.11526250000000077,3.4470079155413864,3.3335775000000014,-25.0,22.59559834448237,-0.024999582457480237,-0.014943208083905032
111.0,0.11540125000000077,3.4473621467538536,3.3338827500000017,-25.0,22.60080340020454,-0.0249996221919045,-0.01500602456194769
112.0,0.11554000000000078,3.4477155938662674,3.3341880000000015,-25.0,22.606004769173182,-0.02499965814509835,-0.01506806072116783
113.0,0.11567875000000079,3.4480682669317373,3.3344932500000017,-25.0,22.611202453692442,-0.02499969067689345,-0.015129326254841544
114.0,0.1158175000000008,3.4484201758487134,3.3347985000000016,-25.0,22.61639645606516,-0.024999720112878928,-0.015189830735833115
115.0,0.1159562500000008,3.4487713303657523,3.335103750000002,-25.0,22.621586778592643,-0.024999746747660027,-0.015249583618090794
116.0,0.11609500000000081,3.4491217400859324,3.3354090000000016,-25.0,22.626773423574775,-0.024999770847806586,-0.015308594238124003
117.0,0.11623375000000082,3.4494714144709846,3.3357142500000014,-25.0,22.63195639331002,-0.024999792654520972,-0.01536687181646218
118.0,0.11637250000000082,3.449820362845149,3.3360195000000017,-25.0,22.637135690095477,-0.024999812386052114,-0.015424425459095507
119.0,0.11651125000000083,3.4501685943987788,3.3363247500000015,-25.0,22.642311316226653,-0.024999830239879808,-0.015481264158897739
120.0,0.11665000000000084,3.450516118191724,3.3366300000000018,-25.0,22.64748327399775,-0.024999846394691157,-0.015537396797031358
121.0,0.11678875000000084,3.4508629431565057,3.3369352500000016,-25.0,22.65265156570149,-0.024999861012168948,-0.015592832144335277
122.0,0.11692750000000085,3.4512090781013067,3.337240500000002,-25.0,22.657816193629174,-0.02499987423860981,-0.015647578862695296
123.0,0.11706625000000086,3.451554531712788,3.3375457500000016,-25.0,22.66297716007068,-0.024999886206388412,-0.015701645506397542
124.0,0.11720500000000086,3.451899312558749,3.337851000000002,-25.0,22.66813446731436,-0.0249998970352823,-0.015755040523465092
125.0,0.11734375000000087,3.4522434290906503,3.3381562500000017,-25.0,22.673288117647303,-0.024999906833670687,-0.015807772256978
126.0,0.11748250000000088,3.452586889645998,3.338461500000002,-25.0,22.678438113355014,-0.024999915699619134,-0.015859848946376903
127.0,0.11762125000000088,3.452929702450613,3.338766750000002,-25.0,22.68358445672169,-0.024999923721861037,-0.015911278728750474
128.0,0.11776000000000089,3.453271875620794,3.3390720000000016,-25.0,22.68872715002999,-0.024999930980685686,-0.015962069640106845
129.0,0.1178987500000009,3.4536134171653727,3.339377250000002,-25.0,22.693866195561213,-0.02499993754874184,-0.01601222961662925
130.0,0.1180375000000009,3.453954334987683,3.3396825000000017,-25.0,22.699001595595234,-0.024999943491764813,-0.016061766495916074
131.0,0.11817625000000091,3.454294636887442,3.339987750000002,-25.0,22.70413335241051,-0.024999948869234376,-0.016110688018205484
132.0,0.11831500000000092,3.4546343305625564,3.3402930000000017,-25.0,22.709261468284012,-0.024999953734970052,-0.01615900182758487
133.0,0.11845375000000093,3.454973423610857,3.340598250000002,-25.0,22.714385945491358,-0.024999958137669757,-0.016206715473185248
134.0,0.11859250000000093,3.4553119235317595,3.340903500000002,-25.0,22.71950678630668,-0.024999962121397188,-0.016253836410360812
135.0,0.11873125000000094,3.455649837727879,3.341208750000002,-25.0,22.72462399300275,-0.02499996572602283,-0.016300372001853868
136.0,0.11887000000000095,3.45598717350657,3.341514000000002,-25.0,22.72973756785086,-0.02499996898762299,-0.01634632951894526
137.0,0.11900875000000095,3.4563239380814332,3.341819250000002,-25.0,22.73484751312094,-0.02499997193884086,-0.016391716142590537
138.0,0.11914750000000096,3.4566601385737568,3.342124500000002,-25.0,22.739953831081493,-0.024999974609213216,-0.016436538964541985
139.0,0.11928625000000097,3.4569957820139248,3.3424297500000018,-25.0,22.74505652399955,-0.024999977025466042,-0.016480804988456724
140.0,0.11942500000000097,3.4573308753427754,3.342735000000002,-25.0,22.75015559414078,-0.02499997921178201,-0.01652452113099105
141.0,0.11956375000000098,3.4576654254129253,3.343040250000002,-25.0,22.75525104376942,-0.024999981190042507,-0.01656769422288118
142.0,0.11970250000000099,3.457999438990059,3.343345500000002,-25.0,22.760342875148297,-0.024999982980046628,-0.016610331010010554
143.0,0.119841250000001,3.4583329227541753,3.343650750000002,-25.0,22.76543109053881,-0.024999984599709334,-0.016652438154463906
144.0,0.119980000000001,3.458665883300811,3.343956000000002,-25.0,22.770515692201002,-0.024999986065240756,-0.016694022235568224
145.0,0.12011875000000101,3.458998327142231,3.344261250000002,-25.0,22.77559668239337,-0.024999987391308424,-0.016735089750920785
146.0,0.12025750000000102,3.4593302607085907,3.344566500000002,-25.0,22.780674063373112,-0.024999988591184068,-0.016775647117404417
147.0,0.12039625000000102,3.4596616903490687,3.344871750000002,-25.0,22.785747837396002,-0.024999989676876447,-0.016815700672190147
148.0,0.12053500000000103,3.4599926223329813,3.3451770000000023,-25.0,22.790818006716393,-0.02499999065925154,-0.0168552566737274
149.0,0.12067375000000104,3.460323062850865,3.345482250000002,-25.0,22.795884573587216,-0.024999991548141278,-0.016894321302721893
150.0,0.12081250000000104,3.4606530180155457,3.3457875000000024,-25.0,22.800947540259983,-0.024999992352441977,-0.016932900663101384
151.0,0.12095125000000105,3.460982493863175,3.346092750000002,-25.0,22.80600690898484,-0.024999993080203342,-0.016971000782969422
152.0,0.12109000000000106,3.461311496354258,3.346398000000002,-25.0,22.81106268201046,-0.024999993738709057,-0.01700862761554725
153.0,0.12122875000000106,3.461640031374656,3.3467032500000022,-25.0,22.816114861584197,-0.02499999433454967,-0.017045787040104017
154.0,0.12136750000000107,3.461968104736566,3.347008500000002,-25.0,22.82116344995194,-0.02499999487368855,-0.017082484862875405
155.0,0.12150625000000108,3.462295722179494,3.3473137500000023,-25.0,22.826208449358205,-0.024999995361521584,-0.017118726817970886
156.0,0.12164500000000109,3.462622889371203,3.347619000000002,-25.0,22.831249862046093,-0.024999995802931167,-0.017154518568269682
157.0,0.12178375000000109,3.462949611908643,3.3479242500000024,-25.0,22.836287690257336,-0.024999996202335072,-0.017189865706305592
158.0,0.1219225000000011,3.463275895318874,3.348229500000002,-25.0,22.84132193623219,-0.024999996563730673,-0.017224773755140848
159.0,0.1220612500000011,3.4636017450599668,3.3485347500000024,-25.0,22.84635260220955,-0.024999996890734934,-0.017259248169229104
160.0,0.12220000000000111,3.4639271665218905,3.3488400000000023,-25.0,22.85137969042694,-0.024999997186620625,-0.0172932943352677
161.0,0.12233875000000112,3.464252165027391,3.3491452500000025,-25.0,22.856403203120408,-0.02499999745434907,-0.017326917573039346
162.0,0.12247750000000113,3.4645767458328454,3.3494505000000023,-25.0,22.8614231425247,-0.024999997696599784,-0.01736012313624335
163.0,0.12261625000000113,3.4649009141291156,3.349755750000002,-25.0,22.866439510873136,-0.024999997915797295,-0.017392916213316522
164.0,0.12275500000000114,3.4652246750423816,3.3500610000000024,-25.0,22.871452310397615,-0.024999998114135405,-0.01742530192824387
165.0,0.12289375000000115,3.4655480336349607,3.350366250000002,-25.0,22.876461543328617,-0.024999998293599147,-0.017457285341359242
166.0,0.12303250000000115,3.4658709949061235,3.3506715000000025,-25.0,22.881467211895313,-0.02499999845598466,-0.017488871450136008
167.0,0.12317125000000116,3.466193563792887,3.3509767500000023,-25.0,22.886469318325396,-0.024999998602917146,-0.017520065189967928
168.0,0.12331000000000117,3.4665157451708097,3.3512820000000025,-25.0,22.891467864845197,-0.024999998735867158,-0.017550871434940316
169.0,0.12344875000000118,3.466837543854759,3.3515872500000023,-25.0,22.89646285367968,-0.0249999988561653,-0.01758129499859162
170.0,0.12358750000000118,3.467158964599683,3.3518925000000026,-25.0,22.90145428705239,-0.024999998965015563,-0.01761134063466556
171.0,0.12372625000000119,3.467480012101363,3.3521977500000024,-25.0,22.906442167185503,-0.024999999063507354,-0.0176410130378539
172.0,0.1238650000000012,3.467800690997159,3.3525030000000027,-25.0,22.911426496299782,-0.02499999915262641,-0.01767031684453001
173.0,0.1240037500000012,3.468121005866741,3.3528082500000025,-25.0,22.91640727661462,-0.024999999233264666,-0.0176992566334733
174.0,0.12414250000000121,3.4684409612328166,3.3531135000000027,-25.0,22.92138451034799,-0.02499999930622918,-0.017727836926584674
175.0,0.12428125000000122,3.4687605615618455,3.3534187500000026,-25.0,22.926358199716503,-0.0249999993722502,-0.017756062189593073
176.0,0.12442000000000122,3.469079811264744,3.3537240000000024,-25.0,22.93132834693546,-0.024999999431988492,-0.01778393683275327
177.0,0.12455875000000123,3.4693987146975798,3.3540292500000026,-25.0,22.936294954218624,-0.024999999486041934,-0.01781146521153497
178.0,0.12469750000000124,3.4697172761622572,3.3543345000000024,-25.0,22.94125802377846,-0.02499999953495151,-0.017838651627303363
179.0,0.12483625000000124,3.4700354999072003,3.3546397500000027,-25.0,22.946217557826117,-0.024999999579206723,-0.017865500327991224
180.0,0.12497500000000125,3.4703533901280155,3.3549450000000025,-25.0,22.951173558571213,-0.024999999619250497,-0.01789201550876266
181.0,0.12511375000000124,3.4706709509681546,3.3552502500000028,-25.0,22.956126028222116,-0.024999999655483603,-0.017918201312668615
182.0,0.12525250000000124,3.4709881865195658,3.3555555000000026,-25.0,22.961074968985713,-0.024999999688268673,-0.01794406183129422
183.0,0.12539125000000123,3.4713051008233347,3.3558607500000024,-25.0,22.966020383067587,-0.02499999971793383,-0.01796960110539813
184.0,0.12553000000000122,3.4716216978703227,3.3561660000000026,-25.0,22.970962272671898,-0.024999999744775972,-0.017994823125543877
185.0,0.12566875000000122,3.4719379816017897,3.3564712500000025,-25.0,22.9759006400015,-0.02499999976906375,-0.018019731832723426
186.0,0.1258075000000012,3.472253955910016,3.3567765000000027,-25.0,22.980835487257764,-0.02499999979104024,-0.01804433111897295
187.0,0.1259462500000012,3.4725696246389086,3.3570817500000025,-25.0,22.985766816640705,-0.024999999810925388,-0.018068624827980974
188.0,0.1260850000000012,3.472884991584609,3.3573870000000023,-25.0,22.990694630349083,-0.024999999828918214,-0.018092616755688958
189.0,0.1262237500000012,3.4732000604960858,3.3576922500000026,-25.0,22.99561893058012,-0.0249999998451988,-0.018116310650884416
190.0,0.12636250000000118,3.473514835075719,3.3579975000000024,-25.0,23.00053971952974,-0.02499999985993008,-0.01813971021578668
191.0,0.12650125000000118,3.4738293189798877,3.3583027500000027,-25.0,23.00545699939255,-0.024999999873259494,-0.018162819106625372
192.0,0.12664000000000117,3.474143515819535,3.3586080000000025,-25.0,23.010370772361682,-0.024999999885320447,-0.0181856409342117
193.0,0.12677875000000116,3.4744574291607386,3.3589132500000023,-25.0,23.015281040628963,-0.024999999896233648,-0.018208179264502657
194.0,0.12691750000000115,3.474771062525269,3.3592185000000025,-25.0,23.020187806384797,-0.024999999906108322,-0.018230437619158206
195.0,0.12705625000000115,3.475084419391137,3.3595237500000024,-25.0,23.02509107181828,-0.024999999915043297,-0.018252419476091544
196.0,0.12719500000000114,3.475397503193143,3.359829000000002,-25.0,23.029990839117147,-0.024999999923127996,-0.01827412827001254
197.0,0.12733375000000113,3.47571031732341,3.3601342500000024,-25.0,23.034887110467707,-0.024999999930443335,-0.018295567392964413
198.0,0.12747250000000113,3.4760228651319185,3.3604395000000022,-25.0,23.03977988805491,-0.024999999937062527,-0.018316740194853742
199.0,0.12761125000000112,3.4763351499270283,3.3607447500000025,-25.0,23.044669174062392,-0.02499999994305182,-0.0183376499839739
200.0,0.1277500000000011,3.4766471749759957,3.3610500000000023,-25.0,23.049554970672375,-0.024999999948471154,-0.018358300027521975
201.0,0.1278887500000011,3.4769589435054864,3.361355250000002,-25.0,23.054437280065713,-0.02499999995337477,-0.018378693552109287
202.0,0.1280275000000011,3.4772704587020797,3.3616605000000024,-25.0,23.059316104421896,-0.024999999957811745,-0.01839883374426554
203.0,0.1281662500000011,3.477581723712765,3.361965750000002,-25.0,23.064191445919107,-0.02499999996182649,-0.018418723750936738
204.0,0.12830500000000108,3.477892741645438,3.3622710000000025,-25.0,23.069063306734165,-0.024999999965459176,-0.01843836667997689
205.0,0.12844375000000108,3.478203515569382,3.3625762500000023,-25.0,23.073931689042467,-0.02499999996874617,-0.018457765600633617
206.0,0.12858250000000107,3.4785140485157497,3.362881500000002,-25.0,23.078796595018048,-0.024999999971720362,-0.018476923544027746
207.0,0.12872125000000106,3.478824343478041,3.3631867500000023,-25.0,23.08365802683369,-0.024999999974411526,-0.018495843503626905
208.0,0.12886000000000106,3.4791344034125617,3.363492000000002,-25.0,23.088515986660695,-0.02499999997684659,-0.018514528435713277
209.0,0.12899875000000105,3.4794442312388973,3.363797250000002,-25.0,23.09337047666901,-0.02499999997904993,-0.01853298125984551
210.0,0.12913750000000104,3.4797538298403605,3.364102500000002,-25.0,23.098221499027318,-0.024999999981043592,-0.018551204859314923
211.0,0.12927625000000104,3.4800632020644455,3.364407750000002,-25.0,23.10306905590295,-0.02499999998284753,-0.018569202081596008
212.0,0.12941500000000103,3.4803723507232736,3.3647130000000023,-25.0,23.10791314946175,-0.024999999984479805,-0.01858697573879136
213.0,0.12955375000000102,3.4806812785940298,3.365018250000002,-25.0,23.11275378186832,-0.024999999985956745,-0.018604528608071078
214.0,0.12969250000000102,3.4809899884194015,3.365323500000002,-25.0,23.11759095528589,-0.024999999987293138,-0.0186218634321067
215.0,0.129831250000001,3.481298482908004,3.365628750000002,-25.0,23.12242467187633,-0.024999999988502355,-0.01863898291949975
216.0,0.129970000000001,3.4816067647348037,3.365934000000002,-25.0,23.127254933800145,-0.0249999999895965,-0.01865588974520496
217.0,0.130108750000001,3.481914836541537,3.3662392500000022,-25.0,23.13208174321653,-0.024999999990586524,-0.018672586550948243
218.0,0.130247500000001,3.4822227009371236,3.366544500000002,-25.0,23.136905102283265,-0.024999999991482336,-0.01868907594563947
219.0,0.13038625000000098,3.4825303604980746,3.366849750000002,-25.0,23.141725013156815,-0.0249999999922929,-0.018705360505780106
220.0,0.13052500000000097,3.4828378177688943,3.367155000000002,-25.0,23.146541477992344,-0.024999999993026326,-0.018721442775865807
221.0,0.13066375000000097,3.4831450752624757,3.367460250000002,-25.0,23.15135449894359,-0.02499999999368996,-0.01873732526878399
222.0,0.13080250000000096,3.4834521354604986,3.367765500000002,-25.0,23.156164078162988,-0.024999999994290437,-0.01875301046620649
223.0,0.13094125000000095,3.483759000813813,3.368070750000002,-25.0,23.160970217801662,-0.024999999994833773,-0.018768500818977314
224.0,0.13108000000000095,3.484065673742823,3.368376000000002,-25.0,23.16577292000926,-0.024999999995325404,-0.018783798747495598
225.0,0.13121875000000094,3.4843721566378663,3.368681250000002,-25.0,23.170572186934237,-0.02499999999577025,-0.0187989066420938
226.0,0.13135750000000093,3.484678451859586,3.368986500000002,-25.0,23.17536802072368,-0.024999999996172764,-0.01881382686341118
227.0,0.13149625000000092,3.484984561739301,3.3692917500000017,-25.0,23.180160423523205,-0.024999999996536973,-0.018828561742762685
228.0,0.13163500000000092,3.4852904885793716,3.369597000000002,-25.0,23.184949397477226,-0.024999999996866522,-0.018843113582503186
229.0,0.1317737500000009,3.4855962346535536,3.3699022500000018,-25.0,23.189734944728798,-0.02499999999716471,-0.01885748465638725
230.0,0.1319125000000009,3.4859018022073607,3.370207500000002,-25.0,23.19451706741961,-0.024999999997434522,-0.018871677209924408
231.0,0.1320512500000009,3.4862071934584105,3.370512750000002,-25.0,23.19929576768999,-0.02499999999767866,-0.018885693460730026
232.0,0.1321900000000009,3.4865124105967724,3.3708180000000016,-25.0,23.20407104767895,-0.024999999997899564,-0.01889953559887181
233.0,0.13232875000000088,3.4868174557853138,3.371123250000002,-25.0,23.20884290952415,-0.024999999998099445,-0.018913205787212003
234.0,0.13246750000000088,3.4871223311600277,3.3714285000000017,-25.0,23.213611355361934,-0.024999999998280308,-0.01892670616174535
235.0,0.13260625000000087,3.4874270388303787,3.371733750000002,-25.0,23.21837638732734,-0.024999999998443958,-0.018940038831932838
236.0,0.13274500000000086,3.487731580879625,3.372039000000002,-25.0,23.223138007553985,-0.024999999998592034,-0.018953205881031308
237.0,0.13288375000000086,3.4880359593651464,3.3723442500000016,-25.0,23.227896218174237,-0.02499999999872602,-0.01896620936641897
238.0,0.13302250000000085,3.488340176318766,3.372649500000002,-25.0,23.2326510213191,-0.024999999998847253,-0.018979051319916868
239.0,0.13316125000000084,3.4886442337470647,3.3729547500000017,-25.0,23.23740241911827,-0.02499999999895695,-0.01899173374810637
240.0,0.13330000000000083,3.4889481336317005,3.373260000000002,-25.0,23.242150413700074,-0.024999999999056208,-0.019004258632642677
241.0,0.13343875000000083,3.4892518779297124,3.3735652500000017,-25.0,23.246895007191483,-0.02499999999914602,-0.019016627930564484
242.0,0.13357750000000082,3.4895554685738284,3.3738705000000015,-25.0,23.251636201718213,-0.024999999999227286,-0.019028843574599757
243.0,0.1337162500000008,3.4898589074727706,3.374175750000002,-25.0,23.256373999404616,-0.024999999999300818,-0.019040907473467726
244.0,0.1338550000000008,3.4901621965115464,3.3744810000000016,-25.0,23.261108402373736,-0.02499999999936735,-0.019052821512177135
245.0,0.1339937500000008,3.4904653375517496,3.3747862500000014,-25.0,23.265839412747255,-0.024999999999427557,-0.019064587552320773
246.0,0.1341325000000008,3.49076833243185,3.3750915000000017,-25.0,23.270567032645545,-0.02499999999948203,-0.019076207432366352
247.0,0.13427125000000079,3.4910711829674765,3.3753967500000015,-25.0,23.275291264187615,-0.02499999999953132,-0.019087682967943765
248.0,0.13441000000000078,3.491373890951706,3.3757020000000018,-25.0,23.280012109491224,-0.02499999999957592,-0.019099015952128796
249.0,0.13454875000000077,3.491676458155341,3.3760072500000016,-25.0,23.284729570672766,-0.024999999999616277,-0.01911020815572328
250.0,0.13468750000000076,3.491978886327186,3.3763125000000014,-25.0,23.28944364984733,-0.024999999999652793,-0.019121261327531804
251.0,0.13482625000000076,3.4922811771943225,3.3766177500000016,-25.0,23.29415434912869,-0.024999999999685833,-0.019132177194634944
252.0,0.13496500000000075,3.492583332462376,3.3769230000000015,-25.0,23.298861670629208,-0.02499999999971573,-0.019142957462659146
253.0,0.13510375000000074,3.4928853538157876,3.3772282500000017,-25.0,23.303565616460048,-0.02499999999974278,-0.019153603816043224
254.0,0.13524250000000074,3.4931872429180704,3.3775335000000015,-25.0,23.30826618873101,-0.024999999999767257,-0.01916411791830155
255.0,0.13538125000000073,3.4934890014120747,3.3778387500000013,-25.0,23.312963389550532,-0.024999999999789406,-0.019174501412284
256.0,0.13552000000000072,3.4937906309202433,3.3781440000000016,-25.0,23.317657221025797,-0.024999999999809445,-0.019184755920432624
257.0,0.13565875000000072,3.4940921330448638,3.3784492500000014,-25.0,23.322347685262685,-0.024999999999827577,-0.01919488304503519
258.0,0.1357975000000007,3.494393509368321,3.378754500000001,-25.0,23.32703478436565,-0.024999999999843984,-0.01920488436847552
259.0,0.1359362500000007,3.494694761453341,3.3790597500000015,-25.0,23.331718520437903,-0.02499999999985883,-0.01921476145348075
260.0,0.1360750000000007,3.4949958908432395,3.3793650000000013,-25.0,23.336398895581397,-0.024999999999872263,-0.019224515843365507
261.0,0.1362137500000007,3.495296899062159,3.3796702500000015,-25.0,23.341075911896667,-0.024999999999884417,-0.019234149062273054
262.0,0.13635250000000068,3.4955977876153104,3.3799755000000014,-25.0,23.345749571482997,-0.024999999999895415,-0.019243662615413444
263.0,0.13649125000000067,3.495898557989205,3.380280750000001,-25.0,23.35041987643831,-0.024999999999905365,-0.019253057989298713
264.0,0.13663000000000067,3.4961992116518905,3.3805860000000014,-25.0,23.35508682885927,-0.024999999999914372,-0.019262336651975145
265.0,0.13676875000000066,3.4964997500531765,3.3808912500000012,-25.0,23.359750430841245,-0.024999999999922518,-0.01927150005325266
266.0,0.13690750000000065,3.496800174624863,3.3811965000000015,-25.0,23.36441068447823,-0.02499999999992989,-0.01928054962493135
267.0,0.13704625000000065,3.497100486780963,3.3815017500000013,-25.0,23.369067591862915,-0.024999999999936563,-0.019289486781025204
268.0,0.13718500000000064,3.497400687917927,3.381807000000001,-25.0,23.37372115508674,-0.0249999999999426,-0.019298312917983042
269.0,0.13732375000000063,3.4977007794148562,3.3821122500000014,-25.0,23.378371376239784,-0.02499999999994806,-0.019307029414906723
270.0,0.13746250000000063,3.4980007626337204,3.382417500000001,-25.0,23.383018257410868,-0.024999999999953,-0.019315637633766623
271.0,0.13760125000000062,3.498300638919573,3.3827227500000014,-25.0,23.38766180068751,-0.024999999999957473,-0.01932413891961445
272.0,0.1377400000000006,3.498600409600756,3.3830280000000013,-25.0,23.39230200815581,-0.02499999999996152,-0.01933253460079342
273.0,0.1378787500000006,3.498900075989112,3.383333250000001,-25.0,23.396938881900724,-0.02499999999996518,-0.019340825989145796
274.0,0.1380175000000006,3.4991996393801874,3.3836385000000013,-25.0,23.401572424005792,-0.024999999999968492,-0.019349014380217876
275.0,0.1381562500000006,3.499499101053435,3.383943750000001,-25.0,23.406202636553303,-0.02499999999997149,-0.019357101053462424
276.0,0.13829500000000058,3.4997984622724143,3.3842490000000014,-25.0,23.41082952162418,-0.024999999999974203,-0.019365087272438585
277.0,0.13843375000000058,3.5000977242849873,3.384554250000001,-25.0,23.415453081298153,-0.024999999999976655,-0.019372974285009326
278.0,0.13857250000000057,3.5003968883235164,3.384859500000001,-25.0,23.42007331765359,-0.024999999999978876,-0.019380763323536405
279.0,0.13871125000000056,3.500695955605055,3.3851647500000013,-25.0,23.424690232767546,-0.024999999999980885,-0.019388455605072942
280.0,0.13885000000000056,3.5009949273315373,3.385470000000001,-25.0,23.42930382871583,-0.024999999999982703,-0.019396052331553573
281.0,0.13898875000000055,3.5012938046899675,3.385775250000001,-25.0,23.43391410757289,-0.024999999999984347,-0.01940355468998227
282.0,0.13912750000000054,3.5015925888526045,3.386080500000001,-25.0,23.438521071411913,-0.024999999999985836,-0.0194109638526178
283.0,0.13926625000000054,3.501891280977145,3.386385750000001,-25.0,23.443124722304788,-0.024999999999987182,-0.019418280977156897
284.0,0.13940500000000053,3.502189882206905,3.3866910000000012,-25.0,23.447725062322093,-0.0249999999999884,-0.019425507206915157
285.0,0.13954375000000052,3.5024883936709963,3.386996250000001,-25.0,23.452322093533155,-0.024999999999989503,-0.019432643671005684
286.0,0.13968250000000051,3.502786816484507,3.387301500000001,-25.0,23.45691581800594,-0.024999999999990502,-0.01943969148451551
287.0,0.1398212500000005,3.5030851517486723,3.387606750000001,-25.0,23.461506237807157,-0.024999999999991404,-0.019446651748679836
288.0,0.1399600000000005,3.5033834005510474,3.387912000000001,-25.0,23.466093355002272,-0.024999999999992223,-0.019453525551054097
289.0,0.1400987500000005,3.5036815639656775,3.388217250000001,-25.0,23.47067717165538,-0.024999999999992962,-0.019460313965683897
290.0,0.1402375000000005,3.5039796430532673,3.388522500000001,-25.0,23.475257689829334,-0.02499999999999363,-0.019467018053272837
291.0,0.14037625000000048,3.5042776388613435,3.388827750000001,-25.0,23.47983491158567,-0.024999999999994235,-0.01947363886134824
292.0,0.14051500000000047,3.5045755524244204,3.389133000000001,-25.0,23.484408838984677,-0.024999999999994783,-0.01948017742442484
293.0,0.14065375000000047,3.5048733847641627,3.389438250000001,-25.0,23.48897947408534,-0.02499999999999528,-0.01948663476416642
294.0,0.14079250000000046,3.505171136889542,3.3897435000000007,-25.0,23.493546818945276,-0.024999999999995727,-0.01949301188954545
295.0,0.14093125000000045,3.5054688097969975,3.390048750000001,-25.0,23.49811087562091,-0.024999999999996133,-0.019499309797000746
296.0,0.14107000000000045,3.5057664044705903,3.3903540000000008,-25.0,23.502671646167414,-0.0249999999999965,-0.019505529470593162
297.0,0.14120875000000044,3.506063921882157,3.390659250000001,-25.0,23.507229132638543,-0.024999999999996834,-0.01951167188215935
298.0,0.14134750000000043,3.5063613629914614,3.390964500000001,-25.0,23.51178333708691,-0.024999999999997136,-0.019517737991463613
299.0,0.14148625000000042,3.5066587287463453,3.3912697500000006,-25.0,23.516334261563713,-0.024999999999997406,-0.019523728746347873
300.0,0.14162500000000042,3.5069560200828787,3.391575000000001,-25.0,23.52088190811901,-0.024999999999997653,-0.019529645082879767
301.0,0.1417637500000004,3.5072532379254975,3.3918802500000007,-25.0,23.525426278801433,-0.024999999999997875,-0.019535487925498918
302.0,0.1419025000000004,3.5075503831871604,3.392185500000001,-25.0,23.52996737565843,-0.024999999999998076,-0.019541258187161372
303.0,0.1420412500000004,3.5078474567694813,3.3924907500000008,-25.0,23.534505200736135,-0.02499999999999826,-0.019546956769482253
304.0,0.1421800000000004,3.508144459562876,3.3927960000000006,-25.0,23.539039756079433,-0.024999999999998426,-0.01955258456287664
305.0,0.14231875000000038,3.508441392446698,3.393101250000001,-25.0,23.5435710437319,-0.024999999999998575,-0.019558142446698703
306.0,0.14245750000000038,3.5087382562893783,3.3934065000000007,-25.0,23.548099065735812,-0.02499999999999871,-0.019563631289379095
307.0,0.14259625000000037,3.5090350519485605,3.393711750000001,-25.0,23.55262382413224,-0.024999999999998832,-0.019569051948560654
308.0,0.14273500000000036,3.509331780271232,3.3940170000000007,-25.0,23.5571453209609,-0.024999999999998943,-0.019574405271232408
309.0,0.14287375000000035,3.5096284420938617,3.3943222500000005,-25.0,23.561663558260307,-0.024999999999999044,-0.01957969209386191
310.0,0.14301250000000035,3.509925038242526,3.394627500000001,-25.0,23.566178538067618,-0.024999999999999134,-0.019584913242525957
311.0,0.14315125000000034,3.5102215695330394,3.3949327500000006,-25.0,23.57069026241885,-0.024999999999999217,-0.019590069533039645
312.0,0.14329000000000033,3.5105180367710838,3.3952380000000004,-25.0,23.5751987333486,-0.02499999999999929,-0.019595161771083863
313.0,0.14342875000000033,3.5108144407523314,3.3955432500000007,-25.0,23.57970395289027,-0.024999999999999356,-0.019600190752331163
314.0,0.14356750000000032,3.51111078226257,3.3958485000000005,-25.0,23.584205923075956,-0.024999999999999415,-0.019605157262570096
315.0,0.1437062500000003,3.511407062077828,3.3961537500000007,-25.0,23.58870464593656,-0.02499999999999947,-0.01961006207782799
316.0,0.1438450000000003,3.511703280964492,3.3964590000000006,-25.0,23.593200123501617,-0.02499999999999952,-0.019614905964492214
317.0,0.1439837500000003,3.51199943967943,3.3967642500000004,-25.0,23.597692357799417,-0.024999999999999564,-0.019619689679429907
318.0,0.1441225000000003,3.5122955389701063,3.3970695000000006,-25.0,23.60218135085705,-0.024999999999999606,-0.019624413970106263
319.0,0.14426125000000029,3.512591579574701,3.3973747500000004,-25.0,23.60666710470025,-0.024999999999999644,-0.019629079574701315
320.0,0.14440000000000028,3.5128875622222253,3.3976800000000007,-25.0,23.611149621353547,-0.02499999999999968,-0.01963368722222527
321.0,0.14453875000000027,3.5131834876326327,3.3979852500000005,-25.0,23.61562890284023,-0.02499999999999971,-0.01963823763263243
322.0,0.14467750000000026,3.513479356516934,3.3982905000000003,-25.0,23.620104951182213,-0.024999999999999738,-0.019642731516933673
323.0,0.14481625000000026,3.513775169577308,3.3985957500000006,-25.0,23.62457776840023,-0.024999999999999762,-0.019647169577307572
324.0,0.14495500000000025,3.5140709275072104,3.3989010000000004,-25.0,23.62904735651375,-0.024999999999999783,-0.019651552507210086
325.0,0.14509375000000024,3.514366630991484,3.3992062500000007,-25.0,23.63351371754095,-0.024999999999999804,-0.019655880991482928
326.0,0.14523250000000024,3.514662280706461,3.3995115000000005,-25.0,23.637976853498742,-0.02499999999999982,-0.019660155706460573
327.0,0.14537125000000023,3.514957877320076,3.3998167500000003,-25.0,23.642436766402795,-0.02499999999999984,-0.019664377320075935
328.0,0.14551000000000022,3.5152534214919653,3.4001220000000005,-25.0,23.646893458267527,-0.024999999999999852,-0.019668546491964728
329.0,0.14564875000000022,3.5155489138735687,3.4004272500000003,-25.0,23.651346931106104,-0.024999999999999866,-0.019672663873568544
330.0,0.1457875000000002,3.5158443551082366,3.4007325,-25.0,23.655797186930386,-0.024999999999999876,-0.019676730108236635
331.0,0.1459262500000002,3.516139745831327,3.4010377500000004,-25.0,23.660244227751036,-0.024999999999999887,-0.01968074583132644
332.0,0.1460650000000002,3.516435086670303,3.4013430000000002,-25.0,23.664688055577415,-0.024999999999999897,-0.019684711670302862
333.0,0.1462037500000002,3.516730378244837,3.4016482500000005,-25.0,23.669128672417685,-0.024999999999999908,-0.01968862824483631
334.0,0.14634250000000018,3.5170256211669,3.4019535000000003,-25.0,23.673566080278647,-0.024999999999999915,-0.019692496166899522
335.0,0.14648125000000017,3.517320816040863,3.40225875,-25.0,23.678000281165964,-0.02499999999999992,-0.019696316040863193
336.0,0.14662000000000017,3.517615963463591,3.4025640000000004,-25.0,23.682431277083992,-0.02499999999999993,-0.019700088463590396
337.0,0.14675875000000016,3.51791106402453,3.40286925,-25.0,23.686859070035837,-0.024999999999999935,-0.01970381402452986
338.0,0.14689750000000015,3.5182061183058084,3.4031745000000004,-25.0,23.691283662023295,-0.024999999999999942,-0.019707493305808066
339.0,0.14703625000000015,3.5185011268823203,3.4034797500000002,-25.0,23.69570505504703,-0.024999999999999946,-0.01971112688232019
340.0,0.14717500000000014,3.51879609032182,3.403785,-25.0,23.70012325110639,-0.02499999999999995,-0.019714715321819964
341.0,0.14731375000000013,3.5190910091850083,3.4040902500000003,-25.0,23.704538252199427,-0.024999999999999953,-0.019718259185008354
342.0,0.14745250000000013,3.5193858840256214,3.4043955,-25.0,23.708950060323048,-0.024999999999999956,-0.019721759025621195
343.0,0.14759125000000012,3.519680715390516,3.40470075,-25.0,23.713358677472854,-0.02499999999999996,-0.019725215390515704
344.0,0.1477300000000001,3.519975503819756,3.405006,-25.0,23.717764105643198,-0.024999999999999963,-0.019728628819755928
345.0,0.1478687500000001,3.520270249846697,3.40531125,-25.0,23.72216634682718,-0.024999999999999967,-0.01973199984669713
346.0,0.1480075000000001,3.5205649539980692,3.4056165000000003,-25.0,23.72656540301665,-0.02499999999999997,-0.019735328998069127
347.0,0.1481462500000001,3.5208596167940587,3.40592175,-25.0,23.730961276202265,-0.024999999999999974,-0.019738616794058597
348.0,0.14828500000000008,3.52115423874839,3.406227,-25.0,23.735353968373374,-0.024999999999999977,-0.019741863748390348
349.0,0.14842375000000008,3.5214488203684073,3.40653225,-25.0,23.739743481518133,-0.024999999999999977,-0.019745070368407603
350.0,0.14856250000000007,3.5217433621551515,3.4068375,-25.0,23.744129817623445,-0.024999999999999977,-0.019748237155151265
351.0,0.14870125000000006,3.5220378646034387,3.40714275,-25.0,23.74851297867491,-0.024999999999999977,-0.019751364603438203
352.0,0.14884000000000006,3.5223323282019385,3.407448,-25.0,23.752892966656987,-0.024999999999999977,-0.019754453201938575
353.0,0.14897875000000005,3.522626753433252,3.40775325,-25.0,23.75726978355283,-0.024999999999999977,-0.019757503433252183
354.0,0.14911750000000004,3.5229211407739838,3.4080585,-25.0,23.76164343134434,-0.024999999999999977,-0.019760515773983873
355.0,0.14925625000000003,3.5232154906948177,3.40836375,-25.0,23.766013912012227,-0.024999999999999977,-0.019763490694818014
356.0,0.14939500000000003,3.523509803660592,3.408669,-25.0,23.77038122753595,-0.024999999999999977,-0.01976642866059204
357.0,0.14953375000000002,3.5238040801303687,3.40897425,-25.0,23.774745379893716,-0.024999999999999977,-0.019769330130369075
358.0,0.1496725,3.5240983205575094,3.4092795,-25.0,23.77910637106254,-0.024999999999999977,-0.01977219555750968
359.0,0.14981125,3.524392525389743,3.40958475,-25.0,23.783464203018127,-0.024999999999999977,-0.019775025389742674
360.0,0.14995,3.524686695069235,3.40989,-25.0,23.787818877734992,-0.024999999999999977,-0.019777820069235102
361.0,0.15008875,3.524980830032661,3.4101952499999997,-25.0,23.792170397186396,-0.024999999999999977,-0.019780580032661317
362.0,0.15022749999999999,3.525274930711271,3.4105005,-25.0,23.79651876334441,-0.024999999999999977,-0.019783305711271224
363.0,0.15036624999999998,3.525568997530957,3.4108057499999997,-25.0,23.80086397817979,-0.024999999999999977,-0.01978599753095765
364.0,0.15050499999999997,3.5258630309123227,3.411111,-25.0,23.805206043662167,-0.024999999999999977,-0.019788655912322893
365.0,0.15064374999999997,3.526157031270744,3.41141625,-25.0,23.809544961759855,-0.024999999999999977,-0.019791281270744455
366.0,0.15078249999999996,3.5264509990164394,3.4117214999999996,-25.0,23.813880734439977,-0.024999999999999977,-0.019793874016439932
367.0,0.15092124999999995,3.5267449345545305,3.41202675,-25.0,23.818213363668463,-0.024999999999999977,-0.01979643455453111
368.0,0.15105999999999994,3.5270388382851072,3.4123319999999997,-25.0,23.822542851409935,-0.024999999999999977,-0.019798963285107277
369.0,0.15119874999999994,3.5273327106032877,3.41263725,-25.0,23.826869199627822,-0.024999999999999977,-0.01980146060328773
370.0,0.15133749999999993,3.5276265518992833,3.4129424999999998,-25.0,23.831192410284302,-0.024999999999999977,-0.01980392689928351
371.0,0.15147624999999992,3.527920362558458,3.4132477499999996,-25.0,23.83551248534036,-0.024999999999999977,-0.019806362558458395
372.0,0.15161499999999992,3.5282141429613887,3.413553,-25.0,23.839829426755784,-0.024999999999999977,-0.019808767961389077
373.0,0.1517537499999999,3.528507893483924,3.4138582499999997,-25.0,23.84414323648906,-0.024999999999999977,-0.019811143483924664
374.0,0.1518924999999999,3.528801614497245,3.4141635,-25.0,23.848453916497476,-0.024999999999999977,-0.01981348949724538
375.0,0.1520312499999999,3.5290953063679202,3.4144687499999997,-25.0,23.852761468737185,-0.024999999999999977,-0.019815806367920585
376.0,0.1521699999999999,3.529388969457966,3.4147739999999995,-25.0,23.857065895162975,-0.024999999999999977,-0.01981809445796603
377.0,0.15230874999999988,3.5296826041249,3.41507925,-25.0,23.861367197728498,-0.024999999999999977,-0.019820354124900446
378.0,0.15244749999999987,3.529976210721801,3.4153844999999996,-25.0,23.865665378386154,-0.024999999999999977,-0.019822585721801383
379.0,0.15258624999999987,3.5302697895973596,3.4156897499999994,-25.0,23.86996043908715,-0.024999999999999977,-0.0198247895973604
380.0,0.15272499999999986,3.530563341095937,3.4159949999999997,-25.0,23.874252381781446,-0.024999999999999977,-0.019826966095937537
381.0,0.15286374999999985,3.5308568655576145,3.4163002499999995,-25.0,23.878541208417857,-0.024999999999999977,-0.019829115557615122
382.0,0.15300249999999985,3.5311503633182504,3.4166054999999997,-25.0,23.88282692094384,-0.024999999999999977,-0.01983123831825092
383.0,0.15314124999999984,3.53144383470953,3.4169107499999996,-25.0,23.887109521305774,-0.024999999999999977,-0.019833334709530595
384.0,0.15327999999999983,3.531737280059019,3.4172159999999994,-25.0,23.891389011448723,-0.024999999999999977,-0.01983540505901955
385.0,0.15341874999999983,3.532030699690214,3.4175212499999996,-25.0,23.895665393316563,-0.024999999999999977,-0.019837449690214105
386.0,0.15355749999999982,3.5323240939225915,3.4178264999999994,-25.0,23.899938668851973,-0.024999999999999977,-0.019839468922592047
387.0,0.1536962499999998,3.532617463071662,3.4181317499999997,-25.0,23.904208839996443,-0.024999999999999977,-0.01984146307166254
388.0,0.1538349999999998,3.532910807449015,3.4184369999999995,-25.0,23.908475908690207,-0.024999999999999977,-0.019843432449015434
389.0,0.1539737499999998,3.533204127362369,3.4187422499999993,-25.0,23.91273987687225,-0.024999999999999977,-0.019845377362369947
390.0,0.1541124999999998,3.533497423115622,3.4190474999999996,-25.0,23.917000746480483,-0.024999999999999977,-0.01984729811562275
391.0,0.15425124999999978,3.5337906950088946,3.4193527499999994,-25.0,23.92125851945144,-0.024999999999999977,-0.019849195008895443
392.0,0.15438999999999978,3.5340839433385804,3.419657999999999,-25.0,23.925513197720534,-0.024999999999999977,-0.01985106833858146
393.0,0.15452874999999977,3.534377168397392,3.4199632499999995,-25.0,23.92976478322197,-0.024999999999999977,-0.01985291839739238
394.0,0.15466749999999976,3.534670370474403,3.4202684999999993,-25.0,23.93401327788871,-0.024999999999999977,-0.019854745474403652
395.0,0.15480624999999976,3.5349635498550995,3.4205737499999995,-25.0,23.93825868365252,-0.024999999999999977,-0.019856549855099777
396.0,0.15494499999999975,3.5352567068214182,3.4208789999999993,-25.0,23.942501002443976,-0.024999999999999977,-0.01985833182141891
397.0,0.15508374999999974,3.535549841651796,3.421184249999999,-25.0,23.946740236192454,-0.024999999999999977,-0.01986009165179691
398.0,0.15522249999999974,3.5358429546212102,3.4214894999999994,-25.0,23.950976386826085,-0.024999999999999977,-0.01986182962121086
399.0,0.15536124999999973,3.536136046001221,3.421794749999999,-25.0,23.955209456271803,-0.024999999999999977,-0.019863546001222015
400.0,0.15549999999999972,3.5364291160600176,3.4220999999999995,-25.0,23.959439446455406,-0.024999999999999977,-0.019865241060018243
401.0,0.15563874999999971,3.5367221650624554,3.4224052499999993,-25.0,23.963666359301385,-0.024999999999999977,-0.019866915062455928
402.0,0.1557774999999997,3.5370151932701006,3.422710499999999,-25.0,23.967890196733094,-0.024999999999999977,-0.019868568270101358
403.0,0.1559162499999997,3.537308200941271,3.4230157499999994,-25.0,23.972110960672637,-0.024999999999999977,-0.019870200941271593
404.0,0.1560549999999997,3.537601188331074,3.423320999999999,-25.0,23.97632865304098,-0.024999999999999977,-0.019871813331074822
405.0,0.1561937499999997,3.5378941556914496,3.4236262499999994,-25.0,23.98054327575784,-0.024999999999999977,-0.019873405691450234
406.0,0.15633249999999968,3.5381871032712064,3.4239314999999992,-25.0,23.984754830741736,-0.024999999999999977,-0.019874978271207377
407.0,0.15647124999999967,3.538480031316064,3.424236749999999,-25.0,23.98896331991,-0.024999999999999977,-0.019876531316065038
408.0,0.15660999999999967,3.538772940068689,3.4245419999999993,-25.0,23.99316874517882,-0.024999999999999977,-0.019878065068689634
409.0,0.15674874999999966,3.5390658297687323,3.424847249999999,-25.0,23.997371108463085,-0.024999999999999977,-0.019879579768733134
410.0,0.15688749999999965,3.53935870065287,3.4251524999999994,-25.0,24.00157041167654,-0.024999999999999977,-0.019881075652870502
411.0,0.15702624999999965,3.539651552954836,3.425457749999999,-25.0,24.005766656731737,-0.024999999999999977,-0.01988255295483668
412.0,0.15716499999999964,3.539944386905462,3.425762999999999,-25.0,24.00995984554004,-0.024999999999999977,-0.0198840119054631
413.0,0.15730374999999963,3.540237202732713,3.4260682499999993,-25.0,24.014149980011553,-0.024999999999999977,-0.019885452732713773
414.0,0.15744249999999962,3.54053000066172,3.426373499999999,-25.0,24.01833706205531,-0.024999999999999977,-0.01988687566172088
415.0,0.15758124999999962,3.540822780914819,3.426678749999999,-25.0,24.02252109357903,-0.024999999999999977,-0.01988828091481998
416.0,0.1577199999999996,3.5411155437115838,3.426983999999999,-25.0,24.0267020764893,-0.024999999999999977,-0.019889668711584728
417.0,0.1578587499999996,3.54140828926886,3.427289249999999,-25.0,24.03088001269151,-0.024999999999999977,-0.01989103926886119
418.0,0.1579974999999996,3.541701017800801,3.427594499999999,-25.0,24.035054904089804,-0.024999999999999977,-0.01989239280080173
419.0,0.1581362499999996,3.5419937295188975,3.427899749999999,-25.0,24.03922675258724,-0.024999999999999977,-0.019893729518898465
420.0,0.15827499999999958,3.542286424632015,3.428204999999999,-25.0,24.043395560085628,-0.024999999999999977,-0.01989504963201632
421.0,0.15841374999999958,3.5425791033464247,3.428510249999999,-25.0,24.047561328485585,-0.024999999999999977,-0.01989635334642565
422.0,0.15855249999999957,3.5428717658658333,3.428815499999999,-25.0,24.051724059686535,-0.024999999999999977,-0.019897640865834492
423.0,0.15869124999999956,3.543164412391419,3.429120749999999,-25.0,24.055883755586706,-0.024999999999999977,-0.01989891239142037
424.0,0.15882999999999955,3.5434570431218604,3.429425999999999,-25.0,24.06004041808319,-0.024999999999999977,-0.019900168121861742
425.0,0.15896874999999955,3.5437496582533674,3.429731249999999,-25.0,24.064194049071887,-0.024999999999999977,-0.019901408253369047
426.0,0.15910749999999954,3.544042257979714,3.430036499999999,-25.0,24.068344650447443,-0.024999999999999977,-0.019902632979715354
427.0,0.15924624999999953,3.544334842492266,3.430341749999999,-25.0,24.072492224103428,-0.024999999999999977,-0.019903842492266646
428.0,0.15938499999999953,3.5446274119800103,3.4306469999999987,-25.0,24.0766367719321,-0.024999999999999977,-0.01990503698001172
429.0,0.15952374999999952,3.5449199666295907,3.430952249999999,-25.0,24.080778295824643,-0.024999999999999977,-0.019906216629591716
430.0,0.1596624999999995,3.545212506625328,3.4312574999999987,-25.0,24.084916797670985,-0.024999999999999977,-0.019907381625329283
431.0,0.1598012499999995,3.5455050321492565,3.431562749999999,-25.0,24.08905227935992,-0.024999999999999977,-0.019908532149257373
432.0,0.1599399999999995,3.545797543381146,3.431867999999999,-25.0,24.093184742779044,-0.024999999999999977,-0.019909668381147695
433.0,0.1600787499999995,3.5460900404985374,3.4321732499999986,-25.0,24.097314189814824,-0.024999999999999977,-0.019910790498538788
434.0,0.16021749999999949,3.5463825236767623,3.432478499999999,-25.0,24.101440622352413,-0.024999999999999977,-0.01991189867676378
435.0,0.16035624999999948,3.5466749930889767,3.4327837499999987,-25.0,24.105564042275944,-0.024999999999999977,-0.019912993088977773
436.0,0.16049499999999947,3.5469674489061838,3.433088999999999,-25.0,24.109684451468297,-0.024999999999999977,-0.019914073906184902
437.0,0.16063374999999946,3.547259891297264,3.4333942499999988,-25.0,24.113801851811104,-0.024999999999999977,-0.019915141297265054
438.0,0.16077249999999946,3.547552320428999,3.4336994999999986,-25.0,24.117916245184972,-0.024999999999999977,-0.019916195429000257
439.0,0.16091124999999945,3.5478447364660997,3.434004749999999,-25.0,24.12202763346926,-0.024999999999999977,-0.01991723646610074
440.0,0.16104999999999944,3.5481371395712293,3.4343099999999986,-25.0,24.12613601854207,-0.024999999999999977,-0.019918264571230665
441.0,0.16118874999999944,3.5484295299050324,3.434615249999999,-25.0,24.13024140228049,-0.024999999999999977,-0.019919279905033557
442.0,0.16132749999999943,3.548721907626156,3.4349204999999987,-25.0,24.134343786560294,-0.024999999999999977,-0.01992028262615738
443.0,0.16146624999999942,3.549014272891278,3.4352257499999985,-25.0,24.138443173256178,-0.024999999999999977,-0.019921272891279356
444.0,0.16160499999999942,3.549306625855129,3.435530999999999,-25.0,24.142539564241645,-0.024999999999999977,-0.019922250855130424
445.0,0.1617437499999994,3.549598966670518,3.4358362499999986,-25.0,24.146632961389003,-0.024999999999999977,-0.019923216670519422
446.0,0.1618824999999994,3.5498912954883557,3.436141499999999,-25.0,24.150723366569366,-0.024999999999999977,-0.019924170488356974
447.0,0.1620212499999994,3.5501836124576776,3.4364467499999987,-25.0,24.15481078165277,-0.024999999999999977,-0.019925112457679056
448.0,0.1621599999999994,3.550475917725669,3.4367519999999985,-25.0,24.158895208508,-0.024999999999999977,-0.01992604272567029
449.0,0.16229874999999938,3.5507682114376857,3.4370572499999987,-25.0,24.1629766490027,-0.024999999999999977,-0.019926961437686942
450.0,0.16243749999999937,3.551060493737278,3.4373624999999985,-25.0,24.167055105003328,-0.024999999999999977,-0.019927868737279635
451.0,0.16257624999999937,3.551352764766214,3.4376677499999984,-25.0,24.171130578375198,-0.024999999999999977,-0.019928764766215773
452.0,0.16271499999999936,3.5516450246645004,3.4379729999999986,-25.0,24.17520307098249,-0.024999999999999977,-0.019929649664501704
453.0,0.16285374999999935,3.551937273570403,3.4382782499999984,-25.0,24.179272584688135,-0.024999999999999977,-0.019930523570404587
454.0,0.16299249999999935,3.5522295116204727,3.4385834999999987,-25.0,24.18333912135398,-0.024999999999999977,-0.019931386620473994
455.0,0.16313124999999934,3.5525217389495616,3.4388887499999985,-25.0,24.187402682840627,-0.024999999999999977,-0.019932238949563256
456.0,0.16326999999999933,3.5528139556908487,3.4391939999999983,-25.0,24.191463271007592,-0.024999999999999977,-0.019933080690850525
457.0,0.16340874999999933,3.553106161975858,3.4394992499999986,-25.0,24.1955208877132,-0.024999999999999977,-0.01993391197585959
458.0,0.16354749999999932,3.5533983579344786,3.4398044999999984,-25.0,24.19957553481464,-0.024999999999999977,-0.019934732934480427
459.0,0.1636862499999993,3.5536905436949877,3.4401097499999986,-25.0,24.20362721416791,-0.024999999999999977,-0.01993554369498949
460.0,0.1638249999999993,3.5539827193840683,3.4404149999999984,-25.0,24.207675927627804,-0.024999999999999977,-0.019936344384069757
461.0,0.1639637499999993,3.554274885126829,3.4407202499999983,-25.0,24.211721677048047,-0.024999999999999977,-0.019937135126830527
462.0,0.1641024999999993,3.5545670410468255,3.4410254999999985,-25.0,24.215764464281165,-0.024999999999999977,-0.019937916046826966
463.0,0.16424124999999928,3.5548591872660777,3.4413307499999983,-25.0,24.21980429117849,-0.024999999999999977,-0.01993868726607941
464.0,0.16437999999999928,3.5551513239050907,3.441635999999998,-25.0,24.22384115959028,-0.024999999999999977,-0.019939448905092434
465.0,0.16451874999999927,3.555443451082872,3.4419412499999984,-25.0,24.22787507136553,-0.024999999999999977,-0.019940201082873688
466.0,0.16465749999999926,3.5557355689169508,3.442246499999998,-25.0,24.23190602835217,-0.024999999999999977,-0.019940943916952482
467.0,0.16479624999999926,3.5560276775233963,3.4425517499999985,-25.0,24.235934032396926,-0.024999999999999977,-0.019941677523398146
468.0,0.16493499999999925,3.556319777016837,3.4428569999999983,-25.0,24.239959085345447,-0.024999999999999977,-0.019942402016838185
469.0,0.16507374999999924,3.5566118675104743,3.443162249999998,-25.0,24.24398118904213,-0.024999999999999977,-0.01994311751047617
470.0,0.16521249999999923,3.556903949116108,3.4434674999999983,-25.0,24.24800034533024,-0.024999999999999977,-0.01994382411610944
471.0,0.16535124999999923,3.557196021944145,3.443772749999998,-25.0,24.2520165560519,-0.024999999999999977,-0.01994452194414656
472.0,0.16548999999999922,3.557488086103623,3.4440779999999984,-25.0,24.256029823048095,-0.024999999999999977,-0.019945211103624582
473.0,0.16562874999999921,3.5577801417022243,3.4443832499999982,-25.0,24.26004014815868,-0.024999999999999977,-0.019945891702226076
474.0,0.1657674999999992,3.558072188846294,3.444688499999998,-25.0,24.26404753322231,-0.024999999999999977,-0.01994656384629596
475.0,0.1659062499999992,3.5583642276408565,3.4449937499999983,-25.0,24.268051980076564,-0.024999999999999977,-0.01994722764085811
476.0,0.1660449999999992,3.5586562581896297,3.445298999999998,-25.0,24.272053490557767,-0.024999999999999977,-0.01994788318963178
477.0,0.1661837499999992,3.558948280595046,3.445604249999998,-25.0,24.276052066501165,-0.024999999999999977,-0.019948530595047795
478.0,0.16632249999999918,3.559240294958263,3.445909499999998,-25.0,24.28004770974087,-0.024999999999999977,-0.01994916995826457
479.0,0.16646124999999917,3.559532301379182,3.446214749999998,-25.0,24.284040422109797,-0.024999999999999977,-0.019949801379183913
480.0,0.16659999999999917,3.559824299956465,3.4465199999999983,-25.0,24.288030205439725,-0.024999999999999977,-0.019950424956466623
481.0,0.16673874999999916,3.560116290787546,3.446825249999998,-25.0,24.292017061561353,-0.024999999999999977,-0.01995104078754792
482.0,0.16687749999999915,3.5604082739686507,3.447130499999998,-25.0,24.29600099230413,-0.024999999999999977,-0.01995164896865266
483.0,0.16701624999999914,3.5607002495948086,3.447435749999998,-25.0,24.299981999496424,-0.024999999999999977,-0.019952249594810383
484.0,0.16715499999999914,3.560992217759868,3.447740999999998,-25.0,24.303960084965468,-0.024999999999999977,-0.019952842759870144
485.0,0.16729374999999913,3.5612841785565137,3.448046249999998,-25.0,24.307935250537355,-0.024999999999999977,-0.019953428556515194
486.0,0.16743249999999912,3.5615761320762758,3.448351499999998,-25.0,24.311907498037044,-0.024999999999999977,-0.01995400707627745
487.0,0.16757124999999912,3.5618680784095496,3.448656749999998,-25.0,24.315876829288243,-0.024999999999999977,-0.0199545784095518
488.0,0.1677099999999991,3.5621600176456085,3.448961999999998,-25.0,24.31984324611369,-0.024999999999999977,-0.01995514264561023
489.0,0.1678487499999991,3.5624519498726137,3.449267249999998,-25.0,24.32380675033488,-0.024999999999999977,-0.019955699872615775
490.0,0.1679874999999991,3.5627438751776346,3.449572499999998,-25.0,24.327767343772166,-0.024999999999999977,-0.01995625017763629
491.0,0.1681262499999991,3.563035793646656,3.449877749999998,-25.0,24.33172502824482,-0.024999999999999977,-0.019956793646658047
492.0,0.16826499999999908,3.5633277053645966,3.450182999999998,-25.0,24.33567980557092,-0.024999999999999977,-0.019957330364599193
493.0,0.16840374999999908,3.563619610415321,3.450488249999998,-25.0,24.33963167756741,-0.024999999999999977,-0.019957860415322996
494.0,0.16854249999999907,3.563911508881649,3.450793499999998,-25.0,24.343580646050157,-0.024999999999999977,-0.019958383881650957
495.0,0.16868124999999906,3.564203400845374,3.451098749999998,-25.0,24.347526712833883,-0.024999999999999977,-0.019958900845375757
496.0,0.16881999999999905,3.564495286387272,3.451403999999998,-25.0,24.35146987973212,-0.024999999999999977,-0.019959411387274032
497.0,0.16895874999999905,3.564787165587117,3.4517092499999977,-25.0,24.35541014855727,-0.024999999999999977,-0.01995991558711899
498.0,0.16909749999999904,3.565079038523691,3.452014499999998,-25.0,24.359347521120696,-0.024999999999999977,-0.019960413523692884
499.0,0.16923624999999903,3.565370905274797,3.452319749999998,-25.0,24.36328199923247,-0.024999999999999977,-0.019960905274799313
500.0,0.16937499999999903,3.565662765917273,3.4526249999999976,-25.0,24.367213584701688,-0.024999999999999977,-0.019961390917275394
501.0,0.16951374999999902,3.5659546205270014,3.452930249999998,-25.0,24.371142279336254,-0.024999999999999977,-0.019961870527003746
502.0,0.169652499999999,3.5662464691789224,3.4532354999999977,-25.0,24.37506808494294,-0.024999999999999977,-0.01996234417892437
503.0,0.169791249999999,3.5665383119470446,3.453540749999998,-25.0,24.37899100332737,-0.024999999999999977,-0.019962811947046334
504.0,0.169929999999999,3.566830148904457,3.4538459999999978,-25.0,24.382911036294047,-0.024999999999999977,-0.01996327390445937
505.0,0.170068749999999,3.5671219801233427,3.4541512499999976,-25.0,24.38682818564638,-0.024999999999999977,-0.019963730123345253
506.0,0.17020749999999898,3.567413805674987,3.454456499999998,-25.0,24.39074245318659,-0.024999999999999977,-0.01996418067498912
507.0,0.17034624999999898,3.567705625629788,3.4547617499999976,-25.0,24.394653840715876,-0.024999999999999977,-0.01996462562979058
508.0,0.17048499999999897,3.5679974400572725,3.455066999999998,-25.0,24.398562350034183,-0.024999999999999977,-0.019965065057274724
509.0,0.17062374999999896,3.5682892490261007,3.4553722499999977,-25.0,24.402467982940436,-0.024999999999999977,-0.019965499026102992
510.0,0.17076249999999896,3.568581052604081,3.4556774999999975,-25.0,24.406370741232365,-0.024999999999999977,-0.019965927604083895
511.0,0.17090124999999895,3.5688728508581815,3.4559827499999978,-25.0,24.41027062670662,-0.024999999999999977,-0.019966350858183615
512.0,0.17103999999999894,3.5691646438545344,3.4562879999999976,-25.0,24.414167641158656,-0.024999999999999977,-0.01996676885453647
513.0,0.17117874999999894,3.5694564316584527,3.4565932499999974,-25.0,24.418061786382907,-0.024999999999999977,-0.019967181658455232
514.0,0.17131749999999893,3.5697482143344392,3.4568984999999977,-25.0,24.42195306417267,-0.024999999999999977,-0.01996758933444136
515.0,0.17145624999999892,3.5700399919461927,3.4572037499999975,-25.0,24.425841476320045,-0.024999999999999977,-0.019967991946195057
516.0,0.17159499999999892,3.570331764556623,3.4575089999999977,-25.0,24.429727024616113,-0.024999999999999977,-0.019968389556625225
517.0,0.1717337499999989,3.5706235322278568,3.4578142499999975,-25.0,24.433609710850703,-0.024999999999999977,-0.019968782227859302
518.0,0.1718724999999989,3.57091529502125,3.4581194999999973,-25.0,24.437489536812677,-0.024999999999999977,-0.01996917002125297
519.0,0.1720112499999989,3.5712070529973974,3.4584247499999976,-25.0,24.441366504289647,-0.024999999999999977,-0.019969552997399734
520.0,0.1721499999999989,3.571498806216138,3.4587299999999974,-25.0,24.4452406150682,-0.024999999999999977,-0.019969931216140397
521.0,0.17228874999999888,3.57179055473657,3.4590352499999977,-25.0,24.44911187093379,-0.024999999999999977,-0.019970304736572405
522.0,0.17242749999999887,3.572082298617057,3.4593404999999975,-25.0,24.452980273670732,-0.024999999999999977,-0.01997067361705909
523.0,0.17256624999999887,3.5723740379152362,3.4596457499999973,-25.0,24.456845825062203,-0.024999999999999977,-0.019971037915238774
524.0,0.17270499999999886,3.572665772688031,3.4599509999999976,-25.0,24.4607085268903,-0.024999999999999977,-0.01997139768803379
525.0,0.17284374999999885,3.5729575029916565,3.4602562499999974,-25.0,24.464568380935987,-0.024999999999999977,-0.01997175299165937
526.0,0.17298249999999885,3.5732492288816293,3.460561499999997,-25.0,24.468425388979142,-0.024999999999999977,-0.019972103881632428
527.0,0.17312124999999884,3.5735409504127778,3.4608667499999974,-25.0,24.47227955279851,-0.024999999999999977,-0.019972450412780236
528.0,0.17325999999999883,3.5738326676392465,3.4611719999999973,-25.0,24.47613087417176,-0.024999999999999977,-0.01997279263924899
529.0,0.17339874999999882,3.57412438061451,3.4614772499999975,-25.0,24.47997935487541,-0.024999999999999977,-0.019973130614512273
530.0,0.17353749999999882,3.574416089391377,3.4617824999999973,-25.0,24.48382499668486,-0.024999999999999977,-0.019973464391379408
531.0,0.1736762499999988,3.5747077940220007,3.462087749999997,-25.0,24.487667801374414,-0.024999999999999977,-0.019973794022003707
532.0,0.1738149999999988,3.574999494557888,3.4623929999999974,-25.0,24.491507770717305,-0.024999999999999977,-0.019974119557890628
533.0,0.1739537499999988,3.575291191049903,3.462698249999997,-25.0,24.495344906485627,-0.024999999999999977,-0.019974441049905818
534.0,0.1740924999999988,3.5755828835482806,3.4630034999999975,-25.0,24.499179210450336,-0.024999999999999977,-0.019974758548283053
535.0,0.17423124999999878,3.575874572102629,3.4633087499999973,-25.0,24.50301068438131,-0.024999999999999977,-0.019975072102632104
536.0,0.17436999999999878,3.576166256761944,3.463613999999997,-25.0,24.50683933004734,-0.024999999999999977,-0.019975381761946475
537.0,0.17450874999999877,3.5764579375746086,3.4639192499999973,-25.0,24.510665149216038,-0.024999999999999977,-0.019975687574611066
538.0,0.17464749999999876,3.576749614588407,3.464224499999997,-25.0,24.514488143654035,-0.024999999999999977,-0.019975989588409723
539.0,0.17478624999999876,3.57704128785053,3.4645297499999974,-25.0,24.518308315126774,-0.024999999999999977,-0.01997628785053272
540.0,0.17492499999999875,3.5773329574075814,3.4648349999999972,-25.0,24.522125665398562,-0.024999999999999977,-0.01997658240758412
541.0,0.17506374999999874,3.577624623305586,3.465140249999997,-25.0,24.525940196232682,-0.024999999999999977,-0.01997687330558906
542.0,0.17520249999999873,3.577916285589998,3.4654454999999973,-25.0,24.52975190939128,-0.024999999999999977,-0.019977160590000948
543.0,0.17534124999999873,3.5782079443057055,3.465750749999997,-25.0,24.53356080663542,-0.024999999999999977,-0.019977444305708556
544.0,0.17547999999999872,3.5784995994970408,3.4660559999999974,-25.0,24.537366889725035,-0.024999999999999977,-0.019977724497043044
545.0,0.1756187499999987,3.5787912512077824,3.466361249999997,-25.0,24.54117016041897,-0.024999999999999977,-0.019978001207784875
546.0,0.1757574999999987,3.579082899481168,3.466666499999997,-25.0,24.544970620474942,-0.024999999999999977,-0.019978274481170663
547.0,0.1758962499999987,3.579374544359897,3.4669717499999972,-25.0,24.548768271649635,-0.024999999999999977,-0.019978544359899934
548.0,0.1760349999999987,3.579666185886139,3.467276999999997,-25.0,24.552563115698604,-0.024999999999999977,-0.019978810886141788
549.0,0.17617374999999869,3.5799578241015384,3.467582249999997,-25.0,24.55635515437632,-0.024999999999999977,-0.019979074101541493
550.0,0.17631249999999868,3.580249459047224,3.467887499999997,-25.0,24.56014438943606,-0.024999999999999977,-0.019979334047226988
551.0,0.17645124999999867,3.580541090763812,3.468192749999997,-25.0,24.56393082263014,-0.024999999999999977,-0.01997959076381532
552.0,0.17658999999999866,3.580832719291416,3.468497999999997,-25.0,24.567714455709734,-0.024999999999999977,-0.019979844291418972
553.0,0.17672874999999866,3.5811243446696492,3.468803249999997,-25.0,24.571495290424934,-0.024999999999999977,-0.019980094669652153
554.0,0.17686749999999865,3.5814159669376338,3.469108499999997,-25.0,24.575273328524645,-0.024999999999999977,-0.01998034193763697
555.0,0.17700624999999864,3.581707586134007,3.469413749999997,-25.0,24.5790485717568,-0.024999999999999977,-0.019980586134009548
556.0,0.17714499999999864,3.581999202296923,3.469718999999997,-25.0,24.5828210218682,-0.024999999999999977,-0.019980827296926067
557.0,0.17728374999999863,3.582290815464066,3.470024249999997,-25.0,24.58659068060456,-0.024999999999999977,-0.019981065464068724
558.0,0.17742249999999862,3.5825824256726486,3.470329499999997,-25.0,24.590357549710404,-0.024999999999999977,-0.019981300672651615
559.0,0.17756124999999862,3.582874032959423,3.4706347499999968,-25.0,24.59412163092935,-0.024999999999999977,-0.019981532959426566
560.0,0.1776999999999986,3.5831656373606857,3.470939999999997,-25.0,24.597882926003763,-0.024999999999999977,-0.019981762360688857
561.0,0.1778387499999986,3.58345723891228,3.471245249999997,-25.0,24.601641436675038,-0.024999999999999977,-0.0199819889122829
562.0,0.1779774999999986,3.5837488376496047,3.4715504999999967,-25.0,24.60539716468338,-0.024999999999999977,-0.019982212649607846
563.0,0.1781162499999986,3.5840404336076204,3.471855749999997,-25.0,24.609150111767974,-0.024999999999999977,-0.019982433607623102
564.0,0.17825499999999858,3.5843320268208507,3.4721609999999967,-25.0,24.61290027966686,-0.024999999999999977,-0.01998265182085381
565.0,0.17839374999999857,3.5846236173233934,3.472466249999997,-25.0,24.61664767011706,-0.024999999999999977,-0.01998286732339623
566.0,0.17853249999999857,3.5849152051489197,3.472771499999997,-25.0,24.62039228485446,-0.024999999999999977,-0.019983080148923076
567.0,0.17867124999999856,3.5852067903306852,3.4730767499999966,-25.0,24.62413412561392,-0.024999999999999977,-0.019983290330688765
568.0,0.17880999999999855,3.5854983729015313,3.473381999999997,-25.0,24.627873194129165,-0.024999999999999977,-0.01998349790153463
569.0,0.17894874999999855,3.5857899528938906,3.4736872499999967,-25.0,24.63160949213284,-0.024999999999999977,-0.019983702893894038
570.0,0.17908749999999854,3.586081530339795,3.473992499999997,-25.0,24.635343021356505,-0.024999999999999977,-0.019983905339797457
571.0,0.17922624999999853,3.5863731052708743,3.4742977499999967,-25.0,24.639073783530648,-0.024999999999999977,-0.019984105270877475
572.0,0.17936499999999853,3.5866646777183706,3.4746029999999966,-25.0,24.642801780384673,-0.024999999999999977,-0.01998430271837373
573.0,0.17950374999999852,3.5869562477131347,3.474908249999997,-25.0,24.64652701364696,-0.024999999999999977,-0.019984497713137796
574.0,0.1796424999999985,3.5872478152856346,3.4752134999999966,-25.0,24.650249485044696,-0.024999999999999977,-0.019984690285638
575.0,0.1797812499999985,3.587539380465961,3.475518749999997,-25.0,24.653969196304047,-0.024999999999999977,-0.019984880465964184
576.0,0.1799199999999985,3.587830943283829,3.4758239999999967,-25.0,24.657686149150095,-0.024999999999999977,-0.019985068283832414
577.0,0.1800587499999985,3.588122503768586,3.4761292499999965,-25.0,24.6614003453069,-0.024999999999999977,-0.019985253768589617
578.0,0.18019749999999848,3.5884140619492153,3.4764344999999968,-25.0,24.665111786497334,-0.024999999999999977,-0.01998543694921816
579.0,0.18033624999999848,3.588705617854337,3.4767397499999966,-25.0,24.668820474443294,-0.024999999999999977,-0.01998561785434039
580.0,0.18047499999999847,3.58899717151222,3.477044999999997,-25.0,24.672526410865544,-0.024999999999999977,-0.0199857965122231
581.0,0.18061374999999846,3.5892887229507786,3.4773502499999966,-25.0,24.67622959748377,-0.024999999999999977,-0.019985972950781947
582.0,0.18075249999999846,3.5895802721975825,3.4776554999999965,-25.0,24.67993003601657,-0.024999999999999977,-0.019986147197585815
583.0,0.18089124999999845,3.5898718192798578,3.4779607499999967,-25.0,24.683627728181534,-0.024999999999999977,-0.019986319279861123
584.0,0.18102999999999844,3.5901633642244923,3.4782659999999965,-25.0,24.687322675695157,-0.024999999999999977,-0.019986489224496074
585.0,0.18116874999999844,3.590454907058041,3.4785712499999963,-25.0,24.69101488027286,-0.024999999999999977,-0.019986657058044865
586.0,0.18130749999999843,3.590746447806729,3.4788764999999966,-25.0,24.694704343628928,-0.024999999999999977,-0.01998682280673183
587.0,0.18144624999999842,3.591037986496452,3.4791817499999964,-25.0,24.698391067476678,-0.024999999999999977,-0.019986986496455535
588.0,0.18158499999999841,3.5913295231527895,3.4794869999999967,-25.0,24.702075053528233,-0.024999999999999977,-0.019987148152792837
589.0,0.1817237499999984,3.5916210578009995,3.4797922499999965,-25.0,24.705756303494752,-0.024999999999999977,-0.019987307801002867
590.0,0.1818624999999984,3.5919125904660274,3.4800974999999963,-25.0,24.70943481908631,-0.024999999999999977,-0.01998746546603098
591.0,0.1820012499999984,3.592204121172509,3.4804027499999965,-25.0,24.71311060201191,-0.024999999999999977,-0.01998762117251266
592.0,0.1821399999999984,3.5924956499447736,3.4807079999999964,-25.0,24.716783653979405,-0.024999999999999977,-0.01998777494477736
593.0,0.18227874999999838,3.5927871768068487,3.4810132499999966,-25.0,24.720453976695694,-0.024999999999999977,-0.01998792680685231
594.0,0.18241749999999837,3.5930787017824626,3.4813184999999964,-25.0,24.724121571866533,-0.024999999999999977,-0.019988076782466266
595.0,0.18255624999999837,3.59337022489505,3.4816237499999962,-25.0,24.7277864411966,-0.024999999999999977,-0.019988224895053225
596.0,0.18269499999999836,3.593661746167753,3.4819289999999965,-25.0,24.731448586389604,-0.024999999999999977,-0.019988371167756078
597.0,0.18283374999999835,3.5939532656234268,3.4822342499999963,-25.0,24.73510800914812,-0.024999999999999977,-0.019988515623430233
598.0,0.18297249999999834,3.5942447832846436,3.482539499999996,-25.0,24.738764711173644,-0.024999999999999977,-0.019988658284647184
599.0,0.18311124999999834,3.5945362991736944,3.4828447499999964,-25.0,24.742418694166645,-0.024999999999999977,-0.019988799173698037
600.0,0.18324999999999833,3.5948278133125933,3.483149999999996,-25.0,24.746069959826514,-0.024999999999999977,-0.01998893831259699
601.0,0.18338874999999832,3.5951193257230813,3.4834552499999965,-25.0,24.74971850985162,-0.024999999999999977,-0.019989075723084785
602.0,0.18352749999999832,3.595410836426628,3.4837604999999963,-25.0,24.75336434593919,-0.024999999999999977,-0.019989211426632084
603.0,0.1836662499999983,3.595702345444439,3.484065749999996,-25.0,24.757007469785492,-0.024999999999999977,-0.019989345444442846
604.0,0.1838049999999983,3.595993852797454,3.4843709999999963,-25.0,24.760647883085653,-0.024999999999999977,-0.019989477797457626
605.0,0.1839437499999983,3.596285358506353,3.484676249999996,-25.0,24.76428558753372,-0.024999999999999977,-0.01998960850635685
606.0,0.1840824999999983,3.5965768625915606,3.4849814999999964,-25.0,24.767920584822775,-0.024999999999999977,-0.01998973759156405
607.0,0.18422124999999828,3.596868365073245,3.485286749999996,-25.0,24.771552876644762,-0.024999999999999977,-0.019989865073249055
608.0,0.18435999999999828,3.597159865971327,3.485591999999996,-25.0,24.7751824646906,-0.024999999999999977,-0.019989990971331136
609.0,0.18449874999999827,3.5974513653054783,3.4858972499999963,-25.0,24.778809350650192,-0.024999999999999977,-0.01999011530548212
610.0,0.18463749999999826,3.5977428630951254,3.486202499999996,-25.0,24.782433536212295,-0.024999999999999977,-0.019990238095129478
611.0,0.18477624999999825,3.5980343593594553,3.486507749999996,-25.0,24.786055023064648,-0.024999999999999977,-0.01999035935945934
612.0,0.18491499999999825,3.598325854117416,3.486812999999996,-25.0,24.789673812893966,-0.024999999999999977,-0.019990479117419503
613.0,0.18505374999999824,3.5986173473877185,3.487118249999996,-25.0,24.793289907385883,-0.024999999999999977,-0.01999059738772239
614.0,0.18519249999999823,3.5989088391888444,3.4874234999999962,-25.0,24.796903308225012,-0.024999999999999977,-0.019990714188847982
615.0,0.18533124999999823,3.599200329539043,3.487728749999996,-25.0,24.800514017094883,-0.024999999999999977,-0.019990829539046687
616.0,0.18546999999999822,3.5994918184563383,3.488033999999996,-25.0,24.80412203567795,-0.024999999999999977,-0.01999094345634221
617.0,0.1856087499999982,3.5997833059585305,3.488339249999996,-25.0,24.807727365655637,-0.024999999999999977,-0.019991055958534364
618.0,0.1857474999999982,3.600074792063198,3.488644499999996,-25.0,24.811330008708353,-0.024999999999999977,-0.01999116706320184
619.0,0.1858862499999982,3.600366276787701,3.488949749999996,-25.0,24.81492996651542,-0.024999999999999977,-0.019991276787704973
620.0,0.1860249999999982,3.600657760149185,3.489254999999996,-25.0,24.81852724075509,-0.024999999999999977,-0.019991385149188436
621.0,0.18616374999999818,3.60094924216458,3.489560249999996,-25.0,24.82212183310463,-0.024999999999999977,-0.019991492164583933
622.0,0.18630249999999818,3.601240722850609,3.489865499999996,-25.0,24.825713745240193,-0.024999999999999977,-0.019991597850612837
623.0,0.18644124999999817,3.601532202223785,3.490170749999996,-25.0,24.829302978836893,-0.024999999999999977,-0.019991702223788804
624.0,0.18657999999999816,3.6018236803004164,3.490475999999996,-25.0,24.83288953556888,-0.024999999999999977,-0.019991805300420357
625.0,0.18671874999999816,3.6021151570966095,3.490781249999996,-25.0,24.836473417109175,-0.024999999999999977,-0.019991907096613425
626.0,0.18685749999999815,3.6024066326282695,3.4910864999999958,-25.0,24.84005462512971,-0.024999999999999977,-0.019992007628273877
627.0,0.18699624999999814,3.602698106911106,3.491391749999996,-25.0,24.84363316130151,-0.024999999999999977,-0.019992106911109985
628.0,0.18713499999999814,3.6029895799606306,3.491696999999996,-25.0,24.84720902729447,-0.024999999999999977,-0.019992204960634894
629.0,0.18727374999999813,3.6032810517921656,3.492002249999996,-25.0,24.85078222477739,-0.024999999999999977,-0.019992301792169046
630.0,0.18741249999999812,3.603572522420839,3.492307499999996,-25.0,24.854352755418176,-0.024999999999999977,-0.01999239742084256
631.0,0.18755124999999812,3.6038639918615933,3.4926127499999957,-25.0,24.857920620883533,-0.024999999999999977,-0.019992491861597614
632.0,0.1876899999999981,3.6041554601291867,3.492917999999996,-25.0,24.861485822839256,-0.024999999999999977,-0.019992585129190766
633.0,0.1878287499999981,3.604446927238191,3.493223249999996,-25.0,24.865048362950006,-0.024999999999999977,-0.01999267723819527
634.0,0.1879674999999981,3.604738393202999,3.4935284999999956,-25.0,24.868608242879418,-0.024999999999999977,-0.019992768203003344
635.0,0.1881062499999981,3.6050298580378244,3.493833749999996,-25.0,24.872165464290106,-0.024999999999999977,-0.019992858037828423
636.0,0.18824499999999808,3.605321321756703,3.4941389999999957,-25.0,24.87572002884366,-0.024999999999999977,-0.019992946756707382
637.0,0.18838374999999807,3.605612784373499,3.494444249999996,-25.0,24.879271938200645,-0.024999999999999977,-0.01999303437350273
638.0,0.18852249999999807,3.605904245901901,3.4947494999999957,-25.0,24.882821194020494,-0.024999999999999977,-0.019993120901904762
639.0,0.18866124999999806,3.6061957063554293,3.4950547499999955,-25.0,24.886367797961725,-0.024999999999999977,-0.019993206355433724
640.0,0.18879999999999805,3.606487165747438,3.495359999999996,-25.0,24.889911751681723,-0.024999999999999977,-0.0199932907474419
641.0,0.18893874999999805,3.6067786240911115,3.4956652499999956,-25.0,24.893453056836904,-0.024999999999999977,-0.019993374091115713
642.0,0.18907749999999804,3.6070700813994736,3.495970499999996,-25.0,24.896991715082606,-0.024999999999999977,-0.019993456399477784
643.0,0.18921624999999803,3.6073615376853847,3.4962757499999957,-25.0,24.9005277280732,-0.024999999999999977,-0.01999353768538896
644.0,0.18935499999999802,3.6076529929615457,3.4965809999999955,-25.0,24.90406109746192,-0.024999999999999977,-0.019993617961550327
645.0,0.18949374999999802,3.6079444472405013,3.4968862499999958,-25.0,24.907591824901033,-0.024999999999999977,-0.019993697240505204
646.0,0.189632499999998,3.6082359005346367,3.4971914999999956,-25.0,24.911119912041727,-0.024999999999999977,-0.019993775534641087
647.0,0.189771249999998,3.608527352856187,3.4974967499999954,-25.0,24.914645360534223,-0.024999999999999977,-0.019993852856191593
648.0,0.189909999999998,3.608818804217234,3.4978019999999956,-25.0,24.918168172027663,-0.024999999999999977,-0.019993929217238374
649.0,0.190048749999998,3.6091102546297087,3.4981072499999954,-25.0,24.921688348170164,-0.024999999999999977,-0.019994004629712996
650.0,0.19018749999999798,3.6094017041053945,3.4984124999999957,-25.0,24.925205890608822,-0.024999999999999977,-0.019994079105398813
651.0,0.19032624999999798,3.6096931526559284,3.4987177499999955,-25.0,24.92872080098971,-0.024999999999999977,-0.019994152655932802
652.0,0.19046499999999797,3.609984600292803,3.4990229999999953,-25.0,24.932233080957815,-0.024999999999999977,-0.019994225292807387
653.0,0.19060374999999796,3.6102760470273676,3.4993282499999956,-25.0,24.935742732157223,-0.024999999999999977,-0.019994297027372224
654.0,0.19074249999999796,3.610567492870832,3.4996334999999954,-25.0,24.93924975623088,-0.024999999999999977,-0.019994367870835982
655.0,0.19088124999999795,3.610858937834264,3.4999387499999957,-25.0,24.94275415482076,-0.024999999999999977,-0.019994437834268103
656.0,0.19101999999999794,3.611150381928596,3.5002439999999955,-25.0,24.94625592956777,-0.024999999999999977,-0.01999450692860051
657.0,0.19115874999999793,3.6114418251646248,3.5005492499999953,-25.0,24.94975508211178,-0.024999999999999977,-0.019994575164629335
658.0,0.19129749999999793,3.6117332675530123,3.5008544999999955,-25.0,24.9532516140917,-0.024999999999999977,-0.019994642553016598
659.0,0.19143624999999792,3.612024709104287,3.5011597499999954,-25.0,24.956745527145415,-0.024999999999999977,-0.01999470910429187
660.0,0.1915749999999979,3.612316149828849,3.501464999999995,-25.0,24.96023682290968,-0.024999999999999977,-0.019994774828853923
661.0,0.1917137499999979,3.612607589736968,3.5017702499999954,-25.0,24.963725503020385,-0.024999999999999977,-0.01999483973697235
662.0,0.1918524999999979,3.6128990288387848,3.5020754999999952,-25.0,24.967211569112237,-0.024999999999999977,-0.019994903838789185
663.0,0.1919912499999979,3.613190467144316,3.5023807499999955,-25.0,24.97069502281903,-0.024999999999999977,-0.01999496714432046
664.0,0.19212999999999789,3.613481904663453,3.5026859999999953,-25.0,24.97417586577353,-0.024999999999999977,-0.019995029663457797
665.0,0.19226874999999788,3.6137733414059654,3.502991249999995,-25.0,24.977654099607435,-0.024999999999999977,-0.019995091405969934
666.0,0.19240749999999787,3.6140647773814996,3.5032964999999954,-25.0,24.981129725951405,-0.024999999999999977,-0.01999515238150427
667.0,0.19254624999999786,3.6143562125995836,3.503601749999995,-25.0,24.9846027464352,-0.024999999999999977,-0.019995212599588353
668.0,0.19268499999999786,3.614647647069627,3.5039069999999954,-25.0,24.988073162687442,-0.024999999999999977,-0.019995272069631382
669.0,0.19282374999999785,3.6149390808009207,3.5042122499999953,-25.0,24.991540976335784,-0.024999999999999977,-0.01999533080092567
670.0,0.19296249999999784,3.615230513802643,3.504517499999995,-25.0,24.9950061890068,-0.024999999999999977,-0.019995388802648107
671.0,0.19310124999999784,3.6155219460838572,3.5048227499999953,-25.0,24.99846880232616,-0.024999999999999977,-0.019995446083861574
672.0,0.19323999999999783,3.6158133776535117,3.505127999999995,-25.0,25.00192881791844,-0.024999999999999977,-0.019995502653516378
673.0,0.19337874999999782,3.616104808520447,3.5054332499999954,-25.0,25.005386237407265,-0.024999999999999977,-0.019995558520451644
674.0,0.19351749999999782,3.616396238693392,3.505738499999995,-25.0,25.008841062415115,-0.024999999999999977,-0.019995613693396697
675.0,0.1936562499999978,3.6166876681809677,3.506043749999995,-25.0,25.01229329456362,-0.024999999999999977,-0.01999566818097242
676.0,0.1937949999999978,3.6169790969916877,3.5063489999999953,-25.0,25.01574293547327,-0.024999999999999977,-0.019995721991692604
677.0,0.1939337499999978,3.6172705251339603,3.506654249999995,-25.0,25.019189986763593,-0.024999999999999977,-0.019995775133965287
678.0,0.1940724999999978,3.6175619526160894,3.5069594999999953,-25.0,25.02263445005309,-0.024999999999999977,-0.019995827616094055
679.0,0.19421124999999778,3.617853379446275,3.507264749999995,-25.0,25.0260763269593,-0.024999999999999977,-0.01999587944627935
680.0,0.19434999999999777,3.618144805632615,3.507569999999995,-25.0,25.029515619098675,-0.024999999999999977,-0.019995930632619743
681.0,0.19448874999999777,3.6184362311831086,3.5078752499999952,-25.0,25.032952328086765,-0.024999999999999977,-0.019995981183113205
682.0,0.19462749999999776,3.6187276561056536,3.508180499999995,-25.0,25.03638645553798,-0.024999999999999977,-0.01999603110565835
683.0,0.19476624999999775,3.6190190804080506,3.508485749999995,-25.0,25.03981800306576,-0.024999999999999977,-0.019996080408055682
684.0,0.19490499999999775,3.619310504098004,3.508790999999995,-25.0,25.04324697228259,-0.024999999999999977,-0.019996129098008797
685.0,0.19504374999999774,3.6196019271831203,3.509096249999995,-25.0,25.046673364799915,-0.024999999999999977,-0.0199961771831256
686.0,0.19518249999999773,3.6198933496709147,3.509401499999995,-25.0,25.05009718222817,-0.024999999999999977,-0.019996224670919487
687.0,0.19532124999999773,3.6201847715688054,3.509706749999995,-25.0,25.053518426176765,-0.024999999999999977,-0.019996271568810526
688.0,0.19545999999999772,3.6204761928841216,3.510011999999995,-25.0,25.05693709825414,-0.024999999999999977,-0.019996317884126605
689.0,0.1955987499999977,3.6207676136241,3.510317249999995,-25.0,25.06035320006771,-0.024999999999999977,-0.019996363624104587
690.0,0.1957374999999977,3.6210590337958863,3.510622499999995,-25.0,25.06376673322393,-0.024999999999999977,-0.01999640879589144
691.0,0.1958762499999977,3.621350453406541,3.510927749999995,-25.0,25.06717769932817,-0.024999999999999977,-0.019996453406545343
692.0,0.1960149999999977,3.621641872463032,3.511232999999995,-25.0,25.070586099984837,-0.024999999999999977,-0.019996497463036802
693.0,0.19615374999999768,3.6219332909722444,3.5115382499999948,-25.0,25.07399193679737,-0.024999999999999977,-0.019996540972249736
694.0,0.19629249999999768,3.6222247089409776,3.511843499999995,-25.0,25.077395211368128,-0.024999999999999977,-0.019996583940982547
695.0,0.19643124999999767,3.622516126375944,3.512148749999995,-25.0,25.080795925298503,-0.024999999999999977,-0.019996626375949185
696.0,0.19656999999999766,3.622807543283775,3.5124539999999946,-25.0,25.084194080188922,-0.024999999999999977,-0.019996668283780203
697.0,0.19670874999999766,3.623098959671019,3.512759249999995,-25.0,25.08758967763879,-0.024999999999999977,-0.019996709671023783
698.0,0.19684749999999765,3.6233903755441417,3.5130644999999947,-25.0,25.09098271924654,-0.024999999999999977,-0.019996750544146766
699.0,0.19698624999999764,3.6236817909095307,3.513369749999995,-25.0,25.094373206609532,-0.024999999999999977,-0.019996790909535662
700.0,0.19712499999999764,3.6239732057734924,3.5136749999999948,-25.0,25.097761141324156,-0.024999999999999977,-0.019996830773497645
701.0,0.19726374999999763,3.6242646201422564,3.5139802499999946,-25.0,25.101146524985836,-0.024999999999999977,-0.019996870142261536
702.0,0.19740249999999762,3.624556034021974,3.514285499999995,-25.0,25.104529359188973,-0.024999999999999977,-0.019996909021978787
703.0,0.19754124999999761,3.624847447418719,3.5145907499999947,-25.0,25.107909645527002,-0.024999999999999977,-0.019996947418724435
704.0,0.1976799999999976,3.6251388603384935,3.514895999999995,-25.0,25.111287385592277,-0.024999999999999977,-0.019996985338498047
705.0,0.1978187499999976,3.6254302727872196,3.5152012499999947,-25.0,25.1146625809763,-0.024999999999999977,-0.019997022787224667
706.0,0.1979574999999976,3.6257216847707507,3.5155064999999945,-25.0,25.11803523326944,-0.024999999999999977,-0.019997059770755735
707.0,0.1980962499999976,3.626013096294865,3.515811749999995,-25.0,25.121405344061145,-0.024999999999999977,-0.01999709629487
708.0,0.19823499999999758,3.626304507365269,3.5161169999999946,-25.0,25.124772914939854,-0.024999999999999977,-0.01999713236527443
709.0,0.19837374999999757,3.6265959179876,3.516422249999995,-25.0,25.12813794749303,-0.024999999999999977,-0.0199971679876051
710.0,0.19851249999999757,3.626887328167423,3.5167274999999947,-25.0,25.131500443307118,-0.024999999999999977,-0.019997203167428073
711.0,0.19865124999999756,3.627178737910235,3.5170327499999945,-25.0,25.134860403967537,-0.024999999999999977,-0.019997237910240266
712.0,0.19878999999999755,3.627470147221465,3.5173379999999947,-25.0,25.138217831058796,-0.024999999999999977,-0.019997272221470314
713.0,0.19892874999999755,3.627761556106474,3.5176432499999946,-25.0,25.141572726164384,-0.024999999999999977,-0.01999730610647942
714.0,0.19906749999999754,3.6280529645705575,3.517948499999995,-25.0,25.144925090866764,-0.024999999999999977,-0.01999733957056218
715.0,0.19920624999999753,3.628344372618942,3.5182537499999946,-25.0,25.14827492674749,-0.024999999999999977,-0.019997372618947427
716.0,0.19934499999999752,3.6286357802567935,3.5185589999999944,-25.0,25.151622235387038,-0.024999999999999977,-0.01999740525679904
717.0,0.19948374999999752,3.6289271874892117,3.5188642499999947,-25.0,25.154967018364914,-0.024999999999999977,-0.019997437489216747
718.0,0.1996224999999975,3.6292185943212316,3.5191694999999945,-25.0,25.15830927725966,-0.024999999999999977,-0.019997469321236933
719.0,0.1997612499999975,3.629510000757828,3.5194747499999943,-25.0,25.161649013648855,-0.024999999999999977,-0.019997500757833412
720.0,0.1998999999999975,3.629801406803913,3.5197799999999946,-25.0,25.164986229109047,-0.024999999999999977,-0.01999753180391822
721.0,0.2000387499999975,3.6300579374643394,3.5200503749999967,-25.0,25.16832092521588,-0.024999999999999977,-0.019997562464342367
722.0,0.20017749999999748,3.6302244677438935,3.5202307499999965,-25.0,25.17165310354386,-0.024999999999999977,-0.01999759274389661
723.0,0.20031624999999748,3.630390997647309,3.5204111249999968,-25.0,25.17498276566664,-0.024999999999999977,-0.019997622647312186
724.0,0.20045499999999747,3.6305575271792585,3.5205914999999965,-25.0,25.178309913156852,-0.024999999999999977,-0.01999765217926157
725.0,0.20059374999999746,3.630724056344356,3.5207718749999968,-25.0,25.181634547586157,-0.024999999999999977,-0.019997681344359187
726.0,0.20073249999999745,3.6308905851471587,3.5209522499999966,-25.0,25.18495667052514,-0.024999999999999977,-0.019997710147162142
727.0,0.20087124999999745,3.631057113592168,3.521132624999997,-25.0,25.188276283543587,-0.024999999999999977,-0.01999773859217093
728.0,0.20100999999999744,3.631223641683827,3.5213129999999966,-25.0,25.191593388210094,-0.024999999999999977,-0.01999776668383015
729.0,0.20114874999999743,3.6313901694265263,3.521493374999997,-25.0,25.19490798609246,-0.024999999999999977,-0.01999779442652917
730.0,0.20128749999999743,3.6315566968245996,3.5216737499999966,-25.0,25.1982200787574,-0.024999999999999977,-0.019997821824602847
731.0,0.20142624999999742,3.631723223882329,3.521854124999997,-25.0,25.20152966777067,-0.024999999999999977,-0.01999784888233219
732.0,0.2015649999999974,3.631889750603942,3.5220344999999966,-25.0,25.204836754697055,-0.024999999999999977,-0.019997875603945017
733.0,0.2017037499999974,3.6320562769936133,3.5222148749999964,-25.0,25.208141341100372,-0.024999999999999977,-0.019997901993616642
734.0,0.2018424999999974,3.632222803055467,3.5223952499999966,-25.0,25.21144342854342,-0.024999999999999977,-0.0199979280554705
735.0,0.2019812499999974,3.6323893287935753,3.5225756249999964,-25.0,25.21474301858808,-0.024999999999999977,-0.019997953793578813
736.0,0.20211999999999739,3.63255585421196,3.5227559999999967,-25.0,25.218040112795222,-0.024999999999999977,-0.019997979211963206
737.0,0.20225874999999738,3.632722379314592,3.5229363749999965,-25.0,25.22133471272474,-0.024999999999999977,-0.01999800431459536
738.0,0.20239749999999737,3.6328889041053944,3.5231167499999967,-25.0,25.224626819935565,-0.024999999999999977,-0.019998029105397608
739.0,0.20253624999999736,3.63305542858824,3.5232971249999965,-25.0,25.227916435985605,-0.024999999999999977,-0.019998053588243563
740.0,0.20267499999999736,3.633221952766956,3.5234774999999967,-25.0,25.23120356243186,-0.024999999999999977,-0.019998077766958722
741.0,0.20281374999999735,3.633388476645318,3.5236578749999965,-25.0,25.234488200830356,-0.024999999999999977,-0.019998101645321058
742.0,0.20295249999999734,3.6335550002270587,3.5238382499999967,-25.0,25.237770352736106,-0.024999999999999977,-0.01999812522706161
743.0,0.20309124999999734,3.6337215235158618,3.5240186249999965,-25.0,25.241050019703152,-0.024999999999999977,-0.01999814851586508
744.0,0.20322999999999733,3.6338880465153673,3.5241989999999968,-25.0,25.24432720328457,-0.024999999999999977,-0.019998171515370387
745.0,0.20336874999999732,3.6340545692291677,3.5243793749999965,-25.0,25.247601905032525,-0.024999999999999977,-0.01999819422917125
746.0,0.20350749999999732,3.634221091660813,3.5245597499999963,-25.0,25.250874126498104,-0.024999999999999977,-0.019998216660816744
747.0,0.2036462499999973,3.634387613813809,3.5247401249999966,-25.0,25.25414386923154,-0.024999999999999977,-0.019998238813811867
748.0,0.2037849999999973,3.634554135691615,3.5249204999999963,-25.0,25.257411134782046,-0.024999999999999977,-0.019998260691618062
749.0,0.2039237499999973,3.6347206572976507,3.5251008749999966,-25.0,25.260675924697807,-0.024999999999999977,-0.019998282297653783
750.0,0.2040624999999973,3.6348871786352914,3.5252812499999964,-25.0,25.2639382405261,-0.024999999999999977,-0.01999830363529502
751.0,0.20420124999999728,3.6350536997078726,3.5254616249999966,-25.0,25.267198083813298,-0.024999999999999977,-0.01999832470787582
752.0,0.20433999999999727,3.6352202205186854,3.5256419999999964,-25.0,25.270455456104685,-0.024999999999999977,-0.019998345518688815
753.0,0.20447874999999727,3.6353867410709824,3.5258223749999966,-25.0,25.27371035894464,-0.024999999999999977,-0.01999836607098574
754.0,0.20461749999999726,3.635553261367974,3.5260027499999964,-25.0,25.276962793876578,-0.024999999999999977,-0.019998386367977936
755.0,0.20475624999999725,3.635719781412834,3.5261831249999966,-25.0,25.280212762442886,-0.024999999999999977,-0.019998406412836844
756.0,0.20489499999999725,3.635886301208691,3.5263634999999964,-25.0,25.283460266185102,-0.024999999999999977,-0.019998426208694516
757.0,0.20503374999999724,3.6360528207586404,3.526543874999996,-25.0,25.28670530664374,-0.024999999999999977,-0.019998445758644092
758.0,0.20517249999999723,3.636219340065737,3.5267242499999965,-25.0,25.289947885358345,-0.024999999999999977,-0.019998465065740295
759.0,0.20531124999999723,3.6363858591329965,3.5269046249999962,-25.0,25.2931880038675,-0.024999999999999977,-0.019998484132999896
760.0,0.20544999999999722,3.636552377963399,3.5270849999999965,-25.0,25.296425663708817,-0.024999999999999977,-0.019998502963402196
761.0,0.2055887499999972,3.636718896559886,3.5272653749999963,-25.0,25.299660866419003,-0.024999999999999977,-0.01999852155988948
762.0,0.2057274999999972,3.636885414925364,3.5274457499999965,-25.0,25.30289361353374,-0.024999999999999977,-0.01999853992536749
763.0,0.2058662499999972,3.6370519330627027,3.5276261249999963,-25.0,25.3061239065878,-0.024999999999999977,-0.019998558062705868
764.0,0.2060049999999972,3.6372184509747356,3.5278064999999965,-25.0,25.30935174711493,-0.024999999999999977,-0.01999857597473861
765.0,0.20614374999999718,3.637384968664261,3.5279868749999963,-25.0,25.312577136647974,-0.024999999999999977,-0.01999859366426451
766.0,0.20628249999999718,3.6375514861340443,3.5281672499999965,-25.0,25.3158000767188,-0.024999999999999977,-0.01999861113404759
767.0,0.20642124999999717,3.637718003386814,3.5283476249999963,-25.0,25.319020568858377,-0.024999999999999977,-0.019998628386817537
768.0,0.20655999999999716,3.6378845204252666,3.528527999999996,-25.0,25.322238614596586,-0.024999999999999977,-0.019998645425270134
769.0,0.20669874999999716,3.638051037252064,3.5287083749999963,-25.0,25.325454215462457,-0.024999999999999977,-0.019998662252067673
770.0,0.20683749999999715,3.6382175538698354,3.528888749999996,-25.0,25.328667372984057,-0.024999999999999977,-0.019998678869839377
771.0,0.20697624999999714,3.638384070281178,3.5290691249999964,-25.0,25.331878088688427,-0.024999999999999977,-0.019998695281181804
772.0,0.20711499999999713,3.638550586488656,3.529249499999996,-25.0,25.335086364101755,-0.024999999999999977,-0.01999871148865926
773.0,0.20725374999999713,3.638717102494801,3.5294298749999964,-25.0,25.33829220074921,-0.024999999999999977,-0.019998727494804202
774.0,0.20739249999999712,3.6388836183021143,3.529610249999996,-25.0,25.341495600154985,-0.024999999999999977,-0.019998743302117615
775.0,0.2075312499999971,3.639050133913066,3.5297906249999964,-25.0,25.344696563842376,-0.024999999999999977,-0.019998758913069428
776.0,0.2076699999999971,3.6392166493300953,3.529970999999996,-25.0,25.347895093333705,-0.024999999999999977,-0.019998774330098883
777.0,0.2078087499999971,3.6393831645556114,3.5301513749999964,-25.0,25.351091190150385,-0.024999999999999977,-0.01999878955561492
778.0,0.2079474999999971,3.639549679591993,3.530331749999996,-25.0,25.354284855812807,-0.024999999999999977,-0.019998804591996565
779.0,0.20808624999999709,3.6397161944415894,3.530512124999996,-25.0,25.357476091840397,-0.024999999999999977,-0.019998819441593273
780.0,0.20822499999999708,3.639882709106722,3.5306924999999962,-25.0,25.360664899751725,-0.024999999999999977,-0.01999883410672533
781.0,0.20836374999999707,3.6400492235896804,3.530872874999996,-25.0,25.3638512810644,-0.024999999999999977,-0.01999884858968419
782.0,0.20850249999999707,3.6402157378927296,3.5310532499999963,-25.0,25.367035237295,-0.024999999999999977,-0.019998862892732845
783.0,0.20864124999999706,3.6403822520181026,3.531233624999996,-25.0,25.3702167699592,-0.024999999999999977,-0.019998877018106178
784.0,0.20877999999999705,3.6405487659680076,3.5314139999999963,-25.0,25.373395880571707,-0.024999999999999977,-0.019998890968011305
785.0,0.20891874999999704,3.640715279744624,3.531594374999996,-25.0,25.376572570646374,-0.024999999999999977,-0.019998904744627927
786.0,0.20905749999999704,3.640881793350105,3.5317747499999963,-25.0,25.379746841695976,-0.024999999999999977,-0.01999891835010867
787.0,0.20919624999999703,3.6410483067865758,3.531955124999996,-25.0,25.382918695232433,-0.024999999999999977,-0.019998931786579414
788.0,0.20933499999999702,3.6412148200561365,3.5321354999999963,-25.0,25.386088132766645,-0.024999999999999977,-0.01999894505613964
789.0,0.20947374999999702,3.6413813331608593,3.532315874999996,-25.0,25.389255155808655,-0.024999999999999977,-0.01999895816086274
790.0,0.209612499999997,3.6415478461027924,3.532496249999996,-25.0,25.392419765867544,-0.024999999999999977,-0.019998971102796356
791.0,0.209751249999997,3.641714358883959,3.532676624999996,-25.0,25.395581964451367,-0.024999999999999977,-0.01999898388396269
792.0,0.209889999999997,3.641880871506355,3.532856999999996,-25.0,25.398741753067327,-0.024999999999999977,-0.019998996506358824
793.0,0.210028749999997,3.642047383971953,3.533037374999996,-25.0,25.40189913322166,-0.024999999999999977,-0.019999008971957038
794.0,0.21016749999999698,3.6422138962827013,3.533217749999996,-25.0,25.40505410641964,-0.024999999999999977,-0.019999021282705105
795.0,0.21030624999999697,3.642380408440523,3.533398124999996,-25.0,25.408206674165626,-0.024999999999999977,-0.0199990334405266
796.0,0.21044499999999697,3.6425469204473173,3.533578499999996,-25.0,25.411356837963012,-0.024999999999999977,-0.019999045447321215
797.0,0.21058374999999696,3.6427134323049617,3.533758874999996,-25.0,25.414504599314284,-0.024999999999999977,-0.01999905730496503
798.0,0.21072249999999695,3.642879944015307,3.533939249999996,-25.0,25.41764995972096,-0.024999999999999977,-0.019999069015310827
799.0,0.21086124999999695,3.6430464555801847,3.534119624999996,-25.0,25.420792920683652,-0.024999999999999977,-0.019999080580188372
800.0,0.21099999999999694,3.643212967001401,3.534299999999996,-25.0,25.423933483702,-0.024999999999999977,-0.019999092001404702
801.0,0.21113874999999693,3.6433794782807403,3.534480374999996,-25.0,25.427071650274684,-0.024999999999999977,-0.019999103280744404
802.0,0.21127749999999693,3.643545989419966,3.534660749999996,-25.0,25.430207421899524,-0.024999999999999977,-0.019999114419969898
803.0,0.21141624999999692,3.6437125004208175,3.534841124999996,-25.0,25.433340800073324,-0.024999999999999977,-0.01999912542082171
804.0,0.2115549999999969,3.643879011285015,3.535021499999996,-25.0,25.43647178629203,-0.024999999999999977,-0.019999136285018745
805.0,0.2116937499999969,3.6440455220142547,3.535201874999996,-25.0,25.43960038205057,-0.024999999999999977,-0.019999147014258558
806.0,0.2118324999999969,3.644212032610214,3.535382249999996,-25.0,25.442726588843016,-0.024999999999999977,-0.019999157610217613
807.0,0.2119712499999969,3.6443785430745477,3.535562624999996,-25.0,25.44585040816247,-0.024999999999999977,-0.01999916807455155
808.0,0.21210999999999688,3.644545053408892,3.535742999999996,-25.0,25.448971841501134,-0.024999999999999977,-0.019999178408895445
809.0,0.21224874999999688,3.64471156361486,3.535923374999996,-25.0,25.452090890350178,-0.024999999999999977,-0.019999188614864057
810.0,0.21238749999999687,3.6448780736940485,3.536103749999996,-25.0,25.45520755619998,-0.024999999999999977,-0.01999919869405209
811.0,0.21252624999999686,3.6450445836480303,3.536284124999996,-25.0,25.45832184053984,-0.024999999999999977,-0.01999920864803444
812.0,0.21266499999999686,3.6452110934783626,3.536464499999996,-25.0,25.461433744858255,-0.024999999999999977,-0.019999218478366436
813.0,0.21280374999999685,3.64537760318658,3.536644874999996,-25.0,25.464543270642707,-0.024999999999999977,-0.019999228186584086
814.0,0.21294249999999684,3.6455441127742003,3.5368252499999957,-25.0,25.467650419379822,-0.024999999999999977,-0.01999923777420432
815.0,0.21308124999999684,3.6457106222427216,3.537005624999996,-25.0,25.470755192555202,-0.024999999999999977,-0.01999924724272522
816.0,0.21321999999999683,3.6458771315936223,3.5371859999999957,-25.0,25.473857591653598,-0.024999999999999977,-0.019999256593626266
817.0,0.21335874999999682,3.6460436408283647,3.537366374999996,-25.0,25.476957618158792,-0.024999999999999977,-0.019999265828368553
818.0,0.21349749999999681,3.646210149948391,3.5375467499999957,-25.0,25.480055273553717,-0.024999999999999977,-0.01999927494839503
819.0,0.2136362499999968,3.646376658955127,3.537727124999996,-25.0,25.483150559320222,-0.024999999999999977,-0.019999283955130717
820.0,0.2137749999999968,3.6465431678499787,3.5379074999999958,-25.0,25.48624347693942,-0.024999999999999977,-0.019999292849982937
821.0,0.2139137499999968,3.6467096766343374,3.538087874999996,-25.0,25.489334027891346,-0.024999999999999977,-0.019999301634341528
822.0,0.2140524999999968,3.6468761853095755,3.538268249999996,-25.0,25.492422213655175,-0.024999999999999977,-0.019999310309579067
823.0,0.21419124999999678,3.6470426938770473,3.538448624999996,-25.0,25.495508035709122,-0.024999999999999977,-0.019999318877051073
824.0,0.21432999999999677,3.647209202338092,3.538628999999996,-25.0,25.498591495530547,-0.024999999999999977,-0.019999327338096232
825.0,0.21446874999999677,3.6473757106940323,3.5388093749999956,-25.0,25.501672594595846,-0.024999999999999977,-0.0199993356940366
826.0,0.21460749999999676,3.6475422189461737,3.538989749999996,-25.0,25.5047513343805,-0.024999999999999977,-0.01999934394617781
827.0,0.21474624999999675,3.647708727095805,3.5391701249999956,-25.0,25.50782771635903,-0.024999999999999977,-0.019999352095809275
828.0,0.21488499999999675,3.6478752351442005,3.539350499999996,-25.0,25.510901742005046,-0.024999999999999977,-0.019999360144204392
829.0,0.21502374999999674,3.6480417430926164,3.5395308749999956,-25.0,25.5139734127913,-0.024999999999999977,-0.01999936809262074
830.0,0.21516249999999673,3.6482082509422966,3.539711249999996,-25.0,25.51704273018953,-0.024999999999999977,-0.019999375942300276
831.0,0.21530124999999672,3.6483747586944655,3.5398916249999957,-25.0,25.52010969567067,-0.024999999999999977,-0.019999383694469526
832.0,0.21543999999999672,3.648541266350336,3.540071999999996,-25.0,25.523174310704633,-0.024999999999999977,-0.019999391350339783
833.0,0.2155787499999967,3.648707773911103,3.5402523749999957,-25.0,25.526236576760425,-0.024999999999999977,-0.019999398911107292
834.0,0.2157174999999967,3.6488742813779496,3.540432749999996,-25.0,25.5292964953062,-0.024999999999999977,-0.019999406377953437
835.0,0.2158562499999967,3.649040788752041,3.5406131249999957,-25.0,25.532354067809138,-0.024999999999999977,-0.01999941375204493
836.0,0.2159949999999967,3.6492072960345294,3.5407934999999955,-25.0,25.53540929573552,-0.024999999999999977,-0.019999421034533987
837.0,0.21613374999999668,3.6493738032265544,3.5409738749999957,-25.0,25.53846218055071,-0.024999999999999977,-0.01999942822655851
838.0,0.21627249999999668,3.649540310329238,3.5411542499999955,-25.0,25.54151272371911,-0.024999999999999977,-0.019999435329242272
839.0,0.21641124999999667,3.649706817343691,3.5413346249999957,-25.0,25.544560926704264,-0.024999999999999977,-0.01999944234369508
840.0,0.21654999999999666,3.649873324271009,3.5415149999999955,-25.0,25.547606790968814,-0.024999999999999977,-0.019999449271012954
841.0,0.21668874999999665,3.6500398311122746,3.5416953749999958,-25.0,25.550650317974487,-0.024999999999999977,-0.019999456112278303
842.0,0.21682749999999665,3.650206337868556,3.5418757499999955,-25.0,25.553691509181988,-0.024999999999999977,-0.01999946286856009
843.0,0.21696624999999664,3.65037284454091,3.542056124999996,-25.0,25.556730366051227,-0.024999999999999977,-0.019999469540913997
844.0,0.21710499999999663,3.6505393511303783,3.5422364999999956,-25.0,25.559766890041203,-0.024999999999999977,-0.019999476130382592
845.0,0.21724374999999663,3.6507058576379916,3.542416874999996,-25.0,25.56280108260995,-0.024999999999999977,-0.019999482637995496
846.0,0.21738249999999662,3.650872364064765,3.5425972499999956,-25.0,25.565832945214595,-0.024999999999999977,-0.019999489064769532
847.0,0.2175212499999966,3.6510388704117043,3.5427776249999954,-25.0,25.56886247931135,-0.024999999999999977,-0.0199994954117089
848.0,0.2176599999999966,3.651205376679801,3.5429579999999956,-25.0,25.57188968635552,-0.024999999999999977,-0.01999950167980532
849.0,0.2177987499999966,3.651371882870034,3.5431383749999954,-25.0,25.574914567801557,-0.024999999999999977,-0.019999507870038194
850.0,0.2179374999999966,3.651538388983371,3.5433187499999956,-25.0,25.57793712510295,-0.024999999999999977,-0.01999951398337476
851.0,0.21807624999999659,3.651704895020766,3.5434991249999954,-25.0,25.580957359712272,-0.024999999999999977,-0.019999520020770243
852.0,0.21821499999999658,3.651871400983164,3.5436794999999957,-25.0,25.583975273081194,-0.024999999999999977,-0.019999525983167992
853.0,0.21835374999999657,3.652037906871495,3.5438598749999954,-25.0,25.58699086666053,-0.024999999999999977,-0.019999531871499648
854.0,0.21849249999999656,3.652204412686681,3.5440402499999957,-25.0,25.590004141900124,-0.024999999999999977,-0.019999537686685272
855.0,0.21863124999999656,3.652370918429629,3.5442206249999955,-25.0,25.59301510024892,-0.024999999999999977,-0.0199995434296335
856.0,0.21876999999999655,3.652537424101238,3.5444009999999957,-25.0,25.596023743155,-0.024999999999999977,-0.01999954910124168
857.0,0.21890874999999654,3.6527039297023918,3.5445813749999955,-25.0,25.599030072065545,-0.024999999999999977,-0.019999554702396012
858.0,0.21904749999999654,3.652870435233967,3.5447617499999953,-25.0,25.602034088426763,-0.024999999999999977,-0.01999956023397169
859.0,0.21918624999999653,3.6530369406968286,3.5449421249999955,-25.0,25.60503579368401,-0.024999999999999977,-0.01999956569683303
860.0,0.21932499999999652,3.6532034460918292,3.5451224999999953,-25.0,25.60803518928168,-0.024999999999999977,-0.019999571091833614
861.0,0.21946374999999652,3.6533699514198124,3.5453028749999955,-25.0,25.611032276663366,-0.024999999999999977,-0.019999576419816426
862.0,0.2196024999999965,3.6535364566816093,3.5454832499999953,-25.0,25.6140270572717,-0.024999999999999977,-0.019999581681613973
863.0,0.2197412499999965,3.653702961878044,3.5456636249999955,-25.0,25.617019532548397,-0.024999999999999977,-0.01999958687804842
864.0,0.2198799999999965,3.6538694670099274,3.5458439999999953,-25.0,25.62000970393433,-0.024999999999999977,-0.019999592009931722
865.0,0.2200187499999965,3.6540359720780615,3.5460243749999956,-25.0,25.622997572869394,-0.024999999999999977,-0.019999597078065746
866.0,0.22015749999999648,3.654202477083238,3.5462047499999954,-25.0,25.625983140792584,-0.024999999999999977,-0.019999602083242397
867.0,0.22029624999999647,3.6543689820262397,3.5463851249999956,-25.0,25.628966409142095,-0.024999999999999977,-0.019999607026243746
868.0,0.22043499999999647,3.6545354869078377,3.5465654999999954,-25.0,25.631947379355154,-0.024999999999999977,-0.019999611907842146
869.0,0.22057374999999646,3.654701991728796,3.5467458749999956,-25.0,25.63492605286808,-0.024999999999999977,-0.019999616728800358
870.0,0.22071249999999645,3.654868496489867,3.5469262499999954,-25.0,25.637902431116288,-0.024999999999999977,-0.019999621489871663
871.0,0.22085124999999645,3.6550350011917954,3.547106624999995,-25.0,25.64087651553433,-0.024999999999999977,-0.019999626191799992
872.0,0.22098999999999644,3.6552015058353153,3.5472869999999954,-25.0,25.643848307555857,-0.024999999999999977,-0.01999963083532003
873.0,0.22112874999999643,3.655368010421153,3.547467374999995,-25.0,25.646817808613662,-0.024999999999999977,-0.019999635421157333
874.0,0.22126749999999643,3.6555345149500242,3.5476477499999954,-25.0,25.649785020139518,-0.024999999999999977,-0.01999963995002845
875.0,0.22140624999999642,3.6557010194226365,3.5478281249999952,-25.0,25.65274994356446,-0.024999999999999977,-0.01999964442264103
876.0,0.2215449999999964,3.6558675238396896,3.5480084999999955,-25.0,25.655712580318493,-0.024999999999999977,-0.019999648839693924
877.0,0.2216837499999964,3.656034028201873,3.5481888749999952,-25.0,25.65867293183078,-0.024999999999999977,-0.019999653201877302
878.0,0.2218224999999964,3.6562005325098683,3.5483692499999955,-25.0,25.66163099952962,-0.024999999999999977,-0.01999965750987277
879.0,0.2219612499999964,3.656367036764349,3.5485496249999953,-25.0,25.664586784842413,-0.024999999999999977,-0.019999661764353457
880.0,0.22209999999999638,3.6565335409659796,3.5487299999999955,-25.0,25.667540289195642,-0.024999999999999977,-0.01999966596598414
881.0,0.22223874999999638,3.656700045115417,3.5489103749999953,-25.0,25.670491514014884,-0.024999999999999977,-0.019999670115421326
882.0,0.22237749999999637,3.656866549213309,3.549090749999995,-25.0,25.673440460724862,-0.024999999999999977,-0.019999674213313376
883.0,0.22251624999999636,3.6570330532602964,3.5492711249999953,-25.0,25.67638713074939,-0.024999999999999977,-0.019999678260300593
884.0,0.22265499999999636,3.6571995572570106,3.549451499999995,-25.0,25.67933152551143,-0.024999999999999977,-0.019999682257015327
885.0,0.22279374999999635,3.6573660612040775,3.5496318749999953,-25.0,25.682273646432975,-0.024999999999999977,-0.019999686204082073
886.0,0.22293249999999634,3.657532565102113,3.549812249999995,-25.0,25.685213494935226,-0.024999999999999977,-0.01999969010211757
887.0,0.22307124999999633,3.6576990689517266,3.5499926249999953,-25.0,25.688151072438416,-0.024999999999999977,-0.01999969395173089
888.0,0.22320999999999633,3.657865572753519,3.550172999999995,-25.0,25.691086380361867,-0.024999999999999977,-0.019999697753523546
889.0,0.22334874999999632,3.6580320765080856,3.5503533749999954,-25.0,25.694019420124164,-0.024999999999999977,-0.019999701508089576
890.0,0.22348749999999631,3.6581985802160113,3.550533749999995,-25.0,25.69695019314281,-0.024999999999999977,-0.019999705216015636
891.0,0.2236262499999963,3.658365083877877,3.5507141249999954,-25.0,25.699878700834574,-0.024999999999999977,-0.0199997088778811
892.0,0.2237649999999963,3.6585315874942537,3.550894499999995,-25.0,25.70280494461531,-0.024999999999999977,-0.01999971249425814
893.0,0.2239037499999963,3.658698091065707,3.551074874999995,-25.0,25.705728925899905,-0.024999999999999977,-0.019999716065711826
894.0,0.2240424999999963,3.658864594592796,3.551255249999995,-25.0,25.708650646102456,-0.024999999999999977,-0.0199997195928002
895.0,0.22418124999999628,3.6590310980760696,3.551435624999995,-25.0,25.711570106636145,-0.024999999999999977,-0.01999972307607438
896.0,0.22431999999999627,3.659197601516074,3.551615999999995,-25.0,25.71448730891325,-0.024999999999999977,-0.01999972651607863
897.0,0.22445874999999627,3.6593641049133456,3.551796374999995,-25.0,25.71740225434519,-0.024999999999999977,-0.019999729913350462
898.0,0.22459749999999626,3.6595306082684163,3.5519767499999952,-25.0,25.720314944342476,-0.024999999999999977,-0.019999733268420705
899.0,0.22473624999999625,3.659697111581809,3.552157124999995,-25.0,25.723225380314773,-0.024999999999999977,-0.019999736581813598
900.0,0.22487499999999624,3.6598636148540424,3.5523374999999953,-25.0,25.726133563670828,-0.024999999999999977,-0.019999739854046863
901.0,0.22501374999999624,3.6600301180856274,3.552517874999995,-25.0,25.72903949581854,-0.024999999999999977,-0.019999743085631794
902.0,0.22515249999999623,3.660196621277069,3.5526982499999953,-25.0,25.731943178164897,-0.024999999999999977,-0.019999746277073332
903.0,0.22529124999999622,3.6603631244288652,3.552878624999995,-25.0,25.734844612116035,-0.024999999999999977,-0.019999749428870145
904.0,0.22542999999999622,3.66052962754151,3.553058999999995,-25.0,25.737743799077236,-0.024999999999999977,-0.01999975254151471
905.0,0.2255687499999962,3.6606961306154884,3.553239374999995,-25.0,25.740640740452818,-0.024999999999999977,-0.019999755615493383
906.0,0.2257074999999962,3.660862633651282,3.553419749999995,-25.0,25.7435354376463,-0.024999999999999977,-0.01999975865128648
907.0,0.2258462499999962,3.661029136649364,3.553600124999995,-25.0,25.746427892060296,-0.024999999999999977,-0.01999976164936835
908.0,0.2259849999999962,3.661195639610203,3.553780499999995,-25.0,25.749318105096506,-0.024999999999999977,-0.019999764610207447
909.0,0.22612374999999618,3.6613621425342617,3.553960874999995,-25.0,25.752206078155837,-0.024999999999999977,-0.01999976753426641
910.0,0.22626249999999618,3.6615286454219973,3.554141249999995,-25.0,25.755091812638227,-0.024999999999999977,-0.01999977042200213
911.0,0.22640124999999617,3.661695148273861,3.554321624999995,-25.0,25.75797530994282,-0.024999999999999977,-0.01999977327386582
912.0,0.22653999999999616,3.661861651090298,3.554501999999995,-25.0,25.760856571467855,-0.024999999999999977,-0.019999776090303092
913.0,0.22667874999999615,3.6620281538717494,3.554682374999995,-25.0,25.763735598610708,-0.024999999999999977,-0.01999977887175402
914.0,0.22681749999999615,3.6621946566186483,3.554862749999995,-25.0,25.766612392767854,-0.024999999999999977,-0.019999781618653206
915.0,0.22695624999999614,3.662361159331425,3.5550431249999948,-25.0,25.769486955334855,-0.024999999999999977,-0.019999784331429862
916.0,0.22709499999999613,3.662527662010503,3.555223499999995,-25.0,25.772359287706536,-0.024999999999999977,-0.019999787010507867
917.0,0.22723374999999613,3.662694164656301,3.5554038749999948,-25.0,25.775229391276696,-0.024999999999999977,-0.01999978965630583
918.0,0.22737249999999612,3.6628606672692325,3.555584249999995,-25.0,25.778097267438397,-0.024999999999999977,-0.019999792269237163
919.0,0.2275112499999961,3.663027169849705,3.555764624999995,-25.0,25.780962917583736,-0.024999999999999977,-0.01999979484971014
920.0,0.2276499999999961,3.663193672398123,3.555944999999995,-25.0,25.78382634310401,-0.024999999999999977,-0.019999797398127968
921.0,0.2277887499999961,3.663360174914884,3.556125374999995,-25.0,25.786687545389555,-0.024999999999999977,-0.01999979991488884
922.0,0.2279274999999961,3.663526677400381,3.556305749999995,-25.0,25.789546525829962,-0.024999999999999977,-0.01999980240038601
923.0,0.22806624999999608,3.663693179855003,3.556486124999995,-25.0,25.792403285813805,-0.024999999999999977,-0.019999804855007835
924.0,0.22820499999999608,3.663859682279133,3.556666499999995,-25.0,25.795257826728914,-0.024999999999999977,-0.01999980727913786
925.0,0.22834374999999607,3.6640261846731503,3.556846874999995,-25.0,25.798110149962213,-0.024999999999999977,-0.01999980967315486
926.0,0.22848249999999606,3.6641926870374277,3.5570272499999946,-25.0,25.800960256899714,-0.024999999999999977,-0.0199998120374329
927.0,0.22862124999999606,3.6643591893723366,3.557207624999995,-25.0,25.803808148926635,-0.024999999999999977,-0.019999814372341405
928.0,0.22875999999999605,3.6645256916782403,3.5573879999999947,-25.0,25.806653827427283,-0.024999999999999977,-0.019999816678245214
929.0,0.22889874999999604,3.6646921939554997,3.557568374999995,-25.0,25.809497293785114,-0.024999999999999977,-0.019999818955504626
930.0,0.22903749999999604,3.6648586962044702,3.5577487499999947,-25.0,25.81233854938273,-0.024999999999999977,-0.019999821204475465
931.0,0.22917624999999603,3.665025198425504,3.557929124999995,-25.0,25.81517759560188,-0.024999999999999977,-0.01999982342550914
932.0,0.22931499999999602,3.665191700618948,3.5581094999999947,-25.0,25.818014433823407,-0.024999999999999977,-0.019999825618952694
933.0,0.22945374999999602,3.665358202785144,3.558289874999995,-25.0,25.82084906542724,-0.024999999999999977,-0.019999827785148853
934.0,0.229592499999996,3.6655247049244313,3.5584702499999947,-25.0,25.82368149179257,-0.024999999999999977,-0.01999982992443609
935.0,0.229731249999996,3.665691207037144,3.558650624999995,-25.0,25.82651171429768,-0.024999999999999977,-0.019999832037148675
936.0,0.229869999999996,3.6658577091236118,3.5588309999999947,-25.0,25.82933973432,-0.024999999999999977,-0.019999834123616722
937.0,0.230008749999996,3.666024211184161,3.5590113749999945,-25.0,25.832165553236052,-0.024999999999999977,-0.019999836184166248
938.0,0.23014749999999598,3.6661907132191143,3.5591917499999948,-25.0,25.834989172421558,-0.024999999999999977,-0.019999838219119218
939.0,0.23028624999999597,3.666357215228788,3.5593721249999946,-25.0,25.837810593251277,-0.024999999999999977,-0.019999840228793597
940.0,0.23042499999999597,3.6665237172134986,3.559552499999995,-25.0,25.840629817099227,-0.024999999999999977,-0.019999842213503396
941.0,0.23056374999999596,3.666690219173554,3.5597328749999946,-25.0,25.84344684533852,-0.024999999999999977,-0.019999844173558736
942.0,0.23070249999999595,3.6668567211092613,3.559913249999995,-25.0,25.84626167934141,-0.024999999999999977,-0.019999846109265876
943.0,0.23084124999999595,3.667023223020922,3.5600936249999946,-25.0,25.849074320479303,-0.024999999999999977,-0.019999848020927278
944.0,0.23097999999999594,3.667189724908837,3.560273999999995,-25.0,25.85188477012275,-0.024999999999999977,-0.01999984990884164
945.0,0.23111874999999593,3.6673562267732986,3.5604543749999946,-25.0,25.854693029641453,-0.024999999999999977,-0.019999851773303955
946.0,0.23125749999999592,3.6675227286146006,3.560634749999995,-25.0,25.857499100404198,-0.024999999999999977,-0.019999853614605545
947.0,0.23139624999999592,3.667689230433029,3.5608151249999946,-25.0,25.860302983778922,-0.024999999999999977,-0.01999985543303412
948.0,0.2315349999999959,3.6678557322288694,3.560995499999995,-25.0,25.863104681132825,-0.024999999999999977,-0.01999985722887381
949.0,0.2316737499999959,3.6680222340024002,3.5611758749999947,-25.0,25.865904193832137,-0.024999999999999977,-0.019999859002405224
950.0,0.2318124999999959,3.6681887357539003,3.5613562499999944,-25.0,25.868701523242237,-0.024999999999999977,-0.019999860753905474
951.0,0.2319512499999959,3.6683552374836434,3.5615366249999947,-25.0,25.87149667072771,-0.024999999999999977,-0.01999986248364824
952.0,0.23208999999999588,3.6685217391918985,3.5617169999999945,-25.0,25.874289637652225,-0.024999999999999977,-0.019999864191903798
953.0,0.23222874999999588,3.668688240878934,3.5618973749999947,-25.0,25.877080425378665,-0.024999999999999977,-0.019999865878939063
954.0,0.23236749999999587,3.668854742545012,3.5620777499999945,-25.0,25.879869035269053,-0.024999999999999977,-0.01999986754501764
955.0,0.23250624999999586,3.669021244190395,3.5622581249999947,-25.0,25.882655468684504,-0.024999999999999977,-0.019999869190399856
956.0,0.23264499999999586,3.6691877458153375,3.5624384999999945,-25.0,25.88543972698534,-0.024999999999999977,-0.019999870815342807
957.0,0.23278374999999585,3.6693542474200957,3.5626188749999947,-25.0,25.88822181153097,-0.024999999999999977,-0.01999987242010039
958.0,0.23292249999999584,3.6695207490049184,3.5627992499999945,-25.0,25.891001723680006,-0.024999999999999977,-0.019999874004923354
959.0,0.23306124999999583,3.6696872505700546,3.5629796249999948,-25.0,25.893779464790214,-0.024999999999999977,-0.019999875570059333
960.0,0.23319999999999583,3.6698537521157477,3.5631599999999946,-25.0,25.896555036218444,-0.024999999999999977,-0.01999987711575288
961.0,0.23333874999999582,3.67002025364224,3.5633403749999943,-25.0,25.89932843932081,-0.024999999999999977,-0.019999878642245512
962.0,0.2334774999999958,3.6701867551497704,3.5635207499999946,-25.0,25.90209967545246,-0.024999999999999977,-0.01999988014977575
963.0,0.2336162499999958,3.670353256638574,3.5637011249999944,-25.0,25.904868745967804,-0.024999999999999977,-0.019999881638579145
964.0,0.2337549999999958,3.670519758108883,3.5638814999999946,-25.0,25.907635652220335,-0.024999999999999977,-0.01999988310888833
965.0,0.2338937499999958,3.6706862595609278,3.5640618749999944,-25.0,25.910400395562704,-0.024999999999999977,-0.01999988456093304
966.0,0.23403249999999579,3.670852760994935,3.5642422499999946,-25.0,25.9131629773467,-0.024999999999999977,-0.01999988599494016
967.0,0.23417124999999578,3.6710192624111286,3.5644226249999944,-25.0,25.915923398923383,-0.024999999999999977,-0.019999887411133756
968.0,0.23430999999999577,3.67118576380973,3.5646029999999946,-25.0,25.91868166164278,-0.024999999999999977,-0.019999888809735113
969.0,0.23444874999999576,3.6713522651909574,3.5647833749999944,-25.0,25.92143776685424,-0.024999999999999977,-0.019999890190962766
970.0,0.23458749999999576,3.6715187665550273,3.5649637499999947,-25.0,25.924191715906204,-0.024999999999999977,-0.019999891555032533
971.0,0.23472624999999575,3.671685267902152,3.5651441249999944,-25.0,25.92694351014626,-0.024999999999999977,-0.019999892902157552
972.0,0.23486499999999574,3.6718517692325428,3.5653244999999942,-25.0,25.929693150921196,-0.024999999999999977,-0.019999894232548318
973.0,0.23500374999999574,3.6720182705464075,3.5655048749999945,-25.0,25.932440639576896,-0.024999999999999977,-0.019999895546412703
974.0,0.23514249999999573,3.6721847718439506,3.5656852499999943,-25.0,25.93518597745839,-0.024999999999999977,-0.019999896843956002
975.0,0.23528124999999572,3.672351273125376,3.5658656249999945,-25.0,25.937929165909964,-0.024999999999999977,-0.01999989812538096
976.0,0.23541999999999572,3.6725177743908826,3.5660459999999943,-25.0,25.940670206275,-0.024999999999999977,-0.019999899390887803
977.0,0.2355587499999957,3.6726842756406692,3.5662263749999945,-25.0,25.943409099896087,-0.024999999999999977,-0.019999900640674265
978.0,0.2356974999999957,3.67285077687493,3.5664067499999943,-25.0,25.946145848114895,-0.024999999999999977,-0.01999990187493563
979.0,0.2358362499999957,3.6730172780938597,3.5665871249999945,-25.0,25.948880452272306,-0.024999999999999977,-0.019999903093864756
980.0,0.2359749999999957,3.6731837792976467,3.5667674999999943,-25.0,25.951612913708402,-0.024999999999999977,-0.0199999042976521
981.0,0.23611374999999568,3.6733502804864804,3.5669478749999945,-25.0,25.95434323376236,-0.024999999999999977,-0.019999905486485756
982.0,0.23625249999999567,3.6735167816605463,3.5671282499999943,-25.0,25.957071413772496,-0.024999999999999977,-0.019999906660551486
983.0,0.23639124999999567,3.6736832828200274,3.567308624999994,-25.0,25.959797455076398,-0.024999999999999977,-0.019999907820032737
984.0,0.23652999999999566,3.6738497839651054,3.5674889999999944,-25.0,25.962521359010736,-0.024999999999999977,-0.01999990896511068
985.0,0.23666874999999565,3.674016285095959,3.567669374999994,-25.0,25.965243126911332,-0.024999999999999977,-0.019999910095964236
986.0,0.23680749999999565,3.6741827862127647,3.5678497499999944,-25.0,25.967962760113267,-0.024999999999999977,-0.019999911212770102
987.0,0.23694624999999564,3.6743492873156973,3.568030124999994,-25.0,25.97068025995071,-0.024999999999999977,-0.019999912315702785
988.0,0.23708499999999563,3.6745157884049293,3.5682104999999944,-25.0,25.973395627756986,-0.024999999999999977,-0.019999913404934618
989.0,0.23722374999999563,3.6746822894806304,3.568390874999994,-25.0,25.976108864864614,-0.024999999999999977,-0.019999914480635796
990.0,0.23736249999999562,3.674848790542969,3.5685712499999944,-25.0,25.978819972605322,-0.024999999999999977,-0.019999915542974398
991.0,0.2375012499999956,3.675015291592111,3.568751624999994,-25.0,25.98152895230993,-0.024999999999999977,-0.019999916592116418
992.0,0.2376399999999956,3.6751817926282206,3.5689319999999944,-25.0,25.984235805308458,-0.024999999999999977,-0.019999917628225786
993.0,0.2377787499999956,3.675348293651459,3.5691123749999942,-25.0,25.986940532930134,-0.024999999999999977,-0.019999918651464398
994.0,0.2379174999999956,3.675514794661987,3.5692927499999945,-25.0,25.989643136503275,-0.024999999999999977,-0.019999919661992136
995.0,0.23805624999999558,3.6756812956599614,3.5694731249999943,-25.0,25.99234361735546,-0.024999999999999977,-0.019999920659966898
996.0,0.23819499999999558,3.675847796645539,3.569653499999994,-25.0,25.995041976813354,-0.024999999999999977,-0.019999921645544618
997.0,0.23833374999999557,3.676014297618874,3.5698338749999943,-25.0,25.997738216202833,-0.024999999999999977,-0.019999922618879295
998.0,0.23847249999999556,3.676180798580117,3.570014249999994,-25.0,26.000432336848974,-0.024999999999999977,-0.019999923580123015
999.0,0.23861124999999556,3.6763472995294206,3.5701946249999943,-25.0,26.003124340075942,-0.024999999999999977,-0.019999924529425974
1000.0,0.23874999999999555,3.676513800466931,3.570374999999994,-25.0,26.005814227207168,-0.024999999999999977,-0.0199999254669365
1001.0,0.23888874999999554,3.676680301392796,3.5705553749999943,-25.0,26.00850199956517,-0.024999999999999977,-0.019999926392801085
1002.0,0.23902749999999554,3.6768468023071588,3.570735749999994,-25.0,26.01118765847167,-0.024999999999999977,-0.019999927307164395
1003.0,0.23916624999999553,3.677013303210164,3.5709161249999943,-25.0,26.013871205247597,-0.024999999999999977,-0.019999928210169302
1004.0,0.23930499999999552,3.6771798041019514,3.571096499999994,-25.0,26.01655264121308,-0.024999999999999977,-0.0199999291019569
1005.0,0.23944374999999551,3.6773463049826614,3.5712768749999944,-25.0,26.019231967687347,-0.024999999999999977,-0.019999929982666535
1006.0,0.2395824999999955,3.6775128058524302,3.571457249999994,-25.0,26.021909185988818,-0.024999999999999977,-0.01999993085243582
1007.0,0.2397212499999955,3.6776793067113953,3.571637624999994,-25.0,26.02458429743507,-0.024999999999999977,-0.019999931711400656
1008.0,0.2398599999999955,3.67784580755969,3.571817999999994,-25.0,26.027257303342935,-0.024999999999999977,-0.01999993255969526
1009.0,0.2399987499999955,3.6780123083974465,3.571998374999994,-25.0,26.02992820502834,-0.024999999999999977,-0.01999993339745218
1010.0,0.24013749999999548,3.678178809224797,3.572178749999994,-25.0,26.032597003806472,-0.024999999999999977,-0.019999934224802316
1011.0,0.24027624999999547,3.6783453100418693,3.572359124999994,-25.0,26.035263700991607,-0.024999999999999977,-0.019999935041874944
1012.0,0.24041499999999547,3.6785118108487924,3.572539499999994,-25.0,26.037928297897224,-0.024999999999999977,-0.019999935848797733
1013.0,0.24055374999999546,3.678678311645691,3.572719874999994,-25.0,26.04059079583601,-0.024999999999999977,-0.019999936645696766
1014.0,0.24069249999999545,3.678844812432691,3.5729002499999942,-25.0,26.043251196119854,-0.024999999999999977,-0.01999993743269656
1015.0,0.24083124999999544,3.6790113132099145,3.573080624999994,-25.0,26.045909500059793,-0.024999999999999977,-0.019999938209920087
1016.0,0.24096999999999544,3.679177813977484,3.5732609999999942,-25.0,26.04856570896601,-0.024999999999999977,-0.019999938977488786
1017.0,0.24110874999999543,3.679344314735517,3.573441374999994,-25.0,26.051219824147893,-0.024999999999999977,-0.019999939735522596
1018.0,0.24124749999999542,3.679510815484134,3.573621749999994,-25.0,26.053871846914035,-0.024999999999999977,-0.019999940484139955
1019.0,0.24138624999999542,3.679677316223452,3.573802124999994,-25.0,26.056521778572233,-0.024999999999999977,-0.019999941223457843
1020.0,0.2415249999999954,3.679843816953586,3.573982499999994,-25.0,26.059169620429373,-0.024999999999999977,-0.019999941953591775
1021.0,0.2416637499999954,3.6800103176746504,3.574162874999994,-25.0,26.061815373791603,-0.024999999999999977,-0.019999942674655838
1022.0,0.2418024999999954,3.680176818386757,3.574343249999994,-25.0,26.06445903996422,-0.024999999999999977,-0.019999943386762697
1023.0,0.2419412499999954,3.680343319090018,3.574523624999994,-25.0,26.067100620251722,-0.024999999999999977,-0.019999944090023626
1024.0,0.24207999999999538,3.680509819784543,3.574703999999994,-25.0,26.069740115957813,-0.024999999999999977,-0.019999944784548505
1025.0,0.24221874999999538,3.6806763204704405,3.574884374999994,-25.0,26.072377528385346,-0.024999999999999977,-0.019999945470445857
1026.0,0.24235749999999537,3.6808428211478175,3.575064749999994,-25.0,26.075012858836374,-0.024999999999999977,-0.019999946147822856
1027.0,0.24249624999999536,3.68100932181678,3.575245124999994,-25.0,26.0776461086121,-0.024999999999999977,-0.019999946816785342
1028.0,0.24263499999999535,3.681175822477432,3.575425499999994,-25.0,26.08027727901299,-0.024999999999999977,-0.019999947477437843
1029.0,0.24277374999999535,3.6813423231298774,3.5756058749999937,-25.0,26.082906371338595,-0.024999999999999977,-0.019999948129883587
1030.0,0.24291249999999534,3.6815088237742186,3.575786249999994,-25.0,26.085533386887732,-0.024999999999999977,-0.01999994877422452
1031.0,0.24305124999999533,3.681675324410555,3.5759666249999937,-25.0,26.08815832695842,-0.024999999999999977,-0.019999949410561324
1032.0,0.24318999999999533,3.6818418250389877,3.576146999999994,-25.0,26.090781192847828,-0.024999999999999977,-0.019999950038993422
1033.0,0.24332874999999532,3.6820083256596132,3.5763273749999938,-25.0,26.093401985852324,-0.024999999999999977,-0.01999995065961901
1034.0,0.2434674999999953,3.6821748262725293,3.576507749999994,-25.0,26.096020707267428,-0.024999999999999977,-0.019999951272535066
1035.0,0.2436062499999953,3.6823413268778316,3.576688124999994,-25.0,26.09863735838786,-0.024999999999999977,-0.019999951877837357
1036.0,0.2437449999999953,3.682507827475615,3.576868499999994,-25.0,26.10125194050761,-0.024999999999999977,-0.01999995247562046
1037.0,0.2438837499999953,3.6826743280659717,3.577048874999994,-25.0,26.1038644549198,-0.024999999999999977,-0.019999953065977783
1038.0,0.24402249999999528,3.6828408286489958,3.577229249999994,-25.0,26.106474902916716,-0.024999999999999977,-0.01999995364900157
1039.0,0.24416124999999528,3.683007329224777,3.577409624999994,-25.0,26.109083285789893,-0.024999999999999977,-0.01999995422478292
1040.0,0.24429999999999527,3.6831738297934056,3.5775899999999936,-25.0,26.11168960483002,-0.024999999999999977,-0.019999954793411795
1041.0,0.24443874999999526,3.6833403303549717,3.577770374999994,-25.0,26.114293861326985,-0.024999999999999977,-0.01999995535497705
1042.0,0.24457749999999526,3.6835068309095607,3.5779507499999936,-25.0,26.116896056569885,-0.024999999999999977,-0.019999955909566432
1043.0,0.24471624999999525,3.683673331457261,3.578131124999994,-25.0,26.11949619184702,-0.024999999999999977,-0.019999956457266595
1044.0,0.24485499999999524,3.6838398319981573,3.5783114999999937,-25.0,26.122094268445892,-0.024999999999999977,-0.019999956998163117
1045.0,0.24499374999999524,3.6840063325323347,3.578491874999994,-25.0,26.124690287653095,-0.024999999999999977,-0.019999957532340514
1046.0,0.24513249999999523,3.6841728330598764,3.5786722499999937,-25.0,26.127284250754542,-0.024999999999999977,-0.019999958059882254
1047.0,0.24527124999999522,3.6843393335808647,3.578852624999994,-25.0,26.129876159035348,-0.024999999999999977,-0.019999958580870763
1048.0,0.24540999999999522,3.6845058340953813,3.5790329999999937,-25.0,26.13246601377972,-0.024999999999999977,-0.01999995909538745
1049.0,0.2455487499999952,3.684672334603507,3.579213374999994,-25.0,26.135053816271125,-0.024999999999999977,-0.019999959603512706
1050.0,0.2456874999999952,3.68483883510532,3.5793937499999937,-25.0,26.137639567792178,-0.024999999999999977,-0.01999996010532593
1051.0,0.2458262499999952,3.6850053356008994,3.5795741249999935,-25.0,26.140223269624812,-0.024999999999999977,-0.019999960600905527
1052.0,0.2459649999999952,3.685171836090323,3.5797544999999937,-25.0,26.14280492305005,-0.024999999999999977,-0.01999996109032894
1053.0,0.24610374999999518,3.6853383365736665,3.5799348749999935,-25.0,26.14538452934812,-0.024999999999999977,-0.019999961573672634
1054.0,0.24624249999999517,3.685504837051006,3.5801152499999938,-25.0,26.14796208979851,-0.024999999999999977,-0.01999996205101214
1055.0,0.24638124999999517,3.685671337522416,3.5802956249999935,-25.0,26.150537605679915,-0.024999999999999977,-0.019999962522422036
1056.0,0.24651999999999516,3.68583783798797,3.5804759999999938,-25.0,26.153111078270115,-0.024999999999999977,-0.019999962987975985
1057.0,0.24665874999999515,3.6860043384477406,3.5806563749999936,-25.0,26.155682508846212,-0.024999999999999977,-0.01999996344774673
1058.0,0.24679749999999515,3.6861708389018006,3.580836749999994,-25.0,26.158251898684455,-0.024999999999999977,-0.01999996390180611
1059.0,0.24693624999999514,3.686337339350219,3.5810171249999936,-25.0,26.160819249060296,-0.024999999999999977,-0.019999964350225077
1060.0,0.24707499999999513,3.686503839793068,3.581197499999994,-25.0,26.163384561248392,-0.024999999999999977,-0.019999964793073692
1061.0,0.24721374999999512,3.6866703402304153,3.5813778749999936,-25.0,26.165947836522605,-0.024999999999999977,-0.019999965230421152
1062.0,0.24735249999999512,3.6868368406623295,3.5815582499999934,-25.0,26.168509076156056,-0.024999999999999977,-0.019999965662335795
1063.0,0.2474912499999951,3.687003341088879,3.5817386249999936,-25.0,26.171068281420958,-0.024999999999999977,-0.01999996608888511
1064.0,0.2476299999999951,3.6871698415101295,3.5819189999999934,-25.0,26.17362545358884,-0.024999999999999977,-0.019999966510135744
1065.0,0.2477687499999951,3.6873363419261476,3.5820993749999936,-25.0,26.176180593930326,-0.024999999999999977,-0.01999996692615352
1066.0,0.2479074999999951,3.687502842336997,3.5822797499999934,-25.0,26.178733703715352,-0.024999999999999977,-0.01999996733700344
1067.0,0.24804624999999508,3.687669342742744,3.5824601249999937,-25.0,26.181284784213005,-0.024999999999999977,-0.0199999677427497
1068.0,0.24818499999999508,3.6878358431434495,3.5826404999999935,-25.0,26.183833836691633,-0.024999999999999977,-0.0199999681434557
1069.0,0.24832374999999507,3.688002343539178,3.5828208749999937,-25.0,26.186380862418673,-0.024999999999999977,-0.019999968539184048
1070.0,0.24846249999999506,3.6881688439299904,3.5830012499999935,-25.0,26.188925862660938,-0.024999999999999977,-0.01999996892999658
1071.0,0.24860124999999506,3.6883353443159486,3.5831816249999937,-25.0,26.191468838684273,-0.024999999999999977,-0.01999996931595436
1072.0,0.24873999999999505,3.6885018446971114,3.5833619999999935,-25.0,26.194009791753842,-0.024999999999999977,-0.019999969697117696
1073.0,0.24887874999999504,3.6886683450735402,3.5835423749999937,-25.0,26.196548723134015,-0.024999999999999977,-0.019999970073546144
1074.0,0.24901749999999503,3.6888348454452924,3.5837227499999935,-25.0,26.199085634088306,-0.024999999999999977,-0.019999970445298523
1075.0,0.24915624999999503,3.689001345812427,3.5839031249999933,-25.0,26.20162052587949,-0.024999999999999977,-0.01999997081243292
1076.0,0.24929499999999502,3.6891678461750006,3.5840834999999935,-25.0,26.204153399769552,-0.024999999999999977,-0.0199999711750067
1077.0,0.249433749999995,3.6893343465330704,3.5842638749999933,-25.0,26.206684257019674,-0.024999999999999977,-0.019999971533076515
1078.0,0.249572499999995,3.689500846886692,3.5844442499999936,-25.0,26.209213098890302,-0.024999999999999977,-0.019999971886698317
1079.0,0.249711249999995,3.689667347235921,3.5846246249999933,-25.0,26.211739926640973,-0.024999999999999977,-0.01999997223592736
1080.0,0.249849999999995,3.6898338475808123,3.5848049999999936,-25.0,26.2142647415306,-0.024999999999999977,-0.019999972580818207
1081.0,0.24998874999999499,3.6900003479214183,3.5849853749999934,-25.0,26.216787544817123,-0.024999999999999977,-0.019999972921424754
1082.0,0.250127499999995,3.690166848257794,3.5851657499999936,-25.0,26.219308337757866,-0.024999999999999977,-0.019999973257800216
1083.0,0.250266249999995,3.690333348589991,3.5853461249999934,-25.0,26.221827121609294,-0.024999999999999977,-0.019999973589997156
1084.0,0.25040499999999505,3.6904998489180616,3.5855264999999936,-25.0,26.224343897627023,-0.024999999999999977,-0.01999997391806748
1085.0,0.25054374999999507,3.6906663492420564,3.5857068749999934,-25.0,26.226858667065983,-0.024999999999999977,-0.01999997424206245
1086.0,0.2506824999999951,3.690832849562027,3.5858872499999936,-25.0,26.22937143118031,-0.024999999999999977,-0.019999974562032688
1087.0,0.2508212499999951,3.6909993498780223,3.5860676249999934,-25.0,26.23188219122335,-0.024999999999999977,-0.019999974878028192
1088.0,0.25095999999999513,3.6911658501900924,3.5862479999999937,-25.0,26.234390948447583,-0.024999999999999977,-0.019999975190098336
1089.0,0.25109874999999515,3.6913323504982856,3.5864283749999935,-25.0,26.23689770410482,-0.024999999999999977,-0.019999975498291883
1090.0,0.2512374999999952,3.6914988508026507,3.5866087499999937,-25.0,26.239402459446012,-0.024999999999999977,-0.01999997580265699
1091.0,0.2513762499999952,3.6916653511032353,3.586789124999994,-25.0,26.241905215721374,-0.024999999999999977,-0.01999997610324121
1092.0,0.2515149999999952,3.6918318514000856,3.5869694999999937,-25.0,26.244405974180324,-0.024999999999999977,-0.019999976400091515
1093.0,0.25165374999999524,3.6919983516932486,3.587149874999994,-25.0,26.246904736071485,-0.024999999999999977,-0.019999976693254286
1094.0,0.25179249999999526,3.6921648519827697,3.5873302499999937,-25.0,26.249401502642684,-0.024999999999999977,-0.019999976982775333
1095.0,0.2519312499999953,3.6923313522686945,3.587510624999994,-25.0,26.251896275141007,-0.024999999999999977,-0.019999977268699887
1096.0,0.2520699999999953,3.6924978525510666,3.5876909999999937,-25.0,26.254389054812805,-0.024999999999999977,-0.01999997755107263
1097.0,0.2522087499999953,3.692664352829932,3.587871374999994,-25.0,26.256879842903572,-0.024999999999999977,-0.019999977829937683
1098.0,0.25234749999999534,3.692830853105333,3.5880517499999938,-25.0,26.25936864065801,-0.024999999999999977,-0.01999997810533862
1099.0,0.25248624999999536,3.692997353377313,3.588232124999994,-25.0,26.26185544932008,-0.024999999999999977,-0.019999978377318473
1100.0,0.2526249999999954,3.6931638536459137,3.588412499999994,-25.0,26.264340270133005,-0.024999999999999977,-0.019999978645919736
1101.0,0.2527637499999954,3.693330353911179,3.588592874999994,-25.0,26.266823104339153,-0.024999999999999977,-0.01999997891118438
1102.0,0.2529024999999954,3.6934968541731483,3.588773249999994,-25.0,26.269303953180213,-0.024999999999999977,-0.019999979173153853
1103.0,0.25304124999999544,3.6936633544318638,3.588953624999994,-25.0,26.271782817896963,-0.024999999999999977,-0.01999997943186909
1104.0,0.25317999999999546,3.6938298546873654,3.5891339999999943,-25.0,26.274259699729555,-0.024999999999999977,-0.019999979687370516
1105.0,0.2533187499999955,3.6939963549396926,3.589314374999994,-25.0,26.276734599917233,-0.024999999999999977,-0.01999997993969805
1106.0,0.2534574999999955,3.694162855188886,3.5894947499999943,-25.0,26.27920751969856,-0.024999999999999977,-0.019999980188891122
1107.0,0.2535962499999955,3.694329355434983,3.589675124999994,-25.0,26.28167846031124,-0.024999999999999977,-0.019999980434988667
1108.0,0.25373499999999555,3.694495855678024,3.5898554999999943,-25.0,26.284147422992305,-0.024999999999999977,-0.01999998067802914
1109.0,0.25387374999999557,3.694662355918045,3.590035874999994,-25.0,26.286614408977925,-0.024999999999999977,-0.019999980918050518
1110.0,0.2540124999999956,3.6948288561550853,3.5902162499999943,-25.0,26.289079419503537,-0.024999999999999977,-0.0199999811550903
1111.0,0.2541512499999956,3.69499535638918,3.590396624999994,-25.0,26.291542455803835,-0.024999999999999977,-0.019999981389185528
1112.0,0.25428999999999563,3.6951618566203677,3.5905769999999944,-25.0,26.29400351911272,-0.024999999999999977,-0.019999981620372777
1113.0,0.25442874999999565,3.6953283568486825,3.590757374999994,-25.0,26.296462610663298,-0.024999999999999977,-0.019999981848688172
1114.0,0.25456749999999567,3.695494857074162,3.5909377499999944,-25.0,26.298919731687874,-0.024999999999999977,-0.019999982074167387
1115.0,0.2547062499999957,3.69566135729684,3.591118124999994,-25.0,26.301374883418077,-0.024999999999999977,-0.019999982296845655
1116.0,0.2548449999999957,3.6958278575167522,3.5912984999999944,-25.0,26.30382806708468,-0.024999999999999977,-0.019999982516757768
1117.0,0.25498374999999573,3.695994357733933,3.5914788749999946,-25.0,26.306279283917775,-0.024999999999999977,-0.01999998273393809
1118.0,0.25512249999999576,3.6961608579484153,3.5916592499999944,-25.0,26.3087285351466,-0.024999999999999977,-0.019999982948420557
1119.0,0.2552612499999958,3.696327358160234,3.5918396249999947,-25.0,26.311175821999655,-0.024999999999999977,-0.01999998316023868
1120.0,0.2553999999999958,3.6964938583694207,3.5920199999999944,-25.0,26.313621145704644,-0.024999999999999977,-0.01999998336942555
1121.0,0.2555387499999958,3.696660358576009,3.5922003749999947,-25.0,26.31606450748859,-0.024999999999999977,-0.019999983576013864
1122.0,0.25567749999999584,3.696826858780031,3.5923807499999945,-25.0,26.318505908577663,-0.024999999999999977,-0.019999983780035896
1123.0,0.25581624999999586,3.6969933589815187,3.5925611249999947,-25.0,26.32094535019729,-0.024999999999999977,-0.019999983981523525
1124.0,0.2559549999999959,3.697159859180503,3.5927414999999945,-25.0,26.32338283357217,-0.024999999999999977,-0.019999984180508235
1125.0,0.2560937499999959,3.697326359377016,3.5929218749999947,-25.0,26.32581835992619,-0.024999999999999977,-0.019999984377021118
1126.0,0.2562324999999959,3.6974928595710876,3.5931022499999945,-25.0,26.32825193048251,-0.024999999999999977,-0.019999984571092876
1127.0,0.25637124999999594,3.6976593597627487,3.5932826249999947,-25.0,26.330683546463433,-0.024999999999999977,-0.019999984762753838
1128.0,0.25650999999999596,3.697825859952029,3.5934629999999945,-25.0,26.33311320909064,-0.024999999999999977,-0.01999998495203395
1129.0,0.256648749999996,3.697992360138958,3.5936433749999948,-25.0,26.335540919584957,-0.024999999999999977,-0.019999985138962787
1130.0,0.256787499999996,3.698158860323565,3.593823749999995,-25.0,26.33796667916647,-0.024999999999999977,-0.019999985323569554
1131.0,0.256926249999996,3.698325360505878,3.5940041249999948,-25.0,26.34039048905447,-0.024999999999999977,-0.0199999855058831
1132.0,0.25706499999999605,3.698491860685927,3.594184499999995,-25.0,26.342812350467568,-0.024999999999999977,-0.019999985685931913
1133.0,0.25720374999999607,3.6986583608637393,3.594364874999995,-25.0,26.34523226462352,-0.024999999999999977,-0.019999985863744123
1134.0,0.2573424999999961,3.6988248610393426,3.594545249999995,-25.0,26.347650232739397,-0.024999999999999977,-0.019999986039347512
1135.0,0.2574812499999961,3.6989913612127645,3.594725624999995,-25.0,26.350066256031425,-0.024999999999999977,-0.01999998621276952
1136.0,0.25761999999999613,3.699157861384033,3.594905999999995,-25.0,26.352480335715143,-0.024999999999999977,-0.019999986384037247
1137.0,0.25775874999999615,3.6993243615531726,3.595086374999995,-25.0,26.354892473005293,-0.024999999999999977,-0.019999986553177453
1138.0,0.25789749999999617,3.699490861720212,3.595266749999995,-25.0,26.35730266911594,-0.024999999999999977,-0.019999986720216564
1139.0,0.2580362499999962,3.699657361885176,3.595447124999995,-25.0,26.35971092526023,-0.024999999999999977,-0.019999986885180683
1140.0,0.2581749999999962,3.699823862048091,3.595627499999995,-25.0,26.362117242650697,-0.024999999999999977,-0.019999987048095583
1141.0,0.25831374999999623,3.699990362208982,3.595807874999995,-25.0,26.36452162249907,-0.024999999999999977,-0.019999987208986724
1142.0,0.25845249999999625,3.7001568623678747,3.595988249999995,-25.0,26.36692406601628,-0.024999999999999977,-0.01999998736787924
1143.0,0.2585912499999963,3.700323362524793,3.596168624999995,-25.0,26.36932457441253,-0.024999999999999977,-0.019999987524797966
1144.0,0.2587299999999963,3.700489862679763,3.596348999999995,-25.0,26.371723148897274,-0.024999999999999977,-0.019999987679767413
1145.0,0.2588687499999963,3.7006563628328077,3.5965293749999954,-25.0,26.37411979067923,-0.024999999999999977,-0.0199999878328118
1146.0,0.25900749999999634,3.7008228629839506,3.596709749999995,-25.0,26.376514500966323,-0.024999999999999977,-0.01999998798395504
1147.0,0.25914624999999636,3.7009893631332167,3.5968901249999954,-25.0,26.378907280965734,-0.024999999999999977,-0.019999988133220747
1148.0,0.2592849999999964,3.701155863280628,3.597070499999995,-25.0,26.381298131883852,-0.024999999999999977,-0.019999988280632246
1149.0,0.2594237499999964,3.7013223634262085,3.5972508749999954,-25.0,26.38368705492644,-0.024999999999999977,-0.01999998842621257
1150.0,0.2595624999999964,3.70148886356998,3.597431249999995,-25.0,26.38607405129835,-0.024999999999999977,-0.019999988569984466
1151.0,0.25970124999999644,3.701655363711966,3.5976116249999954,-25.0,26.388459122203813,-0.024999999999999977,-0.0199999887119704
1152.0,0.25983999999999646,3.701821863852188,3.597791999999995,-25.0,26.3908422688462,-0.024999999999999977,-0.019999988852192552
1153.0,0.2599787499999965,3.7019883639906683,3.5979723749999954,-25.0,26.39322349242815,-0.024999999999999977,-0.01999998899067284
1154.0,0.2601174999999965,3.702154864127428,3.5981527499999952,-25.0,26.395602794151614,-0.024999999999999977,-0.019999989127432897
1155.0,0.2602562499999965,3.70232136426249,3.5983331249999955,-25.0,26.397980175217754,-0.024999999999999977,-0.019999989262494095
1156.0,0.26039499999999655,3.702487864395873,3.5985134999999953,-25.0,26.400355636826987,-0.024999999999999977,-0.019999989395877535
1157.0,0.26053374999999657,3.7026543645276,3.5986938749999955,-25.0,26.402729180178994,-0.024999999999999977,-0.01999998952760406
1158.0,0.2606724999999966,3.7028208646576903,3.5988742499999957,-25.0,26.40510080647266,-0.024999999999999977,-0.019999989657694252
1159.0,0.2608112499999966,3.702987364786164,3.5990546249999955,-25.0,26.40747051690613,-0.024999999999999977,-0.01999998978616844
1160.0,0.26094999999999663,3.7031538649130424,3.5992349999999957,-25.0,26.40983831267681,-0.024999999999999977,-0.01999998991304669
1161.0,0.26108874999999665,3.7033203650383446,3.5994153749999955,-25.0,26.41220419498137,-0.024999999999999977,-0.019999990038348837
1162.0,0.26122749999999667,3.7034868651620902,3.5995957499999958,-25.0,26.414568165015737,-0.024999999999999977,-0.019999990162094455
1163.0,0.2613662499999967,3.703653365284299,3.5997761249999956,-25.0,26.4169302239751,-0.024999999999999977,-0.01999999028430288
1164.0,0.2615049999999967,3.703819865404989,3.599956499999996,-25.0,26.419290373053855,-0.024999999999999977,-0.019999990404993204
1165.0,0.26164374999999673,3.7039863655241803,3.6001368749999956,-25.0,26.42164861344571,-0.024999999999999977,-0.019999990524184292
1166.0,0.26178249999999675,3.7041528656418907,3.600317249999996,-25.0,26.42400494634353,-0.024999999999999977,-0.019999990641894765
1167.0,0.2619212499999968,3.704319365758139,3.6004976249999956,-25.0,26.426359372939544,-0.024999999999999977,-0.019999990758143016
1168.0,0.2620599999999968,3.704485865872943,3.600677999999996,-25.0,26.42871189442519,-0.024999999999999977,-0.019999990872947206
1169.0,0.2621987499999968,3.704652365986321,3.6008583749999956,-25.0,26.431062511991172,-0.024999999999999977,-0.019999990986325277
1170.0,0.26233749999999684,3.704818866098291,3.601038749999996,-25.0,26.433411226827445,-0.024999999999999977,-0.019999991098294943
1171.0,0.26247624999999686,3.7049853662088696,3.601219124999996,-25.0,26.435758040123176,-0.024999999999999977,-0.019999991208873698
1172.0,0.2626149999999969,3.705151866318075,3.601399499999996,-25.0,26.438102953066846,-0.024999999999999977,-0.019999991318078822
1173.0,0.2627537499999969,3.705318366425924,3.601579874999996,-25.0,26.440445966846198,-0.024999999999999977,-0.01999999142592738
1174.0,0.2628924999999969,3.7054848665324323,3.601760249999996,-25.0,26.44278708264818,-0.024999999999999977,-0.01999999153243622
1175.0,0.26303124999999694,3.7056513666376185,3.601940624999996,-25.0,26.445126301659002,-0.024999999999999977,-0.019999991637621985
1176.0,0.26316999999999696,3.7058178667414974,3.602120999999996,-25.0,26.447463625064188,-0.024999999999999977,-0.019999991741501112
1177.0,0.263308749999997,3.705984366844086,3.602301374999996,-25.0,26.449799054048526,-0.024999999999999977,-0.01999999184408983
1178.0,0.263447499999997,3.7061508669454004,3.602481749999996,-25.0,26.45213258979601,-0.024999999999999977,-0.019999991945404173
1179.0,0.263586249999997,3.706317367045456,3.602662124999996,-25.0,26.454464233489887,-0.024999999999999977,-0.01999999204545997
1180.0,0.26372499999999705,3.706483867144269,3.602842499999996,-25.0,26.456793986312732,-0.024999999999999977,-0.019999992144272852
1181.0,0.26386374999999707,3.706650367241855,3.603022874999996,-25.0,26.459121849446262,-0.024999999999999977,-0.01999999224185826
1182.0,0.2640024999999971,3.706816867338228,3.603203249999996,-25.0,26.461447824071627,-0.024999999999999977,-0.019999992338231444
1183.0,0.2641412499999971,3.706983367433404,3.603383624999996,-25.0,26.463771911369065,-0.024999999999999977,-0.01999999243340746
1184.0,0.26427999999999713,3.7071498675273973,3.603563999999996,-25.0,26.466094112518192,-0.024999999999999977,-0.019999992527401183
1185.0,0.26441874999999715,3.7073163676202237,3.6037443749999962,-25.0,26.468414428697884,-0.024999999999999977,-0.019999992620227294
1186.0,0.26455749999999717,3.7074828677118967,3.6039247499999965,-25.0,26.47073286108622,-0.024999999999999977,-0.019999992711900304
1187.0,0.2646962499999972,3.7076493678024307,3.6041051249999962,-25.0,26.47304941086054,-0.024999999999999977,-0.019999992802434533
1188.0,0.2648349999999972,3.7078158678918407,3.6042854999999965,-25.0,26.475364079197504,-0.024999999999999977,-0.019999992891844127
1189.0,0.26497374999999723,3.707982367980139,3.6044658749999963,-25.0,26.477676867273033,-0.024999999999999977,-0.019999992980143058
1190.0,0.26511249999999725,3.708148868067342,3.6046462499999965,-25.0,26.47998777626225,-0.024999999999999977,-0.01999999306734512
1191.0,0.2652512499999973,3.7083153681534604,3.6048266249999963,-25.0,26.482296807339594,-0.024999999999999977,-0.01999999315346394
1192.0,0.2653899999999973,3.70848186823851,3.6050069999999965,-25.0,26.484603961678772,-0.024999999999999977,-0.019999993238512977
1193.0,0.2655287499999973,3.708648368322502,3.6051873749999963,-25.0,26.486909240452746,-0.024999999999999977,-0.019999993322505516
1194.0,0.26566749999999734,3.7088148684054514,3.6053677499999965,-25.0,26.489212644833685,-0.024999999999999977,-0.019999993405454684
1195.0,0.26580624999999736,3.70898136848737,3.6055481249999963,-25.0,26.49151417599319,-0.024999999999999977,-0.01999999348737344
1196.0,0.2659449999999974,3.7091478685682713,3.6057284999999966,-25.0,26.493813835101946,-0.024999999999999977,-0.019999993568274588
1197.0,0.2660837499999974,3.709314368648167,3.6059088749999963,-25.0,26.496111623330023,-0.024999999999999977,-0.019999993648170764
1198.0,0.2662224999999974,3.709480868727071,3.6060892499999966,-25.0,26.49840754184669,-0.024999999999999977,-0.019999993727074453
1199.0,0.26636124999999744,3.7096473688049953,3.606269624999997,-25.0,26.50070159182053,-0.024999999999999977,-0.019999993804997986
1200.0,0.26649999999999746,3.7098138688819504,3.6064499999999966,-25.0,26.502993774419394,-0.024999999999999977,-0.019999993881953535
1201.0,0.2666387499999975,3.7099803689579502,3.606630374999997,-25.0,26.50528409081039,-0.024999999999999977,-0.019999993957953127
1202.0,0.2667774999999975,3.7101468690330055,3.6068107499999966,-25.0,26.507572542159892,-0.024999999999999977,-0.019999994033008638
1203.0,0.2669162499999975,3.7103133691071286,3.606991124999997,-25.0,26.509859129633526,-0.024999999999999977,-0.019999994107131793
1204.0,0.26705499999999754,3.710479869180331,3.6071714999999966,-25.0,26.512143854396243,-0.024999999999999977,-0.019999994180334178
1205.0,0.26719374999999757,3.710646369252624,3.607351874999997,-25.0,26.514426717612253,-0.024999999999999977,-0.01999999425262723
1206.0,0.2673324999999976,3.7108128693240188,3.6075322499999967,-25.0,26.51670772044497,-0.024999999999999977,-0.01999999432402224
1207.0,0.2674712499999976,3.710979369394527,3.607712624999997,-25.0,26.518986864057183,-0.024999999999999977,-0.019999994394530367
1208.0,0.2676099999999976,3.7111458694641595,3.6078929999999967,-25.0,26.521264149610886,-0.024999999999999977,-0.01999999446416263
1209.0,0.26774874999999765,3.7113123695329273,3.608073374999997,-25.0,26.52353957826739,-0.024999999999999977,-0.019999994532929905
1210.0,0.26788749999999767,3.71147886960084,3.6082537499999967,-25.0,26.525813151187208,-0.024999999999999977,-0.01999999460084294
1211.0,0.2680262499999977,3.7116453696679095,3.608434124999997,-25.0,26.528084869530232,-0.024999999999999977,-0.019999994667912347
1212.0,0.2681649999999977,3.711811869734146,3.608614499999997,-25.0,26.5303547344555,-0.024999999999999977,-0.019999994734148603
1213.0,0.26830374999999773,3.711978369799559,3.608794874999997,-25.0,26.53262274712148,-0.024999999999999977,-0.01999999479956206
1214.0,0.26844249999999775,3.71214486986416,3.608975249999997,-25.0,26.534888908685787,-0.024999999999999977,-0.019999994864162936
1215.0,0.2685812499999978,3.712311369927958,3.609155624999997,-25.0,26.537153220305356,-0.024999999999999977,-0.01999999492796133
1216.0,0.2687199999999978,3.712477869990965,3.609335999999997,-25.0,26.53941568313644,-0.024999999999999977,-0.019999994990967204
1217.0,0.2688587499999978,3.7126443700531877,3.609516374999997,-25.0,26.541676298334494,-0.024999999999999977,-0.01999999505319041
1218.0,0.26899749999999784,3.7128108701146383,3.6096967499999972,-25.0,26.543935067054292,-0.024999999999999977,-0.019999995114640665
1219.0,0.26913624999999786,3.7129773701753246,3.609877124999997,-25.0,26.54619199044987,-0.024999999999999977,-0.01999999517532757
1220.0,0.2692749999999979,3.713143870235258,3.6100574999999973,-25.0,26.54844706967458,-0.024999999999999977,-0.019999995235260613
1221.0,0.2694137499999979,3.713310370294446,3.610237874999997,-25.0,26.550700305881037,-0.024999999999999977,-0.019999995294449156
1222.0,0.2695524999999979,3.7134768703529,3.6104182499999973,-25.0,26.552951700221115,-0.024999999999999977,-0.019999995352902446
1223.0,0.26969124999999794,3.713643370410627,3.610598624999997,-25.0,26.55520125384595,-0.024999999999999977,-0.01999999541062962
1224.0,0.26982999999999796,3.713809870467637,3.6107789999999973,-25.0,26.557448967906055,-0.024999999999999977,-0.019999995467639694
1225.0,0.269968749999998,3.7139763705239393,3.6109593749999975,-25.0,26.559694843551085,-0.024999999999999977,-0.019999995523941577
1226.0,0.270107499999998,3.7141428705795416,3.6111397499999973,-25.0,26.561938881930132,-0.024999999999999977,-0.01999999557954407
1227.0,0.270246249999998,3.7143093706344534,3.6113201249999975,-25.0,26.564181084191432,-0.024999999999999977,-0.019999995634455852
1228.0,0.27038499999999804,3.714475870688683,3.6115004999999973,-25.0,26.56642145148254,-0.024999999999999977,-0.01999999568868551
1229.0,0.27052374999999806,3.714642370742239,3.6116808749999976,-25.0,26.568659984950386,-0.024999999999999977,-0.019999995742241518
1230.0,0.2706624999999981,3.71480887079513,3.6118612499999974,-25.0,26.570896685741047,-0.024999999999999977,-0.01999999579513224
1231.0,0.2708012499999981,3.7149753708473634,3.6120416249999976,-25.0,26.573131554999975,-0.024999999999999977,-0.019999995847365948
1232.0,0.2709399999999981,3.715141870898948,3.6122219999999974,-25.0,26.575364593871825,-0.024999999999999977,-0.019999995898950795
1233.0,0.27107874999999815,3.7153083709498924,3.6124023749999976,-25.0,26.57759580350063,-0.024999999999999977,-0.019999995949894846
1234.0,0.27121749999999817,3.7154748710002035,3.6125827499999974,-25.0,26.579825185029677,-0.024999999999999977,-0.01999999600020606
1235.0,0.2713562499999982,3.71564137104989,3.6127631249999976,-25.0,26.582052739601522,-0.024999999999999977,-0.019999996049892298
1236.0,0.2714949999999982,3.715807871098959,3.6129434999999974,-25.0,26.584278468358036,-0.024999999999999977,-0.019999996098961324
1237.0,0.27163374999999823,3.7159743711474187,3.6131238749999977,-25.0,26.586502372440293,-0.024999999999999977,-0.019999996147420804
1238.0,0.27177249999999825,3.716140871195276,3.613304249999998,-25.0,26.588724452988743,-0.024999999999999977,-0.01999999619527831
1239.0,0.2719112499999983,3.716307371242539,3.6134846249999977,-25.0,26.590944711143152,-0.024999999999999977,-0.01999999624254132
1240.0,0.2720499999999983,3.716473871289215,3.613664999999998,-25.0,26.593163148042436,-0.024999999999999977,-0.01999999628921722
1241.0,0.2721887499999983,3.716640371335311,3.6138453749999977,-25.0,26.595379764824884,-0.024999999999999977,-0.0199999963353133
1242.0,0.27232749999999833,3.7168068713808347,3.614025749999998,-25.0,26.597594562628103,-0.024999999999999977,-0.019999996380836767
1243.0,0.27246624999999836,3.7169733714257926,3.6142061249999977,-25.0,26.599807542588962,-0.024999999999999977,-0.019999996425794735
1244.0,0.2726049999999984,3.7171398714701924,3.614386499999998,-25.0,26.60201870584359,-0.024999999999999977,-0.019999996470194226
1245.0,0.2727437499999984,3.71730637151404,3.6145668749999977,-25.0,26.604228053527436,-0.024999999999999977,-0.019999996514042176
1246.0,0.2728824999999984,3.7174728715573435,3.614747249999998,-25.0,26.606435586775206,-0.024999999999999977,-0.01999999655734544
1247.0,0.27302124999999844,3.7176393716001086,3.6149276249999978,-25.0,26.608641306720983,-0.024999999999999977,-0.01999999660011078
1248.0,0.27315999999999846,3.717805871642343,3.615107999999998,-25.0,26.610845214498056,-0.024999999999999977,-0.01999999664234488
1249.0,0.2732987499999985,3.717972371684052,3.615288374999998,-25.0,26.613047311238972,-0.024999999999999977,-0.019999996684054343
1250.0,0.2734374999999985,3.7181388717252437,3.615468749999998,-25.0,26.61524759807571,-0.024999999999999977,-0.019999996725245682
1251.0,0.2735762499999985,3.7183053717659234,3.6156491249999982,-25.0,26.6174460761394,-0.024999999999999977,-0.019999996765925333
1252.0,0.27371499999999854,3.718471871806098,3.615829499999998,-25.0,26.619642746560544,-0.024999999999999977,-0.01999999680609965
1253.0,0.27385374999999856,3.7186383718457736,3.6160098749999983,-25.0,26.62183761046896,-0.024999999999999977,-0.019999996845774918
1254.0,0.2739924999999986,3.7188048718849553,3.616190249999998,-25.0,26.62403066899367,-0.024999999999999977,-0.019999996884957332
1255.0,0.2741312499999986,3.7189713719236512,3.6163706249999983,-25.0,26.626221923263074,-0.024999999999999977,-0.019999996923653014
1256.0,0.2742699999999986,3.719137871961866,3.616550999999998,-25.0,26.628411374404777,-0.024999999999999977,-0.019999996961868008
1257.0,0.27440874999999865,3.7193043719996064,3.6167313749999983,-25.0,26.630599023545756,-0.024999999999999977,-0.019999996999608288
1258.0,0.27454749999999867,3.7194708720368777,3.616911749999998,-25.0,26.632784871812305,-0.024999999999999977,-0.01999999703687975
1259.0,0.2746862499999987,3.7196373720736866,3.6170921249999983,-25.0,26.634968920329925,-0.024999999999999977,-0.01999999707368822
1260.0,0.2748249999999987,3.7198038721100373,3.617272499999998,-25.0,26.63715117022349,-0.024999999999999977,-0.01999999711003945
1261.0,0.27496374999999873,3.7199703721459376,3.6174528749999983,-25.0,26.639331622617078,-0.024999999999999977,-0.019999997145939113
1262.0,0.27510249999999875,3.720136872181391,3.617633249999998,-25.0,26.6415102786342,-0.024999999999999977,-0.019999997181392826
1263.0,0.27524124999999877,3.7203033722164047,3.6178136249999984,-25.0,26.64368713939757,-0.024999999999999977,-0.019999997216406128
1264.0,0.2753799999999988,3.7204698722509826,3.617993999999998,-25.0,26.64586220602922,-0.024999999999999977,-0.019999997250984485
1265.0,0.2755187499999988,3.720636372285132,3.6181743749999984,-25.0,26.648035479650446,-0.024999999999999977,-0.019999997285133304
1266.0,0.27565749999999883,3.7208028723188566,3.6183547499999986,-25.0,26.65020696138191,-0.024999999999999977,-0.019999997318857918
1267.0,0.27579624999999885,3.7209693723521617,3.6185351249999984,-25.0,26.65237665234355,-0.024999999999999977,-0.0199999973521636
1268.0,0.2759349999999989,3.7211358723850543,3.6187154999999986,-25.0,26.654544553654603,-0.024999999999999977,-0.019999997385055552
1269.0,0.2760737499999989,3.7213023724175374,3.6188958749999984,-25.0,26.656710666433582,-0.024999999999999977,-0.01999999741753891
1270.0,0.2762124999999989,3.7214688724496177,3.6190762499999987,-25.0,26.658874991798314,-0.024999999999999977,-0.019999997449618757
1271.0,0.27635124999999894,3.7216353724812987,3.6192566249999985,-25.0,26.66103753086594,-0.024999999999999977,-0.019999997481300102
1272.0,0.27648999999999896,3.7218018725125868,3.6194369999999987,-25.0,26.663198284752923,-0.024999999999999977,-0.019999997512587894
1273.0,0.276628749999999,3.7219683725434853,3.6196173749999985,-25.0,26.66535725457493,-0.024999999999999977,-0.01999999754348702
1274.0,0.276767499999999,3.722134872574001,3.6197977499999987,-25.0,26.667514441447054,-0.024999999999999977,-0.019999997574002316
1275.0,0.276906249999999,3.722301372604137,3.6199781249999985,-25.0,26.669669846483657,-0.024999999999999977,-0.019999997604138543
1276.0,0.27704499999999904,3.722467872633899,3.6201584999999987,-25.0,26.67182347079836,-0.024999999999999977,-0.01999999763390041
1277.0,0.27718374999999906,3.722634372663291,3.6203388749999985,-25.0,26.673975315504094,-0.024999999999999977,-0.01999999766329257
1278.0,0.2773224999999991,3.7228008726923183,3.6205192499999987,-25.0,26.676125381713177,-0.024999999999999977,-0.019999997692319613
1279.0,0.2774612499999991,3.7229673727209853,3.620699624999999,-25.0,26.678273670537124,-0.024999999999999977,-0.01999999772098608
1280.0,0.2775999999999991,3.7231338727492953,3.6208799999999988,-25.0,26.680420183086767,-0.024999999999999977,-0.019999997749296443
1281.0,0.27773874999999915,3.723300372777254,3.621060374999999,-25.0,26.682564920472316,-0.024999999999999977,-0.01999999777725513
1282.0,0.27787749999999917,3.7234668728048654,3.621240749999999,-25.0,26.6847078838033,-0.024999999999999977,-0.01999999780486651
1283.0,0.2780162499999992,3.723633372832134,3.621421124999999,-25.0,26.686849074188444,-0.024999999999999977,-0.019999997832134894
1284.0,0.2781549999999992,3.7237998728590633,3.621601499999999,-25.0,26.688988492735803,-0.024999999999999977,-0.019999997859064547
1285.0,0.27829374999999923,3.7239663728856587,3.621781874999999,-25.0,26.691126140552853,-0.024999999999999977,-0.019999997885659673
1286.0,0.27843249999999925,3.724132872911923,3.621962249999999,-25.0,26.69326201874628,-0.024999999999999977,-0.01999999791192443
1287.0,0.27857124999999927,3.7242993729378617,3.622142624999999,-25.0,26.69539612842209,-0.024999999999999977,-0.01999999793786292
1288.0,0.2787099999999993,3.7244658729634783,3.622322999999999,-25.0,26.697528470685597,-0.024999999999999977,-0.019999997963479198
1289.0,0.2788487499999993,3.7246323729887765,3.622503374999999,-25.0,26.699659046641443,-0.024999999999999977,-0.019999997988777263
1290.0,0.27898749999999933,3.7247988730137602,3.622683749999999,-25.0,26.701787857393526,-0.024999999999999977,-0.019999998013761074
1291.0,0.27912624999999935,3.7249653730384336,3.622864124999999,-25.0,26.703914904045178,-0.024999999999999977,-0.019999998038434528
1292.0,0.2792649999999994,3.725131873062801,3.6230444999999993,-25.0,26.706040187698875,-0.024999999999999977,-0.019999998062801484
1293.0,0.2794037499999994,3.725298373086865,3.623224874999999,-25.0,26.708163709456585,-0.024999999999999977,-0.01999999808686575
1294.0,0.2795424999999994,3.72546487311063,3.6234052499999994,-25.0,26.71028547041942,-0.024999999999999977,-0.019999998110631082
1295.0,0.27968124999999944,3.7256313731341,3.623585624999999,-25.0,26.71240547168793,-0.024999999999999977,-0.0199999981341012
1296.0,0.27981999999999946,3.7257978731572794,3.6237659999999994,-25.0,26.71452371436186,-0.024999999999999977,-0.019999998157279767
1297.0,0.2799587499999995,3.7259643731801697,3.623946374999999,-25.0,26.716640199540393,-0.024999999999999977,-0.019999998180170404
1298.0,0.2800974999999995,3.7261308732027763,3.6241267499999994,-25.0,26.718754928321914,-0.024999999999999977,-0.01999999820277669
1299.0,0.2802362499999995,3.7262973732251012,3.624307124999999,-25.0,26.72086790180424,-0.024999999999999977,-0.019999998225102154
1300.0,0.28037499999999954,3.7264638732471496,3.6244874999999994,-25.0,26.722979121084336,-0.024999999999999977,-0.019999998247150288
1301.0,0.28051374999999956,3.726630373268924,3.624667874999999,-25.0,26.725088587258654,-0.024999999999999977,-0.019999998268924537
1302.0,0.2806524999999996,3.7267968732904277,3.6248482499999994,-25.0,26.72719630142285,-0.024999999999999977,-0.0199999982904283
1303.0,0.2807912499999996,3.726963373311664,3.6250286249999992,-25.0,26.729302264671958,-0.024999999999999977,-0.019999998311664942
1304.0,0.2809299999999996,3.727129873332637,3.6252089999999995,-25.0,26.73140647810027,-0.024999999999999977,-0.019999998332637776
1305.0,0.28106874999999965,3.727296373353349,3.6253893749999992,-25.0,26.73350894280145,-0.024999999999999977,-0.019999998353350083
1306.0,0.28120749999999967,3.727462873373805,3.6255697499999995,-25.0,26.73560965986843,-0.024999999999999977,-0.019999998373805096
1307.0,0.2813462499999997,3.727629373394006,3.6257501249999997,-25.0,26.737708630393513,-0.024999999999999977,-0.019999998394006013
1308.0,0.2814849999999997,3.7277958734139554,3.6259304999999995,-25.0,26.739805855468262,-0.024999999999999977,-0.01999999841395599
1309.0,0.28162374999999973,3.727962373433658,3.6261108749999997,-25.0,26.741901336183616,-0.024999999999999977,-0.019999998433658142
1310.0,0.28176249999999975,3.728128873453115,3.6262912499999995,-25.0,26.743995073629776,-0.024999999999999977,-0.019999998453115553
1311.0,0.28190124999999977,3.728295373472331,3.6264716249999998,-25.0,26.74608706889626,-0.024999999999999977,-0.01999999847233126
1312.0,0.2820399999999998,3.7284618734913075,3.6266519999999995,-25.0,26.748177323071957,-0.024999999999999977,-0.019999998491308263
1313.0,0.2821787499999998,3.728628373510049,3.6268323749999998,-25.0,26.750265837245024,-0.024999999999999977,-0.019999998510049532
1314.0,0.28231749999999983,3.7287948735285577,3.6270127499999996,-25.0,26.75235261250299,-0.024999999999999977,-0.019999998528557994
1315.0,0.28245624999999985,3.7289613735468365,3.627193125,-25.0,26.754437649932697,-0.024999999999999977,-0.01999999854683654
1316.0,0.2825949999999999,3.7291278735648876,3.6273734999999996,-25.0,26.756520950620256,-0.024999999999999977,-0.019999998564888027
1317.0,0.2827337499999999,3.729294373582715,3.627553875,-25.0,26.75860251565109,-0.024999999999999977,-0.019999998582715273
1318.0,0.2828724999999999,3.7294608736003205,3.6277342499999996,-25.0,26.76068234611006,-0.024999999999999977,-0.019999998600321065
1319.0,0.28301124999999994,3.7296273736177077,3.627914625,-25.0,26.76276044308122,-0.024999999999999977,-0.019999998617708157
1320.0,0.28314999999999996,3.729793873634879,3.628095,-25.0,26.764836807648066,-0.024999999999999977,-0.019999998634879262
1321.0,0.28328875,3.7299603736518367,3.628275375,-25.0,26.766911440893296,-0.024999999999999977,-0.01999999865183706
1322.0,0.2834275,3.730126873668584,3.62845575,-25.0,26.76898434389898,-0.024999999999999977,-0.01999999866858421
1323.0,0.28356625,3.7302933736851234,3.628636125,-25.0,26.77105551774656,-0.024999999999999977,-0.01999999868512332
1324.0,0.28370500000000004,3.730459873701457,3.6288165,-25.0,26.773124963516693,-0.024999999999999977,-0.01999999870145698
1325.0,0.28384375000000006,3.7306263737175875,3.628996875,-25.0,26.775192682289514,-0.024999999999999977,-0.01999999871758774
1326.0,0.2839825000000001,3.730792873733518,3.62917725,-25.0,26.77725867514431,-0.024999999999999977,-0.01999999873351812
1327.0,0.2841212500000001,3.7309593737492506,3.629357625,-25.0,26.779322943159855,-0.024999999999999977,-0.019999998749250607
1328.0,0.2842600000000001,3.7311258737647877,3.629538,-25.0,26.781385487414127,-0.024999999999999977,-0.019999998764787665
1329.0,0.28439875000000014,3.7312923737801316,3.629718375,-25.0,26.78344630898448,-0.024999999999999977,-0.019999998780131718
1330.0,0.28453750000000017,3.731458873795285,3.62989875,-25.0,26.785505408947643,-0.024999999999999977,-0.019999998795285166
1331.0,0.2846762500000002,3.73162537381025,3.630079125,-25.0,26.787562788379546,-0.024999999999999977,-0.019999998810250372
1332.0,0.2848150000000002,3.73179187382503,3.6302595,-25.0,26.789618448355554,-0.024999999999999977,-0.019999998825029678
1333.0,0.2849537500000002,3.731958373839626,3.6304398750000004,-25.0,26.79167238995035,-0.024999999999999977,-0.01999999883962539
1334.0,0.28509250000000025,3.73212487385404,3.63062025,-25.0,26.793724614237874,-0.024999999999999977,-0.019999998854039795
1335.0,0.28523125000000027,3.7322913738682755,3.6308006250000004,-25.0,26.795775122291502,-0.024999999999999977,-0.01999999886827514
1336.0,0.2853700000000003,3.7324578738823337,3.6309810000000002,-25.0,26.797823915183812,-0.024999999999999977,-0.019999998882333652
1337.0,0.2855087500000003,3.732624373896218,3.6311613750000005,-25.0,26.799870993986815,-0.024999999999999977,-0.019999998896217525
1338.0,0.28564750000000033,3.732790873909929,3.6313417500000003,-25.0,26.801916359771838,-0.024999999999999977,-0.019999998909928932
1339.0,0.28578625000000035,3.7329573739234703,3.6315221250000005,-25.0,26.80396001360947,-0.024999999999999977,-0.01999999892347001
1340.0,0.2859250000000004,3.733123873936843,3.6317025000000003,-25.0,26.80600195656973,-0.024999999999999977,-0.01999999893684288
1341.0,0.2860637500000004,3.7332903739500503,3.6318828750000005,-25.0,26.808042189721903,-0.024999999999999977,-0.019999998950049627
1342.0,0.2862025000000004,3.7334568739630924,3.6320632500000003,-25.0,26.810080714134585,-0.024999999999999977,-0.01999999896309232
1343.0,0.28634125000000044,3.7336233739759734,3.6322436250000005,-25.0,26.812117530875753,-0.024999999999999977,-0.01999999897597299
1344.0,0.28648000000000046,3.733789873988694,3.6324240000000003,-25.0,26.814152641012697,-0.024999999999999977,-0.01999999898869366
1345.0,0.2866187500000005,3.7339563740012567,3.6326043750000006,-25.0,26.816186045612085,-0.024999999999999977,-0.01999999900125631
1346.0,0.2867575000000005,3.7341228740136634,3.632784750000001,-25.0,26.818217745739844,-0.024999999999999977,-0.0199999990136629
1347.0,0.2868962500000005,3.7342893740259155,3.6329651250000006,-25.0,26.820247742461277,-0.024999999999999977,-0.01999999902591538
1348.0,0.28703500000000054,3.7344558740380163,3.633145500000001,-25.0,26.822276036841004,-0.024999999999999977,-0.01999999903801565
1349.0,0.28717375000000056,3.734622374049966,3.6333258750000006,-25.0,26.824302629942963,-0.024999999999999977,-0.019999999049965612
1350.0,0.2873125000000006,3.734788874061768,3.633506250000001,-25.0,26.826327522830525,-0.024999999999999977,-0.019999999061767127
1351.0,0.2874512500000006,3.7349553740734227,3.6336866250000006,-25.0,26.828350716566263,-0.024999999999999977,-0.019999999073422044
1352.0,0.2875900000000006,3.735121874084933,3.633867000000001,-25.0,26.830372212212183,-0.024999999999999977,-0.01999999908493218
1353.0,0.28772875000000064,3.7352883740963,3.6340473750000006,-25.0,26.83239201082955,-0.024999999999999977,-0.019999999096299334
1354.0,0.28786750000000066,3.735454874107526,3.634227750000001,-25.0,26.83441011347901,-0.024999999999999977,-0.019999999107525285
1355.0,0.2880062500000007,3.735621374118612,3.6344081250000007,-25.0,26.836426521220574,-0.024999999999999977,-0.019999999118611785
1356.0,0.2881450000000007,3.7357878741295614,3.634588500000001,-25.0,26.838441235113578,-0.024999999999999977,-0.019999999129560565
1357.0,0.2882837500000007,3.735954374140374,3.6347688750000007,-25.0,26.840454256216617,-0.024999999999999977,-0.019999999140373335
1358.0,0.28842250000000075,3.7361208741510525,3.634949250000001,-25.0,26.842465585587718,-0.024999999999999977,-0.01999999915105179
1359.0,0.28856125000000077,3.736287374161599,3.635129625000001,-25.0,26.844475224284224,-0.024999999999999977,-0.019999999161597594
1360.0,0.2887000000000008,3.7364538741720135,3.635310000000001,-25.0,26.8464831733628,-0.024999999999999977,-0.019999999172012395
1361.0,0.2888387500000008,3.7366203741822988,3.635490375000001,-25.0,26.848489433879422,-0.024999999999999977,-0.01999999918229782
1362.0,0.28897750000000083,3.736786874192456,3.635670750000001,-25.0,26.850494006889505,-0.024999999999999977,-0.01999999919245548
1363.0,0.28911625000000085,3.736953374202488,3.635851125000001,-25.0,26.85249689344772,-0.024999999999999977,-0.01999999920248696
1364.0,0.2892550000000009,3.7371198742123948,3.636031500000001,-25.0,26.85449809460806,-0.024999999999999977,-0.019999999212393826
1365.0,0.2893937500000009,3.7372863742221787,3.636211875000001,-25.0,26.856497611423947,-0.024999999999999977,-0.019999999222177624
1366.0,0.2895325000000009,3.7374528742318405,3.636392250000001,-25.0,26.858495444948062,-0.024999999999999977,-0.01999999923183989
1367.0,0.28967125000000093,3.737619374241383,3.6365726250000012,-25.0,26.860491596232464,-0.024999999999999977,-0.019999999241382127
1368.0,0.28981000000000096,3.737785874250807,3.636753000000001,-25.0,26.862486066328586,-0.024999999999999977,-0.01999999925080583
1369.0,0.289948750000001,3.7379523742601135,3.6369333750000012,-25.0,26.86447885628712,-0.024999999999999977,-0.019999999260112467
1370.0,0.290087500000001,3.7381188742693046,3.637113750000001,-25.0,26.866469967158196,-0.024999999999999977,-0.019999999269303497
1371.0,0.290226250000001,3.7382853742783815,3.6372941250000013,-25.0,26.868459399991195,-0.024999999999999977,-0.019999999278380354
1372.0,0.29036500000000104,3.7384518742873456,3.6374745000000015,-25.0,26.87044715583494,-0.024999999999999977,-0.019999999287344458
1373.0,0.29050375000000106,3.7386183742961983,3.6376548750000013,-25.0,26.87243323573756,-0.024999999999999977,-0.019999999296197207
1374.0,0.2906425000000011,3.738784874304941,3.6378352500000015,-25.0,26.874417640746458,-0.024999999999999977,-0.019999999304939984
1375.0,0.2907812500000011,3.738951374313575,3.6380156250000013,-25.0,26.876400371908517,-0.024999999999999977,-0.019999999313574157
1376.0,0.2909200000000011,3.7391178743221025,3.6381960000000015,-25.0,26.878381430269826,-0.024999999999999977,-0.019999999322101076
1377.0,0.29105875000000114,3.7392843743305235,3.6383763750000013,-25.0,26.880360816875907,-0.024999999999999977,-0.019999999330522072
1378.0,0.29119750000000116,3.73945087433884,3.6385567500000016,-25.0,26.8823385327716,-0.024999999999999977,-0.01999999933883846
1379.0,0.2913362500000012,3.739617374347053,3.6387371250000013,-25.0,26.884314579001114,-0.024999999999999977,-0.01999999934705154
1380.0,0.2914750000000012,3.739783874355164,3.6389175000000016,-25.0,26.886288956607984,-0.024999999999999977,-0.019999999355162598
1381.0,0.2916137500000012,3.739950374363174,3.6390978750000014,-25.0,26.888261666635117,-0.024999999999999977,-0.019999999363172895
1382.0,0.29175250000000125,3.740116874371085,3.6392782500000016,-25.0,26.890232710124735,-0.024999999999999977,-0.01999999937108369
1383.0,0.29189125000000127,3.7402833743788975,3.6394586250000014,-25.0,26.89220208811838,-0.024999999999999977,-0.01999999937889621
1384.0,0.2920300000000013,3.740449874386613,3.6396390000000016,-25.0,26.894169801657085,-0.024999999999999977,-0.019999999386611685
1385.0,0.2921687500000013,3.740616374394233,3.639819375000002,-25.0,26.896135851781025,-0.024999999999999977,-0.019999999394231315
1386.0,0.29230750000000133,3.740782874401758,3.6399997500000016,-25.0,26.898100239529924,-0.024999999999999977,-0.019999999401756292
1387.0,0.29244625000000135,3.7409493744091895,3.640180125000002,-25.0,26.90006296594271,-0.024999999999999977,-0.019999999409187796
1388.0,0.29258500000000137,3.7411158744165287,3.6403605000000017,-25.0,26.90202403205774,-0.024999999999999977,-0.01999999941652698
1389.0,0.2927237500000014,3.741282374423777,3.640540875000002,-25.0,26.90398343891269,-0.024999999999999977,-0.019999999423775
1390.0,0.2928625000000014,3.7414488744309344,3.6407212500000017,-25.0,26.905941187544613,-0.024999999999999977,-0.01999999943093298
1391.0,0.29300125000000143,3.7416153744380036,3.640901625000002,-25.0,26.90789727898988,-0.024999999999999977,-0.019999999438002045
1392.0,0.29314000000000145,3.7417818744449844,3.6410820000000017,-25.0,26.909851714284287,-0.024999999999999977,-0.019999999444983294
1393.0,0.2932787500000015,3.7419483744518796,3.641262375000002,-25.0,26.911804494462842,-0.024999999999999977,-0.01999999945187782
1394.0,0.2934175000000015,3.742114874458688,3.6414427500000017,-25.0,26.91375562056004,-0.024999999999999977,-0.019999999458686704
1395.0,0.2935562500000015,3.742281374465413,3.641623125000002,-25.0,26.915705093609688,-0.024999999999999977,-0.019999999465411006
1396.0,0.29369500000000154,3.7424478744720533,3.6418035000000017,-25.0,26.91765291464492,-0.024999999999999977,-0.019999999472051777
1397.0,0.29383375000000156,3.742614374478612,3.641983875000002,-25.0,26.91959908469829,-0.024999999999999977,-0.019999999478610055
1398.0,0.2939725000000016,3.7427808744850886,3.6421642500000018,-25.0,26.921543604801627,-0.024999999999999977,-0.019999999485086864
1399.0,0.2941112500000016,3.742947374491485,3.642344625000002,-25.0,26.923486475986124,-0.024999999999999977,-0.019999999491483216
1400.0,0.2942500000000016,3.743113874497802,3.6425250000000022,-25.0,26.92542769928241,-0.024999999999999977,-0.01999999949780011
1401.0,0.29438875000000164,3.74328037450404,3.642705375000002,-25.0,26.92736727572037,-0.024999999999999977,-0.019999999504038538
1402.0,0.29452750000000166,3.743446874510201,3.6428857500000023,-25.0,26.929305206329275,-0.024999999999999977,-0.01999999951019947
1403.0,0.2946662500000017,3.743613374516286,3.643066125000002,-25.0,26.931241492137815,-0.024999999999999977,-0.01999999951628387
1404.0,0.2948050000000017,3.743779874522295,3.6432465000000023,-25.0,26.933176134174005,-0.024999999999999977,-0.01999999952229269
1405.0,0.2949437500000017,3.7439463745282286,3.643426875000002,-25.0,26.93510913346512,-0.024999999999999977,-0.019999999528226862
1406.0,0.29508250000000175,3.7441128745340895,3.6436072500000023,-25.0,26.937040491037976,-0.024999999999999977,-0.01999999953408732
1407.0,0.29522125000000177,3.744279374539877,3.643787625000002,-25.0,26.9389702079186,-0.024999999999999977,-0.01999999953987498
1408.0,0.2953600000000018,3.7444458745455926,3.6439680000000023,-25.0,26.94089828513239,-0.024999999999999977,-0.019999999545590744
1409.0,0.2954987500000018,3.744612374551237,3.644148375000002,-25.0,26.942824723704177,-0.024999999999999977,-0.019999999551235506
1410.0,0.29563750000000183,3.744778874556812,3.6443287500000023,-25.0,26.944749524658107,-0.024999999999999977,-0.019999999556810148
1411.0,0.29577625000000185,3.744945374562317,3.644509125000002,-25.0,26.946672689017703,-0.024999999999999977,-0.01999999956231554
1412.0,0.29591500000000187,3.7451118745677547,3.6446895000000024,-25.0,26.948594217805805,-0.024999999999999977,-0.01999999956775254
1413.0,0.2960537500000019,3.7452783745731244,3.6448698750000026,-25.0,26.950514112044686,-0.024999999999999977,-0.019999999573122002
1414.0,0.2961925000000019,3.745444874578427,3.6450502500000024,-25.0,26.952432372755936,-0.024999999999999977,-0.019999999578424764
1415.0,0.29633125000000193,3.745611374583664,3.6452306250000026,-25.0,26.954349000960462,-0.024999999999999977,-0.019999999583661655
1416.0,0.29647000000000195,3.7457778745888355,3.6454110000000024,-25.0,26.956263997678604,-0.024999999999999977,-0.019999999588833493
1417.0,0.296608750000002,3.7459443745939436,3.6455913750000026,-25.0,26.958177363930076,-0.024999999999999977,-0.019999999593941085
1418.0,0.296747500000002,3.7461108745989873,3.6457717500000024,-25.0,26.960089100733853,-0.024999999999999977,-0.01999999959898523
1419.0,0.296886250000002,3.746277374603969,3.6459521250000027,-25.0,26.9619992091084,-0.024999999999999977,-0.019999999603966714
1420.0,0.29702500000000204,3.746443874608888,3.6461325000000024,-25.0,26.963907690071437,-0.024999999999999977,-0.019999999608886317
1421.0,0.29716375000000206,3.7466103746137476,3.6463128750000027,-25.0,26.965814544640125,-0.024999999999999977,-0.01999999961374481
1422.0,0.2973025000000021,3.7467768746185452,3.6464932500000025,-25.0,26.967719773830993,-0.024999999999999977,-0.019999999618542947
1423.0,0.2974412500000021,3.746943374623284,3.6466736250000027,-25.0,26.969623378659833,-0.024999999999999977,-0.019999999623281483
1424.0,0.2975800000000021,3.7471098746279634,3.6468540000000025,-25.0,26.971525360141925,-0.024999999999999977,-0.019999999627961156
1425.0,0.29771875000000214,3.7472763746325852,3.6470343750000027,-25.0,26.97342571929181,-0.024999999999999977,-0.019999999632582696
1426.0,0.29785750000000216,3.747442874637149,3.6472147500000025,-25.0,26.97532445712352,-0.024999999999999977,-0.019999999637146826
1427.0,0.2979962500000022,3.7476093746416566,3.6473951250000027,-25.0,26.977221574650343,-0.024999999999999977,-0.01999999964165426
1428.0,0.2981350000000022,3.7477758746461083,3.647575500000003,-25.0,26.979117072884947,-0.024999999999999977,-0.0199999996461057
1429.0,0.2982737500000022,3.747942374650504,3.6477558750000028,-25.0,26.98101095283937,-0.024999999999999977,-0.019999999650501844
1430.0,0.29841250000000225,3.748108874654846,3.647936250000003,-25.0,26.982903215525084,-0.024999999999999977,-0.01999999965484338
1431.0,0.29855125000000227,3.7482753746591335,3.6481166250000028,-25.0,26.98479386195288,-0.024999999999999977,-0.019999999659130983
1432.0,0.2986900000000023,3.748441874663368,3.648297000000003,-25.0,26.986682893132922,-0.024999999999999977,-0.019999999663365325
1433.0,0.2988287500000023,3.74860837466755,3.648477375000003,-25.0,26.988570310074692,-0.024999999999999977,-0.019999999667547067
1434.0,0.29896750000000233,3.7487748746716796,3.648657750000003,-25.0,26.99045611378716,-0.024999999999999977,-0.019999999671676864
1435.0,0.29910625000000235,3.748941374675758,3.648838125000003,-25.0,26.99234030527856,-0.024999999999999977,-0.01999999967575536
1436.0,0.29924500000000237,3.749107874679786,3.649018500000003,-25.0,26.994222885556496,-0.024999999999999977,-0.01999999967978319
1437.0,0.2993837500000024,3.7492743746837633,3.649198875000003,-25.0,26.996103855628007,-0.024999999999999977,-0.019999999683760986
1438.0,0.2995225000000024,3.749440874687692,3.649379250000003,-25.0,26.997983216499506,-0.024999999999999977,-0.019999999687689368
1439.0,0.29966125000000243,3.7496073746915717,3.649559625000003,-25.0,26.999860969176666,-0.024999999999999977,-0.019999999691568952
1440.0,0.29980000000000245,3.7497738746954035,3.649740000000003,-25.0,27.001737114664706,-0.024999999999999977,-0.019999999695400342
1441.0,0.2999387500000025,3.7499403746991873,3.6499203750000033,-25.0,27.00361165396805,-0.024999999999999977,-0.01999999969918414
1442.0,0.3000775000000025,3.750052624702922,3.6500465000000015,-25.0,27.005484588090553,-0.024999999999999977,-0.019999999702920934
1443.0,0.3002162500000025,3.750125874706612,3.6501297500000014,-25.0,27.007356039129263,-0.024999999999999977,-0.01999999970661131
1444.0,0.30035500000000254,3.750202187210257,3.6502130000000013,-25.0,27.009226103714184,-0.024999999999999977,-0.01999999971025584
1445.0,0.30049375000000256,3.7502784997138563,3.6502962500000016,-25.0,27.011094782711837,-0.024999999999999977,-0.0199999997138551
1446.0,0.3006325000000026,3.750354812217411,3.6503795000000014,-25.0,27.012962076988288,-0.024999999999999977,-0.01999999971740965
1447.0,0.3007712500000026,3.7504311247209214,3.6504627500000013,-25.0,27.01482798740892,-0.024999999999999977,-0.019999999720920043
1448.0,0.3009100000000026,3.750507437224388,3.6505460000000016,-25.0,27.016692514838667,-0.024999999999999977,-0.01999999972438683
1449.0,0.30104875000000264,3.750583749727812,3.6506292500000015,-25.0,27.018555660141885,-0.024999999999999977,-0.01999999972781055
1450.0,0.30118750000000266,3.750660062231193,3.6507125000000014,-25.0,27.020417424182426,-0.024999999999999977,-0.01999999973119174
1451.0,0.3013262500000027,3.7507363747345326,3.6507957500000017,-25.0,27.02227780782357,-0.024999999999999977,-0.01999999973453093
1452.0,0.3014650000000027,3.75081268723783,3.6508790000000015,-25.0,27.02413681192803,-0.024999999999999977,-0.01999999973782864
1453.0,0.3016037500000027,3.7508889997410866,3.6509622500000014,-25.0,27.025994437358065,-0.024999999999999977,-0.019999999741085385
1454.0,0.30174250000000274,3.750965312244303,3.6510455000000017,-25.0,27.027850684975363,-0.024999999999999977,-0.019999999744301673
1455.0,0.30188125000000277,3.7510416247474794,3.6511287500000016,-25.0,27.029705555640987,-0.024999999999999977,-0.019999999747478008
1456.0,0.3020200000000028,3.7511179372506165,3.6512120000000015,-25.0,27.031559050215606,-0.024999999999999977,-0.019999999750614884
1457.0,0.3021587500000028,3.751194249753714,3.6512952500000018,-25.0,27.0334111695592,-0.024999999999999977,-0.019999999753712795
1458.0,0.30229750000000283,3.751270562256774,3.6513785000000016,-25.0,27.03526191453136,-0.024999999999999977,-0.019999999756772222
1459.0,0.30243625000000285,3.7513468747597947,3.6514617500000015,-25.0,27.037111285991045,-0.024999999999999977,-0.019999999759793646
1460.0,0.30257500000000287,3.751423187262779,3.651545000000002,-25.0,27.038959284796704,-0.024999999999999977,-0.019999999762777537
1461.0,0.3027137500000029,3.7514994997657256,3.6516282500000017,-25.0,27.040805911806217,-0.024999999999999977,-0.01999999976572436
1462.0,0.3028525000000029,3.751575812268636,3.6517115000000016,-25.0,27.042651167876954,-0.024999999999999977,-0.019999999768634577
1463.0,0.30299125000000293,3.75165212477151,3.651794750000002,-25.0,27.044495053865774,-0.024999999999999977,-0.019999999771508643
1464.0,0.30313000000000295,3.7517284372743487,3.6518780000000017,-25.0,27.046337570628964,-0.024999999999999977,-0.019999999774347008
1465.0,0.303268750000003,3.751804749777152,3.6519612500000016,-25.0,27.048178719022303,-0.024999999999999977,-0.019999999777150113
1466.0,0.303407500000003,3.75188106227992,3.652044500000002,-25.0,27.050018499901057,-0.024999999999999977,-0.019999999779918398
1467.0,0.303546250000003,3.751957374782654,3.652127750000002,-25.0,27.051856914119867,-0.024999999999999977,-0.019999999782652295
1468.0,0.30368500000000304,3.7520336872853535,3.6522110000000017,-25.0,27.05369396253292,-0.024999999999999977,-0.019999999785352232
1469.0,0.30382375000000306,3.7521099997880203,3.652294250000002,-25.0,27.05552964599383,-0.024999999999999977,-0.01999999978801863
1470.0,0.3039625000000031,3.7521863122906534,3.652377500000002,-25.0,27.057363965355705,-0.024999999999999977,-0.019999999790651906
1471.0,0.3041012500000031,3.752262624793254,3.6524607500000017,-25.0,27.059196921471084,-0.024999999999999977,-0.019999999793252468
1472.0,0.3042400000000031,3.7523389372958222,3.652544000000002,-25.0,27.06102851519205,-0.024999999999999977,-0.019999999795820726
1473.0,0.30437875000000314,3.7524152497983585,3.652627250000002,-25.0,27.062858747370058,-0.024999999999999977,-0.019999999798357083
1474.0,0.30451750000000316,3.7524915623008637,3.6527105000000017,-25.0,27.064687618856055,-0.024999999999999977,-0.01999999980086193
1475.0,0.3046562500000032,3.752567874803337,3.6527937500000016,-25.0,27.066515130500534,-0.024999999999999977,-0.019999999803335663
1476.0,0.3047950000000032,3.7526441873057803,3.652877000000002,-25.0,27.06834128315336,-0.024999999999999977,-0.019999999805778667
1477.0,0.3049337500000032,3.7527204998081927,3.652960250000002,-25.0,27.070166077663885,-0.024999999999999977,-0.019999999808191324
1478.0,0.30507250000000324,3.7527968123105757,3.6530435000000017,-25.0,27.071989514880954,-0.024999999999999977,-0.019999999810574008
1479.0,0.30521125000000326,3.7528731248129286,3.653126750000002,-25.0,27.0738115956529,-0.024999999999999977,-0.019999999812927095
1480.0,0.3053500000000033,3.7529494373152525,3.653210000000002,-25.0,27.07563232082748,-0.024999999999999977,-0.01999999981525095
1481.0,0.3054887500000033,3.753025749817547,3.6532932500000017,-25.0,27.07745169125195,-0.024999999999999977,-0.019999999817545938
1482.0,0.3056275000000033,3.7531020623198144,3.653376500000002,-25.0,27.07926970777305,-0.024999999999999977,-0.019999999819812417
1483.0,0.30576625000000335,3.7531783748220526,3.653459750000002,-25.0,27.08108637123695,-0.024999999999999977,-0.01999999982205074
1484.0,0.30590500000000337,3.7532546873242625,3.6535430000000018,-25.0,27.082901682489307,-0.024999999999999977,-0.01999999982426126
1485.0,0.3060437500000034,3.753330999826446,3.653626250000002,-25.0,27.084715642375272,-0.024999999999999977,-0.01999999982644432
1486.0,0.3061825000000034,3.753407312328602,3.653709500000002,-25.0,27.086528251739423,-0.024999999999999977,-0.019999999828600262
1487.0,0.30632125000000343,3.7534836248307313,3.653792750000002,-25.0,27.08833951142583,-0.024999999999999977,-0.019999999830729424
1488.0,0.30646000000000345,3.7535599373328337,3.653876000000002,-25.0,27.090149422278046,-0.024999999999999977,-0.019999999832832138
1489.0,0.3065987500000035,3.7536362498349103,3.653959250000002,-25.0,27.091957985139118,-0.024999999999999977,-0.01999999983490873
1490.0,0.3067375000000035,3.7537125623369607,3.654042500000002,-25.0,27.09376520085152,-0.024999999999999977,-0.019999999836959527
1491.0,0.3068762500000035,3.7537888748389867,3.654125750000002,-25.0,27.095571070257222,-0.024999999999999977,-0.019999999838984848
1492.0,0.30701500000000354,3.753865187340987,3.654209000000002,-25.0,27.097375594197672,-0.024999999999999977,-0.01999999984098501
1493.0,0.30715375000000356,3.753941499842962,3.654292250000002,-25.0,27.099178773513813,-0.024999999999999977,-0.019999999842960324
1494.0,0.3072925000000036,3.7540178123449133,3.654375500000002,-25.0,27.10098060904602,-0.024999999999999977,-0.0199999998449111
1495.0,0.3074312500000036,3.7540941248468394,3.654458750000002,-25.0,27.102781101634093,-0.024999999999999977,-0.019999999846837646
1496.0,0.3075700000000036,3.754170437348742,3.654542000000002,-25.0,27.104580252117444,-0.024999999999999977,-0.01999999984874026
1497.0,0.30770875000000364,3.754246749850621,3.6546252500000023,-25.0,27.10637806133485,-0.024999999999999977,-0.01999999985061924
1498.0,0.30784750000000366,3.754323062352477,3.654708500000002,-25.0,27.108174530124643,-0.024999999999999977,-0.019999999852474876
1499.0,0.3079862500000037,3.754399374854309,3.654791750000002,-25.0,27.109969659324577,-0.024999999999999977,-0.019999999854307463
1500.0,0.3081250000000037,3.7544756873561194,3.6548750000000023,-25.0,27.1117634497719,-0.024999999999999977,-0.019999999856117282
1501.0,0.3082637500000037,3.754551999857907,3.654958250000002,-25.0,27.11355590230329,-0.024999999999999977,-0.01999999985790462
1502.0,0.30840250000000374,3.7546283123596713,3.655041500000002,-25.0,27.11534701775497,-0.024999999999999977,-0.019999999859669756
1503.0,0.30854125000000376,3.7547046248614153,3.6551247500000024,-25.0,27.117136796962598,-0.024999999999999977,-0.019999999861412966
1504.0,0.3086800000000038,3.7547809373631362,3.6552080000000022,-25.0,27.11892524076137,-0.024999999999999977,-0.01999999986313452
1505.0,0.3088187500000038,3.7548572498648367,3.655291250000002,-25.0,27.120712349985922,-0.024999999999999977,-0.01999999986483469
1506.0,0.3089575000000038,3.754933562366516,3.6553745000000024,-25.0,27.122498125470315,-0.024999999999999977,-0.01999999986651374
1507.0,0.30909625000000385,3.755009874868174,3.6554577500000023,-25.0,27.12428256804816,-0.024999999999999977,-0.01999999986817193
1508.0,0.30923500000000387,3.7550861873698116,3.655541000000002,-25.0,27.126065678552493,-0.024999999999999977,-0.019999999869809524
1509.0,0.3093737500000039,3.755162499871429,3.6556242500000025,-25.0,27.127847457815903,-0.024999999999999977,-0.019999999871426775
1510.0,0.3095125000000039,3.755238812373026,3.6557075000000023,-25.0,27.129627906670407,-0.024999999999999977,-0.019999999873023935
1511.0,0.30965125000000393,3.755315124874603,3.655790750000002,-25.0,27.13140702594751,-0.024999999999999977,-0.019999999874601257
1512.0,0.30979000000000395,3.7553914373761614,3.6558740000000025,-25.0,27.13318481647815,-0.024999999999999977,-0.019999999876158983
1513.0,0.30992875000000397,3.7554677498776994,3.6559572500000024,-25.0,27.134961279092863,-0.024999999999999977,-0.01999999987769736
1514.0,0.310067500000004,3.7555440623792187,3.6560405000000022,-25.0,27.136736414621566,-0.024999999999999977,-0.019999999879216628
1515.0,0.310206250000004,3.755620374880719,3.656123750000002,-25.0,27.13851022389366,-0.024999999999999977,-0.01999999988071702
1516.0,0.31034500000000403,3.755696687382201,3.6562070000000024,-25.0,27.140282707738095,-0.024999999999999977,-0.019999999882198777
1517.0,0.31048375000000406,3.755772999883664,3.6562902500000023,-25.0,27.142053866983247,-0.024999999999999977,-0.019999999883662127
1518.0,0.3106225000000041,3.7558493123851093,3.656373500000002,-25.0,27.143823702456984,-0.024999999999999977,-0.019999999885107297
1519.0,0.3107612500000041,3.7559256248865367,3.6564567500000025,-25.0,27.14559221498672,-0.024999999999999977,-0.019999999886534517
1520.0,0.3109000000000041,3.756001937387946,3.6565400000000023,-25.0,27.147359405399243,-0.024999999999999977,-0.019999999887944007
1521.0,0.31103875000000414,3.756078249889338,3.656623250000002,-25.0,27.149125274520884,-0.024999999999999977,-0.019999999889335988
1522.0,0.31117750000000416,3.7561545623907127,3.6567065000000025,-25.0,27.15088982317741,-0.024999999999999977,-0.019999999890710676
1523.0,0.3113162500000042,3.7562308748920703,3.6567897500000024,-25.0,27.152653052194182,-0.024999999999999977,-0.019999999892068288
1524.0,0.3114550000000042,3.7563071873934106,3.6568730000000023,-25.0,27.154414962395947,-0.024999999999999977,-0.019999999893409035
1525.0,0.3115937500000042,3.7563834998947354,3.6569562500000026,-25.0,27.156175554606932,-0.024999999999999977,-0.01999999989473313
1526.0,0.31173250000000424,3.756459812396043,3.6570395000000024,-25.0,27.157934829650912,-0.024999999999999977,-0.019999999896040774
1527.0,0.31187125000000426,3.7565361248973343,3.6571227500000023,-25.0,27.15969278835115,-0.024999999999999977,-0.019999999897332175
1528.0,0.3120100000000043,3.75661243739861,3.6572060000000026,-25.0,27.161449431530286,-0.024999999999999977,-0.019999999898607533
1529.0,0.3121487500000043,3.7566887498998693,3.6572892500000025,-25.0,27.163204760010558,-0.024999999999999977,-0.01999999989986705
1530.0,0.3122875000000043,3.7567650624011133,3.6573725000000024,-25.0,27.164958774613694,-0.024999999999999977,-0.01999999990111092
1531.0,0.31242625000000435,3.7568413749023417,3.6574557500000027,-25.0,27.1667114761608,-0.024999999999999977,-0.01999999990233934
1532.0,0.31256500000000437,3.7569176874035546,3.6575390000000025,-25.0,27.168462865472577,-0.024999999999999977,-0.019999999903552498
1533.0,0.3127037500000044,3.7569939999047524,3.6576222500000024,-25.0,27.170212943369165,-0.024999999999999977,-0.019999999904750588
1534.0,0.3128425000000044,3.7570703124059364,3.6577055000000027,-25.0,27.17196171067019,-0.024999999999999977,-0.019999999905933794
1535.0,0.31298125000000443,3.757146624907105,3.6577887500000026,-25.0,27.173709168194762,-0.024999999999999977,-0.019999999907102304
1536.0,0.31312000000000445,3.7572229374082586,3.6578720000000025,-25.0,27.175455316761543,-0.024999999999999977,-0.019999999908256298
1537.0,0.31325875000000447,3.7572992499093987,3.6579552500000028,-25.0,27.177200157188565,-0.024999999999999977,-0.019999999909395955
1538.0,0.3133975000000045,3.7573755624105236,3.6580385000000026,-25.0,27.178943690293465,-0.024999999999999977,-0.019999999910521458
1539.0,0.3135362500000045,3.7574518749116352,3.6581217500000025,-25.0,27.18068591689331,-0.024999999999999977,-0.01999999991163298
1540.0,0.31367500000000453,3.757528187412733,3.658205000000003,-25.0,27.1824268378046,-0.024999999999999977,-0.01999999991273069
1541.0,0.31381375000000455,3.757604499913817,3.6582882500000027,-25.0,27.18416645384349,-0.024999999999999977,-0.019999999913814768
1542.0,0.3139525000000046,3.7576808124148875,3.6583715000000026,-25.0,27.185904765825455,-0.024999999999999977,-0.019999999914885377
1543.0,0.3140912500000046,3.7577571249159454,3.658454750000003,-25.0,27.187641774565577,-0.024999999999999977,-0.019999999915942687
1544.0,0.3142300000000046,3.7578334374169895,3.6585380000000027,-25.0,27.189377480878363,-0.024999999999999977,-0.019999999916986862
1545.0,0.31436875000000464,3.7579097499180203,3.6586212500000026,-25.0,27.19111188557781,-0.024999999999999977,-0.01999999991801807
1546.0,0.31450750000000466,3.757986062419039,3.658704500000003,-25.0,27.192844989477464,-0.024999999999999977,-0.019999999919036462
1547.0,0.3146462500000047,3.7580623749200446,3.658787750000003,-25.0,27.194576793390297,-0.024999999999999977,-0.019999999920042207
1548.0,0.3147850000000047,3.758138687421038,3.6588710000000026,-25.0,27.19630729812883,-0.024999999999999977,-0.019999999921035457
1549.0,0.3149237500000047,3.7582149999220187,3.658954250000003,-25.0,27.198036504505012,-0.024999999999999977,-0.01999999992201637
1550.0,0.31506250000000474,3.7582913124229878,3.659037500000003,-25.0,27.199764413330342,-0.024999999999999977,-0.0199999999229851
1551.0,0.31520125000000476,3.758367624923944,3.6591207500000027,-25.0,27.20149102541575,-0.024999999999999977,-0.019999999923941792
1552.0,0.3153400000000048,3.7584439374248895,3.659204000000003,-25.0,27.20321634157176,-0.024999999999999977,-0.019999999924886602
1553.0,0.3154787500000048,3.7585202499258226,3.659287250000003,-25.0,27.204940362608284,-0.024999999999999977,-0.019999999925819675
1554.0,0.3156175000000048,3.7585965624267437,3.6593705000000027,-25.0,27.206663089334768,-0.024999999999999977,-0.019999999926741157
1555.0,0.31575625000000485,3.7586728749276537,3.6594537500000026,-25.0,27.20838452256021,-0.024999999999999977,-0.019999999927651193
1556.0,0.31589500000000487,3.7587491874285526,3.659537000000003,-25.0,27.210104663092977,-0.024999999999999977,-0.019999999928549922
1557.0,0.3160337500000049,3.75882549992944,3.659620250000003,-25.0,27.211823511741045,-0.024999999999999977,-0.01999999992943749
1558.0,0.3161725000000049,3.758901812430316,3.6597035000000027,-25.0,27.213541069311816,-0.024999999999999977,-0.01999999993031403
1559.0,0.31631125000000493,3.758978124931182,3.659786750000003,-25.0,27.21525733661224,-0.024999999999999977,-0.019999999931179683
1560.0,0.31645000000000495,3.7590544374320367,3.659870000000003,-25.0,27.216972314448753,-0.024999999999999977,-0.019999999932034582
1561.0,0.31658875000000497,3.7591307499328814,3.6599532500000027,-25.0,27.218686003627226,-0.024999999999999977,-0.019999999932878862
1562.0,0.316727500000005,3.7592070624337155,3.660036500000003,-25.0,27.220398404953073,-0.024999999999999977,-0.019999999933712653
1563.0,0.316866250000005,3.7592833749345385,3.660119750000003,-25.0,27.222109519231253,-0.024999999999999977,-0.01999999993453609
1564.0,0.31700500000000503,3.759359687435352,3.6602030000000028,-25.0,27.2238193472661,-0.024999999999999977,-0.019999999935349292
1565.0,0.31714375000000505,3.759435999936155,3.660286250000003,-25.0,27.225527889861553,-0.024999999999999977,-0.019999999936152396
1566.0,0.3172825000000051,3.7595123124369483,3.660369500000003,-25.0,27.227235147821034,-0.024999999999999977,-0.019999999936945522
1567.0,0.3174212500000051,3.7595886249377313,3.660452750000003,-25.0,27.2289411219474,-0.024999999999999977,-0.0199999999377288
1568.0,0.3175600000000051,3.7596649374385054,3.660536000000003,-25.0,27.230645813043054,-0.024999999999999977,-0.019999999938502343
1569.0,0.31769875000000514,3.759741249939269,3.660619250000003,-25.0,27.232349221909885,-0.024999999999999977,-0.019999999939266277
1570.0,0.31783750000000516,3.7598175624400234,3.660702500000003,-25.0,27.23405134934933,-0.024999999999999977,-0.019999999940020722
1571.0,0.3179762500000052,3.7598938749407687,3.660785750000003,-25.0,27.235752196162252,-0.024999999999999977,-0.019999999940765796
1572.0,0.3181150000000052,3.759970187441504,3.660869000000003,-25.0,27.23745176314901,-0.024999999999999977,-0.019999999941501614
1573.0,0.3182537500000052,3.760046499942231,3.660952250000003,-25.0,27.23915005110956,-0.024999999999999977,-0.019999999942228293
1574.0,0.31839250000000524,3.760122812442949,3.661035500000003,-25.0,27.240847060843237,-0.024999999999999977,-0.019999999942945944
1575.0,0.31853125000000526,3.7601991249436577,3.661118750000003,-25.0,27.24254279314897,-0.024999999999999977,-0.01999999994365468
1576.0,0.3186700000000053,3.760275437444357,3.661202000000003,-25.0,27.24423724882513,-0.024999999999999977,-0.019999999944354613
1577.0,0.3188087500000053,3.7603517499450487,3.6612852500000033,-25.0,27.245930428669624,-0.024999999999999977,-0.01999999994504585
1578.0,0.3189475000000053,3.760428062445731,3.661368500000003,-25.0,27.247622333479853,-0.024999999999999977,-0.019999999945728503
1579.0,0.31908625000000534,3.7605043749464055,3.661451750000003,-25.0,27.249312964052706,-0.024999999999999977,-0.019999999946402672
1580.0,0.31922500000000537,3.7605806874470717,3.6615350000000033,-25.0,27.251002321184558,-0.024999999999999977,-0.01999999994706847
1581.0,0.3193637500000054,3.7606569999477286,3.661618250000003,-25.0,27.25269040567133,-0.024999999999999977,-0.019999999947725996
1582.0,0.3195025000000054,3.7607333124483784,3.661701500000003,-25.0,27.254377218308434,-0.024999999999999977,-0.019999999948375355
1583.0,0.31964125000000543,3.7608096249490197,3.6617847500000034,-25.0,27.256062759890767,-0.024999999999999977,-0.019999999949016647
1584.0,0.31978000000000545,3.760885937449653,3.6618680000000032,-25.0,27.257747031212716,-0.024999999999999977,-0.01999999994964997
1585.0,0.31991875000000547,3.760962249950278,3.661951250000003,-25.0,27.259430033068213,-0.024999999999999977,-0.01999999995027543
1586.0,0.3200575000000055,3.761038562450896,3.6620345000000034,-25.0,27.26111176625068,-0.024999999999999977,-0.019999999950893115
1587.0,0.3201962500000055,3.761114874951506,3.6621177500000033,-25.0,27.26279223155302,-0.024999999999999977,-0.01999999995150313
1588.0,0.32033500000000553,3.7611911874521082,3.662201000000003,-25.0,27.264471429767696,-0.024999999999999977,-0.01999999995210557
1589.0,0.32047375000000555,3.761267499952704,3.6622842500000035,-25.0,27.266149361686587,-0.024999999999999977,-0.019999999952700524
1590.0,0.3206125000000056,3.761343812453291,3.6623675000000033,-25.0,27.267826028101183,-0.024999999999999977,-0.019999999953288085
1591.0,0.3207512500000056,3.7614201249538715,3.662450750000003,-25.0,27.269501429802347,-0.024999999999999977,-0.01999999995386835
1592.0,0.3208900000000056,3.7614964374544444,3.6625340000000035,-25.0,27.2711755675806,-0.024999999999999977,-0.019999999954441405
1593.0,0.32102875000000564,3.7615727499550102,3.6626172500000034,-25.0,27.272848442225836,-0.024999999999999977,-0.01999999995500734
1594.0,0.32116750000000566,3.761649062455569,3.6627005000000032,-25.0,27.274520054527557,-0.024999999999999977,-0.01999999995556625
1595.0,0.3213062500000057,3.761725374956121,3.662783750000003,-25.0,27.276190405274747,-0.024999999999999977,-0.019999999956118213
1596.0,0.3214450000000057,3.761801687456666,3.6628670000000034,-25.0,27.277859495255825,-0.024999999999999977,-0.019999999956663322
1597.0,0.3215837500000057,3.7618779999572047,3.6629502500000033,-25.0,27.27952732525881,-0.024999999999999977,-0.01999999995720166
1598.0,0.32172250000000574,3.7619543124577364,3.663033500000003,-25.0,27.28119389607116,-0.024999999999999977,-0.019999999957733307
1599.0,0.32186125000000576,3.7620306249582613,3.6631167500000035,-25.0,27.282859208479863,-0.024999999999999977,-0.019999999958258352
1600.0,0.3220000000000058,3.76210693745878,3.6632000000000033,-25.0,27.28452326327141,-0.024999999999999977,-0.019999999958776875
1601.0,0.3221387500000058,3.7621832499592918,3.663283250000003,-25.0,27.286186061231888,-0.024999999999999977,-0.019999999959288955
1602.0,0.3222775000000058,3.762259562459798,3.6633665000000035,-25.0,27.28784760314676,-0.024999999999999977,-0.019999999959794675
1603.0,0.32241625000000584,3.762335874960297,3.6634497500000034,-25.0,27.28950788980103,-0.024999999999999977,-0.019999999960294113
1604.0,0.32255500000000586,3.7624121874607903,3.6635330000000033,-25.0,27.291166921979254,-0.024999999999999977,-0.019999999960787346
1605.0,0.3226937500000059,3.7624884999612775,3.6636162500000036,-25.0,27.29282470046553,-0.024999999999999977,-0.019999999961274453
1606.0,0.3228325000000059,3.7625648124617586,3.6636995000000034,-25.0,27.294481226043388,-0.024999999999999977,-0.01999999996175551
1607.0,0.3229712500000059,3.762641124962234,3.6637827500000033,-25.0,27.296136499495844,-0.024999999999999977,-0.019999999962230588
1608.0,0.32311000000000595,3.762717437462703,3.6638660000000036,-25.0,27.29779052160552,-0.024999999999999977,-0.019999999962699765
1609.0,0.32324875000000597,3.7627937499631665,3.6639492500000035,-25.0,27.299443293154525,-0.024999999999999977,-0.019999999963163116
1610.0,0.323387500000006,3.7628700624636235,3.6640325000000034,-25.0,27.301094814924454,-0.024999999999999977,-0.019999999963620712
1611.0,0.323526250000006,3.762946374964076,3.6641157500000037,-25.0,27.302745087696394,-0.024999999999999977,-0.01999999996407262
1612.0,0.32366500000000603,3.763022687464522,3.6641990000000035,-25.0,27.304394112250975,-0.024999999999999977,-0.019999999964518917
1613.0,0.32380375000000605,3.7630989999649627,3.6642822500000034,-25.0,27.306041889368316,-0.024999999999999977,-0.01999999996495967
1614.0,0.3239425000000061,3.763175312465398,3.6643655000000037,-25.0,27.307688419828082,-0.024999999999999977,-0.019999999965394945
1615.0,0.3240812500000061,3.763251624965828,3.6644487500000036,-25.0,27.309333704409426,-0.024999999999999977,-0.019999999965824817
1616.0,0.3242200000000061,3.7633279374662525,3.6645320000000035,-25.0,27.310977743891044,-0.024999999999999977,-0.01999999996624935
1617.0,0.32435875000000614,3.7634042499666718,3.6646152500000038,-25.0,27.312620539051125,-0.024999999999999977,-0.019999999966668604
1618.0,0.32449750000000616,3.763480562467086,3.6646985000000036,-25.0,27.31426209066734,-0.024999999999999977,-0.01999999996708265
1619.0,0.3246362500000062,3.7635568749674944,3.6647817500000035,-25.0,27.315902399516915,-0.024999999999999977,-0.019999999967491557
1620.0,0.3247750000000062,3.763633187467899,3.664865000000004,-25.0,27.31754146637661,-0.024999999999999977,-0.019999999967895383
1621.0,0.3249137500000062,3.7637094999682974,3.6649482500000037,-25.0,27.319179292022625,-0.024999999999999977,-0.019999999968294192
1622.0,0.32505250000000624,3.7637858124686914,3.6650315000000036,-25.0,27.320815877230757,-0.024999999999999977,-0.019999999968688047
1623.0,0.32519125000000626,3.7638621249690805,3.665114750000004,-25.0,27.322451222776238,-0.024999999999999977,-0.01999999996907701
1624.0,0.3253300000000063,3.7639384374694647,3.6651980000000037,-25.0,27.3240853294339,-0.024999999999999977,-0.01999999996946114
1625.0,0.3254687500000063,3.764014749969844,3.6652812500000036,-25.0,27.325718197978006,-0.024999999999999977,-0.0199999999698405
1626.0,0.3256075000000063,3.7640910624702184,3.665364500000004,-25.0,27.327349829182367,-0.024999999999999977,-0.01999999997021515
1627.0,0.32574625000000634,3.764167374970589,3.665447750000004,-25.0,27.328980223820395,-0.024999999999999977,-0.01999999997058514
1628.0,0.32588500000000636,3.7642436874709535,3.6655310000000036,-25.0,27.330609382664875,-0.024999999999999977,-0.019999999970950536
1629.0,0.3260237500000064,3.764319999971315,3.665614250000004,-25.0,27.332237306488196,-0.024999999999999977,-0.019999999971311393
1630.0,0.3261625000000064,3.764396312471671,3.665697500000004,-25.0,27.33386399606229,-0.024999999999999977,-0.019999999971667768
1631.0,0.3263012500000064,3.764472624972023,3.6657807500000037,-25.0,27.335489452158527,-0.024999999999999977,-0.019999999972019716
1632.0,0.32644000000000645,3.764548937472371,3.665864000000004,-25.0,27.337113675547812,-0.024999999999999977,-0.019999999972367292
1633.0,0.32657875000000647,3.764625249972714,3.665947250000004,-25.0,27.338736667000603,-0.024999999999999977,-0.01999999997271055
1634.0,0.3267175000000065,3.764701562473053,3.6660305000000037,-25.0,27.340358427286844,-0.024999999999999977,-0.01999999997304954
1635.0,0.3268562500000065,3.7647778749733876,3.6661137500000036,-25.0,27.341978957176025,-0.024999999999999977,-0.019999999973384325
1636.0,0.32699500000000653,3.7648541874737185,3.666197000000004,-25.0,27.34359825743718,-0.024999999999999977,-0.01999999997371495
1637.0,0.32713375000000655,3.764930499974045,3.666280250000004,-25.0,27.345216328838774,-0.024999999999999977,-0.019999999974041466
1638.0,0.32727250000000657,3.7650068124743674,3.6663635000000037,-25.0,27.346833172148877,-0.024999999999999977,-0.019999999974363927
1639.0,0.3274112500000066,3.765083124974686,3.666446750000004,-25.0,27.348448788135045,-0.024999999999999977,-0.019999999974682384
1640.0,0.3275500000000066,3.7651594374750004,3.666530000000004,-25.0,27.350063177564323,-0.024999999999999977,-0.019999999974996883
1641.0,0.32768875000000663,3.7652357499753104,3.6666132500000037,-25.0,27.35167634120336,-0.024999999999999977,-0.019999999975307475
1642.0,0.32782750000000666,3.765312062475618,3.666696500000004,-25.0,27.35328827981823,-0.024999999999999977,-0.01999999997561421
1643.0,0.3279662500000067,3.7653883749759207,3.666779750000004,-25.0,27.35489899417462,-0.024999999999999977,-0.019999999975917133
1644.0,0.3281050000000067,3.7654646874762197,3.6668630000000038,-25.0,27.356508485037637,-0.024999999999999977,-0.019999999976216293
1645.0,0.3282437500000067,3.7655409999765155,3.666946250000004,-25.0,27.358116753172,-0.024999999999999977,-0.019999999976511737
1646.0,0.32838250000000674,3.765617312476807,3.667029500000004,-25.0,27.359723799341907,-0.024999999999999977,-0.01999999997680351
1647.0,0.32852125000000676,3.765693624977095,3.667112750000004,-25.0,27.361329624311054,-0.024999999999999977,-0.019999999977091662
1648.0,0.3286600000000068,3.76576993747738,3.667196000000004,-25.0,27.362934228842732,-0.024999999999999977,-0.019999999977376233
1649.0,0.3287987500000068,3.765846249977661,3.667279250000004,-25.0,27.364537613699724,-0.024999999999999977,-0.01999999997765727
1650.0,0.3289375000000068,3.765922562477938,3.667362500000004,-25.0,27.3661397796443,-0.024999999999999977,-0.019999999977934814
1651.0,0.32907625000000684,3.7659988749782127,3.667445750000004,-25.0,27.367740727438274,-0.024999999999999977,-0.01999999997820891
1652.0,0.32921500000000686,3.7660751874784832,3.667529000000004,-25.0,27.36934045784301,-0.024999999999999977,-0.019999999978479604
1653.0,0.3293537500000069,3.76615149997875,3.667612250000004,-25.0,27.370938971619353,-0.024999999999999977,-0.019999999978746935
1654.0,0.3294925000000069,3.766227812479015,3.667695500000004,-25.0,27.3725362695277,-0.024999999999999977,-0.019999999979010943
1655.0,0.3296312500000069,3.7663041249792752,3.667778750000004,-25.0,27.37413235232799,-0.024999999999999977,-0.01999999997927167
1656.0,0.32977000000000695,3.766380437479533,3.667862000000004,-25.0,27.375727220779652,-0.024999999999999977,-0.019999999979529164
1657.0,0.32990875000000697,3.766456749979787,3.6679452500000043,-25.0,27.377320875641658,-0.024999999999999977,-0.019999999979783457
1658.0,0.330047500000007,3.7665330624800384,3.668028500000004,-25.0,27.378913317672527,-0.024999999999999977,-0.01999999998003459
1659.0,0.330186250000007,3.766609374980286,3.668111750000004,-25.0,27.38050454763021,-0.024999999999999977,-0.019999999980282603
1660.0,0.33032500000000703,3.7666856874805315,3.6681950000000043,-25.0,27.382094566272315,-0.024999999999999977,-0.019999999980527535
1661.0,0.33046375000000705,3.7667619999807735,3.668278250000004,-25.0,27.383683374355883,-0.024999999999999977,-0.019999999980769425
1662.0,0.33060250000000707,3.7668383124810116,3.668361500000004,-25.0,27.385270972637556,-0.024999999999999977,-0.01999999998100831
1663.0,0.3307412500000071,3.7669146249812484,3.6684447500000044,-25.0,27.38685736187341,-0.024999999999999977,-0.01999999998124423
1664.0,0.3308800000000071,3.7669909374814807,3.6685280000000042,-25.0,27.38844254281912,-0.024999999999999977,-0.019999999981477216
1665.0,0.33101875000000713,3.767067249981711,3.668611250000004,-25.0,27.390026516229852,-0.024999999999999977,-0.01999999998170731
1666.0,0.33115750000000715,3.7671435624819383,3.6686945000000044,-25.0,27.391609282860315,-0.024999999999999977,-0.019999999981934545
1667.0,0.3312962500000072,3.767219874982163,3.6687777500000043,-25.0,27.393190843464765,-0.024999999999999977,-0.019999999982158956
1668.0,0.3314350000000072,3.7672961874823847,3.668861000000004,-25.0,27.394771198797002,-0.024999999999999977,-0.01999999998238058
1669.0,0.3315737500000072,3.7673724999826033,3.6689442500000045,-25.0,27.39635034961026,-0.024999999999999977,-0.01999999998259945
1670.0,0.33171250000000724,3.7674488124828196,3.6690275000000043,-25.0,27.39792829665737,-0.024999999999999977,-0.019999999982815604
1671.0,0.33185125000000726,3.767525124983033,3.669110750000004,-25.0,27.399505040690713,-0.024999999999999977,-0.019999999983029072
1672.0,0.3319900000000073,3.7676014374832443,3.6691940000000045,-25.0,27.401080582462157,-0.024999999999999977,-0.019999999983239886
1673.0,0.3321287500000073,3.7676777499834517,3.6692772500000044,-25.0,27.402654922723116,-0.024999999999999977,-0.019999999983448084
1674.0,0.3322675000000073,3.7677540624836574,3.6693605000000042,-25.0,27.404228062224547,-0.024999999999999977,-0.019999999983653694
1675.0,0.33240625000000734,3.767830374983861,3.6694437500000046,-25.0,27.405800001716898,-0.024999999999999977,-0.01999999998385675
1676.0,0.33254500000000736,3.767906687484061,3.6695270000000044,-25.0,27.407370741950217,-0.024999999999999977,-0.019999999984057285
1677.0,0.3326837500000074,3.767982999984259,3.6696102500000043,-25.0,27.408940283673985,-0.024999999999999977,-0.019999999984255327
1678.0,0.3328225000000074,3.768059312484455,3.669693500000004,-25.0,27.41050862763734,-0.024999999999999977,-0.01999999998445091
1679.0,0.3329612500000074,3.768135624984648,3.6697767500000045,-25.0,27.4120757745888,-0.024999999999999977,-0.019999999984644065
1680.0,0.33310000000000745,3.7682119374848386,3.6698600000000043,-25.0,27.413641725276534,-0.024999999999999977,-0.01999999998483482
1681.0,0.33323875000000747,3.768288249985027,3.669943250000004,-25.0,27.415206480448262,-0.024999999999999977,-0.019999999985023203
1682.0,0.3333775000000075,3.768364562485213,3.6700265000000045,-25.0,27.416770040851134,-0.024999999999999977,-0.01999999998520925
1683.0,0.3335162500000075,3.768440874985397,3.6701097500000044,-25.0,27.418332407231844,-0.024999999999999977,-0.01999999998539298
1684.0,0.33365500000000753,3.768517187485578,3.6701930000000043,-25.0,27.41989358033669,-0.024999999999999977,-0.019999999985574432
1685.0,0.33379375000000755,3.7685934999857578,3.6702762500000046,-25.0,27.42145356091146,-0.024999999999999977,-0.01999999998575363
1686.0,0.33393250000000757,3.7686698124859346,3.6703595000000044,-25.0,27.423012349701537,-0.024999999999999977,-0.0199999999859306
1687.0,0.3340712500000076,3.768746124986109,3.6704427500000043,-25.0,27.424569947451744,-0.024999999999999977,-0.019999999986105372
1688.0,0.3342100000000076,3.7688224374862824,3.6705260000000046,-25.0,27.426126354906444,-0.024999999999999977,-0.019999999986277973
1689.0,0.33434875000000763,3.7688987499864526,3.6706092500000045,-25.0,27.427681572809604,-0.024999999999999977,-0.01999999998644843
1690.0,0.33448750000000765,3.768975062486621,3.6706925000000044,-25.0,27.429235601904736,-0.024999999999999977,-0.019999999986616772
1691.0,0.3346262500000077,3.769051374986787,3.6707757500000047,-25.0,27.430788442934784,-0.024999999999999977,-0.01999999998678302
1692.0,0.3347650000000077,3.7691276874869515,3.6708590000000045,-25.0,27.43234009664235,-0.024999999999999977,-0.019999999986947205
1693.0,0.3349037500000077,3.769203999987113,3.6709422500000044,-25.0,27.433890563769467,-0.024999999999999977,-0.01999999998710935
1694.0,0.33504250000000774,3.7692803124872736,3.6710255000000047,-25.0,27.435439845057715,-0.024999999999999977,-0.01999999998726948
1695.0,0.33518125000000776,3.7693566249874313,3.6711087500000046,-25.0,27.436987941248276,-0.024999999999999977,-0.01999999998742762
1696.0,0.3353200000000078,3.7694329374875877,3.6711920000000045,-25.0,27.438534853081876,-0.024999999999999977,-0.019999999987583797
1697.0,0.3354587500000078,3.7695092499877423,3.6712752500000048,-25.0,27.440080581298673,-0.024999999999999977,-0.01999999998773803
1698.0,0.3355975000000078,3.7695855624878942,3.6713585000000046,-25.0,27.441625126638485,-0.024999999999999977,-0.01999999998789035
1699.0,0.33573625000000784,3.769661874988045,3.6714417500000045,-25.0,27.44316848984056,-0.024999999999999977,-0.01999999998804078
1700.0,0.33587500000000786,3.7697381874881937,3.671525000000005,-25.0,27.444710671643804,-0.024999999999999977,-0.019999999988189337
1701.0,0.3360137500000079,3.7698144999883403,3.6716082500000047,-25.0,27.446251672786502,-0.024999999999999977,-0.01999999998833605
1702.0,0.3361525000000079,3.7698908124884847,3.6716915000000045,-25.0,27.44779149400665,-0.024999999999999977,-0.01999999998848094
1703.0,0.3362912500000079,3.7699671249886286,3.671774750000005,-25.0,27.449330136041624,-0.024999999999999977,-0.01999999998862403
1704.0,0.33643000000000794,3.77004343748877,3.6718580000000047,-25.0,27.450867599628452,-0.024999999999999977,-0.019999999988765345
1705.0,0.33656875000000797,3.770119749988909,3.6719412500000046,-25.0,27.452403885503657,-0.024999999999999977,-0.019999999988904903
1706.0,0.336707500000008,3.770196062489047,3.672024500000005,-25.0,27.45393899440336,-0.024999999999999977,-0.019999999989042727
1707.0,0.336846250000008,3.770272374989183,3.6721077500000048,-25.0,27.455472927063113,-0.024999999999999977,-0.01999999998917884
1708.0,0.33698500000000803,3.7703486874893177,3.6721910000000046,-25.0,27.457005684218075,-0.024999999999999977,-0.01999999998931326
1709.0,0.33712375000000805,3.77042499998945,3.672274250000005,-25.0,27.458537266602946,-0.024999999999999977,-0.019999999989446012
1710.0,0.33726250000000807,3.7705013124895816,3.672357500000005,-25.0,27.460067674951972,-0.024999999999999977,-0.019999999989577116
1711.0,0.3374012500000081,3.7705776249897105,3.6724407500000047,-25.0,27.46159690999889,-0.024999999999999977,-0.01999999998970659
1712.0,0.3375400000000081,3.770653937489839,3.672524000000005,-25.0,27.463124972477033,-0.024999999999999977,-0.019999999989834455
1713.0,0.33767875000000813,3.7707302499899655,3.672607250000005,-25.0,27.46465186311923,-0.024999999999999977,-0.019999999989960732
1714.0,0.33781750000000815,3.7708065624900895,3.6726905000000047,-25.0,27.466177582657906,-0.024999999999999977,-0.01999999999008544
1715.0,0.3379562500000082,3.770882874990213,3.6727737500000046,-25.0,27.46770213182498,-0.024999999999999977,-0.0199999999902086
1716.0,0.3380950000000082,3.7709591874903348,3.672857000000005,-25.0,27.469225511351965,-0.024999999999999977,-0.01999999999033023
1717.0,0.3382337500000082,3.7710354999904547,3.672940250000005,-25.0,27.47074772196987,-0.024999999999999977,-0.019999999990450348
1718.0,0.33837250000000824,3.771111812490573,3.6730235000000047,-25.0,27.47226876440925,-0.024999999999999977,-0.019999999990568975
1719.0,0.33851125000000826,3.7711881249906907,3.673106750000005,-25.0,27.473788639400254,-0.024999999999999977,-0.019999999990686128
1720.0,0.3386500000000083,3.771264437490806,3.673190000000005,-25.0,27.475307347672526,-0.024999999999999977,-0.019999999990801827
1721.0,0.3387887500000083,3.7713407499909204,3.6732732500000047,-25.0,27.476824889955253,-0.024999999999999977,-0.019999999990916086
1722.0,0.3389275000000083,3.7714170624910337,3.673356500000005,-25.0,27.478341266977168,-0.024999999999999977,-0.019999999991028927
1723.0,0.33906625000000834,3.771493374991145,3.673439750000005,-25.0,27.479856479466548,-0.024999999999999977,-0.019999999991140365
1724.0,0.33920500000000836,3.771569687491255,3.6735230000000048,-25.0,27.481370528151274,-0.024999999999999977,-0.01999999999125042
1725.0,0.3393437500000084,3.7716459999913634,3.673606250000005,-25.0,27.482883413758657,-0.024999999999999977,-0.019999999991359107
1726.0,0.3394825000000084,3.771722312491471,3.673689500000005,-25.0,27.484395137015667,-0.024999999999999977,-0.019999999991466445
1727.0,0.3396212500000084,3.7717986249915767,3.673772750000005,-25.0,27.485905698648764,-0.024999999999999977,-0.01999999999157245
1728.0,0.33976000000000844,3.771874937491682,3.673856000000005,-25.0,27.48741509938401,-0.024999999999999977,-0.019999999991677137
1729.0,0.33989875000000846,3.7719512499917847,3.673939250000005,-25.0,27.488923339946894,-0.024999999999999977,-0.019999999991780523
1730.0,0.3400375000000085,3.772027562491887,3.674022500000005,-25.0,27.49043042106257,-0.024999999999999977,-0.019999999991882626
1731.0,0.3401762500000085,3.772103874991988,3.674105750000005,-25.0,27.491936343455677,-0.024999999999999977,-0.01999999999198346
1732.0,0.3403150000000085,3.7721801874920877,3.674189000000005,-25.0,27.4934411078504,-0.024999999999999977,-0.019999999992083045
1733.0,0.34045375000000855,3.772256499992186,3.674272250000005,-25.0,27.494944714970472,-0.024999999999999977,-0.01999999999218139
1734.0,0.34059250000000857,3.7723328124922832,3.674355500000005,-25.0,27.496447165539223,-0.024999999999999977,-0.019999999992278514
1735.0,0.3407312500000086,3.7724091249923792,3.674438750000005,-25.0,27.49794846027953,-0.024999999999999977,-0.01999999999237443
1736.0,0.3408700000000086,3.7724854374924734,3.674522000000005,-25.0,27.499448599913705,-0.024999999999999977,-0.019999999992469156
1737.0,0.34100875000000863,3.7725617499925677,3.6746052500000053,-25.0,27.50094758516377,-0.024999999999999977,-0.019999999992562707
1738.0,0.34114750000000865,3.7726380624926596,3.674688500000005,-25.0,27.502445416751186,-0.024999999999999977,-0.019999999992655094
1739.0,0.3412862500000087,3.7727143749927508,3.674771750000005,-25.0,27.50394209539695,-0.024999999999999977,-0.019999999992746334
1740.0,0.3414250000000087,3.7727906874928414,3.6748550000000053,-25.0,27.505437621821727,-0.024999999999999977,-0.01999999999283644
1741.0,0.3415637500000087,3.77286699999293,3.674938250000005,-25.0,27.506931996745607,-0.024999999999999977,-0.019999999992925427
1742.0,0.34170250000000874,3.772943312493018,3.675021500000005,-25.0,27.508425220888284,-0.024999999999999977,-0.019999999993013308
1743.0,0.34184125000000876,3.773019624993105,3.6751047500000054,-25.0,27.509917294969,-0.024999999999999977,-0.019999999993100096
1744.0,0.3419800000000088,3.7730959374931907,3.6751880000000052,-25.0,27.51140821970654,-0.024999999999999977,-0.01999999999318581
1745.0,0.3421187500000088,3.7731722499932747,3.675271250000005,-25.0,27.51289799581923,-0.024999999999999977,-0.019999999993270456
1746.0,0.3422575000000088,3.773248562493359,3.6753545000000054,-25.0,27.51438662402495,-0.024999999999999977,-0.019999999993354053
1747.0,0.34239625000000884,3.7733248749934414,3.6754377500000053,-25.0,27.515874105041178,-0.024999999999999977,-0.019999999993436608
1748.0,0.34253500000000886,3.7734011874935227,3.675521000000005,-25.0,27.517360439584877,-0.024999999999999977,-0.01999999999351814
1749.0,0.3426737500000089,3.7734774999936036,3.6756042500000055,-25.0,27.518845628372617,-0.024999999999999977,-0.01999999999359866
1750.0,0.3428125000000089,3.7735538124936827,3.6756875000000053,-25.0,27.52032967212051,-0.024999999999999977,-0.01999999999367818
1751.0,0.3429512500000089,3.7736301249937614,3.675770750000005,-25.0,27.52181257154416,-0.024999999999999977,-0.01999999999375671
1752.0,0.34309000000000894,3.773706437493839,3.6758540000000055,-25.0,27.523294327358826,-0.024999999999999977,-0.019999999993834266
1753.0,0.34322875000000896,3.7737827499939156,3.6759372500000054,-25.0,27.5247749402792,-0.024999999999999977,-0.019999999993910857
1754.0,0.343367500000009,3.773859062493991,3.6760205000000052,-25.0,27.526254411019636,-0.024999999999999977,-0.019999999993986498
1755.0,0.343506250000009,3.7739353749940663,3.6761037500000056,-25.0,27.52773274029397,-0.024999999999999977,-0.0199999999940612
1756.0,0.343645000000009,3.7740116874941396,3.6761870000000054,-25.0,27.529209928815646,-0.024999999999999977,-0.01999999999413497
1757.0,0.34378375000000905,3.7740879999942125,3.6762702500000053,-25.0,27.53068597729765,-0.024999999999999977,-0.019999999994207825
1758.0,0.34392250000000907,3.7741643124942845,3.676353500000005,-25.0,27.53216088645246,-0.024999999999999977,-0.019999999994279774
1759.0,0.3440612500000091,3.7742406249943556,3.6764367500000055,-25.0,27.53363465699215,-0.024999999999999977,-0.019999999994350832
1760.0,0.3442000000000091,3.774316937494426,3.6765200000000053,-25.0,27.5351072896284,-0.024999999999999977,-0.019999999994421005
1761.0,0.34433875000000913,3.7743932499944948,3.676603250000005,-25.0,27.53657878507238,-0.024999999999999977,-0.019999999994490307
1762.0,0.34447750000000915,3.7744695624945637,3.6766865000000055,-25.0,27.538049144034858,-0.024999999999999977,-0.01999999999455875
1763.0,0.34461625000000917,3.7745458749946312,3.6767697500000054,-25.0,27.539518367226094,-0.024999999999999977,-0.01999999999462634
1764.0,0.3447550000000092,3.774622187494698,3.6768530000000053,-25.0,27.54098645535595,-0.024999999999999977,-0.019999999994693093
1765.0,0.3448937500000092,3.7746984999947637,3.6769362500000056,-25.0,27.542453409133827,-0.024999999999999977,-0.019999999994759016
1766.0,0.34503250000000923,3.774774812494829,3.6770195000000054,-25.0,27.543919229268738,-0.024999999999999977,-0.01999999999482412
1767.0,0.34517125000000926,3.7748511249948935,3.6771027500000053,-25.0,27.545383916469177,-0.024999999999999977,-0.019999999994888416
1768.0,0.3453100000000093,3.774927437494957,3.6771860000000056,-25.0,27.546847471443243,-0.024999999999999977,-0.019999999994951913
1769.0,0.3454487500000093,3.7750037499950198,3.6772692500000055,-25.0,27.54830989489858,-0.024999999999999977,-0.01999999999501462
1770.0,0.3455875000000093,3.775080062495081,3.6773525000000054,-25.0,27.549771187542376,-0.024999999999999977,-0.01999999999507655
1771.0,0.34572625000000934,3.775156374995143,3.6774357500000057,-25.0,27.551231350081423,-0.024999999999999977,-0.01999999999513771
1772.0,0.34586500000000936,3.775232687495203,3.6775190000000055,-25.0,27.552690383222,-0.024999999999999977,-0.01999999999519811
1773.0,0.3460037500000094,3.7753089999952625,3.6776022500000054,-25.0,27.55414828766999,-0.024999999999999977,-0.01999999999525776
1774.0,0.3461425000000094,3.7753853124953216,3.6776855000000057,-25.0,27.555605064130816,-0.024999999999999977,-0.019999999995316667
1775.0,0.3462812500000094,3.77546162499538,3.6777687500000056,-25.0,27.55706071330951,-0.024999999999999977,-0.019999999995374843
1776.0,0.34642000000000944,3.775537937495437,3.6778520000000055,-25.0,27.55851523591059,-0.024999999999999977,-0.019999999995432297
1777.0,0.34655875000000946,3.775614249995494,3.6779352500000058,-25.0,27.559968632638174,-0.024999999999999977,-0.019999999995489036
1778.0,0.3466975000000095,3.77569056249555,3.6780185000000056,-25.0,27.561420904195927,-0.024999999999999977,-0.01999999999554507
1779.0,0.3468362500000095,3.7757668749956053,3.6781017500000055,-25.0,27.56287205128706,-0.024999999999999977,-0.01999999999560041
1780.0,0.3469750000000095,3.7758431874956604,3.678185000000006,-25.0,27.56432207461438,-0.024999999999999977,-0.01999999999565506
1781.0,0.34711375000000955,3.775919499995714,3.6782682500000057,-25.0,27.56577097488025,-0.024999999999999977,-0.019999999995709034
1782.0,0.34725250000000957,3.7759958124957675,3.6783515000000055,-25.0,27.567218752786573,-0.024999999999999977,-0.019999999995762335
1783.0,0.3473912500000096,3.77607212499582,3.678434750000006,-25.0,27.56866540903485,-0.024999999999999977,-0.019999999995814977
1784.0,0.3475300000000096,3.776148437495872,3.6785180000000057,-25.0,27.570110944326075,-0.024999999999999977,-0.019999999995866963
1785.0,0.34766875000000963,3.7762247499959236,3.6786012500000056,-25.0,27.571555359360843,-0.024999999999999977,-0.019999999995918304
1786.0,0.34780750000000965,3.7763010624959743,3.678684500000006,-25.0,27.572998654839353,-0.024999999999999977,-0.019999999995969006
1787.0,0.34794625000000967,3.7763773749960245,3.6787677500000058,-25.0,27.574440831461345,-0.024999999999999977,-0.01999999999601908
1788.0,0.3480850000000097,3.7764536874960735,3.6788510000000056,-25.0,27.575881889926052,-0.024999999999999977,-0.01999999999606853
1789.0,0.3482237500000097,3.776529999996123,3.678934250000006,-25.0,27.577321830932362,-0.024999999999999977,-0.019999999996117367
1790.0,0.34836250000000973,3.776606312496171,3.679017500000006,-25.0,27.578760655178655,-0.024999999999999977,-0.019999999996165595
1791.0,0.34850125000000975,3.7766826249962184,3.6791007500000057,-25.0,27.58019836336291,-0.024999999999999977,-0.019999999996213227
1792.0,0.3486400000000098,3.7767589374962656,3.679184000000006,-25.0,27.58163495618271,-0.024999999999999977,-0.019999999996260266
1793.0,0.3487787500000098,3.776835249996312,3.679267250000006,-25.0,27.58307043433507,-0.024999999999999977,-0.019999999996306722
1794.0,0.3489175000000098,3.776911562496358,3.6793505000000057,-25.0,27.58450479851672,-0.024999999999999977,-0.0199999999963526
1795.0,0.34905625000000984,3.7769878749964034,3.679433750000006,-25.0,27.585938049423874,-0.024999999999999977,-0.019999999996397906
1796.0,0.34919500000000986,3.7770641874964483,3.679517000000006,-25.0,27.587370187752356,-0.024999999999999977,-0.01999999999644265
1797.0,0.3493337500000099,3.777140499996492,3.679600250000006,-25.0,27.58880121419753,-0.024999999999999977,-0.019999999996486842
1798.0,0.3494725000000099,3.7772168124965355,3.6796835000000057,-25.0,27.59023112945431,-0.024999999999999977,-0.019999999996530484
1799.0,0.3496112500000099,3.7772931249965787,3.679766750000006,-25.0,27.591659934217148,-0.024999999999999977,-0.01999999999657358
1800.0,0.34975000000000994,3.7773694374966214,3.679850000000006,-25.0,27.59308762918016,-0.024999999999999977,-0.019999999996616145
1801.0,0.34988875000000996,3.777445749996663,3.6799332500000057,-25.0,27.594514215036895,-0.024999999999999977,-0.01999999999665818
1802.0,0.35002750000001,3.777522062496705,3.680016500000006,-25.0,27.595939692480613,-0.024999999999999977,-0.019999999996699692
1803.0,0.35016625000001,3.7775983749967463,3.680099750000006,-25.0,27.597364062204065,-0.024999999999999977,-0.019999999996740687
1804.0,0.35030500000001,3.7776746874967864,3.6801830000000058,-25.0,27.598787324899547,-0.024999999999999977,-0.019999999996781176
1805.0,0.35044375000001005,3.777750999996827,3.680266250000006,-25.0,27.600209481258958,-0.024999999999999977,-0.01999999999682116
1806.0,0.35058250000001007,3.777827312496866,3.680349500000006,-25.0,27.601630531973797,-0.024999999999999977,-0.019999999996860647
1807.0,0.3507212500000101,3.777903624996905,3.680432750000006,-25.0,27.603050477735053,-0.024999999999999977,-0.019999999996899644
1808.0,0.3508600000000101,3.7779799374969434,3.680516000000006,-25.0,27.604469319233317,-0.024999999999999977,-0.019999999996938155
1809.0,0.35099875000001013,3.7780562499969816,3.680599250000006,-25.0,27.60588705715878,-0.024999999999999977,-0.01999999999697619
1810.0,0.35113750000001015,3.778132562497019,3.680682500000006,-25.0,27.607303692201185,-0.024999999999999977,-0.01999999999701375
1811.0,0.35127625000001017,3.7782088749970564,3.680765750000006,-25.0,27.60871922504981,-0.024999999999999977,-0.019999999997050846
1812.0,0.3514150000000102,3.7782851874970933,3.680849000000006,-25.0,27.610133656393543,-0.024999999999999977,-0.01999999999708748
1813.0,0.3515537500000102,3.778361499997129,3.680932250000006,-25.0,27.611546986920814,-0.024999999999999977,-0.01999999999712366
1814.0,0.35169250000001023,3.778437812497165,3.681015500000006,-25.0,27.6129592173196,-0.024999999999999977,-0.019999999997159387
1815.0,0.35183125000001025,3.7785141249972,3.681098750000006,-25.0,27.614370348277532,-0.024999999999999977,-0.01999999999719467
1816.0,0.3519700000000103,3.7785904374972348,3.681182000000006,-25.0,27.615780380481738,-0.024999999999999977,-0.01999999999722952
1817.0,0.3521087500000103,3.7786667499972695,3.6812652500000063,-25.0,27.61718931461894,-0.024999999999999977,-0.019999999997263932
1818.0,0.3522475000000103,3.7787430624973033,3.681348500000006,-25.0,27.61859715137541,-0.024999999999999977,-0.01999999999729792
1819.0,0.35238625000001034,3.7788193749973367,3.681431750000006,-25.0,27.62000389143708,-0.024999999999999977,-0.019999999997331482
1820.0,0.35252500000001036,3.7788956874973705,3.6815150000000063,-25.0,27.621409535489306,-0.024999999999999977,-0.01999999999736463
1821.0,0.3526637500000104,3.778971999997403,3.681598250000006,-25.0,27.62281408421711,-0.024999999999999977,-0.019999999997397367
1822.0,0.3528025000000104,3.779048312497435,3.681681500000006,-25.0,27.624217538305118,-0.024999999999999977,-0.019999999997429695
1823.0,0.3529412500000104,3.7791246249974675,3.6817647500000064,-25.0,27.625619898437435,-0.024999999999999977,-0.019999999997461625
1824.0,0.35308000000001044,3.7792009374974986,3.6818480000000062,-25.0,27.627021165297776,-0.024999999999999977,-0.019999999997493155
1825.0,0.35321875000001046,3.77927724999753,3.681931250000006,-25.0,27.628421339569456,-0.024999999999999977,-0.019999999997524293
1826.0,0.3533575000000105,3.7793535624975605,3.6820145000000064,-25.0,27.629820421935335,-0.024999999999999977,-0.019999999997555046
1827.0,0.3534962500000105,3.779429874997591,3.6820977500000063,-25.0,27.631218413077875,-0.024999999999999977,-0.019999999997585418
1828.0,0.3536350000000105,3.7795061874976206,3.682181000000006,-25.0,27.632615313679082,-0.024999999999999977,-0.01999999999761541
1829.0,0.35377375000001055,3.779582499997651,3.6822642500000065,-25.0,27.63401112442051,-0.024999999999999977,-0.019999999997645034
1830.0,0.35391250000001057,3.77965881249768,3.6823475000000063,-25.0,27.63540584598337,-0.024999999999999977,-0.019999999997674288
1831.0,0.3540512500000106,3.7797351249977087,3.682430750000006,-25.0,27.636799479048364,-0.024999999999999977,-0.019999999997703178
1832.0,0.3541900000000106,3.7798114374977376,3.6825140000000065,-25.0,27.638192024295847,-0.024999999999999977,-0.019999999997731707
1833.0,0.35432875000001063,3.7798877499977657,3.6825972500000064,-25.0,27.63958348240567,-0.024999999999999977,-0.019999999997759883
1834.0,0.35446750000001065,3.7799640624977933,3.6826805000000062,-25.0,27.64097385405728,-0.024999999999999977,-0.019999999997787708
1835.0,0.35460625000001067,3.780040374997821,3.6827637500000066,-25.0,27.642363139929728,-0.024999999999999977,-0.01999999999781519
1836.0,0.3547450000000107,3.780116687497848,3.6828470000000064,-25.0,27.64375134070167,-0.024999999999999977,-0.019999999997842327
1837.0,0.3548837500000107,3.780192999997875,3.6829302500000063,-25.0,27.645138457051246,-0.024999999999999977,-0.01999999999786913
1838.0,0.35502250000001073,3.780269312497901,3.683013500000006,-25.0,27.6465244896562,-0.024999999999999977,-0.019999999997895597
1839.0,0.35516125000001075,3.7803456249979277,3.6830967500000065,-25.0,27.64790943919394,-0.024999999999999977,-0.01999999999792174
1840.0,0.3553000000000108,3.780421937497953,3.6831800000000063,-25.0,27.649293306341292,-0.024999999999999977,-0.019999999997947555
1841.0,0.3554387500000108,3.780498249997979,3.683263250000006,-25.0,27.650676091774812,-0.024999999999999977,-0.01999999999797305
1842.0,0.3555775000000108,3.780574562498004,3.6833465000000065,-25.0,27.652057796170595,-0.024999999999999977,-0.019999999997998227
1843.0,0.35571625000001084,3.7806508749980288,3.6834297500000064,-25.0,27.653438420204225,-0.024999999999999977,-0.019999999998023092
1844.0,0.35585500000001086,3.7807271874980533,3.6835130000000063,-25.0,27.654817964551,-0.024999999999999977,-0.01999999999804765
1845.0,0.3559937500000109,3.7808034999980777,3.6835962500000066,-25.0,27.656196429885654,-0.024999999999999977,-0.0199999999980719
1846.0,0.3561325000000109,3.7808798124981013,3.6836795000000064,-25.0,27.657573816882575,-0.024999999999999977,-0.01999999999809585
1847.0,0.3562712500000109,3.780956124998125,3.6837627500000063,-25.0,27.658950126215757,-0.024999999999999977,-0.019999999998119505
1848.0,0.35641000000001094,3.781032437498149,3.6838460000000066,-25.0,27.660325358558737,-0.024999999999999977,-0.019999999998142864
1849.0,0.35654875000001096,3.7811087499981717,3.6839292500000065,-25.0,27.661699514584654,-0.024999999999999977,-0.019999999998165933
1850.0,0.356687500000011,3.7811850624981944,3.6840125000000064,-25.0,27.66307259496614,-0.024999999999999977,-0.019999999998188717
1851.0,0.356826250000011,3.781261374998217,3.6840957500000067,-25.0,27.664444600375532,-0.024999999999999977,-0.019999999998211216
1852.0,0.356965000000011,3.7813376874982394,3.6841790000000065,-25.0,27.665815531484668,-0.024999999999999977,-0.019999999998233434
1853.0,0.35710375000001104,3.7814139999982608,3.6842622500000064,-25.0,27.66718538896498,-0.024999999999999977,-0.01999999999825538
1854.0,0.35724250000001107,3.781490312498283,3.6843455000000067,-25.0,27.668554173487507,-0.024999999999999977,-0.01999999999827705
1855.0,0.3573812500000111,3.7815666249983044,3.6844287500000066,-25.0,27.66992188572283,-0.024999999999999977,-0.019999999998298452
1856.0,0.3575200000000111,3.7816429374983254,3.6845120000000064,-25.0,27.67128852634113,-0.024999999999999977,-0.019999999998319588
1857.0,0.3576587500000111,3.7817192499983467,3.6845952500000068,-25.0,27.67265409601214,-0.024999999999999977,-0.01999999999834046
1858.0,0.35779750000001115,3.781795562498367,3.6846785000000066,-25.0,27.674018595405244,-0.024999999999999977,-0.019999999998361075
1859.0,0.35793625000001117,3.7818718749983873,3.6847617500000065,-25.0,27.67538202518938,-0.024999999999999977,-0.019999999998381434
1860.0,0.3580750000000112,3.7819481874984078,3.684845000000007,-25.0,27.676744386033022,-0.024999999999999977,-0.01999999999840154
1861.0,0.3582137500000112,3.7820244999984274,3.6849282500000067,-25.0,27.678105678604254,-0.024999999999999977,-0.019999999998421395
1862.0,0.35835250000001123,3.7821008124984465,3.6850115000000065,-25.0,27.679465903570758,-0.024999999999999977,-0.019999999998441004
1863.0,0.35849125000001125,3.7821771249984666,3.685094750000007,-25.0,27.680825061599762,-0.024999999999999977,-0.01999999999846037
1864.0,0.3586300000000113,3.7822534374984857,3.6851780000000067,-25.0,27.682183153358153,-0.024999999999999977,-0.019999999998479494
1865.0,0.3587687500000113,3.7823297499985045,3.6852612500000066,-25.0,27.683540179512306,-0.024999999999999977,-0.019999999998498382
1866.0,0.3589075000000113,3.7824060624985236,3.685344500000007,-25.0,27.684896140728256,-0.024999999999999977,-0.019999999998517034
1867.0,0.35904625000001134,3.7824823749985415,3.6854277500000068,-25.0,27.686251037671525,-0.024999999999999977,-0.019999999998535453
1868.0,0.35918500000001136,3.7825586874985597,3.6855110000000066,-25.0,27.687604871007352,-0.024999999999999977,-0.019999999998553647
1869.0,0.3593237500000114,3.782634999998578,3.685594250000007,-25.0,27.688957641400464,-0.024999999999999977,-0.019999999998571612
1870.0,0.3594625000000114,3.7827113124985954,3.685677500000007,-25.0,27.69030934951519,-0.024999999999999977,-0.019999999998589355
1871.0,0.3596012500000114,3.7827876249986128,3.6857607500000067,-25.0,27.691659996015517,-0.024999999999999977,-0.01999999999860688
1872.0,0.35974000000001144,3.7828639374986306,3.685844000000007,-25.0,27.693009581564866,-0.024999999999999977,-0.019999999998624184
1873.0,0.35987875000001146,3.7829402499986475,3.685927250000007,-25.0,27.69435810682637,-0.024999999999999977,-0.019999999998641275
1874.0,0.3600175000000115,3.783016562498664,3.6860105000000067,-25.0,27.695705572462714,-0.024999999999999977,-0.019999999998658154
1875.0,0.3601562500000115,3.7830928749986814,3.686093750000007,-25.0,27.697051979136177,-0.024999999999999977,-0.01999999999867482
1876.0,0.3602950000000115,3.7831691874986975,3.686177000000007,-25.0,27.698397327508587,-0.024999999999999977,-0.019999999998691283
1877.0,0.36043375000001154,3.783245499998714,3.686260250000007,-25.0,27.699741618241376,-0.024999999999999977,-0.01999999999870754
1878.0,0.36057250000001156,3.7833218124987296,3.6863435000000067,-25.0,27.701084851995574,-0.024999999999999977,-0.019999999998723594
1879.0,0.3607112500000116,3.7833981249987456,3.686426750000007,-25.0,27.702427029431817,-0.024999999999999977,-0.01999999999873945
1880.0,0.3608500000000116,3.7834744374987612,3.686510000000007,-25.0,27.703768151210284,-0.024999999999999977,-0.019999999998755107
1881.0,0.3609887500000116,3.783550749998777,3.6865932500000067,-25.0,27.705108217990755,-0.024999999999999977,-0.01999999999877057
1882.0,0.36112750000001165,3.7836270624987924,3.686676500000007,-25.0,27.706447230432616,-0.024999999999999977,-0.019999999998785843
1883.0,0.36126625000001167,3.783703374998807,3.686759750000007,-25.0,27.70778518919485,-0.024999999999999977,-0.019999999998800925
1884.0,0.3614050000000117,3.783779687498822,3.6868430000000068,-25.0,27.709122094935992,-0.024999999999999977,-0.01999999999881582
1885.0,0.3615437500000117,3.783855999998837,3.686926250000007,-25.0,27.710457948314172,-0.024999999999999977,-0.01999999999883053
1886.0,0.36168250000001173,3.7839323124988513,3.687009500000007,-25.0,27.711792749987126,-0.024999999999999977,-0.019999999998845056
1887.0,0.36182125000001175,3.7840086249988656,3.687092750000007,-25.0,27.713126500612134,-0.024999999999999977,-0.019999999998859402
1888.0,0.3619600000000118,3.78408493749888,3.687176000000007,-25.0,27.714459200846136,-0.024999999999999977,-0.01999999999887357
1889.0,0.3620987500000118,3.7841612499988937,3.687259250000007,-25.0,27.715790851345616,-0.024999999999999977,-0.019999999998887564
1890.0,0.3622375000000118,3.7842375624989075,3.687342500000007,-25.0,27.717121452766662,-0.024999999999999977,-0.019999999998901383
1891.0,0.36237625000001183,3.784313874998922,3.687425750000007,-25.0,27.718451005764905,-0.024999999999999977,-0.019999999998915028
1892.0,0.36251500000001186,3.7843901874989347,3.687509000000007,-25.0,27.719779510995693,-0.024999999999999977,-0.019999999998928503
1893.0,0.3626537500000119,3.784466499998948,3.687592250000007,-25.0,27.721106969113805,-0.024999999999999977,-0.019999999998941812
1894.0,0.3627925000000119,3.7845428124989615,3.687675500000007,-25.0,27.722433380773737,-0.024999999999999977,-0.019999999998954958
1895.0,0.3629312500000119,3.7846191249989745,3.687758750000007,-25.0,27.723758746629528,-0.024999999999999977,-0.01999999999896794
1896.0,0.36307000000001194,3.784695437498987,3.687842000000007,-25.0,27.725083067334765,-0.024999999999999977,-0.01999999999898076
1897.0,0.36320875000001196,3.784771749999,3.6879252500000073,-25.0,27.726406343542692,-0.024999999999999977,-0.01999999999899342
1898.0,0.363347500000012,3.7848480624990124,3.688008500000007,-25.0,27.7277285759061,-0.024999999999999977,-0.019999999999005924
1899.0,0.363486250000012,3.7849243749990245,3.688091750000007,-25.0,27.729049765077434,-0.024999999999999977,-0.019999999999018272
1900.0,0.363625000000012,3.7850006874990374,3.6881750000000073,-25.0,27.730369911708635,-0.024999999999999977,-0.019999999999030467
1901.0,0.36376375000001204,3.785076999999049,3.688258250000007,-25.0,27.7316890164513,-0.024999999999999977,-0.01999999999904251
1902.0,0.36390250000001206,3.785153312499061,3.688341500000007,-25.0,27.73300707995662,-0.024999999999999977,-0.019999999999054403
1903.0,0.3640412500000121,3.7852296249990727,3.6884247500000074,-25.0,27.734324102875405,-0.024999999999999977,-0.019999999999066147
1904.0,0.3641800000000121,3.7853059374990843,3.6885080000000072,-25.0,27.735640085857995,-0.024999999999999977,-0.019999999999077745
1905.0,0.3643187500000121,3.7853822499990954,3.688591250000007,-25.0,27.736955029554338,-0.024999999999999977,-0.0199999999990892
1906.0,0.36445750000001215,3.785458562499107,3.6886745000000074,-25.0,27.738268934613984,-0.024999999999999977,-0.019999999999100515
1907.0,0.36459625000001217,3.7855348749991182,3.6887577500000073,-25.0,27.739581801686086,-0.024999999999999977,-0.019999999999111687
1908.0,0.3647350000000122,3.7856111874991294,3.688841000000007,-25.0,27.740893631419397,-0.024999999999999977,-0.01999999999912272
1909.0,0.3648737500000122,3.7856874999991406,3.6889242500000075,-25.0,27.742204424462273,-0.024999999999999977,-0.019999999999133617
1910.0,0.36501250000001223,3.785763812499151,3.6890075000000073,-25.0,27.743514181462615,-0.024999999999999977,-0.01999999999914438
1911.0,0.36515125000001225,3.7858401249991616,3.689090750000007,-25.0,27.744822903067927,-0.024999999999999977,-0.019999999999155006
1912.0,0.36529000000001227,3.7859164374991723,3.6891740000000075,-25.0,27.74613058992537,-0.024999999999999977,-0.0199999999991655
1913.0,0.3654287500000123,3.7859927499991826,3.6892572500000074,-25.0,27.747437242681656,-0.024999999999999977,-0.019999999999175868
1914.0,0.3655675000000123,3.7860690624991924,3.6893405000000072,-25.0,27.74874286198309,-0.024999999999999977,-0.019999999999186106
1915.0,0.36570625000001233,3.786145374999203,3.6894237500000076,-25.0,27.750047448475584,-0.024999999999999977,-0.019999999999196216
1916.0,0.36584500000001235,3.7862216874992125,3.6895070000000074,-25.0,27.751351002804654,-0.024999999999999977,-0.0199999999992062
1917.0,0.3659837500000124,3.786297999999223,3.6895902500000073,-25.0,27.752653525615415,-0.024999999999999977,-0.01999999999921606
1918.0,0.3661225000000124,3.786374312499233,3.6896735000000076,-25.0,27.753955017552528,-0.024999999999999977,-0.0199999999992258
1919.0,0.3662612500000124,3.786450624999242,3.6897567500000075,-25.0,27.755255479260313,-0.024999999999999977,-0.019999999999235418
1920.0,0.36640000000001244,3.786526937499252,3.6898400000000073,-25.0,27.756554911382636,-0.024999999999999977,-0.019999999999244913
1921.0,0.36653875000001246,3.786603249999261,3.689923250000007,-25.0,27.75785331456302,-0.024999999999999977,-0.01999999999925429
1922.0,0.3666775000000125,3.7866795624992706,3.6900065000000075,-25.0,27.75915068944454,-0.024999999999999977,-0.019999999999263555
1923.0,0.3668162500000125,3.786755874999279,3.6900897500000074,-25.0,27.76044703666986,-0.024999999999999977,-0.019999999999272704
1924.0,0.3669550000000125,3.7868321874992885,3.6901730000000073,-25.0,27.761742356881314,-0.024999999999999977,-0.019999999999281738
1925.0,0.36709375000001254,3.7869084999992975,3.6902562500000076,-25.0,27.763036650720778,-0.024999999999999977,-0.01999999999929066
1926.0,0.36723250000001256,3.7869848124993064,3.6903395000000074,-25.0,27.76432991882973,-0.024999999999999977,-0.019999999999299474
1927.0,0.3673712500000126,3.787061124999315,3.6904227500000073,-25.0,27.765622161849194,-0.024999999999999977,-0.019999999999308175
1928.0,0.3675100000000126,3.7871374374993234,3.6905060000000076,-25.0,27.766913380419908,-0.024999999999999977,-0.01999999999931677
1929.0,0.3676487500000126,3.7872137499993324,3.6905892500000075,-25.0,27.768203575182156,-0.024999999999999977,-0.019999999999325255
1930.0,0.36778750000001265,3.78729006249934,3.6906725000000073,-25.0,27.769492746775768,-0.024999999999999977,-0.019999999999333638
1931.0,0.36792625000001267,3.787366374999349,3.6907557500000077,-25.0,27.77078089584029,-0.024999999999999977,-0.019999999999341916
1932.0,0.3680650000000127,3.7874426874993565,3.6908390000000075,-25.0,27.772068023014754,-0.024999999999999977,-0.01999999999935009
1933.0,0.3682037500000127,3.787518999999365,3.6909222500000074,-25.0,27.773354128937854,-0.024999999999999977,-0.019999999999358163
1934.0,0.36834250000001273,3.787595312499373,3.6910055000000077,-25.0,27.774639214247884,-0.024999999999999977,-0.019999999999366136
1935.0,0.36848125000001275,3.7876716249993807,3.6910887500000076,-25.0,27.77592327958274,-0.024999999999999977,-0.019999999999374008
1936.0,0.36862000000001277,3.7877479374993888,3.6911720000000074,-25.0,27.77720632557987,-0.024999999999999977,-0.019999999999381783
1937.0,0.3687587500000128,3.7878242499993964,3.6912552500000078,-25.0,27.778488352876366,-0.024999999999999977,-0.01999999999938946
1938.0,0.3688975000000128,3.787900562499404,3.6913385000000076,-25.0,27.779769362108937,-0.024999999999999977,-0.019999999999397045
1939.0,0.36903625000001283,3.787976874999411,3.6914217500000075,-25.0,27.781049353913886,-0.024999999999999977,-0.019999999999404536
1940.0,0.36917500000001285,3.788053187499419,3.691505000000008,-25.0,27.782328328927065,-0.024999999999999977,-0.019999999999411933
1941.0,0.3693137500000129,3.788129499999426,3.6915882500000077,-25.0,27.783606287783982,-0.024999999999999977,-0.019999999999419236
1942.0,0.3694525000000129,3.788205812499433,3.6916715000000075,-25.0,27.78488323111975,-0.024999999999999977,-0.01999999999942645
1943.0,0.3695912500000129,3.7882821249994403,3.691754750000008,-25.0,27.786159159569024,-0.024999999999999977,-0.01999999999943357
1944.0,0.36973000000001294,3.7883584374994475,3.6918380000000077,-25.0,27.78743407376618,-0.024999999999999977,-0.019999999999440608
1945.0,0.36986875000001296,3.7884347499994546,3.6919212500000076,-25.0,27.788707974345073,-0.024999999999999977,-0.019999999999447557
1946.0,0.370007500000013,3.7885110624994613,3.692004500000008,-25.0,27.789980861939227,-0.024999999999999977,-0.01999999999945442
1947.0,0.370146250000013,3.7885873749994685,3.6920877500000078,-25.0,27.791252737181765,-0.024999999999999977,-0.019999999999461195
1948.0,0.370285000000013,3.788663687499475,3.6921710000000076,-25.0,27.792523600705408,-0.024999999999999977,-0.019999999999467888
1949.0,0.37042375000001304,3.788739999999482,3.692254250000008,-25.0,27.793793453142484,-0.024999999999999977,-0.019999999999474497
1950.0,0.37056250000001306,3.788816312499488,3.692337500000008,-25.0,27.79506229512492,-0.024999999999999977,-0.019999999999481023
1951.0,0.3707012500000131,3.7888926249994945,3.6924207500000077,-25.0,27.796330127284193,-0.024999999999999977,-0.01999999999948747
1952.0,0.3708400000000131,3.788968937499501,3.692504000000008,-25.0,27.79759695025149,-0.024999999999999977,-0.019999999999493836
1953.0,0.3709787500000131,3.789045249999507,3.692587250000008,-25.0,27.7988627646576,-0.024999999999999977,-0.019999999999500122
1954.0,0.37111750000001315,3.7891215624995134,3.6926705000000077,-25.0,27.800127571132805,-0.024999999999999977,-0.019999999999506333
1955.0,0.37125625000001317,3.7891978749995197,3.692753750000008,-25.0,27.8013913703071,-0.024999999999999977,-0.019999999999512463
1956.0,0.3713950000000132,3.789274187499526,3.692837000000008,-25.0,27.80265416281003,-0.024999999999999977,-0.019999999999518518
1957.0,0.3715337500000132,3.7893504999995313,3.692920250000008,-25.0,27.803915949270788,-0.024999999999999977,-0.0199999999995245
1958.0,0.37167250000001323,3.7894268124995376,3.6930035000000077,-25.0,27.805176730318124,-0.024999999999999977,-0.019999999999530404
1959.0,0.37181125000001325,3.7895031249995434,3.693086750000008,-25.0,27.80643650658044,-0.024999999999999977,-0.019999999999536236
1960.0,0.37195000000001327,3.7895794374995493,3.693170000000008,-25.0,27.807695278685685,-0.024999999999999977,-0.019999999999541995
1961.0,0.3720887500000133,3.7896557499995542,3.6932532500000077,-25.0,27.808953047261525,-0.024999999999999977,-0.019999999999547685
1962.0,0.3722275000000133,3.7897320624995605,3.693336500000008,-25.0,27.810209812935113,-0.024999999999999977,-0.019999999999553302
1963.0,0.37236625000001333,3.7898083749995664,3.693419750000008,-25.0,27.811465576333262,-0.024999999999999977,-0.01999999999955885
1964.0,0.37250500000001335,3.7898846874995713,3.6935030000000078,-25.0,27.812720338082443,-0.024999999999999977,-0.019999999999564328
1965.0,0.3726437500000134,3.789960999999577,3.693586250000008,-25.0,27.813974098808615,-0.024999999999999977,-0.01999999999956974
1966.0,0.3727825000000134,3.790037312499582,3.693669500000008,-25.0,27.81522685913751,-0.024999999999999977,-0.019999999999575083
1967.0,0.3729212500000134,3.7901136249995875,3.693752750000008,-25.0,27.816478619694294,-0.024999999999999977,-0.01999999999958036
1968.0,0.37306000000001344,3.790189937499593,3.693836000000008,-25.0,27.817729381103845,-0.024999999999999977,-0.01999999999958557
1969.0,0.37319875000001346,3.790266249999598,3.693919250000008,-25.0,27.818979143990646,-0.024999999999999977,-0.01999999999959072
1970.0,0.3733375000000135,3.7903425624996028,3.694002500000008,-25.0,27.82022790897878,-0.024999999999999977,-0.019999999999595803
1971.0,0.3734762500000135,3.790418874999608,3.694085750000008,-25.0,27.821475676691932,-0.024999999999999977,-0.019999999999600823
1972.0,0.3736150000000135,3.790495187499613,3.694169000000008,-25.0,27.822722447753392,-0.024999999999999977,-0.01999999999960578
1973.0,0.37375375000001354,3.7905714999996176,3.694252250000008,-25.0,27.82396822278605,-0.024999999999999977,-0.019999999999610676
1974.0,0.37389250000001356,3.790647812499623,3.694335500000008,-25.0,27.825213002412454,-0.024999999999999977,-0.019999999999615513
1975.0,0.3740312500000136,3.7907241249996275,3.694418750000008,-25.0,27.8264567872547,-0.024999999999999977,-0.019999999999620287
1976.0,0.3741700000000136,3.7908004374996325,3.694502000000008,-25.0,27.82769957793454,-0.024999999999999977,-0.019999999999625002
1977.0,0.3743087500000136,3.790876749999637,3.6945852500000083,-25.0,27.828941375073327,-0.024999999999999977,-0.019999999999629658
1978.0,0.37444750000001364,3.7909530624996415,3.694668500000008,-25.0,27.830182179292024,-0.024999999999999977,-0.019999999999634258
1979.0,0.37458625000001367,3.791029374999646,3.694751750000008,-25.0,27.831421991211243,-0.024999999999999977,-0.0199999999996388
1980.0,0.3747250000000137,3.791105687499651,3.6948350000000083,-25.0,27.832660811451092,-0.024999999999999977,-0.019999999999643286
1981.0,0.3748637500000137,3.7911819999996554,3.694918250000008,-25.0,27.833898640631446,-0.024999999999999977,-0.019999999999647716
1982.0,0.3750025000000137,3.7912583124996595,3.695001500000008,-25.0,27.835135479371672,-0.024999999999999977,-0.01999999999965209
1983.0,0.37514125000001375,3.791334624999664,3.6950847500000084,-25.0,27.836371328290795,-0.024999999999999977,-0.01999999999965641
1984.0,0.37528000000001377,3.791410937499668,3.6951680000000082,-25.0,27.8376061880075,-0.024999999999999977,-0.019999999999660678
1985.0,0.3754187500000138,3.791487249999672,3.695251250000008,-25.0,27.83884005914001,-0.024999999999999977,-0.019999999999664893
1986.0,0.3755575000000138,3.7915635624996766,3.6953345000000084,-25.0,27.840072942306165,-0.024999999999999977,-0.019999999999669057
1987.0,0.37569625000001383,3.7916398749996807,3.6954177500000083,-25.0,27.84130483812345,-0.024999999999999977,-0.019999999999673168
1988.0,0.37583500000001385,3.7917161874996843,3.695501000000008,-25.0,27.842535747209013,-0.024999999999999977,-0.019999999999677227
1989.0,0.3759737500000139,3.791792499999689,3.6955842500000085,-25.0,27.843765670179494,-0.024999999999999977,-0.019999999999681235
1990.0,0.3761125000000139,3.791868812499693,3.6956675000000083,-25.0,27.844994607651245,-0.024999999999999977,-0.019999999999685193
1991.0,0.3762512500000139,3.7919451249996965,3.695750750000008,-25.0,27.84622256024022,-0.024999999999999977,-0.019999999999689103
1992.0,0.37639000000001394,3.792021437499701,3.6958340000000085,-25.0,27.847449528561924,-0.024999999999999977,-0.019999999999692965
1993.0,0.37652875000001396,3.792097749999704,3.6959172500000084,-25.0,27.84867551323157,-0.024999999999999977,-0.019999999999696778
1994.0,0.376667500000014,3.7921740624997082,3.6960005000000082,-25.0,27.84990051486392,-0.024999999999999977,-0.019999999999700542
1995.0,0.376806250000014,3.792250374999712,3.6960837500000085,-25.0,27.851124534073392,-0.024999999999999977,-0.01999999999970426
1996.0,0.376945000000014,3.7923266874997155,3.6961670000000084,-25.0,27.852347571473956,-0.024999999999999977,-0.019999999999707935
1997.0,0.37708375000001404,3.7924029999997186,3.6962502500000083,-25.0,27.853569627679292,-0.024999999999999977,-0.019999999999711564
1998.0,0.37722250000001406,3.792479312499723,3.6963335000000086,-25.0,27.854790703302626,-0.024999999999999977,-0.01999999999971515
1999.0,0.3773612500000141,3.7925556249997268,3.6964167500000085,-25.0,27.856010798956788,-0.024999999999999977,-0.019999999999718687
2000.0,0.3775000000000141,3.7926319374997295,3.6965000000000083,-25.0,27.857229915254322,-0.024999999999999977,-0.01999999999972218
2001.0,0.3776387500000141,3.792708249999733,3.696583250000008,-25.0,27.85844805280726,-0.024999999999999977,-0.019999999999725633
2002.0,0.37777750000001414,3.7927845624997367,3.6966665000000085,-25.0,27.859665212227355,-0.024999999999999977,-0.01999999999972904
2003.0,0.37791625000001416,3.79286087499974,3.6967497500000084,-25.0,27.860881394125954,-0.024999999999999977,-0.019999999999732405
2004.0,0.3780550000000142,3.792937187499743,3.6968330000000083,-25.0,27.86209659911401,-0.024999999999999977,-0.01999999999973573
2005.0,0.3781937500000142,3.7930134999997467,3.6969162500000086,-25.0,27.86331082780208,-0.024999999999999977,-0.01999999999973901
2006.0,0.3783325000000142,3.7930898124997503,3.6969995000000084,-25.0,27.864524080800322,-0.024999999999999977,-0.01999999999974225
2007.0,0.37847125000001425,3.793166124999753,3.6970827500000083,-25.0,27.86573635871855,-0.024999999999999977,-0.019999999999745454
2008.0,0.37861000000001427,3.7932424374997566,3.6971660000000086,-25.0,27.86694766216624,-0.024999999999999977,-0.019999999999748615
2009.0,0.3787487500000143,3.7933187499997594,3.6972492500000085,-25.0,27.868157991752412,-0.024999999999999977,-0.019999999999751737
2010.0,0.3788875000000143,3.7933950624997625,3.6973325000000083,-25.0,27.86936734808569,-0.024999999999999977,-0.01999999999975482
2011.0,0.37902625000001433,3.7934713749997657,3.6974157500000087,-25.0,27.87057573177441,-0.024999999999999977,-0.019999999999757868
2012.0,0.37916500000001435,3.7935476874997685,3.6974990000000085,-25.0,27.8717831434264,-0.024999999999999977,-0.019999999999760876
2013.0,0.3793037500000144,3.793623999999771,3.6975822500000084,-25.0,27.872989583649257,-0.024999999999999977,-0.019999999999763846
2014.0,0.3794425000000144,3.793700312499775,3.6976655000000087,-25.0,27.87419505305013,-0.024999999999999977,-0.019999999999766777
2015.0,0.3795812500000144,3.793776624999777,3.6977487500000086,-25.0,27.875399552235706,-0.024999999999999977,-0.019999999999769674
2016.0,0.37972000000001443,3.7938529374997803,3.6978320000000084,-25.0,27.876603081812448,-0.024999999999999977,-0.019999999999772533
2017.0,0.37985875000001446,3.7939292499997834,3.6979152500000088,-25.0,27.877805642386306,-0.024999999999999977,-0.019999999999775357
2018.0,0.3799975000000145,3.7940055624997857,3.6979985000000086,-25.0,27.87900723456295,-0.024999999999999977,-0.019999999999778147
2019.0,0.3801362500000145,3.794081874999789,3.6980817500000085,-25.0,27.880207858947585,-0.024999999999999977,-0.0199999999997809
2020.0,0.3802750000000145,3.7941581874997916,3.698165000000009,-25.0,27.881407516145146,-0.024999999999999977,-0.01999999999978362
2021.0,0.38041375000001454,3.7942344999997943,3.6982482500000087,-25.0,27.882606206760045,-0.024999999999999977,-0.01999999999978631
2022.0,0.38055250000001456,3.7943108124997966,3.6983315000000085,-25.0,27.88380393139647,-0.024999999999999977,-0.019999999999788964
2023.0,0.3806912500000146,3.7943871249998,3.698414750000009,-25.0,27.885000690658103,-0.024999999999999977,-0.019999999999791584
2024.0,0.3808300000000146,3.794463437499802,3.6984980000000087,-25.0,27.886196485148332,-0.024999999999999977,-0.019999999999794172
2025.0,0.3809687500000146,3.7945397499998044,3.6985812500000086,-25.0,27.887391315470097,-0.024999999999999977,-0.01999999999979673
2026.0,0.38110750000001464,3.7946160624998075,3.698664500000009,-25.0,27.888585182226052,-0.024999999999999977,-0.019999999999799255
2027.0,0.38124625000001466,3.79469237499981,3.6987477500000088,-25.0,27.889778086018396,-0.024999999999999977,-0.01999999999980175
2028.0,0.3813850000000147,3.794768687499812,3.6988310000000086,-25.0,27.890970027448986,-0.024999999999999977,-0.019999999999804213
2029.0,0.3815237500000147,3.794844999999815,3.698914250000009,-25.0,27.89216100711934,-0.024999999999999977,-0.019999999999806645
2030.0,0.3816625000000147,3.794921312499817,3.698997500000009,-25.0,27.893351025630523,-0.024999999999999977,-0.019999999999809046
2031.0,0.38180125000001475,3.794997624999819,3.6990807500000087,-25.0,27.89454008358325,-0.024999999999999977,-0.01999999999981142
2032.0,0.38194000000001477,3.795073937499822,3.699164000000009,-25.0,27.89572818157791,-0.024999999999999977,-0.01999999999981376
2033.0,0.3820787500000148,3.7951502499998244,3.699247250000009,-25.0,27.89691532021442,-0.024999999999999977,-0.019999999999816075
2034.0,0.3822175000000148,3.7952265624998263,3.6993305000000087,-25.0,27.898101500092423,-0.024999999999999977,-0.019999999999818358
2035.0,0.38235625000001483,3.795302874999829,3.699413750000009,-25.0,27.89928672181111,-0.024999999999999977,-0.019999999999820613
2036.0,0.38249500000001485,3.795379187499831,3.699497000000009,-25.0,27.900470985969378,-0.024999999999999977,-0.01999999999982284
2037.0,0.38263375000001487,3.795455499999833,3.699580250000009,-25.0,27.90165429316562,-0.024999999999999977,-0.01999999999982504
2038.0,0.3827725000000149,3.7955318124998354,3.699663500000009,-25.0,27.902836643998,-0.024999999999999977,-0.01999999999982721
2039.0,0.3829112500000149,3.7956081249998377,3.699746750000009,-25.0,27.904018039064226,-0.024999999999999977,-0.019999999999829356
2040.0,0.38305000000001493,3.795684437499839,3.699830000000009,-25.0,27.905198478961665,-0.024999999999999977,-0.019999999999831476
2041.0,0.38318875000001495,3.7957607499998414,3.6999132500000087,-25.0,27.906377964287287,-0.024999999999999977,-0.019999999999833568
2042.0,0.383327500000015,3.795837062499844,3.699996500000009,-25.0,27.90755649563772,-0.024999999999999977,-0.019999999999835635
2043.0,0.383466250000015,3.7959133749998455,3.700079750000009,-25.0,27.908734073609196,-0.024999999999999977,-0.019999999999837675
2044.0,0.383605000000015,3.7959896874998478,3.7001630000000088,-25.0,27.909910698797546,-0.024999999999999977,-0.01999999999983969
2045.0,0.38374375000001504,3.7960659999998496,3.700246250000009,-25.0,27.91108637179832,-0.024999999999999977,-0.019999999999841683
2046.0,0.38388250000001506,3.796142312499852,3.700329500000009,-25.0,27.912261093206553,-0.024999999999999977,-0.01999999999984365
2047.0,0.3840212500000151,3.7962186249998533,3.700412750000009,-25.0,27.913434863617056,-0.024999999999999977,-0.019999999999845593
2048.0,0.3841600000000151,3.796294937499856,3.700496000000009,-25.0,27.914607683624183,-0.024999999999999977,-0.01999999999984751
2049.0,0.3842987500000151,3.7963712499998574,3.700579250000009,-25.0,27.915779553821892,-0.024999999999999977,-0.019999999999849406
2050.0,0.38443750000001514,3.7964475624998593,3.700662500000009,-25.0,27.916950474803855,-0.024999999999999977,-0.019999999999851276
2051.0,0.38457625000001516,3.7965238749998615,3.700745750000009,-25.0,27.918120447163346,-0.024999999999999977,-0.01999999999985312
2052.0,0.3847150000000152,3.796600187499863,3.700829000000009,-25.0,27.919289471493244,-0.024999999999999977,-0.019999999999854946
2053.0,0.3848537500000152,3.796676499999865,3.700912250000009,-25.0,27.920457548386082,-0.024999999999999977,-0.019999999999856747
2054.0,0.3849925000000152,3.7967528124998666,3.700995500000009,-25.0,27.921624678433943,-0.024999999999999977,-0.019999999999858527
2055.0,0.38513125000001525,3.7968291249998685,3.701078750000009,-25.0,27.92279086222868,-0.024999999999999977,-0.019999999999860282
2056.0,0.38527000000001527,3.79690543749987,3.701162000000009,-25.0,27.923956100361636,-0.024999999999999977,-0.019999999999862017
2057.0,0.3854087500000153,3.796981749999872,3.7012452500000093,-25.0,27.925120393423924,-0.024999999999999977,-0.01999999999986373
2058.0,0.3855475000000153,3.7970580624998735,3.701328500000009,-25.0,27.92628374200615,-0.024999999999999977,-0.019999999999865424
2059.0,0.38568625000001533,3.7971343749998754,3.701411750000009,-25.0,27.927446146698628,-0.024999999999999977,-0.019999999999867096
2060.0,0.38582500000001535,3.7972106874998772,3.7014950000000093,-25.0,27.92860760809134,-0.024999999999999977,-0.019999999999868748
2061.0,0.38596375000001537,3.7972869999998786,3.701578250000009,-25.0,27.92976812677381,-0.024999999999999977,-0.01999999999987038
2062.0,0.3861025000000154,3.7973633124998805,3.701661500000009,-25.0,27.930927703335215,-0.024999999999999977,-0.019999999999871988
2063.0,0.3862412500000154,3.797439624999882,3.7017447500000094,-25.0,27.9320863383644,-0.024999999999999977,-0.019999999999873577
2064.0,0.38638000000001543,3.7975159374998837,3.7018280000000092,-25.0,27.933244032449807,-0.024999999999999977,-0.019999999999875145
2065.0,0.38651875000001545,3.7975922499998847,3.701911250000009,-25.0,27.934400786179538,-0.024999999999999977,-0.019999999999876696
2066.0,0.3866575000000155,3.797668562499887,3.7019945000000094,-25.0,27.935556600141297,-0.024999999999999977,-0.019999999999878226
2067.0,0.3867962500000155,3.797744874999888,3.7020777500000093,-25.0,27.936711474922447,-0.024999999999999977,-0.01999999999987974
2068.0,0.3869350000000155,3.7978211874998897,3.702161000000009,-25.0,27.93786541111001,-0.024999999999999977,-0.01999999999988123
2069.0,0.38707375000001554,3.7978974999998916,3.7022442500000095,-25.0,27.939018409290554,-0.024999999999999977,-0.019999999999882705
2070.0,0.38721250000001556,3.7979738124998925,3.7023275000000093,-25.0,27.94017047005036,-0.024999999999999977,-0.019999999999884163
2071.0,0.3873512500000156,3.798050124999894,3.702410750000009,-25.0,27.941321593975317,-0.024999999999999977,-0.019999999999885602
2072.0,0.3874900000000156,3.7981264374998958,3.7024940000000095,-25.0,27.942471781650966,-0.024999999999999977,-0.01999999999988702
2073.0,0.3876287500000156,3.798202749999897,3.7025772500000094,-25.0,27.943621033662453,-0.024999999999999977,-0.019999999999888423
2074.0,0.38776750000001564,3.798279062499898,3.7026605000000092,-25.0,27.944769350594527,-0.024999999999999977,-0.019999999999889807
2075.0,0.38790625000001566,3.7983553749999,3.7027437500000095,-25.0,27.945916733031652,-0.024999999999999977,-0.019999999999891174
2076.0,0.3880450000000157,3.798431687499901,3.7028270000000094,-25.0,27.947063181557894,-0.024999999999999977,-0.019999999999892524
2077.0,0.3881837500000157,3.7985079999999023,3.7029102500000093,-25.0,27.94820869675692,-0.024999999999999977,-0.01999999999989386
2078.0,0.3883225000000157,3.798584312499904,3.7029935000000096,-25.0,27.949353279212062,-0.024999999999999977,-0.019999999999895178
2079.0,0.38846125000001575,3.798660624999905,3.7030767500000095,-25.0,27.9504969295063,-0.024999999999999977,-0.01999999999989648
2080.0,0.38860000000001577,3.7987369374999065,3.7031600000000093,-25.0,27.951639648222226,-0.024999999999999977,-0.019999999999897763
2081.0,0.3887387500000158,3.7988132499999074,3.703243250000009,-25.0,27.952781435942086,-0.024999999999999977,-0.019999999999899033
2082.0,0.3888775000000158,3.798889562499909,3.7033265000000095,-25.0,27.95392229324773,-0.024999999999999977,-0.019999999999900285
2083.0,0.38901625000001583,3.79896587499991,3.7034097500000094,-25.0,27.95506222072072,-0.024999999999999977,-0.019999999999901524
2084.0,0.38915500000001585,3.799042187499911,3.7034930000000092,-25.0,27.95620121894217,-0.024999999999999977,-0.019999999999902745
2085.0,0.38929375000001587,3.7991184999999126,3.7035762500000096,-25.0,27.957339288492847,-0.024999999999999977,-0.019999999999903952
2086.0,0.3894325000000159,3.7991948124999135,3.7036595000000094,-25.0,27.95847642995318,-0.024999999999999977,-0.019999999999905146
2087.0,0.3895712500000159,3.799271124999915,3.7037427500000093,-25.0,27.9596126439032,-0.024999999999999977,-0.019999999999906322
2088.0,0.38971000000001593,3.7993474374999163,3.7038260000000096,-25.0,27.96074793092265,-0.024999999999999977,-0.019999999999907484
2089.0,0.38984875000001595,3.7994237499999173,3.7039092500000095,-25.0,27.961882291590825,-0.024999999999999977,-0.019999999999908633
2090.0,0.389987500000016,3.7995000624999182,3.7039925000000093,-25.0,27.96301572648673,-0.024999999999999977,-0.019999999999909767
2091.0,0.390126250000016,3.7995763749999196,3.7040757500000097,-25.0,27.96414823618892,-0.024999999999999977,-0.019999999999910888
2092.0,0.390265000000016,3.7996526874999206,3.7041590000000095,-25.0,27.965279821275658,-0.024999999999999977,-0.019999999999911994
2093.0,0.39040375000001604,3.7997289999999215,3.7042422500000094,-25.0,27.966410482324875,-0.024999999999999977,-0.019999999999913087
2094.0,0.39054250000001606,3.799805312499923,3.7043255000000097,-25.0,27.967540219914042,-0.024999999999999977,-0.019999999999914166
2095.0,0.3906812500000161,3.799881624999924,3.7044087500000096,-25.0,27.968669034620348,-0.024999999999999977,-0.01999999999991523
2096.0,0.3908200000000161,3.799957937499925,3.7044920000000094,-25.0,27.96979692702058,-0.024999999999999977,-0.019999999999916283
2097.0,0.3909587500000161,3.8000342499999262,3.7045752500000098,-25.0,27.970923897691193,-0.024999999999999977,-0.019999999999917323
2098.0,0.39109750000001614,3.800110562499927,3.7046585000000096,-25.0,27.972049947208234,-0.024999999999999977,-0.01999999999991835
2099.0,0.39123625000001616,3.8001868749999277,3.7047417500000095,-25.0,27.97317507614747,-0.024999999999999977,-0.019999999999919364
2100.0,0.3913750000000162,3.8002631874999295,3.70482500000001,-25.0,27.97429928508427,-0.024999999999999977,-0.019999999999920366
2101.0,0.3915137500000162,3.80033949999993,3.7049082500000097,-25.0,27.97542257459361,-0.024999999999999977,-0.019999999999921355
2102.0,0.3916525000000162,3.800415812499931,3.7049915000000095,-25.0,27.97654494525011,-0.024999999999999977,-0.01999999999992233
2103.0,0.39179125000001624,3.800492124999932,3.70507475000001,-25.0,27.97766639762807,-0.024999999999999977,-0.019999999999923294
2104.0,0.39193000000001627,3.800568437499933,3.7051580000000097,-25.0,27.978786932301432,-0.024999999999999977,-0.019999999999924245
2105.0,0.3920687500000163,3.800644749999934,3.7052412500000096,-25.0,27.979906549843747,-0.024999999999999977,-0.019999999999925185
2106.0,0.3922075000000163,3.8007210624999352,3.70532450000001,-25.0,27.981025250828225,-0.024999999999999977,-0.019999999999926115
2107.0,0.39234625000001633,3.800797374999936,3.7054077500000098,-25.0,27.982143035827733,-0.024999999999999977,-0.01999999999992703
2108.0,0.39248500000001635,3.8008736874999367,3.7054910000000096,-25.0,27.98325990541474,-0.024999999999999977,-0.019999999999927937
2109.0,0.39262375000001637,3.800949999999938,3.70557425000001,-25.0,27.98437586016138,-0.024999999999999977,-0.01999999999992883
2110.0,0.3927625000000164,3.8010263124999386,3.70565750000001,-25.0,27.985490900639377,-0.024999999999999977,-0.019999999999929716
2111.0,0.3929012500000164,3.8011026249999396,3.7057407500000097,-25.0,27.98660502742024,-0.024999999999999977,-0.019999999999930587
2112.0,0.39304000000001643,3.8011789374999405,3.70582400000001,-25.0,27.98771824107496,-0.024999999999999977,-0.019999999999931448
2113.0,0.39317875000001645,3.8012552499999415,3.70590725000001,-25.0,27.9888305421743,-0.024999999999999977,-0.019999999999932298
2114.0,0.3933175000000165,3.801331562499942,3.7059905000000097,-25.0,27.98994193128857,-0.024999999999999977,-0.019999999999933137
2115.0,0.3934562500000165,3.801407874999943,3.70607375000001,-25.0,27.99105240898774,-0.024999999999999977,-0.019999999999933966
2116.0,0.3935950000000165,3.801484187499944,3.70615700000001,-25.0,27.992161975841498,-0.024999999999999977,-0.019999999999934785
2117.0,0.39373375000001654,3.8015604999999444,3.70624025000001,-25.0,27.99327063241907,-0.024999999999999977,-0.019999999999935594
2118.0,0.39387250000001656,3.801636812499946,3.70632350000001,-25.0,27.994378379289458,-0.024999999999999977,-0.01999999999993639
2119.0,0.3940112500000166,3.8017131249999463,3.70640675000001,-25.0,27.995485217021155,-0.024999999999999977,-0.019999999999937183
2120.0,0.3941500000000166,3.801789437499947,3.70649000000001,-25.0,27.996591146182368,-0.024999999999999977,-0.019999999999937963
2121.0,0.3942887500000166,3.8018657499999473,3.7065732500000097,-25.0,27.99769616734102,-0.024999999999999977,-0.019999999999938733
2122.0,0.39442750000001664,3.8019420624999487,3.70665650000001,-25.0,27.998800281064575,-0.024999999999999977,-0.019999999999939493
2123.0,0.39456625000001666,3.802018374999949,3.70673975000001,-25.0,27.999903487920164,-0.024999999999999977,-0.019999999999940243
2124.0,0.3947050000000167,3.8020946874999497,3.7068230000000097,-25.0,28.001005788474572,-0.024999999999999977,-0.019999999999940985
2125.0,0.3948437500000167,3.802170999999951,3.70690625000001,-25.0,28.0021071832943,-0.024999999999999977,-0.019999999999941717
2126.0,0.3949825000000167,3.802247312499951,3.70698950000001,-25.0,28.003207672945393,-0.024999999999999977,-0.01999999999994244
2127.0,0.39512125000001674,3.802323624999952,3.70707275000001,-25.0,28.00430725799356,-0.024999999999999977,-0.019999999999943154
2128.0,0.39526000000001676,3.802399937499953,3.70715600000001,-25.0,28.005405939004163,-0.024999999999999977,-0.019999999999943858
2129.0,0.3953987500000168,3.8024762499999536,3.70723925000001,-25.0,28.006503716542284,-0.024999999999999977,-0.019999999999944555
2130.0,0.3955375000000168,3.802552562499954,3.70732250000001,-25.0,28.007600591172547,-0.024999999999999977,-0.019999999999945242
2131.0,0.3956762500000168,3.802628874999955,3.70740575000001,-25.0,28.008696563459296,-0.024999999999999977,-0.019999999999945922
2132.0,0.39581500000001685,3.802705187499956,3.70748900000001,-25.0,28.00979163396653,-0.024999999999999977,-0.019999999999946592
2133.0,0.39595375000001687,3.802781499999956,3.70757225000001,-25.0,28.010885803257793,-0.024999999999999977,-0.019999999999947254
2134.0,0.3960925000000169,3.8028578124999575,3.70765550000001,-25.0,28.011979071896405,-0.024999999999999977,-0.01999999999994791
2135.0,0.3962312500000169,3.8029341249999575,3.70773875000001,-25.0,28.01307144044523,-0.024999999999999977,-0.019999999999948555
2136.0,0.39637000000001693,3.8030104374999585,3.70782200000001,-25.0,28.014162909466847,-0.024999999999999977,-0.019999999999949194
2137.0,0.39650875000001695,3.803086749999959,3.7079052500000103,-25.0,28.015253479523437,-0.024999999999999977,-0.019999999999949825
2138.0,0.396647500000017,3.8031630624999595,3.70798850000001,-25.0,28.01634315117684,-0.024999999999999977,-0.019999999999950446
2139.0,0.396786250000017,3.80323937499996,3.70807175000001,-25.0,28.017431924988614,-0.024999999999999977,-0.01999999999995106
2140.0,0.396925000000017,3.803315687499961,3.7081550000000103,-25.0,28.018519801519858,-0.024999999999999977,-0.019999999999951668
2141.0,0.39706375000001704,3.8033919999999615,3.70823825000001,-25.0,28.01960678133139,-0.024999999999999977,-0.019999999999952268
2142.0,0.39720250000001706,3.803468312499962,3.70832150000001,-25.0,28.020692864983687,-0.024999999999999977,-0.01999999999995286
2143.0,0.3973412500000171,3.803544624999963,3.7084047500000104,-25.0,28.021778053036826,-0.024999999999999977,-0.019999999999953447
2144.0,0.3974800000000171,3.803620937499963,3.70848800000001,-25.0,28.022862346050545,-0.024999999999999977,-0.019999999999954023
2145.0,0.3976187500000171,3.803697249999964,3.70857125000001,-25.0,28.02394574458424,-0.024999999999999977,-0.019999999999954592
2146.0,0.39775750000001714,3.8037735624999645,3.7086545000000104,-25.0,28.02502824919702,-0.024999999999999977,-0.019999999999955154
2147.0,0.39789625000001716,3.803849874999965,3.7087377500000103,-25.0,28.026109860447548,-0.024999999999999977,-0.01999999999995571
2148.0,0.3980350000000172,3.803926187499965,3.70882100000001,-25.0,28.027190578894135,-0.024999999999999977,-0.019999999999956258
2149.0,0.3981737500000172,3.8040024999999664,3.7089042500000104,-25.0,28.028270405094815,-0.024999999999999977,-0.0199999999999568
2150.0,0.3983125000000172,3.804078812499967,3.7089875000000103,-25.0,28.02934933960728,-0.024999999999999977,-0.019999999999957333
2151.0,0.39845125000001724,3.804155124999967,3.70907075000001,-25.0,28.030427382988762,-0.024999999999999977,-0.019999999999957864
2152.0,0.39859000000001726,3.804231437499968,3.7091540000000105,-25.0,28.031504535796273,-0.024999999999999977,-0.019999999999958388
2153.0,0.3987287500000173,3.804307749999968,3.7092372500000104,-25.0,28.032580798586423,-0.024999999999999977,-0.019999999999958905
2154.0,0.3988675000000173,3.804384062499969,3.7093205000000102,-25.0,28.033656171915425,-0.024999999999999977,-0.019999999999959415
2155.0,0.3990062500000173,3.8044603749999695,3.7094037500000105,-25.0,28.034730656339207,-0.024999999999999977,-0.019999999999959918
2156.0,0.39914500000001735,3.80453668749997,3.7094870000000104,-25.0,28.035804252413357,-0.024999999999999977,-0.019999999999960414
2157.0,0.39928375000001737,3.8046129999999705,3.7095702500000103,-25.0,28.03687696069312,-0.024999999999999977,-0.019999999999960907
2158.0,0.3994225000000174,3.804689312499971,3.7096535000000106,-25.0,28.03794878173329,-0.024999999999999977,-0.019999999999961392
2159.0,0.3995612500000174,3.8047656249999715,3.7097367500000105,-25.0,28.039019716088433,-0.024999999999999977,-0.01999999999996187
2160.0,0.39970000000001743,3.8048419374999716,3.7098200000000103,-25.0,28.040089764312768,-0.024999999999999977,-0.019999999999962343
2161.0,0.39983875000001745,3.8049182499999725,3.7099032500000106,-25.0,28.041158926960065,-0.024999999999999977,-0.01999999999996281
2162.0,0.39997750000001747,3.8049945624999726,3.7099865000000105,-25.0,28.042227204583867,-0.024999999999999977,-0.019999999999963273
2163.0,0.4001162500000175,3.8050592499999714,3.7100581250000086,-25.0,28.04329459773726,-0.024999999999999977,-0.019999999999963727
2164.0,0.4002550000000175,3.8051274999999727,3.710127500000009,-25.0,28.044361288613686,-0.024999999999999977,-0.01999999999996418
2165.0,0.40039375000001753,3.805196874999973,3.7101968750000087,-25.0,28.04542731280833,-0.024999999999999977,-0.019999999999964622
2166.0,0.40053250000001756,3.805266249999973,3.7102662500000085,-25.0,28.046492670737848,-0.024999999999999977,-0.01999999999996506
2167.0,0.4006712500000176,3.805335624999974,3.710335625000009,-25.0,28.047557362818623,-0.024999999999999977,-0.019999999999965493
2168.0,0.4008100000000176,3.805404999999974,3.7104050000000086,-25.0,28.04862138946686,-0.024999999999999977,-0.01999999999996592
2169.0,0.4009487500000176,3.805474374999975,3.710474375000009,-25.0,28.049684751098425,-0.024999999999999977,-0.019999999999966343
2170.0,0.40108750000001764,3.805543749999975,3.7105437500000087,-25.0,28.050747448129016,-0.024999999999999977,-0.01999999999996676
2171.0,0.40122625000001766,3.805613124999976,3.710613125000009,-25.0,28.05180948097393,-0.024999999999999977,-0.019999999999967173
2172.0,0.4013650000000177,3.805682499999976,3.7106825000000088,-25.0,28.052870850048294,-0.024999999999999977,-0.01999999999996758
2173.0,0.4015037500000177,3.8057518749999764,3.7107518750000086,-25.0,28.053931555767008,-0.024999999999999977,-0.01999999999996798
2174.0,0.4016425000000177,3.805821249999977,3.710821250000009,-25.0,28.054991598544632,-0.024999999999999977,-0.019999999999968376
2175.0,0.40178125000001774,3.8058906249999773,3.7108906250000087,-25.0,28.056050978795554,-0.024999999999999977,-0.01999999999996877
2176.0,0.40192000000001776,3.805959999999978,3.710960000000009,-25.0,28.05710969693382,-0.024999999999999977,-0.019999999999969157
2177.0,0.4020587500000178,3.806029374999978,3.7110293750000087,-25.0,28.058167753373255,-0.024999999999999977,-0.01999999999996954
2178.0,0.4021975000000178,3.8060987499999785,3.711098750000009,-25.0,28.05922514852739,-0.024999999999999977,-0.019999999999969917
2179.0,0.4023362500000178,3.806168124999979,3.711168125000009,-25.0,28.060281882809534,-0.024999999999999977,-0.01999999999997029
2180.0,0.40247500000001785,3.8062374999999795,3.711237500000009,-25.0,28.06133795663277,-0.024999999999999977,-0.01999999999997066
2181.0,0.40261375000001787,3.8063068749999798,3.711306875000009,-25.0,28.062393370409893,-0.024999999999999977,-0.019999999999971024
2182.0,0.4027525000000179,3.80637624999998,3.7113762500000087,-25.0,28.06344812455336,-0.024999999999999977,-0.019999999999971384
2183.0,0.4028912500000179,3.8064456249999803,3.711445625000009,-25.0,28.064502219475514,-0.024999999999999977,-0.01999999999997174
2184.0,0.40303000000001793,3.8065149999999806,3.711515000000009,-25.0,28.065555655588355,-0.024999999999999977,-0.01999999999997209
2185.0,0.40316875000001795,3.8065843749999813,3.711584375000009,-25.0,28.0666084333036,-0.024999999999999977,-0.019999999999972436
2186.0,0.40330750000001797,3.8066537499999815,3.711653750000009,-25.0,28.067660553032795,-0.024999999999999977,-0.019999999999972776
2187.0,0.403446250000018,3.8067231249999818,3.711723125000009,-25.0,28.068712015187145,-0.024999999999999977,-0.019999999999973112
2188.0,0.403585000000018,3.806792499999982,3.711792500000009,-25.0,28.06976282017763,-0.024999999999999977,-0.019999999999973445
2189.0,0.40372375000001803,3.8068618749999823,3.7118618750000087,-25.0,28.070812968414998,-0.024999999999999977,-0.019999999999973775
2190.0,0.40386250000001805,3.806931249999983,3.711931250000009,-25.0,28.071862460309717,-0.024999999999999977,-0.0199999999999741
2191.0,0.4040012500000181,3.807000624999983,3.712000625000009,-25.0,28.072911296272025,-0.024999999999999977,-0.019999999999974424
2192.0,0.4041400000000181,3.8070699999999835,3.712070000000009,-25.0,28.073959476711877,-0.024999999999999977,-0.01999999999997474
2193.0,0.4042787500000181,3.807139374999984,3.712139375000009,-25.0,28.075007002038944,-0.024999999999999977,-0.01999999999997505
2194.0,0.40441750000001814,3.807208749999984,3.712208750000009,-25.0,28.07605387266267,-0.024999999999999977,-0.01999999999997536
2195.0,0.40455625000001816,3.8072781249999843,3.712278125000009,-25.0,28.077100088992268,-0.024999999999999977,-0.019999999999975666
2196.0,0.4046950000000182,3.807347499999985,3.7123475000000092,-25.0,28.07814565143667,-0.024999999999999977,-0.019999999999975968
2197.0,0.4048337500000182,3.8074168749999853,3.712416875000009,-25.0,28.079190560404527,-0.024999999999999977,-0.019999999999976266
2198.0,0.4049725000000182,3.807486249999985,3.712486250000009,-25.0,28.080234816304255,-0.024999999999999977,-0.01999999999997656
2199.0,0.40511125000001824,3.807555624999986,3.712555625000009,-25.0,28.08127841954405,-0.024999999999999977,-0.019999999999976852
2200.0,0.40525000000001826,3.8076249999999856,3.712625000000009,-25.0,28.082321370531815,-0.024999999999999977,-0.01999999999997714
2201.0,0.4053887500000183,3.8076943749999863,3.712694375000009,-25.0,28.083363669675236,-0.024999999999999977,-0.019999999999977425
2202.0,0.4055275000000183,3.8077637499999866,3.712763750000009,-25.0,28.08440531738171,-0.024999999999999977,-0.019999999999977706
2203.0,0.4056662500000183,3.807833124999987,3.7128331250000093,-25.0,28.085446314058345,-0.024999999999999977,-0.019999999999977983
2204.0,0.40580500000001835,3.807902499999987,3.712902500000009,-25.0,28.086486660112087,-0.024999999999999977,-0.019999999999978257
2205.0,0.40594375000001837,3.8079718749999873,3.712971875000009,-25.0,28.087526355949535,-0.024999999999999977,-0.019999999999978528
2206.0,0.4060825000000184,3.8080412499999876,3.713041250000009,-25.0,28.088565401977064,-0.024999999999999977,-0.019999999999978795
2207.0,0.4062212500000184,3.808110624999988,3.713110625000009,-25.0,28.08960379860082,-0.024999999999999977,-0.01999999999997906
2208.0,0.40636000000001843,3.808179999999988,3.7131800000000093,-25.0,28.09064154622672,-0.024999999999999977,-0.01999999999997932
2209.0,0.40649875000001845,3.8082493749999884,3.713249375000009,-25.0,28.091678645260345,-0.024999999999999977,-0.019999999999979576
2210.0,0.40663750000001847,3.808318749999989,3.7133187500000093,-25.0,28.092715096107042,-0.024999999999999977,-0.01999999999997983
2211.0,0.4067762500000185,3.808388124999989,3.713388125000009,-25.0,28.093750899171994,-0.024999999999999977,-0.01999999999998008
2212.0,0.4069150000000185,3.8084574999999896,3.7134575000000094,-25.0,28.094786054860037,-0.024999999999999977,-0.019999999999980325
2213.0,0.40705375000001853,3.8085268749999894,3.713526875000009,-25.0,28.095820563575728,-0.024999999999999977,-0.019999999999980568
2214.0,0.40719250000001855,3.8085962499999897,3.713596250000009,-25.0,28.096854425723507,-0.024999999999999977,-0.019999999999980807
2215.0,0.4073312500000186,3.80866562499999,3.7136656250000093,-25.0,28.097887641707416,-0.024999999999999977,-0.019999999999981047
2216.0,0.4074700000000186,3.80873499999999,3.713735000000009,-25.0,28.09892021193133,-0.024999999999999977,-0.019999999999981283
2217.0,0.4076087500000186,3.8088043749999905,3.7138043750000094,-25.0,28.09995213679889,-0.024999999999999977,-0.019999999999981515
2218.0,0.40774750000001864,3.8088737499999907,3.713873750000009,-25.0,28.100983416713404,-0.024999999999999977,-0.019999999999981744
2219.0,0.40788625000001866,3.808943124999991,3.7139431250000094,-25.0,28.102014052077948,-0.024999999999999977,-0.01999999999998197
2220.0,0.4080250000000187,3.8090124999999913,3.7140125000000093,-25.0,28.103044043295426,-0.024999999999999977,-0.019999999999982192
2221.0,0.4081637500000187,3.809081874999991,3.714081875000009,-25.0,28.10407339076835,-0.024999999999999977,-0.019999999999982414
2222.0,0.4083025000000187,3.8091512499999918,3.7141512500000093,-25.0,28.10510209489911,-0.024999999999999977,-0.019999999999982632
2223.0,0.40844125000001874,3.8092206249999916,3.714220625000009,-25.0,28.10613015608982,-0.024999999999999977,-0.019999999999982847
2224.0,0.40858000000001876,3.8092899999999923,3.7142900000000094,-25.0,28.107157574742246,-0.024999999999999977,-0.01999999999998306
2225.0,0.4087187500000188,3.809359374999992,3.7143593750000092,-25.0,28.108184351258046,-0.024999999999999977,-0.019999999999983267
2226.0,0.4088575000000188,3.809428749999993,3.7144287500000095,-25.0,28.109210486038535,-0.024999999999999977,-0.019999999999983475
2227.0,0.4089962500000188,3.8094981249999926,3.7144981250000093,-25.0,28.11023597948474,-0.024999999999999977,-0.01999999999998368
2228.0,0.40913500000001884,3.8095674999999933,3.7145675000000096,-25.0,28.111260831997583,-0.024999999999999977,-0.01999999999998388
2229.0,0.40927375000001887,3.809636874999993,3.7146368750000094,-25.0,28.11228504397758,-0.024999999999999977,-0.019999999999984083
2230.0,0.4094125000000189,3.8097062499999934,3.714706250000009,-25.0,28.113308615825076,-0.024999999999999977,-0.01999999999998428
2231.0,0.4095512500000189,3.8097756249999937,3.7147756250000095,-25.0,28.114331547940196,-0.024999999999999977,-0.019999999999984475
2232.0,0.40969000000001893,3.8098449999999935,3.7148450000000093,-25.0,28.11535384072272,-0.024999999999999977,-0.019999999999984665
2233.0,0.40982875000001895,3.809914374999994,3.7149143750000095,-25.0,28.116375494572253,-0.024999999999999977,-0.019999999999984856
2234.0,0.40996750000001897,3.809983749999994,3.7149837500000094,-25.0,28.117396509888124,-0.024999999999999977,-0.019999999999985044
2235.0,0.410106250000019,3.8100531249999947,3.7150531250000096,-25.0,28.11841688706943,-0.024999999999999977,-0.019999999999985228
2236.0,0.410245000000019,3.8101224999999945,3.7151225000000094,-25.0,28.11943662651504,-0.024999999999999977,-0.01999999999998541
2237.0,0.41038375000001903,3.810191874999995,3.7151918750000092,-25.0,28.120455728623483,-0.024999999999999977,-0.019999999999985592
2238.0,0.41052250000001905,3.810261249999995,3.7152612500000095,-25.0,28.12147419379312,-0.024999999999999977,-0.01999999999998577
2239.0,0.4106612500000191,3.810330624999995,3.7153306250000093,-25.0,28.122492022422023,-0.024999999999999977,-0.019999999999985946
2240.0,0.4108000000000191,3.8103999999999956,3.7154000000000096,-25.0,28.123509214907983,-0.024999999999999977,-0.01999999999998612
2241.0,0.4109387500000191,3.8104693749999954,3.7154693750000094,-25.0,28.124525771648678,-0.024999999999999977,-0.01999999999998629
2242.0,0.41107750000001914,3.8105387499999956,3.7155387500000097,-25.0,28.125541693041384,-0.024999999999999977,-0.01999999999998646
2243.0,0.41121625000001916,3.810608124999996,3.7156081250000095,-25.0,28.12655697948321,-0.024999999999999977,-0.019999999999986626
2244.0,0.4113550000000192,3.810677499999996,3.7156775000000097,-25.0,28.12757163137104,-0.024999999999999977,-0.019999999999986792
2245.0,0.4114937500000192,3.8107468749999964,3.7157468750000096,-25.0,28.12858564910141,-0.024999999999999977,-0.019999999999986955
2246.0,0.4116325000000192,3.8108162499999962,3.7158162500000094,-25.0,28.129599033070747,-0.024999999999999977,-0.01999999999998712
2247.0,0.41177125000001924,3.8108856249999965,3.7158856250000096,-25.0,28.13061178367508,-0.024999999999999977,-0.019999999999987278
2248.0,0.41191000000001926,3.8109549999999968,3.7159550000000094,-25.0,28.131623901310263,-0.024999999999999977,-0.019999999999987434
2249.0,0.4120487500000193,3.811024374999997,3.7160243750000097,-25.0,28.13263538637193,-0.024999999999999977,-0.01999999999998759
2250.0,0.4121875000000193,3.811093749999997,3.7160937500000095,-25.0,28.133646239255427,-0.024999999999999977,-0.019999999999987743
2251.0,0.4123262500000193,3.8111631249999975,3.71616312500001,-25.0,28.13465646035587,-0.024999999999999977,-0.019999999999987896
2252.0,0.41246500000001934,3.8112324999999974,3.7162325000000096,-25.0,28.135666050068153,-0.024999999999999977,-0.019999999999988045
2253.0,0.41260375000001936,3.811301874999997,3.7163018750000094,-25.0,28.13667500878688,-0.024999999999999977,-0.019999999999988194
2254.0,0.4127425000000194,3.811371249999998,3.7163712500000097,-25.0,28.137683336906377,-0.024999999999999977,-0.01999999999998834
2255.0,0.4128812500000194,3.8114406249999977,3.7164406250000095,-25.0,28.138691034820795,-0.024999999999999977,-0.019999999999988485
2256.0,0.4130200000000194,3.811509999999998,3.7165100000000098,-25.0,28.139698102924058,-0.024999999999999977,-0.019999999999988628
2257.0,0.41315875000001945,3.811579374999998,3.7165793750000096,-25.0,28.14070454160975,-0.024999999999999977,-0.01999999999998877
2258.0,0.41329750000001947,3.8116487499999985,3.71664875000001,-25.0,28.14171035127123,-0.024999999999999977,-0.01999999999998891
2259.0,0.4134362500000195,3.8117181249999983,3.7167181250000096,-25.0,28.14271553230168,-0.024999999999999977,-0.019999999999989047
2260.0,0.4135750000000195,3.811787499999999,3.71678750000001,-25.0,28.143720085094003,-0.024999999999999977,-0.019999999999989183
2261.0,0.41371375000001953,3.811856874999999,3.7168568750000097,-25.0,28.144724010040818,-0.024999999999999977,-0.019999999999989318
2262.0,0.41385250000001955,3.8119262499999986,3.7169262500000095,-25.0,28.145727307534514,-0.024999999999999977,-0.01999999999998945
2263.0,0.4139912500000196,3.811995624999999,3.71699562500001,-25.0,28.14672997796731,-0.024999999999999977,-0.01999999999998958
2264.0,0.4141300000000196,3.812064999999999,3.7170650000000096,-25.0,28.147732021731088,-0.024999999999999977,-0.01999999999998971
2265.0,0.4142687500000196,3.8121343749999994,3.71713437500001,-25.0,28.148733439217494,-0.024999999999999977,-0.01999999999998984
2266.0,0.41440750000001964,3.8122037499999992,3.7172037500000097,-25.0,28.149734230817955,-0.024999999999999977,-0.019999999999989963
2267.0,0.41454625000001966,3.812273125,3.71727312500001,-25.0,28.150734396923667,-0.024999999999999977,-0.019999999999990088
2268.0,0.4146850000000197,3.8123424999999997,3.7173425000000098,-25.0,28.1517339379256,-0.024999999999999977,-0.01999999999999021
2269.0,0.4148237500000197,3.8124118749999996,3.7174118750000096,-25.0,28.152732854214378,-0.024999999999999977,-0.01999999999999033
2270.0,0.4149625000000197,3.81248125,3.71748125000001,-25.0,28.15373114618052,-0.024999999999999977,-0.01999999999999045
2271.0,0.41510125000001974,3.812550625,3.7175506250000097,-25.0,28.15472881421414,-0.024999999999999977,-0.019999999999990567
2272.0,0.41524000000001976,3.8126200000000003,3.71762000000001,-25.0,28.15572585870524,-0.024999999999999977,-0.019999999999990685
2273.0,0.4153787500000198,3.812689375,3.7176893750000097,-25.0,28.15672228004354,-0.024999999999999977,-0.0199999999999908
2274.0,0.4155175000000198,3.8127587500000004,3.71775875000001,-25.0,28.15771807861853,-0.024999999999999977,-0.019999999999990914
2275.0,0.4156562500000198,3.8128281250000007,3.71782812500001,-25.0,28.158713254819418,-0.024999999999999977,-0.019999999999991025
2276.0,0.41579500000001984,3.812897500000001,3.71789750000001,-25.0,28.159707809035183,-0.024999999999999977,-0.019999999999991136
2277.0,0.41593375000001986,3.8129668750000008,3.71796687500001,-25.0,28.16070174165452,-0.024999999999999977,-0.019999999999991247
2278.0,0.4160725000000199,3.8130362500000006,3.7180362500000097,-25.0,28.161695053066012,-0.024999999999999977,-0.019999999999991355
2279.0,0.4162112500000199,3.8131056250000013,3.71810562500001,-25.0,28.16268774365784,-0.024999999999999977,-0.019999999999991462
2280.0,0.4163500000000199,3.813175000000001,3.7181750000000098,-25.0,28.163679813818078,-0.024999999999999977,-0.019999999999991566
2281.0,0.41648875000001995,3.8132443750000014,3.71824437500001,-25.0,28.16467126393445,-0.024999999999999977,-0.01999999999999167
2282.0,0.41662750000001997,3.813313750000001,3.71831375000001,-25.0,28.16566209439452,-0.024999999999999977,-0.019999999999991774
2283.0,0.41676625000002,3.813383125000002,3.71838312500001,-25.0,28.1666523055855,-0.024999999999999977,-0.019999999999991875
2284.0,0.41690500000002,3.8134525000000017,3.71845250000001,-25.0,28.167641897894498,-0.024999999999999977,-0.019999999999991976
2285.0,0.41704375000002003,3.8135218750000015,3.7185218750000097,-25.0,28.16863087170833,-0.024999999999999977,-0.019999999999992076
2286.0,0.41718250000002005,3.8135912500000018,3.71859125000001,-25.0,28.169619227413534,-0.024999999999999977,-0.019999999999992173
2287.0,0.41732125000002007,3.813660625000002,3.71866062500001,-25.0,28.170606965396416,-0.024999999999999977,-0.01999999999999227
2288.0,0.4174600000000201,3.8137300000000023,3.71873000000001,-25.0,28.171594086043058,-0.024999999999999977,-0.019999999999992364
2289.0,0.4175987500000201,3.813799375000002,3.71879937500001,-25.0,28.172580589739255,-0.024999999999999977,-0.019999999999992458
2290.0,0.41773750000002013,3.8138687500000024,3.71886875000001,-25.0,28.17356647687069,-0.024999999999999977,-0.01999999999999255
2291.0,0.41787625000002016,3.813938125000002,3.71893812500001,-25.0,28.174551747822647,-0.024999999999999977,-0.01999999999999264
2292.0,0.4180150000000202,3.8140075000000024,3.71900750000001,-25.0,28.175536402980242,-0.024999999999999977,-0.019999999999992732
2293.0,0.4181537500000202,3.8140768750000027,3.71907687500001,-25.0,28.17652044272836,-0.024999999999999977,-0.019999999999992822
2294.0,0.4182925000000202,3.8141462500000025,3.71914625000001,-25.0,28.177503867451662,-0.024999999999999977,-0.019999999999992912
2295.0,0.41843125000002024,3.8142156250000028,3.71921562500001,-25.0,28.178486677534522,-0.024999999999999977,-0.019999999999993
2296.0,0.41857000000002026,3.8142850000000026,3.71928500000001,-25.0,28.17946887336109,-0.024999999999999977,-0.019999999999993086
2297.0,0.4187087500000203,3.8143543750000033,3.71935437500001,-25.0,28.180450455315224,-0.024999999999999977,-0.019999999999993173
2298.0,0.4188475000000203,3.814423750000003,3.71942375000001,-25.0,28.18143142378068,-0.024999999999999977,-0.019999999999993256
2299.0,0.4189862500000203,3.8144931250000034,3.7194931250000103,-25.0,28.182411779140807,-0.024999999999999977,-0.01999999999999334
2300.0,0.41912500000002034,3.814562500000003,3.71956250000001,-25.0,28.183391521778844,-0.024999999999999977,-0.019999999999993422
2301.0,0.41926375000002036,3.814631875000003,3.71963187500001,-25.0,28.184370652077746,-0.024999999999999977,-0.019999999999993502
2302.0,0.4194025000000204,3.8147012500000037,3.71970125000001,-25.0,28.18534917042018,-0.024999999999999977,-0.019999999999993582
2303.0,0.4195412500000204,3.8147706250000035,3.71977062500001,-25.0,28.18632707718865,-0.024999999999999977,-0.019999999999993662
2304.0,0.4196800000000204,3.814840000000004,3.7198400000000102,-25.0,28.187304372765425,-0.024999999999999977,-0.019999999999993738
2305.0,0.41981875000002045,3.8149093750000036,3.71990937500001,-25.0,28.188281057532436,-0.024999999999999977,-0.019999999999993814
2306.0,0.41995750000002047,3.814978750000004,3.7199787500000103,-25.0,28.1892571318715,-0.024999999999999977,-0.01999999999999389
2307.0,0.4200962500000205,3.8150481250000037,3.72004812500001,-25.0,28.190232596164094,-0.024999999999999977,-0.019999999999993967
2308.0,0.4202350000000205,3.815117500000004,3.72011750000001,-25.0,28.191207450791467,-0.024999999999999977,-0.01999999999999404
2309.0,0.42037375000002053,3.815186875000004,3.72018687500001,-25.0,28.192181696134696,-0.024999999999999977,-0.019999999999994113
2310.0,0.42051250000002055,3.815256250000004,3.72025625000001,-25.0,28.193155332574634,-0.024999999999999977,-0.019999999999994186
2311.0,0.42065125000002057,3.8153256250000043,3.7203256250000103,-25.0,28.19412836049179,-0.024999999999999977,-0.01999999999999426
2312.0,0.4207900000000206,3.815395000000004,3.72039500000001,-25.0,28.1951007802665,-0.024999999999999977,-0.019999999999994328
2313.0,0.4209287500000206,3.8154643750000043,3.7204643750000104,-25.0,28.196072592278824,-0.024999999999999977,-0.019999999999994397
2314.0,0.42106750000002063,3.8155337500000046,3.72053375000001,-25.0,28.197043796908645,-0.024999999999999977,-0.019999999999994467
2315.0,0.42120625000002065,3.815603125000005,3.7206031250000104,-25.0,28.198014394535562,-0.024999999999999977,-0.019999999999994536
2316.0,0.4213450000000207,3.8156725000000047,3.7206725000000103,-25.0,28.19898438553895,-0.024999999999999977,-0.019999999999994602
2317.0,0.4214837500000207,3.8157418750000045,3.72074187500001,-25.0,28.19995377029801,-0.024999999999999977,-0.019999999999994668
2318.0,0.4216225000000207,3.8158112500000048,3.7208112500000103,-25.0,28.200922549191546,-0.024999999999999977,-0.019999999999994734
2319.0,0.42176125000002074,3.8158806250000046,3.72088062500001,-25.0,28.201890722598307,-0.024999999999999977,-0.0199999999999948
2320.0,0.42190000000002076,3.815950000000005,3.7209500000000104,-25.0,28.2028582908967,-0.024999999999999977,-0.019999999999994862
2321.0,0.4220387500000208,3.816019375000005,3.7210193750000102,-25.0,28.203825254464903,-0.024999999999999977,-0.019999999999994925
2322.0,0.4221775000000208,3.8160887500000054,3.7210887500000105,-25.0,28.204791613680868,-0.024999999999999977,-0.019999999999994987
2323.0,0.4223162500000208,3.816158125000005,3.7211581250000103,-25.0,28.20575736892232,-0.024999999999999977,-0.01999999999999505
2324.0,0.42245500000002084,3.816227500000005,3.72122750000001,-25.0,28.206722520566757,-0.024999999999999977,-0.019999999999995112
2325.0,0.42259375000002086,3.8162968750000053,3.7212968750000104,-25.0,28.20768706899139,-0.024999999999999977,-0.01999999999999517
2326.0,0.4227325000000209,3.816366250000005,3.72136625000001,-25.0,28.208651014573263,-0.024999999999999977,-0.01999999999999523
2327.0,0.4228712500000209,3.8164356250000053,3.7214356250000105,-25.0,28.209614357689134,-0.024999999999999977,-0.01999999999999529
2328.0,0.4230100000000209,3.816505000000005,3.7215050000000103,-25.0,28.21057709871559,-0.024999999999999977,-0.019999999999995348
2329.0,0.42314875000002095,3.816574375000006,3.7215743750000105,-25.0,28.211539238028877,-0.024999999999999977,-0.019999999999995403
2330.0,0.42328750000002097,3.8166437500000057,3.7216437500000104,-25.0,28.21250077600513,-0.024999999999999977,-0.01999999999999546
2331.0,0.423426250000021,3.816713125000006,3.7217131250000106,-25.0,28.213461713020138,-0.024999999999999977,-0.019999999999995514
2332.0,0.423565000000021,3.8167825000000057,3.7217825000000104,-25.0,28.214422049449524,-0.024999999999999977,-0.01999999999999557
2333.0,0.42370375000002103,3.8168518750000056,3.7218518750000102,-25.0,28.215381785668626,-0.024999999999999977,-0.019999999999995625
2334.0,0.42384250000002105,3.816921250000006,3.7219212500000105,-25.0,28.21634092205261,-0.024999999999999977,-0.019999999999995677
2335.0,0.42398125000002107,3.8169906250000056,3.7219906250000103,-25.0,28.2172994589763,-0.024999999999999977,-0.01999999999999573
2336.0,0.4241200000000211,3.817060000000006,3.7220600000000106,-25.0,28.218257396814465,-0.024999999999999977,-0.01999999999999578
2337.0,0.4242587500000211,3.817129375000006,3.7221293750000104,-25.0,28.219214735941478,-0.024999999999999977,-0.019999999999995834
2338.0,0.42439750000002113,3.8171987500000064,3.7221987500000107,-25.0,28.220171476731537,-0.024999999999999977,-0.019999999999995886
2339.0,0.42453625000002115,3.8172681250000062,3.7222681250000105,-25.0,28.22112761955856,-0.024999999999999977,-0.019999999999995938
2340.0,0.4246750000000212,3.817337500000006,3.7223375000000103,-25.0,28.222083164796345,-0.024999999999999977,-0.019999999999995986
2341.0,0.4248137500000212,3.8174068750000063,3.7224068750000106,-25.0,28.223038112818358,-0.024999999999999977,-0.019999999999996035
2342.0,0.4249525000000212,3.817476250000006,3.7224762500000104,-25.0,28.22399246399783,-0.024999999999999977,-0.019999999999996083
2343.0,0.42509125000002124,3.8175456250000064,3.7225456250000106,-25.0,28.224946218707828,-0.024999999999999977,-0.019999999999996132
2344.0,0.42523000000002126,3.817615000000006,3.7226150000000104,-25.0,28.225899377321127,-0.024999999999999977,-0.01999999999999618
2345.0,0.4253687500000213,3.8176843750000065,3.7226843750000107,-25.0,28.22685194021028,-0.024999999999999977,-0.019999999999996226
2346.0,0.4255075000000213,3.8177537500000067,3.7227537500000105,-25.0,28.22780390774767,-0.024999999999999977,-0.01999999999999627
2347.0,0.4256462500000213,3.817823125000007,3.722823125000011,-25.0,28.228755280305336,-0.024999999999999977,-0.019999999999996316
2348.0,0.42578500000002134,3.817892500000007,3.7228925000000106,-25.0,28.229706058255147,-0.024999999999999977,-0.01999999999999636
2349.0,0.42592375000002136,3.8179618750000066,3.7229618750000104,-25.0,28.230656241968745,-0.024999999999999977,-0.019999999999996406
2350.0,0.4260625000000214,3.818031250000007,3.7230312500000107,-25.0,28.23160583181749,-0.024999999999999977,-0.01999999999999645
2351.0,0.4262012500000214,3.8181006250000067,3.7231006250000105,-25.0,28.232554828172624,-0.024999999999999977,-0.019999999999996496
2352.0,0.4263400000000214,3.818170000000007,3.7231700000000107,-25.0,28.233503231404995,-0.024999999999999977,-0.019999999999996538
2353.0,0.42647875000002144,3.8182393750000068,3.7232393750000106,-25.0,28.234451041885393,-0.024999999999999977,-0.01999999999999658
2354.0,0.42661750000002147,3.818308750000007,3.723308750000011,-25.0,28.23539825998421,-0.024999999999999977,-0.01999999999999662
2355.0,0.4267562500000215,3.818378125000007,3.7233781250000106,-25.0,28.23634488607172,-0.024999999999999977,-0.019999999999996663
2356.0,0.4268950000000215,3.818447500000007,3.7234475000000105,-25.0,28.23729092051792,-0.024999999999999977,-0.019999999999996704
2357.0,0.42703375000002153,3.8185168750000074,3.7235168750000107,-25.0,28.23823636369258,-0.024999999999999977,-0.019999999999996746
2358.0,0.42717250000002155,3.818586250000007,3.7235862500000105,-25.0,28.23918121596529,-0.024999999999999977,-0.019999999999996784
2359.0,0.42731125000002157,3.8186556250000074,3.723655625000011,-25.0,28.240125477705305,-0.024999999999999977,-0.019999999999996822
2360.0,0.4274500000000216,3.8187250000000073,3.7237250000000106,-25.0,28.241069149281714,-0.024999999999999977,-0.01999999999999686
2361.0,0.4275887500000216,3.8187943750000075,3.723794375000011,-25.0,28.242012231063427,-0.024999999999999977,-0.0199999999999969
2362.0,0.42772750000002163,3.8188637500000073,3.7238637500000107,-25.0,28.242954723419018,-0.024999999999999977,-0.019999999999996937
2363.0,0.42786625000002165,3.8189331250000076,3.723933125000011,-25.0,28.24389662671689,-0.024999999999999977,-0.019999999999996975
2364.0,0.4280050000000217,3.8190025000000074,3.7240025000000108,-25.0,28.244837941325216,-0.024999999999999977,-0.019999999999997013
2365.0,0.4281437500000217,3.819071875000007,3.7240718750000106,-25.0,28.245778667611887,-0.024999999999999977,-0.019999999999997048
2366.0,0.4282825000000217,3.8191412500000075,3.724141250000011,-25.0,28.246718805944624,-0.024999999999999977,-0.019999999999997083
2367.0,0.42842125000002174,3.8192106250000073,3.7242106250000107,-25.0,28.24765835669092,-0.024999999999999977,-0.019999999999997117
2368.0,0.42856000000002176,3.819280000000008,3.724280000000011,-25.0,28.248597320217982,-0.024999999999999977,-0.019999999999997152
2369.0,0.4286987500000218,3.819349375000008,3.7243493750000107,-25.0,28.24953569689285,-0.024999999999999977,-0.019999999999997187
2370.0,0.4288375000000218,3.819418750000008,3.724418750000011,-25.0,28.250473487082274,-0.024999999999999977,-0.01999999999999722
2371.0,0.4289762500000218,3.819488125000008,3.724488125000011,-25.0,28.25141069115284,-0.024999999999999977,-0.019999999999997256
2372.0,0.42911500000002184,3.8195575000000077,3.7245575000000106,-25.0,28.25234730947085,-0.024999999999999977,-0.01999999999999729
2373.0,0.42925375000002186,3.819626875000008,3.724626875000011,-25.0,28.253283342402426,-0.024999999999999977,-0.019999999999997325
2374.0,0.4293925000000219,3.819696250000008,3.7246962500000107,-25.0,28.254218790313416,-0.024999999999999977,-0.019999999999997357
2375.0,0.4295312500000219,3.819765625000008,3.724765625000011,-25.0,28.255153653569494,-0.024999999999999977,-0.019999999999997388
2376.0,0.4296700000000219,3.819835000000008,3.7248350000000108,-25.0,28.25608793253599,-0.024999999999999977,-0.01999999999999742
2377.0,0.42980875000002194,3.819904375000008,3.724904375000011,-25.0,28.257021627578183,-0.024999999999999977,-0.01999999999999745
2378.0,0.42994750000002196,3.819973750000008,3.724973750000011,-25.0,28.25795473906095,-0.024999999999999977,-0.01999999999999748
2379.0,0.430086250000022,3.820043125000008,3.725043125000011,-25.0,28.258887267349053,-0.024999999999999977,-0.019999999999997513
2380.0,0.430225000000022,3.820112500000008,3.725112500000011,-25.0,28.259819212806974,-0.024999999999999977,-0.019999999999997544
2381.0,0.430363750000022,3.8201818750000083,3.7251818750000107,-25.0,28.260750575798966,-0.024999999999999977,-0.019999999999997575
2382.0,0.43050250000002205,3.8202512500000085,3.725251250000011,-25.0,28.26168135668911,-0.024999999999999977,-0.019999999999997603
2383.0,0.43064125000002207,3.8203206250000084,3.725320625000011,-25.0,28.262611555841204,-0.024999999999999977,-0.01999999999999763
2384.0,0.4307800000000221,3.8203900000000086,3.725390000000011,-25.0,28.26354117361882,-0.024999999999999977,-0.01999999999999766
2385.0,0.4309187500000221,3.8204593750000084,3.725459375000011,-25.0,28.264470210385298,-0.024999999999999977,-0.019999999999997686
2386.0,0.43105750000002213,3.8205287500000087,3.725528750000011,-25.0,28.265398666503813,-0.024999999999999977,-0.019999999999997714
2387.0,0.43119625000002215,3.8205981250000085,3.725598125000011,-25.0,28.266326542337254,-0.024999999999999977,-0.019999999999997742
2388.0,0.4313350000000222,3.8206675000000083,3.725667500000011,-25.0,28.26725383824828,-0.024999999999999977,-0.01999999999999777
2389.0,0.4314737500000222,3.8207368750000086,3.725736875000011,-25.0,28.268180554599383,-0.024999999999999977,-0.019999999999997797
2390.0,0.4316125000000222,3.8208062500000084,3.725806250000011,-25.0,28.269106691752768,-0.024999999999999977,-0.019999999999997825
2391.0,0.43175125000002224,3.8208756250000087,3.725875625000011,-25.0,28.270032250070415,-0.024999999999999977,-0.019999999999997853
2392.0,0.43189000000002226,3.8209450000000085,3.725945000000011,-25.0,28.27095722991413,-0.024999999999999977,-0.019999999999997877
2393.0,0.4320287500000223,3.8210143750000087,3.726014375000011,-25.0,28.271881631645442,-0.024999999999999977,-0.0199999999999979
2394.0,0.4321675000000223,3.8210837500000085,3.726083750000011,-25.0,28.272805455625644,-0.024999999999999977,-0.019999999999997926
2395.0,0.4323062500000223,3.821153125000009,3.7261531250000113,-25.0,28.273728702215863,-0.024999999999999977,-0.01999999999999795
2396.0,0.43244500000002234,3.8212225000000086,3.726222500000011,-25.0,28.274651371776997,-0.024999999999999977,-0.019999999999997974
2397.0,0.43258375000002236,3.8212918750000084,3.726291875000011,-25.0,28.275573464669662,-0.024999999999999977,-0.019999999999998
2398.0,0.4327225000000224,3.821361250000009,3.726361250000011,-25.0,28.276494981254245,-0.024999999999999977,-0.019999999999998023
2399.0,0.4328612500000224,3.821430625000009,3.726430625000011,-25.0,28.277415921890963,-0.024999999999999977,-0.019999999999998047
2400.0,0.4330000000000224,3.8215000000000092,3.7265000000000112,-25.0,28.278336286939805,-0.024999999999999977,-0.01999999999999807
2401.0,0.43313875000002244,3.821569375000009,3.726569375000011,-25.0,28.279256076760475,-0.024999999999999977,-0.019999999999998096
2402.0,0.43327750000002246,3.8216387500000093,3.7266387500000113,-25.0,28.28017529171251,-0.024999999999999977,-0.01999999999999812
2403.0,0.4334162500000225,3.821708125000009,3.726708125000011,-25.0,28.281093932155215,-0.024999999999999977,-0.019999999999998144
2404.0,0.4335550000000225,3.821777500000009,3.726777500000011,-25.0,28.282011998447615,-0.024999999999999977,-0.019999999999998165
2405.0,0.4336937500000225,3.821846875000009,3.726846875000011,-25.0,28.28292949094856,-0.024999999999999977,-0.019999999999998186
2406.0,0.43383250000002255,3.821916250000009,3.726916250000011,-25.0,28.283846410016736,-0.024999999999999977,-0.019999999999998207
2407.0,0.43397125000002257,3.8219856250000093,3.7269856250000113,-25.0,28.28476275601048,-0.024999999999999977,-0.019999999999998228
2408.0,0.4341100000000226,3.822055000000009,3.727055000000011,-25.0,28.285678529287964,-0.024999999999999977,-0.01999999999999825
2409.0,0.4342487500000226,3.8221243750000093,3.7271243750000114,-25.0,28.28659373020713,-0.024999999999999977,-0.01999999999999827
2410.0,0.43438750000002263,3.822193750000009,3.727193750000011,-25.0,28.287508359125752,-0.024999999999999977,-0.01999999999999829
2411.0,0.43452625000002265,3.822263125000009,3.727263125000011,-25.0,28.288422416401318,-0.024999999999999977,-0.01999999999999831
2412.0,0.43466500000002267,3.8223325000000092,3.7273325000000113,-25.0,28.289335902391088,-0.024999999999999977,-0.01999999999999833
2413.0,0.4348037500000227,3.822401875000009,3.727401875000011,-25.0,28.290248817452095,-0.024999999999999977,-0.019999999999998352
2414.0,0.4349425000000227,3.8224712500000093,3.7274712500000113,-25.0,28.291161161941204,-0.024999999999999977,-0.019999999999998373
2415.0,0.43508125000002273,3.822540625000009,3.727540625000011,-25.0,28.292072936214993,-0.024999999999999977,-0.019999999999998394
2416.0,0.43522000000002276,3.8226100000000094,3.7276100000000114,-25.0,28.29298414062987,-0.024999999999999977,-0.019999999999998415
2417.0,0.4353587500000228,3.822679375000009,3.7276793750000112,-25.0,28.293894775541958,-0.024999999999999977,-0.019999999999998432
2418.0,0.4354975000000228,3.8227487500000095,3.7277487500000115,-25.0,28.29480484130727,-0.024999999999999977,-0.01999999999999845
2419.0,0.4356362500000228,3.8228181250000097,3.7278181250000113,-25.0,28.29571433828147,-0.024999999999999977,-0.019999999999998467
2420.0,0.43577500000002284,3.8228875000000095,3.727887500000011,-25.0,28.296623266820063,-0.024999999999999977,-0.019999999999998484
2421.0,0.43591375000002286,3.82295687500001,3.7279568750000114,-25.0,28.297531627278318,-0.024999999999999977,-0.0199999999999985
2422.0,0.4360525000000229,3.8230262500000096,3.728026250000011,-25.0,28.298439420011277,-0.024999999999999977,-0.01999999999999852
2423.0,0.4361912500000229,3.82309562500001,3.7280956250000115,-25.0,28.29934664537376,-0.024999999999999977,-0.019999999999998536
2424.0,0.4363300000000229,3.8231650000000097,3.7281650000000113,-25.0,28.30025330372041,-0.024999999999999977,-0.019999999999998554
2425.0,0.43646875000002294,3.82323437500001,3.7282343750000115,-25.0,28.30115939540559,-0.024999999999999977,-0.01999999999999857
2426.0,0.43660750000002296,3.8233037500000098,3.7283037500000114,-25.0,28.302064920783437,-0.024999999999999977,-0.01999999999999859
2427.0,0.436746250000023,3.8233731250000096,3.728373125000011,-25.0,28.302969880207968,-0.024999999999999977,-0.019999999999998606
2428.0,0.436885000000023,3.82344250000001,3.7284425000000114,-25.0,28.303874274032864,-0.024999999999999977,-0.019999999999998623
2429.0,0.437023750000023,3.8235118750000097,3.7285118750000112,-25.0,28.30477810261158,-0.024999999999999977,-0.01999999999999864
2430.0,0.43716250000002305,3.82358125000001,3.7285812500000115,-25.0,28.30568136629745,-0.024999999999999977,-0.019999999999998658
2431.0,0.43730125000002307,3.8236506250000097,3.7286506250000113,-25.0,28.30658406544353,-0.024999999999999977,-0.019999999999998675
2432.0,0.4374400000000231,3.82372000000001,3.7287200000000116,-25.0,28.30748620040265,-0.024999999999999977,-0.019999999999998692
2433.0,0.4375787500000231,3.82378937500001,3.7287893750000114,-25.0,28.308387771527407,-0.024999999999999977,-0.019999999999998706
2434.0,0.43771750000002313,3.82385875000001,3.7288587500000117,-25.0,28.309288779170174,-0.024999999999999977,-0.01999999999999872
2435.0,0.43785625000002315,3.82392812500001,3.7289281250000115,-25.0,28.31018922368321,-0.024999999999999977,-0.019999999999998734
2436.0,0.43799500000002317,3.8239975000000097,3.7289975000000113,-25.0,28.311089105418432,-0.024999999999999977,-0.019999999999998748
2437.0,0.4381337500000232,3.82406687500001,3.7290668750000115,-25.0,28.31198842472753,-0.024999999999999977,-0.019999999999998762
2438.0,0.4382725000000232,3.82413625000001,3.7291362500000114,-25.0,28.312887181962083,-0.024999999999999977,-0.019999999999998776
2439.0,0.43841125000002323,3.82420562500001,3.7292056250000116,-25.0,28.31378537747338,-0.024999999999999977,-0.01999999999999879
2440.0,0.43855000000002325,3.82427500000001,3.7292750000000114,-25.0,28.31468301161243,-0.024999999999999977,-0.019999999999998803
2441.0,0.4386887500000233,3.82434437500001,3.7293443750000117,-25.0,28.315580084730186,-0.024999999999999977,-0.019999999999998817
2442.0,0.4388275000000233,3.82441375000001,3.7294137500000115,-25.0,28.316476597177257,-0.024999999999999977,-0.01999999999999883
2443.0,0.4389662500000233,3.8244831250000098,3.7294831250000113,-25.0,28.317372549304025,-0.024999999999999977,-0.019999999999998845
2444.0,0.43910500000002334,3.82455250000001,3.7295525000000116,-25.0,28.318267941460704,-0.024999999999999977,-0.01999999999999886
2445.0,0.43924375000002336,3.82462187500001,3.7296218750000114,-25.0,28.319162773997277,-0.024999999999999977,-0.019999999999998873
2446.0,0.4393825000000234,3.82469125000001,3.7296912500000117,-25.0,28.320057047263504,-0.024999999999999977,-0.019999999999998887
2447.0,0.4395212500000234,3.82476062500001,3.7297606250000115,-25.0,28.32095076160897,-0.024999999999999977,-0.0199999999999989
2448.0,0.4396600000000234,3.8248300000000106,3.7298300000000117,-25.0,28.321843917382978,-0.024999999999999977,-0.019999999999998914
2449.0,0.43979875000002344,3.8248993750000104,3.7298993750000116,-25.0,28.322736514934604,-0.024999999999999977,-0.01999999999999893
2450.0,0.43993750000002346,3.8249687500000107,3.729968750000012,-25.0,28.323628554612753,-0.024999999999999977,-0.019999999999998942
2451.0,0.4400762500000235,3.8250381250000105,3.7300381250000116,-25.0,28.324520036766103,-0.024999999999999977,-0.019999999999998956
2452.0,0.4402150000000235,3.8251075000000103,3.7301075000000115,-25.0,28.325410961743103,-0.024999999999999977,-0.01999999999999897
2453.0,0.4403537500000235,3.8251768750000106,3.7301768750000117,-25.0,28.326301329892033,-0.024999999999999977,-0.01999999999999898
2454.0,0.44049250000002355,3.8252462500000104,3.7302462500000115,-25.0,28.32719114156083,-0.024999999999999977,-0.01999999999999899
2455.0,0.44063125000002357,3.8253156250000107,3.730315625000012,-25.0,28.32808039709738,-0.024999999999999977,-0.019999999999999
2456.0,0.4407700000000236,3.8253850000000105,3.7303850000000116,-25.0,28.32896909684922,-0.024999999999999977,-0.01999999999999901
2457.0,0.4409087500000236,3.8254543750000107,3.730454375000012,-25.0,28.329857241163666,-0.024999999999999977,-0.019999999999999022
2458.0,0.44104750000002363,3.8255237500000105,3.7305237500000117,-25.0,28.330744830387914,-0.024999999999999977,-0.019999999999999032
2459.0,0.44118625000002365,3.8255931250000104,3.7305931250000115,-25.0,28.33163186486894,-0.024999999999999977,-0.019999999999999043
2460.0,0.44132500000002367,3.8256625000000106,3.7306625000000118,-25.0,28.33251834495337,-0.024999999999999977,-0.019999999999999053
2461.0,0.4414637500000237,3.8257318750000104,3.7307318750000116,-25.0,28.333404270987785,-0.024999999999999977,-0.019999999999999064
2462.0,0.4416025000000237,3.8258012500000107,3.730801250000012,-25.0,28.334289643318414,-0.024999999999999977,-0.019999999999999074
2463.0,0.44174125000002373,3.8258706250000105,3.7308706250000117,-25.0,28.33517446229132,-0.024999999999999977,-0.019999999999999084
2464.0,0.44188000000002375,3.8259400000000108,3.730940000000012,-25.0,28.336058728252397,-0.024999999999999977,-0.019999999999999095
2465.0,0.4420187500000238,3.8260093750000106,3.7310093750000117,-25.0,28.33694244154725,-0.024999999999999977,-0.019999999999999105
2466.0,0.4421575000000238,3.826078750000011,3.731078750000012,-25.0,28.337825602521264,-0.024999999999999977,-0.019999999999999116
2467.0,0.4422962500000238,3.8261481250000107,3.731148125000012,-25.0,28.3387082115197,-0.024999999999999977,-0.019999999999999126
2468.0,0.44243500000002384,3.8262175000000105,3.7312175000000116,-25.0,28.33959026888749,-0.024999999999999977,-0.019999999999999137
2469.0,0.44257375000002386,3.8262868750000107,3.731286875000012,-25.0,28.340471774969444,-0.024999999999999977,-0.019999999999999147
2470.0,0.4427125000000239,3.8263562500000106,3.7313562500000117,-25.0,28.34135273011009,-0.024999999999999977,-0.019999999999999157
2471.0,0.4428512500000239,3.826425625000011,3.731425625000012,-25.0,28.34223313465378,-0.024999999999999977,-0.019999999999999168
2472.0,0.4429900000000239,3.8264950000000106,3.7314950000000118,-25.0,28.343112988944597,-0.024999999999999977,-0.019999999999999178
2473.0,0.44312875000002394,3.826564375000011,3.731564375000012,-25.0,28.343992293326494,-0.024999999999999977,-0.01999999999999919
2474.0,0.44326750000002396,3.8266337500000107,3.731633750000012,-25.0,28.344871048143148,-0.024999999999999977,-0.0199999999999992
2475.0,0.443406250000024,3.8267031250000105,3.7317031250000117,-25.0,28.345749253738063,-0.024999999999999977,-0.01999999999999921
2476.0,0.443545000000024,3.826772500000011,3.731772500000012,-25.0,28.34662691045446,-0.024999999999999977,-0.01999999999999922
2477.0,0.443683750000024,3.8268418750000106,3.7318418750000117,-25.0,28.347504018635448,-0.024999999999999977,-0.01999999999999923
2478.0,0.44382250000002404,3.826911250000011,3.731911250000012,-25.0,28.34838057862379,-0.024999999999999977,-0.01999999999999924
2479.0,0.44396125000002407,3.8269806250000107,3.731980625000012,-25.0,28.34925659076214,-0.024999999999999977,-0.01999999999999925
2480.0,0.4441000000000241,3.827050000000011,3.732050000000012,-25.0,28.35013205539292,-0.024999999999999977,-0.019999999999999258
2481.0,0.4442387500000241,3.8271193750000108,3.732119375000012,-25.0,28.351006972858272,-0.024999999999999977,-0.019999999999999265
2482.0,0.44437750000002413,3.827188750000011,3.732188750000012,-25.0,28.351881343500224,-0.024999999999999977,-0.019999999999999272
2483.0,0.44451625000002415,3.827258125000011,3.732258125000012,-25.0,28.35275516766052,-0.024999999999999977,-0.01999999999999928
2484.0,0.44465500000002417,3.8273275000000107,3.732327500000012,-25.0,28.353628445680727,-0.024999999999999977,-0.019999999999999286
2485.0,0.4447937500000242,3.827396875000011,3.732396875000012,-25.0,28.354501177902193,-0.024999999999999977,-0.019999999999999293
2486.0,0.4449325000000242,3.8274662500000107,3.732466250000012,-25.0,28.35537336466598,-0.024999999999999977,-0.0199999999999993
2487.0,0.44507125000002423,3.827535625000011,3.732535625000012,-25.0,28.356245006313088,-0.024999999999999977,-0.019999999999999307
2488.0,0.44521000000002425,3.827605000000011,3.732605000000012,-25.0,28.357116103184126,-0.024999999999999977,-0.019999999999999313
2489.0,0.4453487500000243,3.827674375000011,3.732674375000012,-25.0,28.35798665561964,-0.024999999999999977,-0.01999999999999932
2490.0,0.4454875000000243,3.827743750000011,3.732743750000012,-25.0,28.358856663959898,-0.024999999999999977,-0.019999999999999327
2491.0,0.4456262500000243,3.8278131250000107,3.732813125000012,-25.0,28.359726128544935,-0.024999999999999977,-0.019999999999999334
2492.0,0.44576500000002434,3.827882500000011,3.732882500000012,-25.0,28.360595049714618,-0.024999999999999977,-0.01999999999999934
2493.0,0.44590375000002436,3.8279518750000108,3.732951875000012,-25.0,28.36146342780853,-0.024999999999999977,-0.019999999999999348
2494.0,0.4460425000000244,3.8280212500000115,3.733021250000012,-25.0,28.36233126316614,-0.024999999999999977,-0.019999999999999355
2495.0,0.4461812500000244,3.8280906250000113,3.733090625000012,-25.0,28.36319855612669,-0.024999999999999977,-0.019999999999999362
2496.0,0.4463200000000244,3.8281600000000116,3.7331600000000122,-25.0,28.364065307029136,-0.024999999999999977,-0.01999999999999937
2497.0,0.44645875000002444,3.8282293750000114,3.733229375000012,-25.0,28.364931516212266,-0.024999999999999977,-0.019999999999999376
2498.0,0.44659750000002446,3.8282987500000116,3.7332987500000123,-25.0,28.36579718401464,-0.024999999999999977,-0.019999999999999383
2499.0,0.4467362500000245,3.8283681250000114,3.733368125000012,-25.0,28.366662310774643,-0.024999999999999977,-0.01999999999999939
2500.0,0.4468750000000245,3.8284375000000113,3.733437500000012,-25.0,28.367526896830384,-0.024999999999999977,-0.019999999999999397
2501.0,0.4470137500000245,3.8285068750000115,3.733506875000012,-25.0,28.368390942519852,-0.024999999999999977,-0.019999999999999404
2502.0,0.44715250000002454,3.8285762500000113,3.733576250000012,-25.0,28.369254448180754,-0.024999999999999977,-0.01999999999999941
2503.0,0.44729125000002457,3.8286456250000116,3.7336456250000123,-25.0,28.370117414150627,-0.024999999999999977,-0.019999999999999418
2504.0,0.4474300000000246,3.8287150000000114,3.733715000000012,-25.0,28.37097984076678,-0.024999999999999977,-0.019999999999999424
2505.0,0.4475687500000246,3.8287843750000117,3.7337843750000124,-25.0,28.37184172836629,-0.024999999999999977,-0.01999999999999943
2506.0,0.4477075000000246,3.8288537500000115,3.733853750000012,-25.0,28.372703077286076,-0.024999999999999977,-0.01999999999999944
2507.0,0.44784625000002465,3.8289231250000113,3.733923125000012,-25.0,28.37356388786276,-0.024999999999999977,-0.019999999999999445
2508.0,0.44798500000002467,3.8289925000000116,3.7339925000000123,-25.0,28.374424160432852,-0.024999999999999977,-0.019999999999999452
2509.0,0.4481237500000247,3.8290618750000114,3.734061875000012,-25.0,28.375283895332586,-0.024999999999999977,-0.01999999999999946
2510.0,0.4482625000000247,3.8291312500000116,3.7341312500000123,-25.0,28.37614309289802,-0.024999999999999977,-0.019999999999999466
2511.0,0.44840125000002473,3.8292006250000115,3.734200625000012,-25.0,28.37700175346498,-0.024999999999999977,-0.019999999999999473
2512.0,0.44854000000002475,3.8292700000000117,3.7342700000000124,-25.0,28.377859877369076,-0.024999999999999977,-0.01999999999999948
2513.0,0.4486787500000248,3.8293393750000115,3.7343393750000122,-25.0,28.378717464945737,-0.024999999999999977,-0.019999999999999487
2514.0,0.4488175000000248,3.829408750000012,3.7344087500000125,-25.0,28.37957451653017,-0.024999999999999977,-0.019999999999999494
2515.0,0.4489562500000248,3.8294781250000116,3.7344781250000123,-25.0,28.380431032457352,-0.024999999999999977,-0.0199999999999995
2516.0,0.44909500000002484,3.8295475000000114,3.734547500000012,-25.0,28.381287013062092,-0.024999999999999977,-0.019999999999999508
2517.0,0.44923375000002486,3.8296168750000117,3.7346168750000124,-25.0,28.382142458678913,-0.024999999999999977,-0.019999999999999515
2518.0,0.4493725000000249,3.8296862500000115,3.734686250000012,-25.0,28.382997369642226,-0.024999999999999977,-0.01999999999999952
2519.0,0.4495112500000249,3.8297556250000118,3.7347556250000125,-25.0,28.38385174628621,-0.024999999999999977,-0.01999999999999953
2520.0,0.4496500000000249,3.8298250000000116,3.7348250000000123,-25.0,28.38470558894477,-0.024999999999999977,-0.019999999999999532
2521.0,0.44978875000002494,3.829894375000012,3.7348943750000125,-25.0,28.385558897951682,-0.024999999999999977,-0.019999999999999536
2522.0,0.44992750000002496,3.8299637500000117,3.7349637500000124,-25.0,28.386411673640453,-0.024999999999999977,-0.01999999999999954
2523.0,0.450066250000025,3.8300331250000115,3.735033125000012,-25.0,28.38726391634441,-0.024999999999999977,-0.019999999999999542
2524.0,0.450205000000025,3.8301025000000117,3.7351025000000124,-25.0,28.38811562639671,-0.024999999999999977,-0.019999999999999546
2525.0,0.450343750000025,3.8301718750000115,3.7351718750000122,-25.0,28.388966804130234,-0.024999999999999977,-0.01999999999999955
2526.0,0.45048250000002504,3.830241250000012,3.7352412500000125,-25.0,28.389817449877626,-0.024999999999999977,-0.019999999999999553
2527.0,0.45062125000002506,3.8303106250000116,3.7353106250000123,-25.0,28.390667563971476,-0.024999999999999977,-0.019999999999999556
2528.0,0.4507600000000251,3.830380000000012,3.7353800000000126,-25.0,28.39151714674398,-0.024999999999999977,-0.01999999999999956
2529.0,0.4508987500000251,3.8304493750000117,3.7354493750000124,-25.0,28.39236619852727,-0.024999999999999977,-0.019999999999999563
2530.0,0.4510375000000251,3.8305187500000115,3.735518750000012,-25.0,28.3932147196532,-0.024999999999999977,-0.019999999999999567
2531.0,0.45117625000002515,3.830588125000012,3.7355881250000125,-25.0,28.394062710453397,-0.024999999999999977,-0.01999999999999957
2532.0,0.45131500000002517,3.8306575000000116,3.7356575000000123,-25.0,28.39491017125937,-0.024999999999999977,-0.019999999999999574
2533.0,0.4514537500000252,3.830726875000012,3.7357268750000125,-25.0,28.395757102402342,-0.024999999999999977,-0.019999999999999577
2534.0,0.4515925000000252,3.8307962500000117,3.7357962500000124,-25.0,28.396603504213317,-0.024999999999999977,-0.01999999999999958
2535.0,0.45173125000002523,3.830865625000012,3.7358656250000126,-25.0,28.39744937702318,-0.024999999999999977,-0.019999999999999584
2536.0,0.45187000000002525,3.8309350000000117,3.7359350000000124,-25.0,28.39829472116253,-0.024999999999999977,-0.019999999999999588
2537.0,0.4520087500000253,3.831004375000012,3.7360043750000127,-25.0,28.399139536961798,-0.024999999999999977,-0.01999999999999959
2538.0,0.4521475000000253,3.831073750000012,3.7360737500000125,-25.0,28.39998382475119,-0.024999999999999977,-0.019999999999999594
2539.0,0.4522862500000253,3.8311431250000116,3.7361431250000123,-25.0,28.400827584860735,-0.024999999999999977,-0.019999999999999598
2540.0,0.45242500000002533,3.831212500000012,3.7362125000000126,-25.0,28.401670817620186,-0.024999999999999977,-0.0199999999999996
2541.0,0.45256375000002536,3.8312818750000117,3.7362818750000124,-25.0,28.402513523359175,-0.024999999999999977,-0.019999999999999605
2542.0,0.4527025000000254,3.831351250000012,3.7363512500000127,-25.0,28.403355702407055,-0.024999999999999977,-0.01999999999999961
2543.0,0.4528412500000254,3.831420625000012,3.7364206250000125,-25.0,28.40419735509306,-0.024999999999999977,-0.019999999999999612
2544.0,0.4529800000000254,3.831490000000012,3.7364900000000127,-25.0,28.405038481746146,-0.024999999999999977,-0.019999999999999615
2545.0,0.45311875000002544,3.831559375000012,3.7365593750000126,-25.0,28.405879082695037,-0.024999999999999977,-0.01999999999999962
2546.0,0.45325750000002546,3.8316287500000117,3.7366287500000124,-25.0,28.406719158268345,-0.024999999999999977,-0.019999999999999622
2547.0,0.4533962500000255,3.831698125000012,3.7366981250000126,-25.0,28.407558708794454,-0.024999999999999977,-0.019999999999999626
2548.0,0.4535350000000255,3.8317675000000118,3.7367675000000125,-25.0,28.408397734601465,-0.024999999999999977,-0.01999999999999963
2549.0,0.4536737500000255,3.831836875000012,3.7368368750000127,-25.0,28.409236236017364,-0.024999999999999977,-0.019999999999999633
2550.0,0.45381250000002554,3.831906250000012,3.7369062500000125,-25.0,28.410074213369853,-0.024999999999999977,-0.019999999999999636
2551.0,0.45395125000002556,3.831975625000012,3.736975625000013,-25.0,28.41091166698652,-0.024999999999999977,-0.01999999999999964
2552.0,0.4540900000000256,3.832045000000012,3.7370450000000126,-25.0,28.411748597194673,-0.024999999999999977,-0.019999999999999643
2553.0,0.4542287500000256,3.832114375000012,3.737114375000013,-25.0,28.412585004321443,-0.024999999999999977,-0.019999999999999647
2554.0,0.4543675000000256,3.832183750000012,3.7371837500000127,-25.0,28.413420888693736,-0.024999999999999977,-0.01999999999999965
2555.0,0.45450625000002565,3.832253125000012,3.7372531250000125,-25.0,28.41425625063829,-0.024999999999999977,-0.019999999999999653
2556.0,0.45464500000002567,3.832322500000012,3.7373225000000128,-25.0,28.415091090481667,-0.024999999999999977,-0.019999999999999657
2557.0,0.4547837500000257,3.832391875000012,3.7373918750000126,-25.0,28.415925408550095,-0.024999999999999977,-0.01999999999999966
2558.0,0.4549225000000257,3.832461250000012,3.737461250000013,-25.0,28.41675920516974,-0.024999999999999977,-0.019999999999999664
2559.0,0.45506125000002573,3.832530625000012,3.7375306250000127,-25.0,28.417592480666485,-0.024999999999999977,-0.019999999999999667
2560.0,0.45520000000002575,3.832600000000012,3.737600000000013,-25.0,28.418425235366044,-0.024999999999999977,-0.01999999999999967
2561.0,0.45533875000002577,3.832669375000012,3.7376693750000127,-25.0,28.41925746959396,-0.024999999999999977,-0.019999999999999674
2562.0,0.4554775000000258,3.832738750000012,3.7377387500000125,-25.0,28.420089183675486,-0.024999999999999977,-0.019999999999999678
2563.0,0.4556162500000258,3.832808125000012,3.737808125000013,-25.0,28.420920377935715,-0.024999999999999977,-0.01999999999999968
2564.0,0.45575500000002583,3.832877500000012,3.7378775000000126,-25.0,28.421751052699506,-0.024999999999999977,-0.019999999999999685
2565.0,0.45589375000002585,3.832946875000012,3.737946875000013,-25.0,28.422581208291547,-0.024999999999999977,-0.019999999999999688
2566.0,0.4560325000000259,3.833016250000012,3.7380162500000127,-25.0,28.423410845036358,-0.024999999999999977,-0.01999999999999969
2567.0,0.4561712500000259,3.8330856250000123,3.738085625000013,-25.0,28.42423996325823,-0.024999999999999977,-0.019999999999999695
2568.0,0.4563100000000259,3.833155000000012,3.7381550000000128,-25.0,28.425068563281172,-0.024999999999999977,-0.0199999999999997
2569.0,0.45644875000002594,3.8332243750000123,3.738224375000013,-25.0,28.425896645429134,-0.024999999999999977,-0.019999999999999702
2570.0,0.45658750000002596,3.833293750000012,3.738293750000013,-25.0,28.426724210025725,-0.024999999999999977,-0.019999999999999706
2571.0,0.456726250000026,3.833363125000012,3.7383631250000127,-25.0,28.42755125739444,-0.024999999999999977,-0.01999999999999971
2572.0,0.456865000000026,3.8334325000000122,3.738432500000013,-25.0,28.42837778785855,-0.024999999999999977,-0.019999999999999712
2573.0,0.457003750000026,3.833501875000012,3.7385018750000127,-25.0,28.429203801741153,-0.024999999999999977,-0.019999999999999716
2574.0,0.45714250000002604,3.8335712500000123,3.738571250000013,-25.0,28.43002929936506,-0.024999999999999977,-0.01999999999999972
2575.0,0.45728125000002606,3.833640625000012,3.738640625000013,-25.0,28.430854281052973,-0.024999999999999977,-0.019999999999999723
2576.0,0.4574200000000261,3.8337100000000124,3.738710000000013,-25.0,28.431678747127307,-0.024999999999999977,-0.019999999999999726
2577.0,0.4575587500000261,3.833779375000012,3.738779375000013,-25.0,28.432502697910365,-0.024999999999999977,-0.01999999999999973
2578.0,0.4576975000000261,3.833848750000012,3.7388487500000127,-25.0,28.433326133724165,-0.024999999999999977,-0.019999999999999733
2579.0,0.45783625000002615,3.8339181250000123,3.738918125000013,-25.0,28.43414905489061,-0.024999999999999977,-0.019999999999999737
2580.0,0.45797500000002617,3.833987500000012,3.738987500000013,-25.0,28.434971461731323,-0.024999999999999977,-0.01999999999999974
2581.0,0.4581137500000262,3.8340568750000124,3.739056875000013,-25.0,28.43579335456775,-0.024999999999999977,-0.019999999999999744
2582.0,0.4582525000000262,3.834126250000012,3.739126250000013,-25.0,28.43661473372117,-0.024999999999999977,-0.019999999999999747
2583.0,0.45839125000002623,3.8341956250000124,3.739195625000013,-25.0,28.437435599512582,-0.024999999999999977,-0.01999999999999975
2584.0,0.45853000000002625,3.8342650000000122,3.739265000000013,-25.0,28.438255952262864,-0.024999999999999977,-0.019999999999999754
2585.0,0.45866875000002627,3.8343343750000125,3.739334375000013,-25.0,28.439075792292726,-0.024999999999999977,-0.019999999999999758
2586.0,0.4588075000000263,3.8344037500000123,3.739403750000013,-25.0,28.43989511992254,-0.024999999999999977,-0.01999999999999976
2587.0,0.4589462500000263,3.834473125000012,3.739473125000013,-25.0,28.440713935472616,-0.024999999999999977,-0.019999999999999764
2588.0,0.45908500000002633,3.8345425000000124,3.739542500000013,-25.0,28.441532239262926,-0.024999999999999977,-0.019999999999999768
2589.0,0.45922375000002635,3.834611875000012,3.739611875000013,-25.0,28.442350031613387,-0.024999999999999977,-0.01999999999999977
2590.0,0.4593625000000264,3.8346812500000125,3.739681250000013,-25.0,28.443167312843627,-0.024999999999999977,-0.019999999999999775
2591.0,0.4595012500000264,3.8347506250000123,3.739750625000013,-25.0,28.443984083273108,-0.024999999999999977,-0.01999999999999978
2592.0,0.4596400000000264,3.8348200000000126,3.7398200000000132,-25.0,28.44480034322106,-0.024999999999999977,-0.019999999999999782
2593.0,0.45977875000002644,3.8348893750000124,3.739889375000013,-25.0,28.44561609300655,-0.024999999999999977,-0.019999999999999785
2594.0,0.45991750000002646,3.834958750000012,3.739958750000013,-25.0,28.446431332948407,-0.024999999999999977,-0.01999999999999979
2595.0,0.4600562500000265,3.8350281250000124,3.740028125000013,-25.0,28.4472460633653,-0.024999999999999977,-0.019999999999999792
2596.0,0.4601950000000265,3.8350975000000123,3.740097500000013,-25.0,28.448060284575718,-0.024999999999999977,-0.019999999999999796
2597.0,0.4603337500000265,3.835166875000013,3.740166875000013,-25.0,28.448873996897873,-0.024999999999999977,-0.0199999999999998
2598.0,0.46047250000002654,3.835236250000013,3.740236250000013,-25.0,28.449687200649805,-0.024999999999999977,-0.019999999999999803
2599.0,0.46061125000002656,3.835305625000013,3.7403056250000133,-25.0,28.45049989614938,-0.024999999999999977,-0.019999999999999806
2600.0,0.4607500000000266,3.835375000000013,3.740375000000013,-25.0,28.4513120837143,-0.024999999999999977,-0.019999999999999806
2601.0,0.4608887500000266,3.835444375000013,3.7404443750000134,-25.0,28.452123763661973,-0.024999999999999977,-0.019999999999999806
2602.0,0.4610275000000266,3.835513750000013,3.740513750000013,-25.0,28.452934936309703,-0.024999999999999977,-0.019999999999999806
2603.0,0.46116625000002665,3.8355831250000127,3.740583125000013,-25.0,28.453745601974504,-0.024999999999999977,-0.019999999999999806
2604.0,0.46130500000002667,3.835652500000013,3.7406525000000133,-25.0,28.454555760973278,-0.024999999999999977,-0.019999999999999806
2605.0,0.4614437500000267,3.835721875000013,3.740721875000013,-25.0,28.455365413622644,-0.024999999999999977,-0.019999999999999806
2606.0,0.4615825000000267,3.835791250000013,3.7407912500000133,-25.0,28.456174560239106,-0.024999999999999977,-0.019999999999999806
2607.0,0.46172125000002673,3.835860625000013,3.740860625000013,-25.0,28.45698320113894,-0.024999999999999977,-0.019999999999999806
2608.0,0.46186000000002675,3.835930000000013,3.7409300000000134,-25.0,28.457791336638252,-0.024999999999999977,-0.019999999999999806
2609.0,0.46199875000002677,3.835999375000013,3.7409993750000132,-25.0,28.458598967052865,-0.024999999999999977,-0.019999999999999806
2610.0,0.4621375000000268,3.836068750000013,3.741068750000013,-25.0,28.45940609269843,-0.024999999999999977,-0.019999999999999806
2611.0,0.4622762500000268,3.836138125000013,3.7411381250000133,-25.0,28.460212713890485,-0.024999999999999977,-0.019999999999999806
2612.0,0.46241500000002683,3.836207500000013,3.741207500000013,-25.0,28.461018830944283,-0.024999999999999977,-0.019999999999999806
2613.0,0.46255375000002685,3.836276875000013,3.7412768750000134,-25.0,28.461824444174965,-0.024999999999999977,-0.019999999999999806
2614.0,0.4626925000000269,3.836346250000013,3.741346250000013,-25.0,28.46262955389733,-0.024999999999999977,-0.019999999999999806
2615.0,0.4628312500000269,3.836415625000013,3.7414156250000135,-25.0,28.463434160426118,-0.024999999999999977,-0.019999999999999806
2616.0,0.4629700000000269,3.836485000000013,3.7414850000000133,-25.0,28.464238264075846,-0.024999999999999977,-0.019999999999999806
2617.0,0.46310875000002694,3.8365543750000133,3.7415543750000135,-25.0,28.4650418651608,-0.024999999999999977,-0.019999999999999806
2618.0,0.46324750000002696,3.836623750000013,3.7416237500000133,-25.0,28.465844963995096,-0.024999999999999977,-0.019999999999999806
2619.0,0.463386250000027,3.836693125000013,3.741693125000013,-25.0,28.466647560892625,-0.024999999999999977,-0.019999999999999806
2620.0,0.463525000000027,3.836762500000013,3.7417625000000134,-25.0,28.467449656167048,-0.024999999999999977,-0.019999999999999806
2621.0,0.463663750000027,3.836831875000013,3.7418318750000132,-25.0,28.46825125013197,-0.024999999999999977,-0.019999999999999806
2622.0,0.46380250000002704,3.8369012500000133,3.7419012500000135,-25.0,28.469052343100657,-0.024999999999999977,-0.019999999999999806
2623.0,0.46394125000002706,3.836970625000013,3.7419706250000133,-25.0,28.4698529353862,-0.024999999999999977,-0.019999999999999806
2624.0,0.4640800000000271,3.8370400000000133,3.7420400000000136,-25.0,28.47065302730158,-0.024999999999999977,-0.019999999999999806
2625.0,0.4642187500000271,3.837109375000013,3.7421093750000134,-25.0,28.471452619159493,-0.024999999999999977,-0.019999999999999806
2626.0,0.4643575000000271,3.837178750000013,3.742178750000013,-25.0,28.47225171127252,-0.024999999999999977,-0.019999999999999806
2627.0,0.46449625000002714,3.837248125000013,3.7422481250000135,-25.0,28.47305030395296,-0.024999999999999977,-0.019999999999999806
2628.0,0.46463500000002717,3.837317500000013,3.7423175000000133,-25.0,28.473848397512995,-0.024999999999999977,-0.019999999999999806
2629.0,0.4647737500000272,3.8373868750000133,3.7423868750000135,-25.0,28.474645992264527,-0.024999999999999977,-0.019999999999999806
2630.0,0.4649125000000272,3.837456250000013,3.7424562500000134,-25.0,28.47544308851934,-0.024999999999999977,-0.019999999999999806
2631.0,0.4650512500000272,3.8375256250000134,3.7425256250000136,-25.0,28.476239686588997,-0.024999999999999977,-0.019999999999999806
2632.0,0.46519000000002725,3.837595000000013,3.7425950000000134,-25.0,28.47703578678488,-0.024999999999999977,-0.019999999999999806
2633.0,0.46532875000002727,3.8376643750000135,3.7426643750000137,-25.0,28.477831389418157,-0.024999999999999977,-0.019999999999999806
2634.0,0.4654675000000273,3.8377337500000133,3.7427337500000135,-25.0,28.478626494799755,-0.024999999999999977,-0.019999999999999806
2635.0,0.4656062500000273,3.837803125000013,3.7428031250000133,-25.0,28.479421103240497,-0.024999999999999977,-0.019999999999999806
2636.0,0.46574500000002733,3.8378725000000133,3.7428725000000136,-25.0,28.480215215050976,-0.024999999999999977,-0.019999999999999806
2637.0,0.46588375000002735,3.837941875000013,3.7429418750000134,-25.0,28.481008830541555,-0.024999999999999977,-0.019999999999999806
2638.0,0.4660225000000274,3.8380112500000134,3.7430112500000137,-25.0,28.481801950022486,-0.024999999999999977,-0.019999999999999806
2639.0,0.4661612500000274,3.8380806250000132,3.7430806250000135,-25.0,28.482594573803738,-0.024999999999999977,-0.019999999999999806
2640.0,0.4663000000000274,3.8381500000000135,3.7431500000000137,-25.0,28.483386702195105,-0.024999999999999977,-0.019999999999999806
2641.0,0.46643875000002744,3.8382193750000133,3.7432193750000136,-25.0,28.484178335506215,-0.024999999999999977,-0.019999999999999806
2642.0,0.46657750000002746,3.838288750000013,3.7432887500000134,-25.0,28.484969474046522,-0.024999999999999977,-0.019999999999999806
2643.0,0.4667162500000275,3.8383581250000134,3.7433581250000136,-25.0,28.485760118125256,-0.024999999999999977,-0.019999999999999806
2644.0,0.4668550000000275,3.838427500000013,3.7434275000000135,-25.0,28.486550268051417,-0.024999999999999977,-0.019999999999999806
2645.0,0.4669937500000275,3.8384968750000135,3.7434968750000137,-25.0,28.48733992413389,-0.024999999999999977,-0.019999999999999806
2646.0,0.46713250000002754,3.8385662500000133,3.7435662500000135,-25.0,28.488129086681283,-0.024999999999999977,-0.019999999999999806
2647.0,0.46727125000002756,3.8386356250000135,3.743635625000014,-25.0,28.48891775600208,-0.024999999999999977,-0.019999999999999806
2648.0,0.4674100000000276,3.8387050000000134,3.7437050000000136,-25.0,28.489705932404604,-0.024999999999999977,-0.019999999999999806
2649.0,0.4675487500000276,3.838774375000013,3.7437743750000134,-25.0,28.49049361619683,-0.024999999999999977,-0.019999999999999806
2650.0,0.4676875000000276,3.8388437500000134,3.7438437500000137,-25.0,28.491280807686678,-0.024999999999999977,-0.019999999999999806
2651.0,0.46782625000002764,3.8389131250000132,3.7439131250000135,-25.0,28.4920675071819,-0.024999999999999977,-0.019999999999999806
2652.0,0.46796500000002766,3.8389825000000135,3.7439825000000138,-25.0,28.492853714989906,-0.024999999999999977,-0.019999999999999806
2653.0,0.4681037500000277,3.8390518750000133,3.7440518750000136,-25.0,28.493639431418046,-0.024999999999999977,-0.019999999999999806
2654.0,0.4682425000000277,3.8391212500000136,3.744121250000014,-25.0,28.49442465677339,-0.024999999999999977,-0.019999999999999806
2655.0,0.4683812500000277,3.8391906250000134,3.7441906250000137,-25.0,28.49520939136289,-0.024999999999999977,-0.019999999999999806
2656.0,0.46852000000002775,3.8392600000000137,3.744260000000014,-25.0,28.495993635493278,-0.024999999999999977,-0.019999999999999806
2657.0,0.46865875000002777,3.8393293750000135,3.7443293750000137,-25.0,28.496777389471106,-0.024999999999999977,-0.019999999999999806
2658.0,0.4687975000000278,3.8393987500000133,3.7443987500000135,-25.0,28.497560653602704,-0.024999999999999977,-0.019999999999999806
2659.0,0.4689362500000278,3.8394681250000136,3.744468125000014,-25.0,28.498343428194175,-0.024999999999999977,-0.019999999999999806
2660.0,0.46907500000002783,3.8395375000000134,3.7445375000000136,-25.0,28.499125713551564,-0.024999999999999977,-0.019999999999999806
2661.0,0.46921375000002785,3.8396068750000136,3.744606875000014,-25.0,28.499907509980574,-0.024999999999999977,-0.019999999999999806
2662.0,0.4693525000000279,3.8396762500000134,3.7446762500000137,-25.0,28.500688817786852,-0.024999999999999977,-0.019999999999999806
2663.0,0.4694912500000279,3.8397456250000137,3.744745625000014,-25.0,28.50146963727576,-0.024999999999999977,-0.019999999999999806
2664.0,0.4696300000000279,3.8398150000000135,3.7448150000000138,-25.0,28.502249968752437,-0.024999999999999977,-0.019999999999999806
2665.0,0.46976875000002793,3.8398843750000133,3.7448843750000136,-25.0,28.50302981252196,-0.024999999999999977,-0.019999999999999806
2666.0,0.46990750000002796,3.8399537500000136,3.744953750000014,-25.0,28.50380916888912,-0.024999999999999977,-0.019999999999999806
2667.0,0.470046250000028,3.8400231250000134,3.7450231250000137,-25.0,28.504588038158545,-0.024999999999999977,-0.019999999999999806
2668.0,0.470185000000028,3.8400925000000137,3.745092500000014,-25.0,28.505366420634687,-0.024999999999999977,-0.019999999999999806
2669.0,0.470323750000028,3.8401618750000135,3.7451618750000137,-25.0,28.50614431662177,-0.024999999999999977,-0.019999999999999806
2670.0,0.47046250000002804,3.8402312500000138,3.745231250000014,-25.0,28.506921726423855,-0.024999999999999977,-0.019999999999999806
2671.0,0.47060125000002806,3.8403006250000136,3.745300625000014,-25.0,28.50769865034482,-0.024999999999999977,-0.019999999999999806
2672.0,0.4707400000000281,3.840370000000014,3.745370000000014,-25.0,28.50847508868833,-0.024999999999999977,-0.019999999999999806
2673.0,0.4708787500000281,3.8404393750000136,3.745439375000014,-25.0,28.50925104175792,-0.024999999999999977,-0.019999999999999806
2674.0,0.4710175000000281,3.8405087500000135,3.7455087500000137,-25.0,28.5100265098568,-0.024999999999999977,-0.019999999999999806
2675.0,0.47115625000002814,3.8405781250000137,3.745578125000014,-25.0,28.510801493288113,-0.024999999999999977,-0.019999999999999806
2676.0,0.47129500000002816,3.8406475000000135,3.745647500000014,-25.0,28.511575992354835,-0.024999999999999977,-0.019999999999999806
2677.0,0.4714337500000282,3.840716875000014,3.745716875000014,-25.0,28.5123500073596,-0.024999999999999977,-0.019999999999999806
2678.0,0.4715725000000282,3.8407862500000136,3.745786250000014,-25.0,28.513123538604987,-0.024999999999999977,-0.019999999999999806
2679.0,0.4717112500000282,3.840855625000014,3.745855625000014,-25.0,28.513896586393344,-0.024999999999999977,-0.019999999999999806
2680.0,0.47185000000002825,3.8409250000000137,3.745925000000014,-25.0,28.51466915102685,-0.024999999999999977,-0.019999999999999806
2681.0,0.47198875000002827,3.8409943750000135,3.7459943750000138,-25.0,28.51544123280746,-0.024999999999999977,-0.019999999999999806
2682.0,0.4721275000000283,3.8410637500000138,3.746063750000014,-25.0,28.516212832036956,-0.024999999999999977,-0.019999999999999806
2683.0,0.4722662500000283,3.8411331250000136,3.746133125000014,-25.0,28.516983949016947,-0.024999999999999977,-0.019999999999999806
2684.0,0.47240500000002833,3.841202500000014,3.746202500000014,-25.0,28.517754584048816,-0.024999999999999977,-0.019999999999999806
2685.0,0.47254375000002835,3.8412718750000137,3.746271875000014,-25.0,28.51852473743378,-0.024999999999999977,-0.019999999999999806
2686.0,0.47268250000002837,3.841341250000014,3.746341250000014,-25.0,28.519294409472877,-0.024999999999999977,-0.019999999999999806
2687.0,0.4728212500000284,3.8414106250000137,3.746410625000014,-25.0,28.520063600466983,-0.024999999999999977,-0.019999999999999806
2688.0,0.4729600000000284,3.841480000000014,3.7464800000000142,-25.0,28.520832310716685,-0.024999999999999977,-0.019999999999999806
2689.0,0.47309875000002843,3.841549375000014,3.746549375000014,-25.0,28.521600540522513,-0.024999999999999977,-0.019999999999999806
2690.0,0.47323750000002845,3.8416187500000136,3.746618750000014,-25.0,28.52236829018466,-0.024999999999999977,-0.019999999999999806
2691.0,0.4733762500000285,3.841688125000014,3.746688125000014,-25.0,28.52313556000331,-0.024999999999999977,-0.019999999999999806
2692.0,0.4735150000000285,3.8417575000000137,3.746757500000014,-25.0,28.52390235027832,-0.024999999999999977,-0.019999999999999806
2693.0,0.4736537500000285,3.841826875000014,3.746826875000014,-25.0,28.52466866130942,-0.024999999999999977,-0.019999999999999806
2694.0,0.47379250000002854,3.841896250000014,3.746896250000014,-25.0,28.52543449339612,-0.024999999999999977,-0.019999999999999806
2695.0,0.47393125000002856,3.841965625000014,3.7469656250000143,-25.0,28.526199846837756,-0.024999999999999977,-0.019999999999999806
2696.0,0.4740700000000286,3.842035000000014,3.747035000000014,-25.0,28.526964721933496,-0.024999999999999977,-0.019999999999999806
2697.0,0.4742087500000286,3.8421043750000137,3.747104375000014,-25.0,28.52772911898228,-0.024999999999999977,-0.019999999999999806
2698.0,0.4743475000000286,3.842173750000014,3.747173750000014,-25.0,28.52849303828293,-0.024999999999999977,-0.019999999999999806
2699.0,0.47448625000002864,3.8422431250000137,3.747243125000014,-25.0,28.529256480133995,-0.024999999999999977,-0.019999999999999806
2700.0,0.47462500000002866,3.842312500000014,3.7473125000000143,-25.0,28.530019444833897,-0.024999999999999977,-0.019999999999999806
2701.0,0.4747637500000287,3.842381875000014,3.747381875000014,-25.0,28.530781932680895,-0.024999999999999977,-0.019999999999999806
2702.0,0.4749025000000287,3.842451250000014,3.7474512500000143,-25.0,28.531543943972963,-0.024999999999999977,-0.019999999999999806
2703.0,0.4750412500000287,3.842520625000014,3.747520625000014,-25.0,28.53230547900796,-0.024999999999999977,-0.019999999999999806
2704.0,0.47518000000002875,3.842590000000014,3.7475900000000144,-25.0,28.533066538083574,-0.024999999999999977,-0.019999999999999806
2705.0,0.47531875000002877,3.842659375000014,3.7476593750000142,-25.0,28.533827121497268,-0.024999999999999977,-0.019999999999999806
2706.0,0.4754575000000288,3.842728750000014,3.747728750000014,-25.0,28.534587229546332,-0.024999999999999977,-0.019999999999999806
2707.0,0.4755962500000288,3.842798125000014,3.7477981250000143,-25.0,28.535346862527888,-0.024999999999999977,-0.019999999999999806
2708.0,0.47573500000002883,3.842867500000014,3.747867500000014,-25.0,28.536106020738828,-0.024999999999999977,-0.019999999999999806
2709.0,0.47587375000002885,3.842936875000014,3.7479368750000144,-25.0,28.536864704475875,-0.024999999999999977,-0.019999999999999806
2710.0,0.47601250000002887,3.843006250000014,3.748006250000014,-25.0,28.53762291403558,-0.024999999999999977,-0.019999999999999806
2711.0,0.4761512500000289,3.843075625000014,3.7480756250000145,-25.0,28.538380649714327,-0.024999999999999977,-0.019999999999999806
2712.0,0.4762900000000289,3.843145000000014,3.7481450000000143,-25.0,28.539137911808268,-0.024999999999999977,-0.019999999999999806
2713.0,0.47642875000002893,3.843214375000014,3.748214375000014,-25.0,28.539894700613388,-0.024999999999999977,-0.019999999999999806
2714.0,0.47656750000002895,3.843283750000014,3.7482837500000143,-25.0,28.5406510164255,-0.024999999999999977,-0.019999999999999806
2715.0,0.476706250000029,3.843353125000014,3.748353125000014,-25.0,28.541406859540245,-0.024999999999999977,-0.019999999999999806
2716.0,0.476845000000029,3.843422500000014,3.7484225000000144,-25.0,28.54216223025304,-0.024999999999999977,-0.019999999999999806
2717.0,0.476983750000029,3.843491875000014,3.7484918750000142,-25.0,28.54291712885913,-0.024999999999999977,-0.019999999999999806
2718.0,0.47712250000002904,3.8435612500000143,3.7485612500000145,-25.0,28.54367155565359,-0.024999999999999977,-0.019999999999999806
2719.0,0.47726125000002906,3.843630625000014,3.7486306250000143,-25.0,28.54442551093132,-0.024999999999999977,-0.019999999999999806
2720.0,0.4774000000000291,3.8437000000000143,3.7487000000000146,-25.0,28.545178994986998,-0.024999999999999977,-0.019999999999999806
2721.0,0.4775387500000291,3.843769375000014,3.7487693750000144,-25.0,28.54593200811513,-0.024999999999999977,-0.019999999999999806
2722.0,0.4776775000000291,3.843838750000014,3.748838750000014,-25.0,28.546684550610053,-0.024999999999999977,-0.019999999999999806
2723.0,0.47781625000002914,3.843908125000014,3.7489081250000145,-25.0,28.54743662276593,-0.024999999999999977,-0.019999999999999806
2724.0,0.47795500000002916,3.843977500000014,3.7489775000000143,-25.0,28.548188224876696,-0.024999999999999977,-0.019999999999999806
2725.0,0.4780937500000292,3.8440468750000143,3.7490468750000145,-25.0,28.548939357236122,-0.024999999999999977,-0.019999999999999806
2726.0,0.4782325000000292,3.844116250000014,3.7491162500000144,-25.0,28.54969002013786,-0.024999999999999977,-0.019999999999999806
2727.0,0.4783712500000292,3.8441856250000144,3.7491856250000146,-25.0,28.550440213875277,-0.024999999999999977,-0.019999999999999806
2728.0,0.47851000000002925,3.844255000000014,3.7492550000000144,-25.0,28.55118993874163,-0.024999999999999977,-0.019999999999999806
2729.0,0.47864875000002927,3.844324375000014,3.7493243750000143,-25.0,28.551939195029888,-0.024999999999999977,-0.019999999999999806
2730.0,0.4787875000000293,3.8443937500000143,3.7493937500000145,-25.0,28.552687983032968,-0.024999999999999977,-0.019999999999999806
2731.0,0.4789262500000293,3.844463125000014,3.7494631250000143,-25.0,28.553436303043554,-0.024999999999999977,-0.019999999999999806
2732.0,0.47906500000002933,3.8445325000000143,3.7495325000000146,-25.0,28.554184155354164,-0.024999999999999977,-0.019999999999999806
2733.0,0.47920375000002935,3.844601875000014,3.7496018750000144,-25.0,28.554931540257087,-0.024999999999999977,-0.019999999999999806
2734.0,0.47934250000002937,3.8446712500000144,3.7496712500000147,-25.0,28.55567845804444,-0.024999999999999977,-0.019999999999999806
2735.0,0.4794812500000294,3.8447406250000142,3.7497406250000145,-25.0,28.55642490900817,-0.024999999999999977,-0.019999999999999806
2736.0,0.4796200000000294,3.8448100000000145,3.7498100000000147,-25.0,28.55717089344006,-0.024999999999999977,-0.019999999999999806
2737.0,0.47975875000002943,3.8448793750000143,3.7498793750000146,-25.0,28.557916411631652,-0.024999999999999977,-0.019999999999999806
2738.0,0.47989750000002945,3.844948750000014,3.7499487500000144,-25.0,28.558661463874387,-0.024999999999999977,-0.019999999999999806
2739.0,0.4800362500000295,3.8450181250000144,3.7500181250000146,-25.0,28.559406050459472,-0.024999999999999977,-0.019999999999999806
2740.0,0.4801750000000295,3.845087500000014,3.7500875000000145,-25.0,28.560150171677947,-0.024999999999999977,-0.019999999999999806
2741.0,0.4803137500000295,3.8451568750000145,3.7501568750000147,-25.0,28.56089382782062,-0.024999999999999977,-0.019999999999999806
2742.0,0.48045250000002954,3.8452262500000143,3.7502262500000145,-25.0,28.56163701917825,-0.024999999999999977,-0.019999999999999806
2743.0,0.48059125000002956,3.8452956250000145,3.750295625000015,-25.0,28.562379746041245,-0.024999999999999977,-0.019999999999999806
2744.0,0.4807300000000296,3.8453650000000144,3.7503650000000146,-25.0,28.563122008699963,-0.024999999999999977,-0.019999999999999806
2745.0,0.4808687500000296,3.845434375000014,3.7504343750000144,-25.0,28.563863807444534,-0.024999999999999977,-0.019999999999999806
2746.0,0.4810075000000296,3.8455037500000144,3.7505037500000147,-25.0,28.564605142564858,-0.024999999999999977,-0.019999999999999806
2747.0,0.48114625000002964,3.8455731250000142,3.7505731250000145,-25.0,28.56534601435078,-0.024999999999999977,-0.019999999999999806
2748.0,0.48128500000002966,3.8456425000000145,3.7506425000000148,-25.0,28.566086423091804,-0.024999999999999977,-0.019999999999999806
2749.0,0.4814237500000297,3.8457118750000143,3.7507118750000146,-25.0,28.566826369077376,-0.024999999999999977,-0.019999999999999806
2750.0,0.4815625000000297,3.8457812500000146,3.750781250000015,-25.0,28.567565852596715,-0.024999999999999977,-0.019999999999999806
2751.0,0.4817012500000297,3.8458506250000144,3.7508506250000146,-25.0,28.568304873938814,-0.024999999999999977,-0.019999999999999806
2752.0,0.48184000000002974,3.8459200000000147,3.750920000000015,-25.0,28.569043433392608,-0.024999999999999977,-0.019999999999999806
2753.0,0.48197875000002977,3.8459893750000145,3.7509893750000147,-25.0,28.569781531246747,-0.024999999999999977,-0.019999999999999806
2754.0,0.4821175000000298,3.8460587500000143,3.7510587500000145,-25.0,28.570519167789712,-0.024999999999999977,-0.019999999999999806
2755.0,0.4822562500000298,3.8461281250000146,3.751128125000015,-25.0,28.57125634330987,-0.024999999999999977,-0.019999999999999806
2756.0,0.4823950000000298,3.8461975000000144,3.7511975000000146,-25.0,28.571993058095302,-0.024999999999999977,-0.019999999999999806
2757.0,0.48253375000002985,3.8462668750000146,3.751266875000015,-25.0,28.572729312433978,-0.024999999999999977,-0.019999999999999806
2758.0,0.48267250000002987,3.8463362500000144,3.7513362500000147,-25.0,28.573465106613696,-0.024999999999999977,-0.019999999999999806
2759.0,0.4828112500000299,3.8464056250000147,3.751405625000015,-25.0,28.574200440922084,-0.024999999999999977,-0.019999999999999806
2760.0,0.4829500000000299,3.8464750000000145,3.7514750000000148,-25.0,28.574935315646485,-0.024999999999999977,-0.019999999999999806
2761.0,0.48308875000002993,3.8465443750000143,3.7515443750000146,-25.0,28.575669731074186,-0.024999999999999977,-0.019999999999999806
2762.0,0.48322750000002995,3.8466137500000146,3.751613750000015,-25.0,28.576403687492245,-0.024999999999999977,-0.019999999999999806
2763.0,0.48336625000003,3.8466831250000144,3.7516831250000147,-25.0,28.577137185187553,-0.024999999999999977,-0.019999999999999806
2764.0,0.48350500000003,3.8467525000000147,3.751752500000015,-25.0,28.577870224446826,-0.024999999999999977,-0.019999999999999806
2765.0,0.48364375000003,3.8468218750000145,3.7518218750000147,-25.0,28.578602805556557,-0.024999999999999977,-0.019999999999999806
2766.0,0.48378250000003004,3.8468912500000148,3.751891250000015,-25.0,28.579334928803064,-0.024999999999999977,-0.019999999999999806
2767.0,0.48392125000003006,3.8469606250000146,3.751960625000015,-25.0,28.580066594472555,-0.024999999999999977,-0.019999999999999806
2768.0,0.4840600000000301,3.8470300000000144,3.7520300000000146,-25.0,28.58079780285101,-0.024999999999999977,-0.019999999999999806
2769.0,0.4841987500000301,3.8470993750000146,3.752099375000015,-25.0,28.581528554224235,-0.024999999999999977,-0.019999999999999806
2770.0,0.4843375000000301,3.8471687500000145,3.7521687500000147,-25.0,28.58225884887787,-0.024999999999999977,-0.019999999999999806
2771.0,0.48447625000003014,3.8472381250000147,3.752238125000015,-25.0,28.582988687097327,-0.024999999999999977,-0.019999999999999806
2772.0,0.48461500000003016,3.8473075000000145,3.752307500000015,-25.0,28.5837180691679,-0.024999999999999977,-0.019999999999999806
2773.0,0.4847537500000302,3.847376875000015,3.752376875000015,-25.0,28.584446995374662,-0.024999999999999977,-0.019999999999999806
2774.0,0.4848925000000302,3.8474462500000146,3.752446250000015,-25.0,28.585175466002568,-0.024999999999999977,-0.019999999999999806
2775.0,0.4850312500000302,3.847515625000015,3.752515625000015,-25.0,28.585903481336288,-0.024999999999999977,-0.019999999999999806
2776.0,0.48517000000003024,3.8475850000000147,3.752585000000015,-25.0,28.58663104166044,-0.024999999999999977,-0.019999999999999806
2777.0,0.48530875000003026,3.8476543750000145,3.7526543750000148,-25.0,28.58735814725941,-0.024999999999999977,-0.019999999999999806
2778.0,0.4854475000000303,3.8477237500000148,3.752723750000015,-25.0,28.588084798417356,-0.024999999999999977,-0.019999999999999806
2779.0,0.4855862500000303,3.8477931250000146,3.752793125000015,-25.0,28.588810995418328,-0.024999999999999977,-0.019999999999999806
2780.0,0.4857250000000303,3.847862500000015,3.752862500000015,-25.0,28.5895367385462,-0.024999999999999977,-0.019999999999999806
2781.0,0.48586375000003035,3.8479318750000147,3.752931875000015,-25.0,28.590262028084624,-0.024999999999999977,-0.019999999999999806
2782.0,0.48600250000003037,3.848001250000015,3.753001250000015,-25.0,28.590986864317074,-0.024999999999999977,-0.019999999999999806
2783.0,0.4861412500000304,3.8480706250000147,3.753070625000015,-25.0,28.59171124752686,-0.024999999999999977,-0.019999999999999806
2784.0,0.4862800000000304,3.8481400000000145,3.753140000000015,-25.0,28.592435177997174,-0.024999999999999977,-0.019999999999999806
2785.0,0.48641875000003043,3.848209375000015,3.753209375000015,-25.0,28.593158656010928,-0.024999999999999977,-0.019999999999999806
2786.0,0.48655750000003045,3.8482787500000146,3.753278750000015,-25.0,28.593881681850917,-0.024999999999999977,-0.019999999999999806
2787.0,0.4866962500000305,3.848348125000015,3.753348125000015,-25.0,28.594604255799766,-0.024999999999999977,-0.019999999999999806
2788.0,0.4868350000000305,3.8484175000000147,3.753417500000015,-25.0,28.595326378139873,-0.024999999999999977,-0.019999999999999806
2789.0,0.4869737500000305,3.848486875000015,3.753486875000015,-25.0,28.596048049153524,-0.024999999999999977,-0.019999999999999806
2790.0,0.48711250000003053,3.8485562500000148,3.753556250000015,-25.0,28.59676926912283,-0.024999999999999977,-0.019999999999999806
2791.0,0.48725125000003056,3.848625625000015,3.7536256250000153,-25.0,28.597490038329624,-0.024999999999999977,-0.019999999999999806
2792.0,0.4873900000000306,3.848695000000015,3.753695000000015,-25.0,28.598210357055677,-0.024999999999999977,-0.019999999999999806
2793.0,0.4875287500000306,3.8487643750000147,3.753764375000015,-25.0,28.598930225582535,-0.024999999999999977,-0.019999999999999806
2794.0,0.4876675000000306,3.848833750000015,3.753833750000015,-25.0,28.599649644191572,-0.024999999999999977,-0.019999999999999806
2795.0,0.48780625000003064,3.8489031250000147,3.753903125000015,-25.0,28.600368613163937,-0.024999999999999977,-0.019999999999999806
2796.0,0.48794500000003066,3.848972500000015,3.7539725000000153,-25.0,28.60108713278072,-0.024999999999999977,-0.019999999999999806
2797.0,0.4880837500000307,3.849041875000015,3.754041875000015,-25.0,28.601805203322726,-0.024999999999999977,-0.019999999999999806
2798.0,0.4882225000000307,3.849111250000015,3.7541112500000153,-25.0,28.60252282507065,-0.024999999999999977,-0.019999999999999806
2799.0,0.4883612500000307,3.849180625000015,3.754180625000015,-25.0,28.603239998304957,-0.024999999999999977,-0.019999999999999806
2800.0,0.48850000000003074,3.8492500000000147,3.754250000000015,-25.0,28.603956723306,-0.024999999999999977,-0.019999999999999806
2801.0,0.48863875000003076,3.849319375000015,3.7543193750000152,-25.0,28.604673000353955,-0.024999999999999977,-0.019999999999999806
2802.0,0.4887775000000308,3.849388750000015,3.754388750000015,-25.0,28.605388829728724,-0.024999999999999977,-0.019999999999999806
2803.0,0.4889162500000308,3.849458125000015,3.7544581250000153,-25.0,28.606104211710147,-0.024999999999999977,-0.019999999999999806
2804.0,0.4890550000000308,3.849527500000015,3.754527500000015,-25.0,28.606819146577834,-0.024999999999999977,-0.019999999999999806
2805.0,0.48919375000003085,3.849596875000015,3.7545968750000154,-25.0,28.60753363461123,-0.024999999999999977,-0.019999999999999806
2806.0,0.48933250000003087,3.849666250000015,3.754666250000015,-25.0,28.608247676089604,-0.024999999999999977,-0.019999999999999806
2807.0,0.4894712500000309,3.849735625000015,3.7547356250000155,-25.0,28.60896127129206,-0.024999999999999977,-0.019999999999999806
2808.0,0.4896100000000309,3.849805000000015,3.7548050000000153,-25.0,28.609674420497527,-0.024999999999999977,-0.019999999999999806
2809.0,0.48974875000003093,3.849874375000015,3.754874375000015,-25.0,28.610387123984708,-0.024999999999999977,-0.019999999999999806
2810.0,0.48988750000003095,3.849943750000015,3.7549437500000153,-25.0,28.611099382032194,-0.024999999999999977,-0.019999999999999806
2811.0,0.49002625000003097,3.850013125000015,3.755013125000015,-25.0,28.611811194918403,-0.024999999999999977,-0.019999999999999806
2812.0,0.490165000000031,3.850082500000015,3.7550825000000154,-25.0,28.612522562921583,-0.024999999999999977,-0.019999999999999806
2813.0,0.490303750000031,3.850151875000015,3.7551518750000152,-25.0,28.613233486319757,-0.024999999999999977,-0.019999999999999806
2814.0,0.49044250000003103,3.8502212500000152,3.7552212500000155,-25.0,28.61394396539083,-0.024999999999999977,-0.019999999999999806
2815.0,0.49058125000003105,3.850290625000015,3.7552906250000153,-25.0,28.614654000412486,-0.024999999999999977,-0.019999999999999806
2816.0,0.4907200000000311,3.850360000000015,3.755360000000015,-25.0,28.61536359166223,-0.024999999999999977,-0.019999999999999806
2817.0,0.4908587500000311,3.850429375000015,3.7554293750000154,-25.0,28.61607273941746,-0.024999999999999977,-0.019999999999999806
2818.0,0.4909975000000311,3.850498750000015,3.755498750000015,-25.0,28.616781443955347,-0.024999999999999977,-0.019999999999999806
2819.0,0.49113625000003114,3.850568125000015,3.7555681250000155,-25.0,28.617489705552885,-0.024999999999999977,-0.019999999999999806
2820.0,0.49127500000003116,3.850637500000015,3.7556375000000153,-25.0,28.618197524486902,-0.024999999999999977,-0.019999999999999806
2821.0,0.4914137500000312,3.8507068750000153,3.7557068750000155,-25.0,28.618904901034114,-0.024999999999999977,-0.019999999999999806
2822.0,0.4915525000000312,3.850776250000015,3.7557762500000154,-25.0,28.61961183547095,-0.024999999999999977,-0.019999999999999806
2823.0,0.4916912500000312,3.8508456250000154,3.7558456250000156,-25.0,28.62031832807378,-0.024999999999999977,-0.019999999999999806
2824.0,0.49183000000003124,3.850915000000015,3.7559150000000154,-25.0,28.62102437911875,-0.024999999999999977,-0.019999999999999806
2825.0,0.49196875000003126,3.850984375000015,3.7559843750000153,-25.0,28.621729988881782,-0.024999999999999977,-0.019999999999999806
2826.0,0.4921075000000313,3.8510537500000153,3.7560537500000155,-25.0,28.622435157638733,-0.024999999999999977,-0.019999999999999806
2827.0,0.4922462500000313,3.851123125000015,3.7561231250000153,-25.0,28.623139885665182,-0.024999999999999977,-0.019999999999999806
2828.0,0.4923850000000313,3.8511925000000153,3.7561925000000156,-25.0,28.623844173236648,-0.024999999999999977,-0.019999999999999806
2829.0,0.49252375000003135,3.851261875000015,3.7562618750000154,-25.0,28.624548020628367,-0.024999999999999977,-0.019999999999999806
2830.0,0.49266250000003137,3.8513312500000154,3.7563312500000157,-25.0,28.62525142811546,-0.024999999999999977,-0.019999999999999806
2831.0,0.4928012500000314,3.8514006250000152,3.7564006250000155,-25.0,28.625954395972883,-0.024999999999999977,-0.019999999999999806
2832.0,0.4929400000000314,3.851470000000015,3.7564700000000153,-25.0,28.626656924475412,-0.024999999999999977,-0.019999999999999806
2833.0,0.49307875000003143,3.8515393750000153,3.7565393750000156,-25.0,28.627359013897603,-0.024999999999999977,-0.019999999999999806
2834.0,0.49321750000003145,3.851608750000015,3.7566087500000154,-25.0,28.628060664513896,-0.024999999999999977,-0.019999999999999806
2835.0,0.49335625000003147,3.8516781250000154,3.7566781250000156,-25.0,28.62876187659856,-0.024999999999999977,-0.019999999999999806
2836.0,0.4934950000000315,3.851747500000015,3.7567475000000154,-25.0,28.629462650425694,-0.024999999999999977,-0.019999999999999806
2837.0,0.4936337500000315,3.8518168750000155,3.7568168750000157,-25.0,28.63016298626917,-0.024999999999999977,-0.019999999999999806
2838.0,0.49377250000003153,3.8518862500000153,3.7568862500000155,-25.0,28.630862884402745,-0.024999999999999977,-0.019999999999999806
2839.0,0.49391125000003155,3.8519556250000155,3.756955625000016,-25.0,28.631562345100008,-0.024999999999999977,-0.019999999999999806
2840.0,0.4940500000000316,3.8520250000000154,3.7570250000000156,-25.0,28.632261368634317,-0.024999999999999977,-0.019999999999999806
2841.0,0.4941887500000316,3.852094375000015,3.7570943750000154,-25.0,28.63295995527892,-0.024999999999999977,-0.019999999999999806
2842.0,0.4943275000000316,3.8521637500000154,3.7571637500000157,-25.0,28.633658105306893,-0.024999999999999977,-0.019999999999999806
2843.0,0.49446625000003164,3.8522331250000152,3.7572331250000155,-25.0,28.634355818991082,-0.024999999999999977,-0.019999999999999806
2844.0,0.49460500000003166,3.8523025000000155,3.7573025000000158,-25.0,28.635053096604224,-0.024999999999999977,-0.019999999999999806
2845.0,0.4947437500000317,3.8523718750000153,3.7573718750000156,-25.0,28.635749938418826,-0.024999999999999977,-0.019999999999999806
2846.0,0.4948825000000317,3.8524412500000156,3.757441250000016,-25.0,28.636446344707338,-0.024999999999999977,-0.019999999999999806
2847.0,0.4950212500000317,3.8525106250000154,3.7575106250000156,-25.0,28.63714231574187,-0.024999999999999977,-0.019999999999999806
2848.0,0.49516000000003174,3.852580000000015,3.7575800000000155,-25.0,28.63783785179453,-0.024999999999999977,-0.019999999999999806
2849.0,0.49529875000003176,3.8526493750000155,3.7576493750000157,-25.0,28.638532953137144,-0.024999999999999977,-0.019999999999999806
2850.0,0.4954375000000318,3.8527187500000153,3.7577187500000155,-25.0,28.639227620041424,-0.024999999999999977,-0.019999999999999806
2851.0,0.4955762500000318,3.8527881250000156,3.757788125000016,-25.0,28.63992185277891,-0.024999999999999977,-0.019999999999999806
2852.0,0.4957150000000318,3.8528575000000154,3.7578575000000156,-25.0,28.64061565162092,-0.024999999999999977,-0.019999999999999806
2853.0,0.49585375000003185,3.8529268750000156,3.757926875000016,-25.0,28.641309016838647,-0.024999999999999977,-0.019999999999999806
2854.0,0.49599250000003187,3.8529962500000154,3.7579962500000157,-25.0,28.642001948703125,-0.024999999999999977,-0.019999999999999806
2855.0,0.4961312500000319,3.8530656250000157,3.758065625000016,-25.0,28.642694447485212,-0.024999999999999977,-0.019999999999999806
2856.0,0.4962700000000319,3.8531350000000155,3.7581350000000158,-25.0,28.64338651345554,-0.024999999999999977,-0.019999999999999806
2857.0,0.49640875000003193,3.8532043750000153,3.7582043750000156,-25.0,28.644078146884624,-0.024999999999999977,-0.019999999999999806
2858.0,0.49654750000003195,3.8532737500000156,3.758273750000016,-25.0,28.644769348042814,-0.024999999999999977,-0.019999999999999806
2859.0,0.49668625000003197,3.8533431250000154,3.7583431250000157,-25.0,28.645460117200287,-0.024999999999999977,-0.019999999999999806
2860.0,0.496825000000032,3.8534125000000157,3.758412500000016,-25.0,28.646150454627048,-0.024999999999999977,-0.019999999999999806
2861.0,0.496963750000032,3.8534818750000155,3.7584818750000157,-25.0,28.646840360592932,-0.024999999999999977,-0.019999999999999806
2862.0,0.49710250000003203,3.8535512500000157,3.758551250000016,-25.0,28.64752983536755,-0.024999999999999977,-0.019999999999999806
2863.0,0.49724125000003205,3.8536206250000156,3.758620625000016,-25.0,28.64821887922045,-0.024999999999999977,-0.019999999999999806
2864.0,0.4973800000000321,3.8536900000000154,3.7586900000000156,-25.0,28.64890749242096,-0.024999999999999977,-0.019999999999999806
2865.0,0.4975187500000321,3.8537593750000156,3.758759375000016,-25.0,28.649595675238174,-0.024999999999999977,-0.019999999999999806
2866.0,0.4976575000000321,3.8538287500000155,3.7588287500000157,-25.0,28.650283427941133,-0.024999999999999977,-0.019999999999999806
2867.0,0.49779625000003214,3.8538981250000157,3.758898125000016,-25.0,28.65097075079865,-0.024999999999999977,-0.019999999999999806
2868.0,0.49793500000003216,3.8539675000000155,3.758967500000016,-25.0,28.65165764407942,-0.024999999999999977,-0.019999999999999806
2869.0,0.4980737500000322,3.854036875000016,3.759036875000016,-25.0,28.652344108051864,-0.024999999999999977,-0.019999999999999806
2870.0,0.4982125000000322,3.8541062500000156,3.759106250000016,-25.0,28.653030142984335,-0.024999999999999977,-0.019999999999999806
2871.0,0.4983512500000322,3.854175625000016,3.759175625000016,-25.0,28.653715749144965,-0.024999999999999977,-0.019999999999999806
2872.0,0.49849000000003224,3.8542450000000157,3.759245000000016,-25.0,28.65440092680177,-0.024999999999999977,-0.019999999999999806
2873.0,0.49862875000003226,3.8543143750000155,3.7593143750000158,-25.0,28.65508567622254,-0.024999999999999977,-0.019999999999999806
2874.0,0.4987675000000323,3.8543837500000158,3.759383750000016,-25.0,28.655769997674895,-0.024999999999999977,-0.019999999999999806
2875.0,0.4989062500000323,3.8544531250000156,3.759453125000016,-25.0,28.656453891426338,-0.024999999999999977,-0.019999999999999806
2876.0,0.4990450000000323,3.854522500000016,3.759522500000016,-25.0,28.657137357744205,-0.024999999999999977,-0.019999999999999806
2877.0,0.49918375000003234,3.8545918750000157,3.759591875000016,-25.0,28.657820396895602,-0.024999999999999977,-0.019999999999999806
2878.0,0.49932250000003237,3.854661250000016,3.759661250000016,-25.0,28.658503009147523,-0.024999999999999977,-0.019999999999999806
2879.0,0.4994612500000324,3.8547306250000157,3.759730625000016,-25.0,28.659185194766792,-0.024999999999999977,-0.019999999999999806
2880.0,0.4996000000000324,3.8548000000000155,3.759800000000016,-25.0,28.65986695402006,-0.024999999999999977,-0.019999999999999806
2881.0,0.49973875000003243,3.854869375000016,3.759869375000016,-25.0,28.66054828717381,-0.024999999999999977,-0.019999999999999806
2882.0,0.49987750000003245,3.8549387500000156,3.759938750000016,-25.0,28.661229194494354,-0.024999999999999977,-0.019999999999999806
2883.0,0.5000162500000325,3.855009750000019,3.760009750000019,-25.0,28.661909676247774,-0.024999999999999977,-0.019999999999999806
2884.0,0.5001550000000324,3.8550934062500204,3.7600930000000194,-25.0,28.66258974539545,-0.024999999999999977,-0.019999999999999806
2885.0,0.5002937500000324,3.85518012500002,3.7601762500000193,-25.0,28.66326949789834,-0.024999999999999977,-0.019999999999999806
2886.0,0.5004325000000324,3.85526684375002,3.760259500000019,-25.0,28.663948933954316,-0.024999999999999977,-0.019999999999999806
2887.0,0.5005712500000323,3.85535356250002,3.760342750000019,-25.0,28.66462805376119,-0.024999999999999977,-0.019999999999999806
2888.0,0.5007100000000323,3.85544028125002,3.7604260000000194,-25.0,28.66530685751667,-0.024999999999999977,-0.019999999999999806
2889.0,0.5008487500000323,3.85552700000002,3.7605092500000192,-25.0,28.66598534541822,-0.024999999999999977,-0.019999999999999806
2890.0,0.5009875000000322,3.85561371875002,3.760592500000019,-25.0,28.666663517663267,-0.024999999999999977,-0.019999999999999806
2891.0,0.5011262500000322,3.85570043750002,3.760675750000019,-25.0,28.66734137444911,-0.024999999999999977,-0.019999999999999806
2892.0,0.5012650000000322,3.85578715625002,3.7607590000000193,-25.0,28.66801891597288,-0.024999999999999977,-0.019999999999999806
2893.0,0.5014037500000321,3.85587387500002,3.760842250000019,-25.0,28.668696142431656,-0.024999999999999977,-0.019999999999999806
2894.0,0.5015425000000321,3.85596059375002,3.760925500000019,-25.0,28.669373054022344,-0.024999999999999977,-0.019999999999999806
2895.0,0.501681250000032,3.8560473125000194,3.761008750000019,-25.0,28.670049650941678,-0.024999999999999977,-0.019999999999999806
2896.0,0.501820000000032,3.85613403125002,3.761092000000019,-25.0,28.670725933386393,-0.024999999999999977,-0.019999999999999806
2897.0,0.501958750000032,3.85622075000002,3.761175250000019,-25.0,28.671401901553054,-0.024999999999999977,-0.019999999999999806
2898.0,0.502097500000032,3.85630746875002,3.761258500000019,-25.0,28.672077555637998,-0.024999999999999977,-0.019999999999999806
2899.0,0.5022362500000319,3.8563941875000194,3.761341750000019,-25.0,28.67275289583762,-0.024999999999999977,-0.019999999999999806
2900.0,0.5023750000000319,3.85648090625002,3.761425000000019,-25.0,28.673427922348026,-0.024999999999999977,-0.019999999999999806
2901.0,0.5025137500000318,3.85656762500002,3.761508250000019,-25.0,28.67410263536533,-0.024999999999999977,-0.019999999999999806
2902.0,0.5026525000000318,3.8566543437500194,3.761591500000019,-25.0,28.674777035085413,-0.024999999999999977,-0.019999999999999806
2903.0,0.5027912500000318,3.8567410625000194,3.7616747500000187,-25.0,28.6754511217041,-0.024999999999999977,-0.019999999999999806
2904.0,0.5029300000000317,3.85682778125002,3.761758000000019,-25.0,28.676124895417104,-0.024999999999999977,-0.019999999999999806
2905.0,0.5030687500000317,3.85691450000002,3.761841250000019,-25.0,28.676798356419965,-0.024999999999999977,-0.019999999999999806
2906.0,0.5032075000000317,3.8570012187500193,3.7619245000000188,-25.0,28.677471504908112,-0.024999999999999977,-0.019999999999999806
2907.0,0.5033462500000316,3.8570879375000193,3.7620077500000186,-25.0,28.678144341076916,-0.024999999999999977,-0.019999999999999806
2908.0,0.5034850000000316,3.8571746562500198,3.762091000000019,-25.0,28.678816865121576,-0.024999999999999977,-0.019999999999999806
2909.0,0.5036237500000316,3.8572613750000198,3.762174250000019,-25.0,28.679489077237122,-0.024999999999999977,-0.019999999999999806
2910.0,0.5037625000000315,3.8573480937500193,3.7622575000000187,-25.0,28.680160977618527,-0.024999999999999977,-0.019999999999999806
2911.0,0.5039012500000315,3.8574348125000193,3.7623407500000186,-25.0,28.68083256646065,-0.024999999999999977,-0.019999999999999806
2912.0,0.5040400000000315,3.8575215312500197,3.762424000000019,-25.0,28.681503843958183,-0.024999999999999977,-0.019999999999999806
2913.0,0.5041787500000314,3.8576082500000193,3.7625072500000187,-25.0,28.682174810305696,-0.024999999999999977,-0.019999999999999806
2914.0,0.5043175000000314,3.8576949687500193,3.7625905000000186,-25.0,28.68284546569771,-0.024999999999999977,-0.019999999999999806
2915.0,0.5044562500000314,3.8577816875000193,3.7626737500000185,-25.0,28.683515810328515,-0.024999999999999977,-0.019999999999999806
2916.0,0.5045950000000313,3.8578684062500197,3.762757000000019,-25.0,28.684185844392346,-0.024999999999999977,-0.019999999999999806
2917.0,0.5047337500000313,3.8579551250000192,3.7628402500000186,-25.0,28.68485556808338,-0.024999999999999977,-0.019999999999999806
2918.0,0.5048725000000313,3.8580418437500192,3.7629235000000185,-25.0,28.685524981595506,-0.024999999999999977,-0.019999999999999806
2919.0,0.5050112500000312,3.8581285625000192,3.7630067500000184,-25.0,28.686194085122622,-0.024999999999999977,-0.019999999999999806
2920.0,0.5051500000000312,3.8582152812500192,3.7630900000000187,-25.0,28.686862878858506,-0.024999999999999977,-0.019999999999999806
2921.0,0.5052887500000312,3.858302000000019,3.7631732500000186,-25.0,28.687531362996708,-0.024999999999999977,-0.019999999999999806
2922.0,0.5054275000000311,3.858388718750019,3.7632565000000184,-25.0,28.68819953773078,-0.024999999999999977,-0.019999999999999806
2923.0,0.5055662500000311,3.858475437500019,3.7633397500000183,-25.0,28.68886740325405,-0.024999999999999977,-0.019999999999999806
2924.0,0.505705000000031,3.858562156250019,3.7634230000000186,-25.0,28.68953495975984,-0.024999999999999977,-0.019999999999999806
2925.0,0.505843750000031,3.858648875000019,3.7635062500000185,-25.0,28.690202207441246,-0.024999999999999977,-0.019999999999999806
2926.0,0.505982500000031,3.858735593750019,3.7635895000000184,-25.0,28.69086914649131,-0.024999999999999977,-0.019999999999999806
2927.0,0.5061212500000309,3.8588223125000187,3.763672750000018,-25.0,28.6915357771029,-0.024999999999999977,-0.019999999999999806
2928.0,0.5062600000000309,3.858909031250019,3.7637560000000185,-25.0,28.692202099468773,-0.024999999999999977,-0.019999999999999806
2929.0,0.5063987500000309,3.858995750000019,3.7638392500000184,-25.0,28.69286811378163,-0.024999999999999977,-0.019999999999999806
2930.0,0.5065375000000308,3.859082468750019,3.7639225000000183,-25.0,28.693533820233938,-0.024999999999999977,-0.019999999999999806
2931.0,0.5066762500000308,3.8591691875000187,3.764005750000018,-25.0,28.694199219018174,-0.024999999999999977,-0.019999999999999806
2932.0,0.5068150000000308,3.859255906250019,3.7640890000000184,-25.0,28.69486431032658,-0.024999999999999977,-0.019999999999999806
2933.0,0.5069537500000307,3.859342625000019,3.7641722500000183,-25.0,28.6955290943514,-0.024999999999999977,-0.019999999999999806
2934.0,0.5070925000000307,3.8594293437500187,3.764255500000018,-25.0,28.696193571284596,-0.024999999999999977,-0.019999999999999806
2935.0,0.5072312500000307,3.8595160625000187,3.764338750000018,-25.0,28.696857741318183,-0.024999999999999977,-0.019999999999999806
2936.0,0.5073700000000306,3.859602781250019,3.7644220000000184,-25.0,28.697521604643896,-0.024999999999999977,-0.019999999999999806
2937.0,0.5075087500000306,3.859689500000019,3.7645052500000182,-25.0,28.698185161453466,-0.024999999999999977,-0.019999999999999806
2938.0,0.5076475000000306,3.8597762187500186,3.764588500000018,-25.0,28.698848411938513,-0.024999999999999977,-0.019999999999999806
2939.0,0.5077862500000305,3.8598629375000186,3.764671750000018,-25.0,28.69951135629043,-0.024999999999999977,-0.019999999999999806
2940.0,0.5079250000000305,3.859949656250019,3.7647550000000183,-25.0,28.70017399470055,-0.024999999999999977,-0.019999999999999806
2941.0,0.5080637500000305,3.860036375000019,3.764838250000018,-25.0,28.700836327360093,-0.024999999999999977,-0.019999999999999806
2942.0,0.5082025000000304,3.8601230937500186,3.764921500000018,-25.0,28.70149835446017,-0.024999999999999977,-0.019999999999999806
2943.0,0.5083412500000304,3.8602098125000186,3.765004750000018,-25.0,28.702160076191774,-0.024999999999999977,-0.019999999999999806
2944.0,0.5084800000000304,3.860296531250019,3.765088000000018,-25.0,28.702821492745727,-0.024999999999999977,-0.019999999999999806
2945.0,0.5086187500000303,3.8603832500000186,3.765171250000018,-25.0,28.70348260431274,-0.024999999999999977,-0.019999999999999806
2946.0,0.5087575000000303,3.8604699687500186,3.765254500000018,-25.0,28.704143411083464,-0.024999999999999977,-0.019999999999999806
2947.0,0.5088962500000302,3.8605566875000186,3.765337750000018,-25.0,28.70480391324844,-0.024999999999999977,-0.019999999999999806
2948.0,0.5090350000000302,3.860643406250019,3.765421000000018,-25.0,28.70546411099798,-0.024999999999999977,-0.019999999999999806
2949.0,0.5091737500000302,3.8607301250000186,3.765504250000018,-25.0,28.706124004522337,-0.024999999999999977,-0.019999999999999806
2950.0,0.5093125000000301,3.8608168437500185,3.765587500000018,-25.0,28.70678359401171,-0.024999999999999977,-0.019999999999999806
2951.0,0.5094512500000301,3.8609035625000185,3.7656707500000177,-25.0,28.70744287965607,-0.024999999999999977,-0.019999999999999806
2952.0,0.5095900000000301,3.8609902812500185,3.765754000000018,-25.0,28.708101861645332,-0.024999999999999977,-0.019999999999999806
2953.0,0.50972875000003,3.8610770000000185,3.765837250000018,-25.0,28.708760540169294,-0.024999999999999977,-0.019999999999999806
2954.0,0.50986750000003,3.8611637187500185,3.7659205000000178,-25.0,28.709418915417643,-0.024999999999999977,-0.019999999999999806
2955.0,0.51000625000003,3.8612504375000185,3.7660037500000176,-25.0,28.710076987579896,-0.024999999999999977,-0.019999999999999806
2956.0,0.5101450000000299,3.8613371562500185,3.766087000000018,-25.0,28.710734756845454,-0.024999999999999977,-0.019999999999999806
2957.0,0.5102837500000299,3.8614238750000185,3.766170250000018,-25.0,28.711392223403664,-0.024999999999999977,-0.019999999999999806
2958.0,0.5104225000000299,3.8615105937500185,3.7662535000000177,-25.0,28.7120493874437,-0.024999999999999977,-0.019999999999999806
2959.0,0.5105612500000298,3.861597312500018,3.7663367500000176,-25.0,28.712706249154678,-0.024999999999999977,-0.019999999999999806
2960.0,0.5107000000000298,3.8616840312500185,3.766420000000018,-25.0,28.713362808725492,-0.024999999999999977,-0.019999999999999806
2961.0,0.5108387500000298,3.8617707500000185,3.7665032500000177,-25.0,28.71401906634503,-0.024999999999999977,-0.019999999999999806
2962.0,0.5109775000000297,3.8618574687500185,3.7665865000000176,-25.0,28.714675022202016,-0.024999999999999977,-0.019999999999999806
2963.0,0.5111162500000297,3.861944187500018,3.7666697500000175,-25.0,28.715330676484996,-0.024999999999999977,-0.019999999999999806
2964.0,0.5112550000000297,3.8620309062500184,3.766753000000018,-25.0,28.71598602938252,-0.024999999999999977,-0.019999999999999806
2965.0,0.5113937500000296,3.8621176250000184,3.7668362500000176,-25.0,28.716641081082912,-0.024999999999999977,-0.019999999999999806
2966.0,0.5115325000000296,3.862204343750018,3.7669195000000175,-25.0,28.717295831774436,-0.024999999999999977,-0.019999999999999806
2967.0,0.5116712500000296,3.862291062500018,3.7670027500000174,-25.0,28.717950281645187,-0.024999999999999977,-0.019999999999999806
2968.0,0.5118100000000295,3.8623777812500184,3.7670860000000177,-25.0,28.718604430883204,-0.024999999999999977,-0.019999999999999806
2969.0,0.5119487500000295,3.8624645000000184,3.7671692500000176,-25.0,28.71925827967641,-0.024999999999999977,-0.019999999999999806
2970.0,0.5120875000000294,3.862551218750018,3.7672525000000174,-25.0,28.71991182821256,-0.024999999999999977,-0.019999999999999806
2971.0,0.5122262500000294,3.862637937500018,3.7673357500000173,-25.0,28.720565076679293,-0.024999999999999977,-0.019999999999999806
2972.0,0.5123650000000294,3.8627246562500184,3.7674190000000176,-25.0,28.721218025264193,-0.024999999999999977,-0.019999999999999806
2973.0,0.5125037500000293,3.8628113750000184,3.7675022500000175,-25.0,28.721870674154673,-0.024999999999999977,-0.019999999999999806
2974.0,0.5126425000000293,3.862898093750018,3.7675855000000174,-25.0,28.72252302353803,-0.024999999999999977,-0.019999999999999806
2975.0,0.5127812500000293,3.862984812500018,3.767668750000017,-25.0,28.723175073601453,-0.024999999999999977,-0.019999999999999806
2976.0,0.5129200000000292,3.8630715312500183,3.7677520000000175,-25.0,28.72382682453201,-0.024999999999999977,-0.019999999999999806
2977.0,0.5130587500000292,3.863158250000018,3.7678352500000174,-25.0,28.724478276516663,-0.024999999999999977,-0.019999999999999806
2978.0,0.5131975000000292,3.863244968750018,3.7679185000000173,-25.0,28.725129429742253,-0.024999999999999977,-0.019999999999999806
2979.0,0.5133362500000291,3.863331687500018,3.768001750000017,-25.0,28.725780284395512,-0.024999999999999977,-0.019999999999999806
2980.0,0.5134750000000291,3.8634184062500183,3.7680850000000174,-25.0,28.726430840663056,-0.024999999999999977,-0.019999999999999806
2981.0,0.5136137500000291,3.863505125000018,3.7681682500000173,-25.0,28.72708109873139,-0.024999999999999977,-0.019999999999999806
2982.0,0.513752500000029,3.863591843750018,3.768251500000017,-25.0,28.727731058786844,-0.024999999999999977,-0.019999999999999806
2983.0,0.513891250000029,3.863678562500018,3.768334750000017,-25.0,28.728380721015753,-0.024999999999999977,-0.019999999999999806
2984.0,0.514030000000029,3.863765281250018,3.7684180000000174,-25.0,28.729030085604165,-0.024999999999999977,-0.019999999999999806
2985.0,0.5141687500000289,3.863852000000018,3.7685012500000172,-25.0,28.729679152738186,-0.024999999999999977,-0.019999999999999806
2986.0,0.5143075000000289,3.863938718750018,3.768584500000017,-25.0,28.730327922603635,-0.024999999999999977,-0.019999999999999806
2987.0,0.5144462500000289,3.864025437500018,3.768667750000017,-25.0,28.730976395386392,-0.024999999999999977,-0.019999999999999806
2988.0,0.5145850000000288,3.864112156250018,3.7687510000000173,-25.0,28.731624571272107,-0.024999999999999977,-0.019999999999999806
2989.0,0.5147237500000288,3.864198875000018,3.768834250000017,-25.0,28.732272450446317,-0.024999999999999977,-0.019999999999999806
2990.0,0.5148625000000288,3.864285593750018,3.768917500000017,-25.0,28.7329200330945,-0.024999999999999977,-0.019999999999999806
2991.0,0.5150012500000287,3.8643723125000173,3.769000750000017,-25.0,28.73356731940197,-0.024999999999999977,-0.019999999999999806
2992.0,0.5151400000000287,3.8644590312500178,3.769084000000017,-25.0,28.73421430955392,-0.024999999999999977,-0.019999999999999806
2993.0,0.5152787500000287,3.8645457500000178,3.769167250000017,-25.0,28.734861003735432,-0.024999999999999977,-0.019999999999999806
2994.0,0.5154175000000286,3.8646324687500178,3.769250500000017,-25.0,28.73550740213153,-0.024999999999999977,-0.019999999999999806
2995.0,0.5155562500000286,3.8647191875000173,3.769333750000017,-25.0,28.736153504927074,-0.024999999999999977,-0.019999999999999806
2996.0,0.5156950000000285,3.8648059062500177,3.769417000000017,-25.0,28.7367993123068,-0.024999999999999977,-0.019999999999999806
2997.0,0.5158337500000285,3.8648926250000177,3.769500250000017,-25.0,28.737444824455338,-0.024999999999999977,-0.019999999999999806
2998.0,0.5159725000000285,3.8649793437500173,3.769583500000017,-25.0,28.738090041557257,-0.024999999999999977,-0.019999999999999806
2999.0,0.5161112500000284,3.8650660625000173,3.7696667500000167,-25.0,28.7387349637969,-0.024999999999999977,-0.019999999999999806
3000.0,0.5162500000000284,3.8651527812500177,3.769750000000017,-25.0,28.739379591358613,-0.024999999999999977,-0.019999999999999806
3001.0,0.5163887500000284,3.8652395000000177,3.769833250000017,-25.0,28.74002392442651,-0.024999999999999977,-0.019999999999999806
3002.0,0.5165275000000283,3.8653262187500173,3.7699165000000168,-25.0,28.740667963184706,-0.024999999999999977,-0.019999999999999806
3003.0,0.5166662500000283,3.8654129375000172,3.7699997500000166,-25.0,28.74131170781709,-0.024999999999999977,-0.019999999999999806
3004.0,0.5168050000000283,3.8654996562500177,3.770083000000017,-25.0,28.741955158507494,-0.024999999999999977,-0.019999999999999806
3005.0,0.5169437500000282,3.8655863750000172,3.770166250000017,-25.0,28.742598315439693,-0.024999999999999977,-0.019999999999999806
3006.0,0.5170825000000282,3.865673093750017,3.7702495000000167,-25.0,28.743241178797234,-0.024999999999999977,-0.019999999999999806
3007.0,0.5172212500000282,3.865759812500017,3.7703327500000166,-25.0,28.743883748763608,-0.024999999999999977,-0.019999999999999806
3008.0,0.5173600000000281,3.8658465312500176,3.770416000000017,-25.0,28.74452602552219,-0.024999999999999977,-0.019999999999999806
3009.0,0.5174987500000281,3.865933250000017,3.7704992500000167,-25.0,28.745168009256247,-0.024999999999999977,-0.019999999999999806
3010.0,0.5176375000000281,3.866019968750017,3.7705825000000166,-25.0,28.745809700148925,-0.024999999999999977,-0.019999999999999806
3011.0,0.517776250000028,3.866106687500017,3.7706657500000165,-25.0,28.746451098383204,-0.024999999999999977,-0.019999999999999806
3012.0,0.517915000000028,3.8661934062500176,3.770749000000017,-25.0,28.747092204142007,-0.024999999999999977,-0.019999999999999806
3013.0,0.518053750000028,3.866280125000017,3.7708322500000166,-25.0,28.74773301760814,-0.024999999999999977,-0.019999999999999806
3014.0,0.5181925000000279,3.866366843750017,3.7709155000000165,-25.0,28.7483735389643,-0.024999999999999977,-0.019999999999999806
3015.0,0.5183312500000279,3.866453562500017,3.7709987500000164,-25.0,28.74901376839307,-0.024999999999999977,-0.019999999999999806
3016.0,0.5184700000000279,3.866540281250017,3.7710820000000167,-25.0,28.749653706076913,-0.024999999999999977,-0.019999999999999806
3017.0,0.5186087500000278,3.866627000000017,3.7711652500000166,-25.0,28.750293352198128,-0.024999999999999977,-0.019999999999999806
3018.0,0.5187475000000278,3.866713718750017,3.7712485000000164,-25.0,28.750932706938954,-0.024999999999999977,-0.019999999999999806
3019.0,0.5188862500000277,3.866800437500017,3.7713317500000163,-25.0,28.75157177048152,-0.024999999999999977,-0.019999999999999806
3020.0,0.5190250000000277,3.866887156250017,3.7714150000000166,-25.0,28.752210543007777,-0.024999999999999977,-0.019999999999999806
3021.0,0.5191637500000277,3.866973875000017,3.7714982500000165,-25.0,28.75284902469963,-0.024999999999999977,-0.019999999999999806
3022.0,0.5193025000000276,3.867060593750017,3.7715815000000164,-25.0,28.753487215738858,-0.024999999999999977,-0.019999999999999806
3023.0,0.5194412500000276,3.8671473125000166,3.771664750000016,-25.0,28.754125116307137,-0.024999999999999977,-0.019999999999999806
3024.0,0.5195800000000276,3.867234031250017,3.7717480000000165,-25.0,28.754762726586023,-0.024999999999999977,-0.019999999999999806
3025.0,0.5197187500000275,3.867320750000017,3.7718312500000164,-25.0,28.755400046756904,-0.024999999999999977,-0.019999999999999806
3026.0,0.5198575000000275,3.867407468750017,3.7719145000000163,-25.0,28.75603707700111,-0.024999999999999977,-0.019999999999999806
3027.0,0.5199962500000275,3.8674941875000166,3.771997750000016,-25.0,28.75667381749986,-0.024999999999999977,-0.019999999999999806
3028.0,0.5201350000000274,3.867580906250017,3.7720810000000164,-25.0,28.757310268434253,-0.024999999999999977,-0.019999999999999806
3029.0,0.5202737500000274,3.867667625000017,3.7721642500000163,-25.0,28.757946429985225,-0.024999999999999977,-0.019999999999999806
3030.0,0.5204125000000274,3.8677543437500166,3.772247500000016,-25.0,28.75858230233365,-0.024999999999999977,-0.019999999999999806
3031.0,0.5205512500000273,3.8678410625000166,3.772330750000016,-25.0,28.75921788566029,-0.024999999999999977,-0.019999999999999806
3032.0,0.5206900000000273,3.867927781250017,3.7724140000000164,-25.0,28.759853180145797,-0.024999999999999977,-0.019999999999999806
3033.0,0.5208287500000273,3.868014500000017,3.7724972500000162,-25.0,28.7604881859707,-0.024999999999999977,-0.019999999999999806
3034.0,0.5209675000000272,3.8681012187500166,3.772580500000016,-25.0,28.761122903315425,-0.024999999999999977,-0.019999999999999806
3035.0,0.5211062500000272,3.8681879375000165,3.772663750000016,-25.0,28.76175733236022,-0.024999999999999977,-0.019999999999999806
3036.0,0.5212450000000272,3.868274656250017,3.7727470000000163,-25.0,28.762391473285334,-0.024999999999999977,-0.019999999999999806
3037.0,0.5213837500000271,3.868361375000017,3.772830250000016,-25.0,28.763025326270792,-0.024999999999999977,-0.019999999999999806
3038.0,0.5215225000000271,3.8684480937500165,3.772913500000016,-25.0,28.76365889149656,-0.024999999999999977,-0.019999999999999806
3039.0,0.521661250000027,3.8685348125000165,3.772996750000016,-25.0,28.764292169142493,-0.024999999999999977,-0.019999999999999806
3040.0,0.521800000000027,3.868621531250017,3.773080000000016,-25.0,28.764925159388326,-0.024999999999999977,-0.019999999999999806
3041.0,0.521938750000027,3.8687082500000165,3.773163250000016,-25.0,28.765557862413687,-0.024999999999999977,-0.019999999999999806
3042.0,0.522077500000027,3.8687949687500165,3.773246500000016,-25.0,28.766190278398142,-0.024999999999999977,-0.019999999999999806
3043.0,0.5222162500000269,3.8688816875000165,3.773329750000016,-25.0,28.766822407521033,-0.024999999999999977,-0.019999999999999806
3044.0,0.5223550000000269,3.868968406250017,3.773413000000016,-25.0,28.767454249961645,-0.024999999999999977,-0.019999999999999806
3045.0,0.5224937500000268,3.8690551250000165,3.773496250000016,-25.0,28.768085805899148,-0.024999999999999977,-0.019999999999999806
3046.0,0.5226325000000268,3.8691418437500165,3.773579500000016,-25.0,28.768717075512654,-0.024999999999999977,-0.019999999999999806
3047.0,0.5227712500000268,3.8692285625000165,3.7736627500000157,-25.0,28.76934805898111,-0.024999999999999977,-0.019999999999999806
3048.0,0.5229100000000267,3.8693152812500164,3.773746000000016,-25.0,28.769978756483283,-0.024999999999999977,-0.019999999999999806
3049.0,0.5230487500000267,3.8694020000000164,3.773829250000016,-25.0,28.770609168198007,-0.024999999999999977,-0.019999999999999806
3050.0,0.5231875000000267,3.8694887187500164,3.7739125000000158,-25.0,28.771239294303825,-0.024999999999999977,-0.019999999999999806
3051.0,0.5233262500000266,3.8695754375000164,3.7739957500000156,-25.0,28.771869134979283,-0.024999999999999977,-0.019999999999999806
3052.0,0.5234650000000266,3.8696621562500164,3.774079000000016,-25.0,28.772498690402756,-0.024999999999999977,-0.019999999999999806
3053.0,0.5236037500000266,3.8697488750000164,3.774162250000016,-25.0,28.773127960752504,-0.024999999999999977,-0.019999999999999806
3054.0,0.5237425000000265,3.8698355937500164,3.7742455000000157,-25.0,28.77375694620673,-0.024999999999999977,-0.019999999999999806
3055.0,0.5238812500000265,3.869922312500016,3.7743287500000156,-25.0,28.774385646943472,-0.024999999999999977,-0.019999999999999806
3056.0,0.5240200000000265,3.8700090312500164,3.774412000000016,-25.0,28.775014063140702,-0.024999999999999977,-0.019999999999999806
3057.0,0.5241587500000264,3.8700957500000164,3.7744952500000157,-25.0,28.77564219497623,-0.024999999999999977,-0.019999999999999806
3058.0,0.5242975000000264,3.8701824687500164,3.7745785000000156,-25.0,28.7762700426278,-0.024999999999999977,-0.019999999999999806
3059.0,0.5244362500000264,3.870269187500016,3.7746617500000155,-25.0,28.776897606273053,-0.024999999999999977,-0.019999999999999806
3060.0,0.5245750000000263,3.8703559062500164,3.774745000000016,-25.0,28.777524886089452,-0.024999999999999977,-0.019999999999999806
3061.0,0.5247137500000263,3.8704426250000163,3.7748282500000157,-25.0,28.778151882254406,-0.024999999999999977,-0.019999999999999806
3062.0,0.5248525000000263,3.870529343750016,3.7749115000000155,-25.0,28.77877859494521,-0.024999999999999977,-0.019999999999999806
3063.0,0.5249912500000262,3.870616062500016,3.7749947500000154,-25.0,28.779405024338985,-0.024999999999999977,-0.019999999999999806
3064.0,0.5251300000000262,3.8707027812500163,3.7750780000000157,-25.0,28.780031170612858,-0.024999999999999977,-0.019999999999999806
3065.0,0.5252687500000262,3.8707895000000163,3.7751612500000156,-25.0,28.780657033943726,-0.024999999999999977,-0.019999999999999806
3066.0,0.5254075000000261,3.870876218750016,3.7752445000000154,-25.0,28.781282614508427,-0.024999999999999977,-0.019999999999999806
3067.0,0.5255462500000261,3.870962937500016,3.7753277500000153,-25.0,28.781907912483746,-0.024999999999999977,-0.019999999999999806
3068.0,0.525685000000026,3.8710496562500163,3.7754110000000156,-25.0,28.782532928046237,-0.024999999999999977,-0.019999999999999806
3069.0,0.525823750000026,3.8711363750000163,3.7754942500000155,-25.0,28.783157661372456,-0.024999999999999977,-0.019999999999999806
3070.0,0.525962500000026,3.871223093750016,3.7755775000000154,-25.0,28.78378211263879,-0.024999999999999977,-0.019999999999999806
3071.0,0.5261012500000259,3.871309812500016,3.775660750000015,-25.0,28.784406282021507,-0.024999999999999977,-0.019999999999999806
3072.0,0.5262400000000259,3.8713965312500163,3.7757440000000155,-25.0,28.785030169696824,-0.024999999999999977,-0.019999999999999806
3073.0,0.5263787500000259,3.871483250000016,3.7758272500000154,-25.0,28.785653775840785,-0.024999999999999977,-0.019999999999999806
3074.0,0.5265175000000258,3.871569968750016,3.7759105000000153,-25.0,28.78627710062932,-0.024999999999999977,-0.019999999999999806
3075.0,0.5266562500000258,3.871656687500016,3.775993750000015,-25.0,28.786900144238302,-0.024999999999999977,-0.019999999999999806
3076.0,0.5267950000000258,3.8717434062500162,3.7760770000000154,-25.0,28.787522906843492,-0.024999999999999977,-0.019999999999999806
3077.0,0.5269337500000257,3.8718301250000158,3.7761602500000153,-25.0,28.788145388620478,-0.024999999999999977,-0.019999999999999806
3078.0,0.5270725000000257,3.8719168437500158,3.776243500000015,-25.0,28.788767589744793,-0.024999999999999977,-0.019999999999999806
3079.0,0.5272112500000257,3.8720035625000158,3.776326750000015,-25.0,28.7893895103918,-0.024999999999999977,-0.019999999999999806
3080.0,0.5273500000000256,3.8720902812500158,3.7764100000000154,-25.0,28.79001115073686,-0.024999999999999977,-0.019999999999999806
3081.0,0.5274887500000256,3.8721770000000157,3.7764932500000152,-25.0,28.790632510955163,-0.024999999999999977,-0.019999999999999806
3082.0,0.5276275000000256,3.8722637187500157,3.776576500000015,-25.0,28.791253591221732,-0.024999999999999977,-0.019999999999999806
3083.0,0.5277662500000255,3.8723504375000157,3.776659750000015,-25.0,28.791874391711588,-0.024999999999999977,-0.019999999999999806
3084.0,0.5279050000000255,3.8724371562500157,3.7767430000000153,-25.0,28.79249491259958,-0.024999999999999977,-0.019999999999999806
3085.0,0.5280437500000255,3.8725238750000157,3.776826250000015,-25.0,28.793115154060445,-0.024999999999999977,-0.019999999999999806
3086.0,0.5281825000000254,3.8726105937500157,3.776909500000015,-25.0,28.793735116268863,-0.024999999999999977,-0.019999999999999806
3087.0,0.5283212500000254,3.8726973125000153,3.776992750000015,-25.0,28.794354799399343,-0.024999999999999977,-0.019999999999999806
3088.0,0.5284600000000254,3.8727840312500157,3.777076000000015,-25.0,28.794974203626282,-0.024999999999999977,-0.019999999999999806
3089.0,0.5285987500000253,3.8728707500000157,3.777159250000015,-25.0,28.795593329124017,-0.024999999999999977,-0.019999999999999806
3090.0,0.5287375000000253,3.8729574687500157,3.777242500000015,-25.0,28.796212176066774,-0.024999999999999977,-0.019999999999999806
3091.0,0.5288762500000252,3.8730441875000152,3.777325750000015,-25.0,28.796830744628608,-0.024999999999999977,-0.019999999999999806
3092.0,0.5290150000000252,3.8731309062500157,3.777409000000015,-25.0,28.797449034983515,-0.024999999999999977,-0.019999999999999806
3093.0,0.5291537500000252,3.8732176250000157,3.777492250000015,-25.0,28.79806704730538,-0.024999999999999977,-0.019999999999999806
3094.0,0.5292925000000251,3.873304343750015,3.777575500000015,-25.0,28.798684781767975,-0.024999999999999977,-0.019999999999999806
3095.0,0.5294312500000251,3.873391062500015,3.7776587500000147,-25.0,28.79930223854501,-0.024999999999999977,-0.019999999999999806
3096.0,0.5295700000000251,3.8734777812500156,3.777742000000015,-25.0,28.799919417809974,-0.024999999999999977,-0.019999999999999806
3097.0,0.529708750000025,3.8735645000000156,3.777825250000015,-25.0,28.800536319736352,-0.024999999999999977,-0.019999999999999806
3098.0,0.529847500000025,3.873651218750015,3.7779085000000148,-25.0,28.80115294449746,-0.024999999999999977,-0.019999999999999806
3099.0,0.529986250000025,3.873737937500015,3.7779917500000146,-25.0,28.8017692922665,-0.024999999999999977,-0.019999999999999806
3100.0,0.5301250000000249,3.8738246562500156,3.778075000000015,-25.0,28.802385363216672,-0.024999999999999977,-0.019999999999999806
3101.0,0.5302637500000249,3.8739113750000156,3.778158250000015,-25.0,28.803001157520896,-0.024999999999999977,-0.019999999999999806
3102.0,0.5304025000000249,3.873998093750015,3.7782415000000147,-25.0,28.803616675352146,-0.024999999999999977,-0.019999999999999806
3103.0,0.5305412500000248,3.874084812500015,3.7783247500000146,-25.0,28.804231916883168,-0.024999999999999977,-0.019999999999999806
3104.0,0.5306800000000248,3.8741715312500156,3.778408000000015,-25.0,28.804846882286654,-0.024999999999999977,-0.019999999999999806
3105.0,0.5308187500000248,3.874258250000015,3.7784912500000147,-25.0,28.805461571735236,-0.024999999999999977,-0.019999999999999806
3106.0,0.5309575000000247,3.874344968750015,3.7785745000000146,-25.0,28.80607598540132,-0.024999999999999977,-0.019999999999999806
3107.0,0.5310962500000247,3.874431687500015,3.7786577500000145,-25.0,28.806690123457315,-0.024999999999999977,-0.019999999999999806
3108.0,0.5312350000000247,3.8745184062500155,3.778741000000015,-25.0,28.807303986075453,-0.024999999999999977,-0.019999999999999806
3109.0,0.5313737500000246,3.874605125000015,3.7788242500000147,-25.0,28.807917573427915,-0.024999999999999977,-0.019999999999999806
3110.0,0.5315125000000246,3.874691843750015,3.7789075000000145,-25.0,28.808530885686707,-0.024999999999999977,-0.019999999999999806
3111.0,0.5316512500000246,3.874778562500015,3.7789907500000144,-25.0,28.809143923023782,-0.024999999999999977,-0.019999999999999806
3112.0,0.5317900000000245,3.874865281250015,3.7790740000000147,-25.0,28.809756685610978,-0.024999999999999977,-0.019999999999999806
3113.0,0.5319287500000245,3.874952000000015,3.7791572500000146,-25.0,28.81036917361996,-0.024999999999999977,-0.019999999999999806
3114.0,0.5320675000000245,3.875038718750015,3.7792405000000144,-25.0,28.810981387222398,-0.024999999999999977,-0.019999999999999806
3115.0,0.5322062500000244,3.875125437500015,3.7793237500000143,-25.0,28.811593326589787,-0.024999999999999977,-0.019999999999999806
3116.0,0.5323450000000244,3.875212156250015,3.7794070000000146,-25.0,28.812204991893452,-0.024999999999999977,-0.019999999999999806
3117.0,0.5324837500000243,3.875298875000015,3.7794902500000145,-25.0,28.812816383304778,-0.024999999999999977,-0.019999999999999806
3118.0,0.5326225000000243,3.875385593750015,3.7795735000000144,-25.0,28.81342750099492,-0.024999999999999977,-0.019999999999999806
3119.0,0.5327612500000243,3.8754723125000146,3.779656750000014,-25.0,28.814038345134918,-0.024999999999999977,-0.019999999999999806
3120.0,0.5329000000000242,3.875559031250015,3.7797400000000145,-25.0,28.81464891589576,-0.024999999999999977,-0.019999999999999806
3121.0,0.5330387500000242,3.875645750000015,3.7798232500000144,-25.0,28.815259213448314,-0.024999999999999977,-0.019999999999999806
3122.0,0.5331775000000242,3.875732468750015,3.7799065000000143,-25.0,28.81586923796334,-0.024999999999999977,-0.019999999999999806
3123.0,0.5333162500000241,3.8758191875000145,3.779989750000014,-25.0,28.816478989611483,-0.024999999999999977,-0.019999999999999806
3124.0,0.5334550000000241,3.875905906250015,3.7800730000000144,-25.0,28.81708846856327,-0.024999999999999977,-0.019999999999999806
3125.0,0.5335937500000241,3.875992625000015,3.7801562500000143,-25.0,28.817697674989176,-0.024999999999999977,-0.019999999999999806
3126.0,0.533732500000024,3.8760793437500145,3.780239500000014,-25.0,28.818306609059505,-0.024999999999999977,-0.019999999999999806
3127.0,0.533871250000024,3.8761660625000145,3.780322750000014,-25.0,28.818915270944444,-0.024999999999999977,-0.019999999999999806
3128.0,0.534010000000024,3.876252781250015,3.7804060000000144,-25.0,28.819523660814184,-0.024999999999999977,-0.019999999999999806
3129.0,0.5341487500000239,3.876339500000015,3.7804892500000142,-25.0,28.820131778838686,-0.024999999999999977,-0.019999999999999806
3130.0,0.5342875000000239,3.8764262187500145,3.780572500000014,-25.0,28.820739625187855,-0.024999999999999977,-0.019999999999999806
3131.0,0.5344262500000239,3.8765129375000145,3.780655750000014,-25.0,28.821347200031482,-0.024999999999999977,-0.019999999999999806
3132.0,0.5345650000000238,3.876599656250015,3.7807390000000143,-25.0,28.821954503539303,-0.024999999999999977,-0.019999999999999806
3133.0,0.5347037500000238,3.8766863750000145,3.780822250000014,-25.0,28.822561535880823,-0.024999999999999977,-0.019999999999999806
3134.0,0.5348425000000238,3.8767730937500144,3.780905500000014,-25.0,28.823168297225607,-0.024999999999999977,-0.019999999999999806
3135.0,0.5349812500000237,3.8768598125000144,3.780988750000014,-25.0,28.82377478774299,-0.024999999999999977,-0.019999999999999806
3136.0,0.5351200000000237,3.876946531250015,3.781072000000014,-25.0,28.8243810076022,-0.024999999999999977,-0.019999999999999806
3137.0,0.5352587500000237,3.8770332500000144,3.781155250000014,-25.0,28.824986956972452,-0.024999999999999977,-0.019999999999999806
3138.0,0.5353975000000236,3.8771199687500144,3.781238500000014,-25.0,28.825592636022805,-0.024999999999999977,-0.019999999999999806
3139.0,0.5355362500000236,3.8772066875000144,3.781321750000014,-25.0,28.826198044922137,-0.024999999999999977,-0.019999999999999806
3140.0,0.5356750000000235,3.877293406250015,3.781405000000014,-25.0,28.826803183839388,-0.024999999999999977,-0.019999999999999806
3141.0,0.5358137500000235,3.8773801250000144,3.781488250000014,-25.0,28.827408052943213,-0.024999999999999977,-0.019999999999999806
3142.0,0.5359525000000235,3.8774668437500144,3.781571500000014,-25.0,28.82801265240232,-0.024999999999999977,-0.019999999999999806
3143.0,0.5360912500000234,3.8775535625000144,3.7816547500000137,-25.0,28.8286169823852,-0.024999999999999977,-0.019999999999999806
3144.0,0.5362300000000234,3.8776402812500144,3.781738000000014,-25.0,28.829221043060272,-0.024999999999999977,-0.019999999999999806
3145.0,0.5363687500000234,3.8777270000000144,3.781821250000014,-25.0,28.829824834595854,-0.024999999999999977,-0.019999999999999806
3146.0,0.5365075000000233,3.8778137187500143,3.7819045000000138,-25.0,28.830428357160145,-0.024999999999999977,-0.019999999999999806
3147.0,0.5366462500000233,3.8779004375000143,3.7819877500000136,-25.0,28.831031610921286,-0.024999999999999977,-0.019999999999999806
3148.0,0.5367850000000233,3.8779871562500143,3.782071000000014,-25.0,28.83163459604725,-0.024999999999999977,-0.019999999999999806
3149.0,0.5369237500000232,3.8780738750000143,3.782154250000014,-25.0,28.832237312705956,-0.024999999999999977,-0.019999999999999806
3150.0,0.5370625000000232,3.8781605937500143,3.7822375000000137,-25.0,28.832839761065202,-0.024999999999999977,-0.019999999999999806
3151.0,0.5372012500000232,3.878247312500014,3.7823207500000136,-25.0,28.833441941292676,-0.024999999999999977,-0.019999999999999806
3152.0,0.5373400000000231,3.8783340312500143,3.782404000000014,-25.0,28.834043853555954,-0.024999999999999977,-0.019999999999999806
3153.0,0.5374787500000231,3.8784207500000143,3.7824872500000137,-25.0,28.834645498022496,-0.024999999999999977,-0.019999999999999806
3154.0,0.5376175000000231,3.8785074687500143,3.7825705000000136,-25.0,28.83524687485965,-0.024999999999999977,-0.019999999999999806
3155.0,0.537756250000023,3.878594187500014,3.7826537500000135,-25.0,28.83584798423476,-0.024999999999999977,-0.019999999999999806
3156.0,0.537895000000023,3.8786809062500143,3.782737000000014,-25.0,28.83644882631495,-0.024999999999999977,-0.019999999999999806
3157.0,0.538033750000023,3.8787676250000143,3.7828202500000137,-25.0,28.83704940126728,-0.024999999999999977,-0.019999999999999806
3158.0,0.5381725000000229,3.878854343750014,3.7829035000000135,-25.0,28.8376497092587,-0.024999999999999977,-0.019999999999999806
3159.0,0.5383112500000229,3.878941062500014,3.7829867500000134,-25.0,28.838249750456043,-0.024999999999999977,-0.019999999999999806
3160.0,0.5384500000000229,3.8790277812500142,3.7830700000000137,-25.0,28.83884952502609,-0.024999999999999977,-0.019999999999999806
3161.0,0.5385887500000228,3.8791145000000142,3.7831532500000136,-25.0,28.839449033135452,-0.024999999999999977,-0.019999999999999806
3162.0,0.5387275000000228,3.879201218750014,3.7832365000000134,-25.0,28.840048274950675,-0.024999999999999977,-0.019999999999999806
3163.0,0.5388662500000228,3.8792879375000138,3.7833197500000133,-25.0,28.8406472506382,-0.024999999999999977,-0.019999999999999806
3164.0,0.5390050000000227,3.879374656250014,3.7834030000000136,-25.0,28.841245960364347,-0.024999999999999977,-0.019999999999999806
3165.0,0.5391437500000227,3.879461375000014,3.7834862500000135,-25.0,28.841844404295387,-0.024999999999999977,-0.019999999999999806
3166.0,0.5392825000000226,3.8795480937500137,3.7835695000000134,-25.0,28.842442582597414,-0.024999999999999977,-0.019999999999999806
3167.0,0.5394212500000226,3.8796348125000137,3.783652750000013,-25.0,28.843040495436412,-0.024999999999999977,-0.019999999999999806
3168.0,0.5395600000000226,3.879721531250014,3.7837360000000135,-25.0,28.843638142978307,-0.024999999999999977,-0.019999999999999806
3169.0,0.5396987500000225,3.8798082500000137,3.7838192500000134,-25.0,28.844235525388967,-0.024999999999999977,-0.019999999999999806
3170.0,0.5398375000000225,3.8798949687500137,3.7839025000000133,-25.0,28.844832642834035,-0.024999999999999977,-0.019999999999999806
3171.0,0.5399762500000225,3.8799816875000137,3.783985750000013,-25.0,28.845429495479152,-0.024999999999999977,-0.019999999999999806
3172.0,0.5401150000000224,3.880068406250014,3.7840690000000134,-25.0,28.84602608348979,-0.024999999999999977,-0.019999999999999806
3173.0,0.5402537500000224,3.8801551250000137,3.7841522500000133,-25.0,28.84662240703136,-0.024999999999999977,-0.019999999999999806
3174.0,0.5403925000000224,3.8802418437500137,3.784235500000013,-25.0,28.84721846626917,-0.024999999999999977,-0.019999999999999806
3175.0,0.5405312500000223,3.8803285625000137,3.784318750000013,-25.0,28.8478142613684,-0.024999999999999977,-0.019999999999999806
3176.0,0.5406700000000223,3.8804152812500137,3.7844020000000134,-25.0,28.848409792494124,-0.024999999999999977,-0.019999999999999806
3177.0,0.5408087500000223,3.8805020000000137,3.7844852500000132,-25.0,28.849005059811304,-0.024999999999999977,-0.019999999999999806
3178.0,0.5409475000000222,3.8805887187500137,3.784568500000013,-25.0,28.849600063484843,-0.024999999999999977,-0.019999999999999806
3179.0,0.5410862500000222,3.8806754375000136,3.784651750000013,-25.0,28.85019480367953,-0.024999999999999977,-0.019999999999999806
3180.0,0.5412250000000222,3.8807621562500136,3.7847350000000133,-25.0,28.850789280560036,-0.024999999999999977,-0.019999999999999806
3181.0,0.5413637500000221,3.8808488750000136,3.784818250000013,-25.0,28.85138349429093,-0.024999999999999977,-0.019999999999999806
3182.0,0.5415025000000221,3.8809355937500136,3.784901500000013,-25.0,28.85197744503671,-0.024999999999999977,-0.019999999999999806
3183.0,0.5416412500000221,3.881022312500013,3.784984750000013,-25.0,28.852571132961714,-0.024999999999999977,-0.019999999999999806
3184.0,0.541780000000022,3.8811090312500136,3.785068000000013,-25.0,28.853164558230162,-0.024999999999999977,-0.019999999999999806
3185.0,0.541918750000022,3.8811957500000136,3.785151250000013,-25.0,28.853757721006275,-0.024999999999999977,-0.019999999999999806
3186.0,0.542057500000022,3.8812824687500136,3.785234500000013,-25.0,28.854350621454103,-0.024999999999999977,-0.019999999999999806
3187.0,0.5421962500000219,3.881369187500013,3.785317750000013,-25.0,28.85494325973758,-0.024999999999999977,-0.019999999999999806
3188.0,0.5423350000000219,3.8814559062500136,3.785401000000013,-25.0,28.855535636020534,-0.024999999999999977,-0.019999999999999806
3189.0,0.5424737500000218,3.8815426250000136,3.785484250000013,-25.0,28.856127750466783,-0.024999999999999977,-0.019999999999999806
3190.0,0.5426125000000218,3.881629343750013,3.785567500000013,-25.0,28.856719603239924,-0.024999999999999977,-0.019999999999999806
3191.0,0.5427512500000218,3.881716062500013,3.7856507500000127,-25.0,28.857311194503552,-0.024999999999999977,-0.019999999999999806
3192.0,0.5428900000000217,3.8818027812500135,3.785734000000013,-25.0,28.857902524421036,-0.024999999999999977,-0.019999999999999806
3193.0,0.5430287500000217,3.8818895000000135,3.785817250000013,-25.0,28.8584935931558,-0.024999999999999977,-0.019999999999999806
3194.0,0.5431675000000217,3.881976218750013,3.7859005000000128,-25.0,28.85908440087104,-0.024999999999999977,-0.019999999999999806
3195.0,0.5433062500000216,3.882062937500013,3.7859837500000126,-25.0,28.859674947729843,-0.024999999999999977,-0.019999999999999806
3196.0,0.5434450000000216,3.8821496562500135,3.786067000000013,-25.0,28.860265233895348,-0.024999999999999977,-0.019999999999999806
3197.0,0.5435837500000216,3.882236375000013,3.786150250000013,-25.0,28.86085525953041,-0.024999999999999977,-0.019999999999999806
3198.0,0.5437225000000215,3.882323093750013,3.7862335000000127,-25.0,28.861445024797888,-0.024999999999999977,-0.019999999999999806
3199.0,0.5438612500000215,3.882409812500013,3.7863167500000126,-25.0,28.862034529860523,-0.024999999999999977,-0.019999999999999806
3200.0,0.5440000000000215,3.8824965312500135,3.786400000000013,-25.0,28.862623774880944,-0.024999999999999977,-0.019999999999999806
3201.0,0.5441387500000214,3.882583250000013,3.7864832500000127,-25.0,28.863212760021668,-0.024999999999999977,-0.019999999999999806
3202.0,0.5442775000000214,3.882669968750013,3.7865665000000126,-25.0,28.863801485445094,-0.024999999999999977,-0.019999999999999806
3203.0,0.5444162500000214,3.882756687500013,3.7866497500000125,-25.0,28.86438995131357,-0.024999999999999977,-0.019999999999999806
3204.0,0.5445550000000213,3.8828434062500135,3.786733000000013,-25.0,28.864978157789324,-0.024999999999999977,-0.019999999999999806
3205.0,0.5446937500000213,3.882930125000013,3.7868162500000127,-25.0,28.865566105034475,-0.024999999999999977,-0.019999999999999806
3206.0,0.5448325000000213,3.883016843750013,3.7868995000000125,-25.0,28.866153793211026,-0.024999999999999977,-0.019999999999999806
3207.0,0.5449712500000212,3.883103562500013,3.7869827500000124,-25.0,28.86674122248087,-0.024999999999999977,-0.019999999999999806
3208.0,0.5451100000000212,3.883190281250013,3.7870660000000127,-25.0,28.86732839300589,-0.024999999999999977,-0.019999999999999806
3209.0,0.5452487500000212,3.883277000000013,3.7871492500000126,-25.0,28.867915304947758,-0.024999999999999977,-0.019999999999999806
3210.0,0.5453875000000211,3.883363718750013,3.7872325000000124,-25.0,28.86850195846813,-0.024999999999999977,-0.019999999999999806
3211.0,0.5455262500000211,3.883450437500013,3.7873157500000123,-25.0,28.869088353728444,-0.024999999999999977,-0.019999999999999806
3212.0,0.545665000000021,3.883537156250013,3.7873990000000126,-25.0,28.86967449089019,-0.024999999999999977,-0.019999999999999806
3213.0,0.545803750000021,3.883623875000013,3.7874822500000125,-25.0,28.870260370114636,-0.024999999999999977,-0.019999999999999806
3214.0,0.545942500000021,3.883710593750013,3.7875655000000124,-25.0,28.870845991562987,-0.024999999999999977,-0.019999999999999806
3215.0,0.546081250000021,3.8837973125000125,3.787648750000012,-25.0,28.871431355396396,-0.024999999999999977,-0.019999999999999806
3216.0,0.5462200000000209,3.883884031250013,3.7877320000000125,-25.0,28.872016461775843,-0.024999999999999977,-0.019999999999999806
3217.0,0.5463587500000209,3.883970750000013,3.7878152500000124,-25.0,28.87260131086225,-0.024999999999999977,-0.019999999999999806
3218.0,0.5464975000000208,3.884057468750013,3.7878985000000123,-25.0,28.873185902816374,-0.024999999999999977,-0.019999999999999806
3219.0,0.5466362500000208,3.8841441875000124,3.787981750000012,-25.0,28.873770237798965,-0.024999999999999977,-0.019999999999999806
3220.0,0.5467750000000208,3.884230906250013,3.7880650000000124,-25.0,28.874354315970663,-0.024999999999999977,-0.019999999999999806
3221.0,0.5469137500000207,3.884317625000013,3.7881482500000123,-25.0,28.874938137491938,-0.024999999999999977,-0.019999999999999806
3222.0,0.5470525000000207,3.8844043437500124,3.788231500000012,-25.0,28.8755217025232,-0.024999999999999977,-0.019999999999999806
3223.0,0.5471912500000207,3.8844910625000124,3.788314750000012,-25.0,28.87610501122475,-0.024999999999999977,-0.019999999999999806
3224.0,0.5473300000000206,3.884577781250013,3.7883980000000124,-25.0,28.876688063756774,-0.024999999999999977,-0.019999999999999806
3225.0,0.5474687500000206,3.884664500000013,3.7884812500000122,-25.0,28.877270860279452,-0.024999999999999977,-0.019999999999999806
3226.0,0.5476075000000206,3.8847512187500124,3.788564500000012,-25.0,28.877853400952688,-0.024999999999999977,-0.019999999999999806
3227.0,0.5477462500000205,3.8848379375000124,3.788647750000012,-25.0,28.878435685936495,-0.024999999999999977,-0.019999999999999806
3228.0,0.5478850000000205,3.884924656250013,3.7887310000000123,-25.0,28.879017715390603,-0.024999999999999977,-0.019999999999999806
3229.0,0.5480237500000205,3.885011375000013,3.788814250000012,-25.0,28.879599489474742,-0.024999999999999977,-0.019999999999999806
3230.0,0.5481625000000204,3.8850980937500124,3.788897500000012,-25.0,28.88018100834853,-0.024999999999999977,-0.019999999999999806
3231.0,0.5483012500000204,3.8851848125000124,3.788980750000012,-25.0,28.88076227217141,-0.024999999999999977,-0.019999999999999806
3232.0,0.5484400000000204,3.885271531250013,3.789064000000012,-25.0,28.881343281102886,-0.024999999999999977,-0.019999999999999806
3233.0,0.5485787500000203,3.8853582500000123,3.789147250000012,-25.0,28.881924035302177,-0.024999999999999977,-0.019999999999999806
3234.0,0.5487175000000203,3.8854449687500123,3.789230500000012,-25.0,28.882504534928557,-0.024999999999999977,-0.019999999999999806
3235.0,0.5488562500000203,3.8855316875000123,3.789313750000012,-25.0,28.883084780141075,-0.024999999999999977,-0.019999999999999806
3236.0,0.5489950000000202,3.8856184062500128,3.789397000000012,-25.0,28.88366477109878,-0.024999999999999977,-0.019999999999999806
3237.0,0.5491337500000202,3.8857051250000123,3.789480250000012,-25.0,28.884244507960602,-0.024999999999999977,-0.019999999999999806
3238.0,0.5492725000000201,3.8857918437500123,3.789563500000012,-25.0,28.88482399088531,-0.024999999999999977,-0.019999999999999806
3239.0,0.5494112500000201,3.8858785625000123,3.7896467500000117,-25.0,28.885403220031606,-0.024999999999999977,-0.019999999999999806
3240.0,0.5495500000000201,3.8859652812500123,3.789730000000012,-25.0,28.885982195558142,-0.024999999999999977,-0.019999999999999806
3241.0,0.54968875000002,3.8860520000000123,3.789813250000012,-25.0,28.8865609176234,-0.024999999999999977,-0.019999999999999806
3242.0,0.54982750000002,3.8861387187500123,3.7898965000000118,-25.0,28.887139386385797,-0.024999999999999977,-0.019999999999999806
3243.0,0.54996625000002,3.8862254375000123,3.7899797500000116,-25.0,28.887717602003704,-0.024999999999999977,-0.019999999999999806
3244.0,0.5501050000000199,3.8863121562500123,3.790063000000012,-25.0,28.888295564635257,-0.024999999999999977,-0.019999999999999806
3245.0,0.5502437500000199,3.8863988750000122,3.790146250000012,-25.0,28.888873274438595,-0.024999999999999977,-0.019999999999999806
3246.0,0.5503825000000199,3.8864855937500122,3.7902295000000117,-25.0,28.889450731571742,-0.024999999999999977,-0.019999999999999806
3247.0,0.5505212500000198,3.886572312500012,3.7903127500000116,-25.0,28.89002793619261,-0.024999999999999977,-0.019999999999999806
3248.0,0.5506600000000198,3.886659031250012,3.790396000000012,-25.0,28.890604888459052,-0.024999999999999977,-0.019999999999999806
3249.0,0.5507987500000198,3.886745750000012,3.7904792500000117,-25.0,28.891181588528752,-0.024999999999999977,-0.019999999999999806
3250.0,0.5509375000000197,3.886832468750012,3.7905625000000116,-25.0,28.891758036559338,-0.024999999999999977,-0.019999999999999806
3251.0,0.5510762500000197,3.8869191875000118,3.7906457500000115,-25.0,28.89233423270838,-0.024999999999999977,-0.019999999999999806
3252.0,0.5512150000000197,3.887005906250012,3.790729000000012,-25.0,28.892910177133274,-0.024999999999999977,-0.019999999999999806
3253.0,0.5513537500000196,3.887092625000012,3.7908122500000117,-25.0,28.89348586999131,-0.024999999999999977,-0.019999999999999806
3254.0,0.5514925000000196,3.8871793437500117,3.7908955000000115,-25.0,28.89406131143977,-0.024999999999999977,-0.019999999999999806
3255.0,0.5516312500000196,3.8872660625000117,3.7909787500000114,-25.0,28.894636501635773,-0.024999999999999977,-0.019999999999999806
3256.0,0.5517700000000195,3.887352781250012,3.7910620000000117,-25.0,28.89521144073632,-0.024999999999999977,-0.019999999999999806
3257.0,0.5519087500000195,3.887439500000012,3.7911452500000116,-25.0,28.89578612889835,-0.024999999999999977,-0.019999999999999806
3258.0,0.5520475000000195,3.8875262187500117,3.7912285000000114,-25.0,28.8963605662787,-0.024999999999999977,-0.019999999999999806
3259.0,0.5521862500000194,3.8876129375000117,3.7913117500000113,-25.0,28.896934753034145,-0.024999999999999977,-0.019999999999999806
3260.0,0.5523250000000194,3.887699656250012,3.7913950000000116,-25.0,28.897508689321285,-0.024999999999999977,-0.019999999999999806
3261.0,0.5524637500000193,3.8877863750000117,3.7914782500000115,-25.0,28.898082375296724,-0.024999999999999977,-0.019999999999999806
3262.0,0.5526025000000193,3.8878730937500117,3.7915615000000114,-25.0,28.89865581111684,-0.024999999999999977,-0.019999999999999806
3263.0,0.5527412500000193,3.8879598125000117,3.791644750000011,-25.0,28.899228996938007,-0.024999999999999977,-0.019999999999999806
3264.0,0.5528800000000192,3.888046531250012,3.7917280000000115,-25.0,28.89980193291649,-0.024999999999999977,-0.019999999999999806
3265.0,0.5530187500000192,3.8881332500000116,3.7918112500000114,-25.0,28.900374619208435,-0.024999999999999977,-0.019999999999999806
3266.0,0.5531575000000192,3.8882199687500116,3.7918945000000113,-25.0,28.90094705596988,-0.024999999999999977,-0.019999999999999806
3267.0,0.5532962500000191,3.8883066875000116,3.791977750000011,-25.0,28.901519243356802,-0.024999999999999977,-0.019999999999999806
3268.0,0.5534350000000191,3.888393406250012,3.7920610000000115,-25.0,28.90209118152501,-0.024999999999999977,-0.019999999999999806
3269.0,0.5535737500000191,3.8884801250000116,3.7921442500000113,-25.0,28.90266287063031,-0.024999999999999977,-0.019999999999999806
3270.0,0.553712500000019,3.8885668437500116,3.792227500000011,-25.0,28.90323431082834,-0.024999999999999977,-0.019999999999999806
3271.0,0.553851250000019,3.8886535625000116,3.792310750000011,-25.0,28.90380550227468,-0.024999999999999977,-0.019999999999999806
3272.0,0.553990000000019,3.8887402812500116,3.7923940000000114,-25.0,28.904376445124797,-0.024999999999999977,-0.019999999999999806
3273.0,0.5541287500000189,3.8888270000000116,3.7924772500000112,-25.0,28.9049471395341,-0.024999999999999977,-0.019999999999999806
3274.0,0.5542675000000189,3.8889137187500116,3.792560500000011,-25.0,28.905517585657833,-0.024999999999999977,-0.019999999999999806
3275.0,0.5544062500000189,3.8890004375000116,3.792643750000011,-25.0,28.906087783651174,-0.024999999999999977,-0.019999999999999806
3276.0,0.5545450000000188,3.8890871562500116,3.7927270000000113,-25.0,28.906657733669192,-0.024999999999999977,-0.019999999999999806
3277.0,0.5546837500000188,3.8891738750000115,3.792810250000011,-25.0,28.9072274358669,-0.024999999999999977,-0.019999999999999806
3278.0,0.5548225000000188,3.8892605937500115,3.792893500000011,-25.0,28.907796890399197,-0.024999999999999977,-0.019999999999999806
3279.0,0.5549612500000187,3.889347312500011,3.792976750000011,-25.0,28.90836609742081,-0.024999999999999977,-0.019999999999999806
3280.0,0.5551000000000187,3.8894340312500115,3.793060000000011,-25.0,28.908935057086467,-0.024999999999999977,-0.019999999999999806
3281.0,0.5552387500000187,3.8895207500000115,3.793143250000011,-25.0,28.90950376955078,-0.024999999999999977,-0.019999999999999806
3282.0,0.5553775000000186,3.8896074687500115,3.793226500000011,-25.0,28.910072234968254,-0.024999999999999977,-0.019999999999999806
3283.0,0.5555162500000186,3.889694187500011,3.793309750000011,-25.0,28.910640453493272,-0.024999999999999977,-0.019999999999999806
3284.0,0.5556550000000186,3.8897809062500115,3.793393000000011,-25.0,28.911208425280165,-0.024999999999999977,-0.019999999999999806
3285.0,0.5557937500000185,3.8898676250000115,3.793476250000011,-25.0,28.911776150483092,-0.024999999999999977,-0.019999999999999806
3286.0,0.5559325000000185,3.889954343750011,3.793559500000011,-25.0,28.912343629256213,-0.024999999999999977,-0.019999999999999806
3287.0,0.5560712500000184,3.890041062500011,3.7936427500000107,-25.0,28.912910861753573,-0.024999999999999977,-0.019999999999999806
3288.0,0.5562100000000184,3.8901277812500115,3.793726000000011,-25.0,28.913477848129048,-0.024999999999999977,-0.019999999999999806
3289.0,0.5563487500000184,3.8902145000000115,3.793809250000011,-25.0,28.914044588536456,-0.024999999999999977,-0.019999999999999806
3290.0,0.5564875000000183,3.890301218750011,3.7938925000000108,-25.0,28.914611083129557,-0.024999999999999977,-0.019999999999999806
3291.0,0.5566262500000183,3.890387937500011,3.7939757500000106,-25.0,28.915177332062,-0.024999999999999977,-0.019999999999999806
3292.0,0.5567650000000183,3.8904746562500114,3.794059000000011,-25.0,28.915743335487264,-0.024999999999999977,-0.019999999999999806
3293.0,0.5569037500000182,3.8905613750000114,3.794142250000011,-25.0,28.916309093558823,-0.024999999999999977,-0.019999999999999806
3294.0,0.5570425000000182,3.890648093750011,3.7942255000000107,-25.0,28.916874606430042,-0.024999999999999977,-0.019999999999999806
3295.0,0.5571812500000182,3.890734812500011,3.7943087500000106,-25.0,28.91743987425417,-0.024999999999999977,-0.019999999999999806
3296.0,0.5573200000000181,3.8908215312500114,3.794392000000011,-25.0,28.918004897184346,-0.024999999999999977,-0.019999999999999806
3297.0,0.5574587500000181,3.890908250000011,3.7944752500000107,-25.0,28.91856967537359,-0.024999999999999977,-0.019999999999999806
3298.0,0.5575975000000181,3.890994968750011,3.7945585000000106,-25.0,28.919134208974924,-0.024999999999999977,-0.019999999999999806
3299.0,0.557736250000018,3.891081687500011,3.7946417500000105,-25.0,28.9196984981412,-0.024999999999999977,-0.019999999999999806
3300.0,0.557875000000018,3.8911684062500114,3.794725000000011,-25.0,28.92026254302516,-0.024999999999999977,-0.019999999999999806
3301.0,0.558013750000018,3.891255125000011,3.7948082500000107,-25.0,28.920826343779538,-0.024999999999999977,-0.019999999999999806
3302.0,0.5581525000000179,3.891341843750011,3.7948915000000105,-25.0,28.921389900556846,-0.024999999999999977,-0.019999999999999806
3303.0,0.5582912500000179,3.891428562500011,3.7949747500000104,-25.0,28.921953213509596,-0.024999999999999977,-0.019999999999999806
3304.0,0.5584300000000179,3.891515281250011,3.7950580000000107,-25.0,28.92251628279024,-0.024999999999999977,-0.019999999999999806
3305.0,0.5585687500000178,3.891602000000011,3.7951412500000106,-25.0,28.923079108551008,-0.024999999999999977,-0.019999999999999806
3306.0,0.5587075000000178,3.891688718750011,3.7952245000000104,-25.0,28.923641690944123,-0.024999999999999977,-0.019999999999999806
3307.0,0.5588462500000178,3.891775437500011,3.7953077500000103,-25.0,28.924204030121643,-0.024999999999999977,-0.019999999999999806
3308.0,0.5589850000000177,3.891862156250011,3.7953910000000106,-25.0,28.924766126235625,-0.024999999999999977,-0.019999999999999806
3309.0,0.5591237500000177,3.891948875000011,3.7954742500000105,-25.0,28.925327979437952,-0.024999999999999977,-0.019999999999999806
3310.0,0.5592625000000176,3.892035593750011,3.7955575000000104,-25.0,28.925889589880512,-0.024999999999999977,-0.019999999999999806
3311.0,0.5594012500000176,3.8921223125000104,3.79564075000001,-25.0,28.926450957714962,-0.024999999999999977,-0.019999999999999806
3312.0,0.5595400000000176,3.892209031250011,3.7957240000000105,-25.0,28.92701208309296,-0.024999999999999977,-0.019999999999999806
3313.0,0.5596787500000175,3.892295750000011,3.7958072500000104,-25.0,28.927572966166053,-0.024999999999999977,-0.019999999999999806
3314.0,0.5598175000000175,3.892382468750011,3.7958905000000103,-25.0,28.928133607085613,-0.024999999999999977,-0.019999999999999806
3315.0,0.5599562500000175,3.8924691875000104,3.79597375000001,-25.0,28.92869400600307,-0.024999999999999977,-0.019999999999999806
3316.0,0.5600950000000174,3.892555906250011,3.7960570000000105,-25.0,28.92925416306963,-0.024999999999999977,-0.019999999999999806
3317.0,0.5602337500000174,3.892642625000011,3.7961402500000103,-25.0,28.929814078436436,-0.024999999999999977,-0.019999999999999806
3318.0,0.5603725000000174,3.8927293437500103,3.79622350000001,-25.0,28.93037375225458,-0.024999999999999977,-0.019999999999999806
3319.0,0.5605112500000173,3.8928160625000103,3.79630675000001,-25.0,28.93093318467504,-0.024999999999999977,-0.019999999999999806
3320.0,0.5606500000000173,3.8929027812500108,3.7963900000000104,-25.0,28.931492375848677,-0.024999999999999977,-0.019999999999999806
3321.0,0.5607887500000173,3.8929895000000108,3.7964732500000102,-25.0,28.932051325926295,-0.024999999999999977,-0.019999999999999806
3322.0,0.5609275000000172,3.8930762187500103,3.79655650000001,-25.0,28.93261003505853,-0.024999999999999977,-0.019999999999999806
3323.0,0.5610662500000172,3.8931629375000103,3.79663975000001,-25.0,28.93316850339602,-0.024999999999999977,-0.019999999999999806
3324.0,0.5612050000000172,3.8932496562500107,3.7967230000000103,-25.0,28.933726731089223,-0.024999999999999977,-0.019999999999999806
3325.0,0.5613437500000171,3.8933363750000103,3.79680625000001,-25.0,28.934284718288552,-0.024999999999999977,-0.019999999999999806
3326.0,0.5614825000000171,3.8934230937500103,3.79688950000001,-25.0,28.9348424651443,-0.024999999999999977,-0.019999999999999806
3327.0,0.5616212500000171,3.8935098125000103,3.79697275000001,-25.0,28.935399971806703,-0.024999999999999977,-0.019999999999999806
3328.0,0.561760000000017,3.8935965312500107,3.79705600000001,-25.0,28.935957238425885,-0.024999999999999977,-0.019999999999999806
3329.0,0.561898750000017,3.8936832500000103,3.79713925000001,-25.0,28.936514265151857,-0.024999999999999977,-0.019999999999999806
3330.0,0.562037500000017,3.8937699687500102,3.79722250000001,-25.0,28.93707105213457,-0.024999999999999977,-0.019999999999999806
3331.0,0.5621762500000169,3.8938566875000102,3.79730575000001,-25.0,28.937627599523864,-0.024999999999999977,-0.019999999999999806
3332.0,0.5623150000000169,3.8939434062500107,3.79738900000001,-25.0,28.938183907469465,-0.024999999999999977,-0.019999999999999806
3333.0,0.5624537500000168,3.8940301250000102,3.79747225000001,-25.0,28.93873997612104,-0.024999999999999977,-0.019999999999999806
3334.0,0.5625925000000168,3.89411684375001,3.79755550000001,-25.0,28.93929580562815,-0.024999999999999977,-0.019999999999999806
3335.0,0.5627312500000168,3.89420356250001,3.7976387500000097,-25.0,28.939851396140284,-0.024999999999999977,-0.019999999999999806
3336.0,0.5628700000000167,3.89429028125001,3.79772200000001,-25.0,28.940406747806776,-0.024999999999999977,-0.019999999999999806
3337.0,0.5630087500000167,3.89437700000001,3.79780525000001,-25.0,28.940961860776895,-0.024999999999999977,-0.019999999999999806
3338.0,0.5631475000000167,3.89446371875001,3.7978885000000098,-25.0,28.941516735199855,-0.024999999999999977,-0.019999999999999806
3339.0,0.5632862500000166,3.89455043750001,3.7979717500000096,-25.0,28.942071371224756,-0.024999999999999977,-0.019999999999999806
3340.0,0.5634250000000166,3.89463715625001,3.79805500000001,-25.0,28.94262576900053,-0.024999999999999977,-0.019999999999999806
3341.0,0.5635637500000166,3.89472387500001,3.79813825000001,-25.0,28.94317992867616,-0.024999999999999977,-0.019999999999999806
3342.0,0.5637025000000165,3.89481059375001,3.7982215000000097,-25.0,28.943733850400406,-0.024999999999999977,-0.019999999999999806
3343.0,0.5638412500000165,3.8948973125000097,3.7983047500000096,-25.0,28.94428753432203,-0.024999999999999977,-0.019999999999999806
3344.0,0.5639800000000165,3.89498403125001,3.79838800000001,-25.0,28.944840980589618,-0.024999999999999977,-0.019999999999999806
3345.0,0.5641187500000164,3.89507075000001,3.7984712500000097,-25.0,28.94539418935176,-0.024999999999999977,-0.019999999999999806
3346.0,0.5642575000000164,3.89515746875001,3.7985545000000096,-25.0,28.945947160756873,-0.024999999999999977,-0.019999999999999806
3347.0,0.5643962500000164,3.8952441875000097,3.7986377500000095,-25.0,28.946499894953263,-0.024999999999999977,-0.019999999999999806
3348.0,0.5645350000000163,3.89533090625001,3.79872100000001,-25.0,28.947052392089233,-0.024999999999999977,-0.019999999999999806
3349.0,0.5646737500000163,3.89541762500001,3.7988042500000097,-25.0,28.94760465231292,-0.024999999999999977,-0.019999999999999806
3350.0,0.5648125000000163,3.8955043437500096,3.7988875000000095,-25.0,28.948156675772395,-0.024999999999999977,-0.019999999999999806
3351.0,0.5649512500000162,3.8955910625000096,3.7989707500000094,-25.0,28.948708462615684,-0.024999999999999977,-0.019999999999999806
3352.0,0.5650900000000162,3.89567778125001,3.7990540000000097,-25.0,28.949260012990635,-0.024999999999999977,-0.019999999999999806
3353.0,0.5652287500000162,3.89576450000001,3.7991372500000096,-25.0,28.94981132704504,-0.024999999999999977,-0.019999999999999806
3354.0,0.5653675000000161,3.8958512187500096,3.7992205000000094,-25.0,28.95036240492658,-0.024999999999999977,-0.019999999999999806
3355.0,0.5655062500000161,3.8959379375000096,3.7993037500000093,-25.0,28.950913246782875,-0.024999999999999977,-0.019999999999999806
3356.0,0.565645000000016,3.89602465625001,3.7993870000000096,-25.0,28.951463852761435,-0.024999999999999977,-0.019999999999999806
3357.0,0.565783750000016,3.89611137500001,3.7994702500000095,-25.0,28.952014223009712,-0.024999999999999977,-0.019999999999999806
3358.0,0.565922500000016,3.8961980937500096,3.7995535000000094,-25.0,28.952564357675044,-0.024999999999999977,-0.019999999999999806
3359.0,0.566061250000016,3.8962848125000096,3.7996367500000092,-25.0,28.9531142569046,-0.024999999999999977,-0.019999999999999806
3360.0,0.5662000000000159,3.89637153125001,3.7997200000000095,-25.0,28.9536639208456,-0.024999999999999977,-0.019999999999999806
3361.0,0.5663387500000159,3.8964582500000096,3.7998032500000094,-25.0,28.954213349645045,-0.024999999999999977,-0.019999999999999806
3362.0,0.5664775000000158,3.8965449687500096,3.7998865000000093,-25.0,28.95476254344993,-0.024999999999999977,-0.019999999999999806
3363.0,0.5666162500000158,3.8966316875000095,3.799969750000009,-25.0,28.95531150240714,-0.024999999999999977,-0.019999999999999806
3364.0,0.5667550000000158,3.89671840625001,3.8000530000000095,-25.0,28.955860226663447,-0.024999999999999977,-0.019999999999999806
3365.0,0.5668937500000157,3.8968051250000095,3.8001362500000093,-25.0,28.95640871636556,-0.024999999999999977,-0.019999999999999806
3366.0,0.5670325000000157,3.8968918437500095,3.800219500000009,-25.0,28.95695697166002,-0.024999999999999977,-0.019999999999999806
3367.0,0.5671712500000157,3.8969785625000095,3.800302750000009,-25.0,28.957504992693373,-0.024999999999999977,-0.019999999999999806
3368.0,0.5673100000000156,3.8970652812500095,3.8003860000000094,-25.0,28.95805277961199,-0.024999999999999977,-0.019999999999999806
3369.0,0.5674487500000156,3.8971520000000095,3.8004692500000092,-25.0,28.95860033256224,-0.024999999999999977,-0.019999999999999806
3370.0,0.5675875000000156,3.8972387187500095,3.800552500000009,-25.0,28.95914765169033,-0.024999999999999977,-0.019999999999999806
3371.0,0.5677262500000155,3.8973254375000095,3.800635750000009,-25.0,28.9596947371424,-0.024999999999999977,-0.019999999999999806
3372.0,0.5678650000000155,3.8974121562500095,3.8007190000000093,-25.0,28.96024158906448,-0.024999999999999977,-0.019999999999999806
3373.0,0.5680037500000155,3.8974988750000095,3.800802250000009,-25.0,28.960788207602548,-0.024999999999999977,-0.019999999999999806
3374.0,0.5681425000000154,3.8975855937500095,3.800885500000009,-25.0,28.96133459290246,-0.024999999999999977,-0.019999999999999806
3375.0,0.5682812500000154,3.897672312500009,3.800968750000009,-25.0,28.961880745110022,-0.024999999999999977,-0.019999999999999806
3376.0,0.5684200000000154,3.8977590312500094,3.801052000000009,-25.0,28.962426664370867,-0.024999999999999977,-0.019999999999999806
3377.0,0.5685587500000153,3.8978457500000094,3.801135250000009,-25.0,28.962972350830626,-0.024999999999999977,-0.019999999999999806
3378.0,0.5686975000000153,3.8979324687500094,3.801218500000009,-25.0,28.96351780463482,-0.024999999999999977,-0.019999999999999806
3379.0,0.5688362500000153,3.898019187500009,3.801301750000009,-25.0,28.964063025928795,-0.024999999999999977,-0.019999999999999806
3380.0,0.5689750000000152,3.8981059062500094,3.801385000000009,-25.0,28.9646080148579,-0.024999999999999977,-0.019999999999999806
3381.0,0.5691137500000152,3.8981926250000094,3.801468250000009,-25.0,28.965152771567375,-0.024999999999999977,-0.019999999999999806
3382.0,0.5692525000000151,3.898279343750009,3.801551500000009,-25.0,28.965697296202336,-0.024999999999999977,-0.019999999999999806
3383.0,0.5693912500000151,3.898366062500009,3.8016347500000087,-25.0,28.96624158890785,-0.024999999999999977,-0.019999999999999806
3384.0,0.5695300000000151,3.8984527812500094,3.801718000000009,-25.0,28.966785649828864,-0.024999999999999977,-0.019999999999999806
3385.0,0.569668750000015,3.8985395000000094,3.801801250000009,-25.0,28.96732947911022,-0.024999999999999977,-0.019999999999999806
3386.0,0.569807500000015,3.898626218750009,3.8018845000000088,-25.0,28.967873076896694,-0.024999999999999977,-0.019999999999999806
3387.0,0.569946250000015,3.898712937500009,3.8019677500000086,-25.0,28.968416443333012,-0.024999999999999977,-0.019999999999999806
3388.0,0.5700850000000149,3.8987996562500093,3.802051000000009,-25.0,28.968959578563727,-0.024999999999999977,-0.019999999999999806
3389.0,0.5702237500000149,3.898886375000009,3.802134250000009,-25.0,28.96950248273339,-0.024999999999999977,-0.019999999999999806
3390.0,0.5703625000000149,3.898973093750009,3.8022175000000087,-25.0,28.970045155986384,-0.024999999999999977,-0.019999999999999806
3391.0,0.5705012500000148,3.899059812500009,3.8023007500000086,-25.0,28.970587598467034,-0.024999999999999977,-0.019999999999999806
3392.0,0.5706400000000148,3.8991465312500093,3.802384000000009,-25.0,28.971129810319553,-0.024999999999999977,-0.019999999999999806
3393.0,0.5707787500000148,3.899233250000009,3.8024672500000087,-25.0,28.971671791688095,-0.024999999999999977,-0.019999999999999806
3394.0,0.5709175000000147,3.899319968750009,3.8025505000000086,-25.0,28.972213542716702,-0.024999999999999977,-0.019999999999999806
3395.0,0.5710562500000147,3.899406687500009,3.8026337500000085,-25.0,28.972755063549357,-0.024999999999999977,-0.019999999999999806
3396.0,0.5711950000000147,3.8994934062500093,3.802717000000009,-25.0,28.973296354329932,-0.024999999999999977,-0.019999999999999806
3397.0,0.5713337500000146,3.899580125000009,3.8028002500000087,-25.0,28.97383741520224,-0.024999999999999977,-0.019999999999999806
3398.0,0.5714725000000146,3.899666843750009,3.8028835000000085,-25.0,28.974378246309925,-0.024999999999999977,-0.019999999999999806
3399.0,0.5716112500000146,3.899753562500009,3.8029667500000084,-25.0,28.97491884779663,-0.024999999999999977,-0.019999999999999806
3400.0,0.5717500000000145,3.899840281250009,3.8030500000000087,-25.0,28.975459219805828,-0.024999999999999977,-0.019999999999999806
3401.0,0.5718887500000145,3.899927000000009,3.8031332500000086,-25.0,28.975999362480934,-0.024999999999999977,-0.019999999999999806
3402.0,0.5720275000000145,3.900013718750009,3.8032165000000084,-25.0,28.976539275965308,-0.024999999999999977,-0.019999999999999806
3403.0,0.5721662500000144,3.900100437500009,3.8032997500000083,-25.0,28.977078960402196,-0.024999999999999977,-0.019999999999999806
3404.0,0.5723050000000144,3.900187156250009,3.8033830000000086,-25.0,28.977618415934785,-0.024999999999999977,-0.019999999999999806
3405.0,0.5724437500000144,3.9002738750000088,3.8034662500000085,-25.0,28.978157642706094,-0.024999999999999977,-0.019999999999999806
3406.0,0.5725825000000143,3.9003605937500088,3.8035495000000084,-25.0,28.978696640859084,-0.024999999999999977,-0.019999999999999806
3407.0,0.5727212500000143,3.9004473125000083,3.8036327500000082,-25.0,28.97923541053666,-0.024999999999999977,-0.019999999999999806
3408.0,0.5728600000000142,3.9005340312500087,3.8037160000000085,-25.0,28.97977395188161,-0.024999999999999977,-0.019999999999999806
3409.0,0.5729987500000142,3.9006207500000087,3.8037992500000084,-25.0,28.980312265036673,-0.024999999999999977,-0.019999999999999806
3410.0,0.5731375000000142,3.9007074687500087,3.8038825000000083,-25.0,28.980850350144465,-0.024999999999999977,-0.019999999999999806
3411.0,0.5732762500000141,3.9007941875000083,3.803965750000008,-25.0,28.981388207347493,-0.024999999999999977,-0.019999999999999806
3412.0,0.5734150000000141,3.9008809062500087,3.8040490000000085,-25.0,28.981925836788207,-0.024999999999999977,-0.019999999999999806
3413.0,0.5735537500000141,3.9009676250000087,3.8041322500000083,-25.0,28.982463238608943,-0.024999999999999977,-0.019999999999999806
3414.0,0.573692500000014,3.9010543437500083,3.804215500000008,-25.0,28.98300041295198,-0.024999999999999977,-0.019999999999999806
3415.0,0.573831250000014,3.9011410625000082,3.804298750000008,-25.0,28.983537359959485,-0.024999999999999977,-0.019999999999999806
3416.0,0.573970000000014,3.9012277812500087,3.8043820000000084,-25.0,28.984074079773563,-0.024999999999999977,-0.019999999999999806
3417.0,0.5741087500000139,3.9013145000000087,3.8044652500000082,-25.0,28.984610572536212,-0.024999999999999977,-0.019999999999999806
3418.0,0.5742475000000139,3.9014012187500082,3.804548500000008,-25.0,28.985146838389312,-0.024999999999999977,-0.019999999999999806
3419.0,0.5743862500000139,3.901487937500008,3.804631750000008,-25.0,28.985682877474687,-0.024999999999999977,-0.019999999999999806
3420.0,0.5745250000000138,3.9015746562500087,3.8047150000000083,-25.0,28.986218689934105,-0.024999999999999977,-0.019999999999999806
3421.0,0.5746637500000138,3.9016613750000086,3.804798250000008,-25.0,28.986754275909163,-0.024999999999999977,-0.019999999999999806
3422.0,0.5748025000000138,3.901748093750008,3.804881500000008,-25.0,28.9872896355414,-0.024999999999999977,-0.019999999999999806
3423.0,0.5749412500000137,3.901834812500008,3.804964750000008,-25.0,28.987824768972303,-0.024999999999999977,-0.019999999999999806
3424.0,0.5750800000000137,3.9019215312500086,3.805048000000008,-25.0,28.988359676343237,-0.024999999999999977,-0.019999999999999806
3425.0,0.5752187500000137,3.902008250000008,3.805131250000008,-25.0,28.988894357795516,-0.024999999999999977,-0.019999999999999806
3426.0,0.5753575000000136,3.902094968750008,3.805214500000008,-25.0,28.98942881347034,-0.024999999999999977,-0.019999999999999806
3427.0,0.5754962500000136,3.902181687500008,3.805297750000008,-25.0,28.989963043508794,-0.024999999999999977,-0.019999999999999806
3428.0,0.5756350000000136,3.9022684062500086,3.805381000000008,-25.0,28.990497048051907,-0.024999999999999977,-0.019999999999999806
3429.0,0.5757737500000135,3.902355125000008,3.805464250000008,-25.0,28.99103082724065,-0.024999999999999977,-0.019999999999999806
3430.0,0.5759125000000135,3.902441843750008,3.805547500000008,-25.0,28.991564381215824,-0.024999999999999977,-0.019999999999999806
3431.0,0.5760512500000134,3.902528562500008,3.8056307500000077,-25.0,28.992097710118173,-0.024999999999999977,-0.019999999999999806
3432.0,0.5761900000000134,3.902615281250008,3.805714000000008,-25.0,28.992630814088386,-0.024999999999999977,-0.019999999999999806
3433.0,0.5763287500000134,3.902702000000008,3.805797250000008,-25.0,28.993163693267093,-0.024999999999999977,-0.019999999999999806
3434.0,0.5764675000000133,3.902788718750008,3.8058805000000078,-25.0,28.993696347794753,-0.024999999999999977,-0.019999999999999806
3435.0,0.5766062500000133,3.902875437500008,3.8059637500000076,-25.0,28.99422877781177,-0.024999999999999977,-0.019999999999999806
3436.0,0.5767450000000133,3.902962156250008,3.806047000000008,-25.0,28.994760983458434,-0.024999999999999977,-0.019999999999999806
3437.0,0.5768837500000132,3.903048875000008,3.806130250000008,-25.0,28.995292964875034,-0.024999999999999977,-0.019999999999999806
3438.0,0.5770225000000132,3.903135593750008,3.8062135000000077,-25.0,28.99582472220169,-0.024999999999999977,-0.019999999999999806
3439.0,0.5771612500000132,3.9032223125000076,3.8062967500000076,-25.0,28.996356255578462,-0.024999999999999977,-0.019999999999999806
3440.0,0.5773000000000131,3.903309031250008,3.806380000000008,-25.0,28.9968875651453,-0.024999999999999977,-0.019999999999999806
3441.0,0.5774387500000131,3.903395750000008,3.8064632500000077,-25.0,28.997418651042096,-0.024999999999999977,-0.019999999999999806
3442.0,0.5775775000000131,3.903482468750008,3.8065465000000076,-25.0,28.997949513408628,-0.024999999999999977,-0.019999999999999806
3443.0,0.577716250000013,3.9035691875000076,3.8066297500000075,-25.0,28.998480152384616,-0.024999999999999977,-0.019999999999999806
3444.0,0.577855000000013,3.903655906250008,3.806713000000008,-25.0,28.999010568109668,-0.024999999999999977,-0.019999999999999806
3445.0,0.577993750000013,3.903742625000008,3.8067962500000077,-25.0,28.999540760723335,-0.024999999999999977,-0.019999999999999806
3446.0,0.5781325000000129,3.9038293437500076,3.8068795000000075,-25.0,29.000070730365053,-0.024999999999999977,-0.019999999999999806
3447.0,0.5782712500000129,3.9039160625000076,3.8069627500000074,-25.0,29.000600477174203,-0.024999999999999977,-0.019999999999999806
3448.0,0.5784100000000129,3.904002781250008,3.8070460000000077,-25.0,29.00113000129005,-0.024999999999999977,-0.019999999999999806
3449.0,0.5785487500000128,3.904089500000008,3.8071292500000076,-25.0,29.00165930285175,-0.024999999999999977,-0.019999999999999806
3450.0,0.5786875000000128,3.9041762187500075,3.8072125000000074,-25.0,29.002188381998394,-0.024999999999999977,-0.019999999999999806
3451.0,0.5788262500000128,3.9042629375000075,3.8072957500000073,-25.0,29.002717238869025,-0.024999999999999977,-0.019999999999999806
3452.0,0.5789650000000127,3.904349656250008,3.8073790000000076,-25.0,29.003245873602566,-0.024999999999999977,-0.019999999999999806
3453.0,0.5791037500000127,3.9044363750000075,3.8074622500000075,-25.0,29.00377428633783,-0.024999999999999977,-0.019999999999999806
3454.0,0.5792425000000127,3.9045230937500075,3.8075455000000074,-25.0,29.00430247721357,-0.024999999999999977,-0.019999999999999806
3455.0,0.5793812500000126,3.9046098125000075,3.8076287500000072,-25.0,29.00483044636843,-0.024999999999999977,-0.019999999999999806
3456.0,0.5795200000000126,3.904696531250008,3.8077120000000075,-25.0,29.005358193940992,-0.024999999999999977,-0.019999999999999806
3457.0,0.5796587500000125,3.9047832500000075,3.8077952500000074,-25.0,29.005885720069784,-0.024999999999999977,-0.019999999999999806
3458.0,0.5797975000000125,3.9048699687500075,3.8078785000000073,-25.0,29.006413024893163,-0.024999999999999977,-0.019999999999999806
3459.0,0.5799362500000125,3.9049566875000075,3.807961750000007,-25.0,29.006940108549486,-0.024999999999999977,-0.019999999999999806
3460.0,0.5800750000000124,3.905043406250008,3.8080450000000075,-25.0,29.00746697117694,-0.024999999999999977,-0.019999999999999806
3461.0,0.5802137500000124,3.9051301250000074,3.8081282500000073,-25.0,29.007993612913708,-0.024999999999999977,-0.019999999999999806
3462.0,0.5803525000000124,3.9052168437500074,3.808211500000007,-25.0,29.00852003389781,-0.024999999999999977,-0.019999999999999806
3463.0,0.5804912500000123,3.9053035625000074,3.808294750000007,-25.0,29.00904623426726,-0.024999999999999977,-0.019999999999999806
3464.0,0.5806300000000123,3.9053902812500074,3.8083780000000074,-25.0,29.009572214159903,-0.024999999999999977,-0.019999999999999806
3465.0,0.5807687500000123,3.9054770000000074,3.8084612500000072,-25.0,29.010097973713528,-0.024999999999999977,-0.019999999999999806
3466.0,0.5809075000000122,3.9055637187500074,3.808544500000007,-25.0,29.010623513065866,-0.024999999999999977,-0.019999999999999806
3467.0,0.5810462500000122,3.9056504375000074,3.808627750000007,-25.0,29.011148832354593,-0.024999999999999977,-0.019999999999999806
3468.0,0.5811850000000122,3.9057371562500074,3.8087110000000073,-25.0,29.011673931717212,-0.024999999999999977,-0.019999999999999806
3469.0,0.5813237500000121,3.9058238750000074,3.808794250000007,-25.0,29.012198811291114,-0.024999999999999977,-0.019999999999999806
3470.0,0.5814625000000121,3.9059105937500074,3.808877500000007,-25.0,29.012723471213747,-0.024999999999999977,-0.019999999999999806
3471.0,0.5816012500000121,3.905997312500007,3.808960750000007,-25.0,29.013247911622386,-0.024999999999999977,-0.019999999999999806
3472.0,0.581740000000012,3.9060840312500074,3.809044000000007,-25.0,29.013772132654196,-0.024999999999999977,-0.019999999999999806
3473.0,0.581878750000012,3.9061707500000074,3.809127250000007,-25.0,29.014296134446283,-0.024999999999999977,-0.019999999999999806
3474.0,0.582017500000012,3.9062574687500073,3.809210500000007,-25.0,29.014819917135696,-0.024999999999999977,-0.019999999999999806
3475.0,0.5821562500000119,3.906344187500007,3.809293750000007,-25.0,29.01534348085937,-0.024999999999999977,-0.019999999999999806
3476.0,0.5822950000000119,3.9064309062500073,3.809377000000007,-25.0,29.01586682575413,-0.024999999999999977,-0.019999999999999806
3477.0,0.5824337500000119,3.9065176250000073,3.809460250000007,-25.0,29.016389951956796,-0.024999999999999977,-0.019999999999999806
3478.0,0.5825725000000118,3.906604343750007,3.809543500000007,-25.0,29.01691285960402,-0.024999999999999977,-0.019999999999999806
3479.0,0.5827112500000118,3.906691062500007,3.8096267500000067,-25.0,29.017435548832395,-0.024999999999999977,-0.019999999999999806
3480.0,0.5828500000000117,3.9067777812500073,3.809710000000007,-25.0,29.01795801977846,-0.024999999999999977,-0.019999999999999806
3481.0,0.5829887500000117,3.9068645000000073,3.809793250000007,-25.0,29.018480272578586,-0.024999999999999977,-0.019999999999999806
3482.0,0.5831275000000117,3.906951218750007,3.8098765000000068,-25.0,29.019002307369135,-0.024999999999999977,-0.019999999999999806
3483.0,0.5832662500000116,3.907037937500007,3.8099597500000066,-25.0,29.01952412428642,-0.024999999999999977,-0.019999999999999806
3484.0,0.5834050000000116,3.9071246562500073,3.810043000000007,-25.0,29.02004572346658,-0.024999999999999977,-0.019999999999999806
3485.0,0.5835437500000116,3.9072113750000073,3.810126250000007,-25.0,29.020567105045643,-0.024999999999999977,-0.019999999999999806
3486.0,0.5836825000000115,3.907298093750007,3.8102095000000067,-25.0,29.02108826915969,-0.024999999999999977,-0.019999999999999806
3487.0,0.5838212500000115,3.907384812500007,3.8102927500000066,-25.0,29.02160921594458,-0.024999999999999977,-0.019999999999999806
3488.0,0.5839600000000115,3.9074715312500072,3.810376000000007,-25.0,29.022129945536165,-0.024999999999999977,-0.019999999999999806
3489.0,0.5840987500000114,3.907558250000007,3.8104592500000067,-25.0,29.02265045807019,-0.024999999999999977,-0.019999999999999806
3490.0,0.5842375000000114,3.9076449687500068,3.8105425000000066,-25.0,29.023170753682336,-0.024999999999999977,-0.019999999999999806
3491.0,0.5843762500000114,3.9077316875000068,3.8106257500000065,-25.0,29.02369083250818,-0.024999999999999977,-0.019999999999999806
3492.0,0.5845150000000113,3.907818406250007,3.810709000000007,-25.0,29.024210694683177,-0.024999999999999977,-0.019999999999999806
3493.0,0.5846537500000113,3.9079051250000068,3.8107922500000067,-25.0,29.024730340342728,-0.024999999999999977,-0.019999999999999806
3494.0,0.5847925000000113,3.9079918437500067,3.8108755000000065,-25.0,29.025249769622178,-0.024999999999999977,-0.019999999999999806
3495.0,0.5849312500000112,3.9080785625000067,3.8109587500000064,-25.0,29.025768982656814,-0.024999999999999977,-0.019999999999999806
3496.0,0.5850700000000112,3.9081652812500067,3.8110420000000067,-25.0,29.026287979581696,-0.024999999999999977,-0.019999999999999806
3497.0,0.5852087500000112,3.9082520000000067,3.8111252500000066,-25.0,29.02680676053194,-0.024999999999999977,-0.019999999999999806
3498.0,0.5853475000000111,3.9083387187500067,3.8112085000000064,-25.0,29.02732532564255,-0.024999999999999977,-0.019999999999999806
3499.0,0.5854862500000111,3.9084254375000067,3.8112917500000063,-25.0,29.027843675048416,-0.024999999999999977,-0.019999999999999806
3500.0,0.585625000000011,3.9085121562500067,3.8113750000000066,-25.0,29.028361808884313,-0.024999999999999977,-0.019999999999999806
3501.0,0.585763750000011,3.9085988750000067,3.8114582500000065,-25.0,29.028879727285016,-0.024999999999999977,-0.019999999999999806
3502.0,0.585902500000011,3.9086855937500067,3.8115415000000064,-25.0,29.02939743038513,-0.024999999999999977,-0.019999999999999806
3503.0,0.586041250000011,3.9087723125000062,3.8116247500000062,-25.0,29.029914918319264,-0.024999999999999977,-0.019999999999999806
3504.0,0.5861800000000109,3.9088590312500067,3.8117080000000065,-25.0,29.030432191221905,-0.024999999999999977,-0.019999999999999806
3505.0,0.5863187500000109,3.9089457500000067,3.8117912500000064,-25.0,29.030949249227376,-0.024999999999999977,-0.019999999999999806
3506.0,0.5864575000000108,3.9090324687500067,3.8118745000000063,-25.0,29.031466092470055,-0.024999999999999977,-0.019999999999999806
3507.0,0.5865962500000108,3.909119187500006,3.811957750000006,-25.0,29.031982721084148,-0.024999999999999977,-0.019999999999999806
3508.0,0.5867350000000108,3.9092059062500066,3.8120410000000065,-25.0,29.032499135203807,-0.024999999999999977,-0.019999999999999806
3509.0,0.5868737500000107,3.9092926250000066,3.8121242500000063,-25.0,29.033015334963068,-0.024999999999999977,-0.019999999999999806
3510.0,0.5870125000000107,3.909379343750006,3.812207500000006,-25.0,29.03353132049591,-0.024999999999999977,-0.019999999999999806
3511.0,0.5871512500000107,3.909466062500006,3.812290750000006,-25.0,29.034047091936202,-0.024999999999999977,-0.019999999999999806
3512.0,0.5872900000000106,3.9095527812500066,3.8123740000000064,-25.0,29.034562649417808,-0.024999999999999977,-0.019999999999999806
3513.0,0.5874287500000106,3.9096395000000066,3.8124572500000062,-25.0,29.035077993074424,-0.024999999999999977,-0.019999999999999806
3514.0,0.5875675000000106,3.909726218750006,3.812540500000006,-25.0,29.03559312303969,-0.024999999999999977,-0.019999999999999806
3515.0,0.5877062500000105,3.909812937500006,3.812623750000006,-25.0,29.036108039447186,-0.024999999999999977,-0.019999999999999806
3516.0,0.5878450000000105,3.9098996562500066,3.8127070000000063,-25.0,29.036622742430325,-0.024999999999999977,-0.019999999999999806
3517.0,0.5879837500000105,3.909986375000006,3.812790250000006,-25.0,29.037137232122575,-0.024999999999999977,-0.019999999999999806
3518.0,0.5881225000000104,3.910073093750006,3.812873500000006,-25.0,29.037651508657177,-0.024999999999999977,-0.019999999999999806
3519.0,0.5882612500000104,3.910159812500006,3.812956750000006,-25.0,29.038165572167372,-0.024999999999999977,-0.019999999999999806
3520.0,0.5884000000000104,3.9102465312500065,3.813040000000006,-25.0,29.038679422786345,-0.024999999999999977,-0.019999999999999806
3521.0,0.5885387500000103,3.910333250000006,3.813123250000006,-25.0,29.039193060647108,-0.024999999999999977,-0.019999999999999806
3522.0,0.5886775000000103,3.910419968750006,3.813206500000006,-25.0,29.03970648588262,-0.024999999999999977,-0.019999999999999806
3523.0,0.5888162500000103,3.910506687500006,3.813289750000006,-25.0,29.040219698625833,-0.024999999999999977,-0.019999999999999806
3524.0,0.5889550000000102,3.9105934062500065,3.813373000000006,-25.0,29.04073269900948,-0.024999999999999977,-0.019999999999999806
3525.0,0.5890937500000102,3.910680125000006,3.813456250000006,-25.0,29.04124548716635,-0.024999999999999977,-0.019999999999999806
3526.0,0.5892325000000102,3.910766843750006,3.813539500000006,-25.0,29.041758063229054,-0.024999999999999977,-0.019999999999999806
3527.0,0.5893712500000101,3.910853562500006,3.8136227500000057,-25.0,29.042270427330152,-0.024999999999999977,-0.019999999999999806
3528.0,0.5895100000000101,3.910940281250006,3.813706000000006,-25.0,29.042782579602147,-0.024999999999999977,-0.019999999999999806
3529.0,0.58964875000001,3.911027000000006,3.813789250000006,-25.0,29.04329452017737,-0.024999999999999977,-0.019999999999999806
3530.0,0.58978750000001,3.911113718750006,3.8138725000000058,-25.0,29.043806249188208,-0.024999999999999977,-0.019999999999999806
3531.0,0.58992625000001,3.911200437500006,3.8139557500000056,-25.0,29.044317766766824,-0.024999999999999977,-0.019999999999999806
3532.0,0.5900650000000099,3.911287156250006,3.814039000000006,-25.0,29.044829073045435,-0.024999999999999977,-0.019999999999999806
3533.0,0.5902037500000099,3.911373875000006,3.814122250000006,-25.0,29.04534016815603,-0.024999999999999977,-0.019999999999999806
3534.0,0.5903425000000099,3.911460593750006,3.8142055000000057,-25.0,29.045851052230603,-0.024999999999999977,-0.019999999999999806
3535.0,0.5904812500000098,3.9115473125000055,3.8142887500000056,-25.0,29.046361725401084,-0.024999999999999977,-0.019999999999999806
3536.0,0.5906200000000098,3.911634031250006,3.814372000000006,-25.0,29.046872187799295,-0.024999999999999977,-0.019999999999999806
3537.0,0.5907587500000098,3.911720750000006,3.8144552500000057,-25.0,29.04738243955694,-0.024999999999999977,-0.019999999999999806
3538.0,0.5908975000000097,3.911807468750006,3.8145385000000056,-25.0,29.04789248080567,-0.024999999999999977,-0.019999999999999806
3539.0,0.5910362500000097,3.9118941875000055,3.8146217500000055,-25.0,29.048402311677023,-0.024999999999999977,-0.019999999999999806
3540.0,0.5911750000000097,3.911980906250006,3.814705000000006,-25.0,29.04891193230253,-0.024999999999999977,-0.019999999999999806
3541.0,0.5913137500000096,3.912067625000006,3.8147882500000057,-25.0,29.049421342813616,-0.024999999999999977,-0.019999999999999806
3542.0,0.5914525000000096,3.9121543437500055,3.8148715000000055,-25.0,29.04993054334153,-0.024999999999999977,-0.019999999999999806
3543.0,0.5915912500000096,3.9122410625000055,3.8149547500000054,-25.0,29.050439534017585,-0.024999999999999977,-0.019999999999999806
3544.0,0.5917300000000095,3.912327781250006,3.8150380000000057,-25.0,29.050948314972914,-0.024999999999999977,-0.019999999999999806
3545.0,0.5918687500000095,3.912414500000006,3.8151212500000056,-25.0,29.051456886338542,-0.024999999999999977,-0.019999999999999806
3546.0,0.5920075000000095,3.9125012187500054,3.8152045000000054,-25.0,29.051965248245494,-0.024999999999999977,-0.019999999999999806
3547.0,0.5921462500000094,3.9125879375000054,3.8152877500000053,-25.0,29.052473400824738,-0.024999999999999977,-0.019999999999999806
3548.0,0.5922850000000094,3.912674656250006,3.8153710000000056,-25.0,29.052981344207012,-0.024999999999999977,-0.019999999999999806
3549.0,0.5924237500000094,3.912761375000006,3.8154542500000055,-25.0,29.053489078523114,-0.024999999999999977,-0.019999999999999806
3550.0,0.5925625000000093,3.9128480937500054,3.8155375000000054,-25.0,29.053996603903727,-0.024999999999999977,-0.019999999999999806
3551.0,0.5927012500000093,3.9129348125000054,3.8156207500000052,-25.0,29.05450392047942,-0.024999999999999977,-0.019999999999999806
3552.0,0.5928400000000092,3.913021531250006,3.8157040000000055,-25.0,29.055011028380704,-0.024999999999999977,-0.019999999999999806
3553.0,0.5929787500000092,3.9131082500000054,3.8157872500000054,-25.0,29.05551792773798,-0.024999999999999977,-0.019999999999999806
3554.0,0.5931175000000092,3.9131949687500054,3.8158705000000053,-25.0,29.05602461868159,-0.024999999999999977,-0.019999999999999806
3555.0,0.5932562500000091,3.9132816875000054,3.815953750000005,-25.0,29.05653110134176,-0.024999999999999977,-0.019999999999999806
3556.0,0.5933950000000091,3.913368406250006,3.8160370000000055,-25.0,29.057037375848722,-0.024999999999999977,-0.019999999999999806
3557.0,0.5935337500000091,3.9134551250000054,3.8161202500000053,-25.0,29.057543442332587,-0.024999999999999977,-0.019999999999999806
3558.0,0.593672500000009,3.9135418437500054,3.816203500000005,-25.0,29.0580493009233,-0.024999999999999977,-0.019999999999999806
3559.0,0.593811250000009,3.9136285625000053,3.816286750000005,-25.0,29.058554951750864,-0.024999999999999977,-0.019999999999999806
3560.0,0.593950000000009,3.9137152812500053,3.8163700000000054,-25.0,29.059060394945107,-0.024999999999999977,-0.019999999999999806
3561.0,0.5940887500000089,3.9138020000000053,3.8164532500000052,-25.0,29.059565630635745,-0.024999999999999977,-0.019999999999999806
3562.0,0.5942275000000089,3.9138887187500053,3.816536500000005,-25.0,29.060070658952554,-0.024999999999999977,-0.019999999999999806
3563.0,0.5943662500000089,3.9139754375000053,3.816619750000005,-25.0,29.06057548002508,-0.024999999999999977,-0.019999999999999806
3564.0,0.5945050000000088,3.9140621562500053,3.8167030000000053,-25.0,29.061080093982866,-0.024999999999999977,-0.019999999999999806
3565.0,0.5946437500000088,3.9141488750000053,3.816786250000005,-25.0,29.061584500955405,-0.024999999999999977,-0.019999999999999806
3566.0,0.5947825000000088,3.9142355937500053,3.816869500000005,-25.0,29.062088701072014,-0.024999999999999977,-0.019999999999999806
3567.0,0.5949212500000087,3.914322312500005,3.816952750000005,-25.0,29.062592694461955,-0.024999999999999977,-0.019999999999999806
3568.0,0.5950600000000087,3.9144090312500053,3.817036000000005,-25.0,29.06309648125449,-0.024999999999999977,-0.019999999999999806
3569.0,0.5951987500000087,3.9144957500000053,3.817119250000005,-25.0,29.06360006157871,-0.024999999999999977,-0.019999999999999806
3570.0,0.5953375000000086,3.9145824687500053,3.817202500000005,-25.0,29.064103435563652,-0.024999999999999977,-0.019999999999999806
3571.0,0.5954762500000086,3.914669187500005,3.817285750000005,-25.0,29.06460660333829,-0.024999999999999977,-0.019999999999999806
3572.0,0.5956150000000086,3.9147559062500052,3.817369000000005,-25.0,29.06510956503149,-0.024999999999999977,-0.019999999999999806
3573.0,0.5957537500000085,3.9148426250000052,3.817452250000005,-25.0,29.065612320772118,-0.024999999999999977,-0.019999999999999806
3574.0,0.5958925000000085,3.914929343750005,3.817535500000005,-25.0,29.066114870688807,-0.024999999999999977,-0.019999999999999806
3575.0,0.5960312500000085,3.915016062500005,3.8176187500000047,-25.0,29.066617214910252,-0.024999999999999977,-0.019999999999999806
3576.0,0.5961700000000084,3.915102781250005,3.817702000000005,-25.0,29.067119353564976,-0.024999999999999977,-0.019999999999999806
3577.0,0.5963087500000084,3.915189500000005,3.817785250000005,-25.0,29.067621286781502,-0.024999999999999977,-0.019999999999999806
3578.0,0.5964475000000083,3.9152762187500048,3.8178685000000048,-25.0,29.068123014688183,-0.024999999999999977,-0.019999999999999806
3579.0,0.5965862500000083,3.9153629375000047,3.8179517500000046,-25.0,29.06862453741337,-0.024999999999999977,-0.019999999999999806
3580.0,0.5967250000000083,3.915449656250005,3.818035000000005,-25.0,29.069125855085304,-0.024999999999999977,-0.019999999999999806
3581.0,0.5968637500000082,3.9155363750000047,3.818118250000005,-25.0,29.069626967832107,-0.024999999999999977,-0.019999999999999806
3582.0,0.5970025000000082,3.9156230937500047,3.8182015000000047,-25.0,29.070127875781907,-0.024999999999999977,-0.019999999999999806
3583.0,0.5971412500000082,3.9157098125000047,3.8182847500000046,-25.0,29.070628579062657,-0.024999999999999977,-0.019999999999999806
3584.0,0.5972800000000081,3.915796531250005,3.818368000000005,-25.0,29.07112907780231,-0.024999999999999977,-0.019999999999999806
3585.0,0.5974187500000081,3.9158832500000047,3.8184512500000047,-25.0,29.07162937212871,-0.024999999999999977,-0.019999999999999806
3586.0,0.5975575000000081,3.9159699687500047,3.8185345000000046,-25.0,29.072129462169585,-0.024999999999999977,-0.019999999999999806
3587.0,0.597696250000008,3.9160566875000047,3.8186177500000045,-25.0,29.0726293480526,-0.024999999999999977,-0.019999999999999806
3588.0,0.597835000000008,3.916143406250005,3.818701000000005,-25.0,29.073129029905374,-0.024999999999999977,-0.019999999999999806
3589.0,0.597973750000008,3.9162301250000047,3.8187842500000047,-25.0,29.07362850785546,-0.024999999999999977,-0.019999999999999806
3590.0,0.5981125000000079,3.9163168437500047,3.8188675000000045,-25.0,29.074127782030246,-0.024999999999999977,-0.019999999999999806
3591.0,0.5982512500000079,3.9164035625000047,3.8189507500000044,-25.0,29.074626852557117,-0.024999999999999977,-0.019999999999999806
3592.0,0.5983900000000079,3.9164902812500046,3.8190340000000047,-25.0,29.075125719563346,-0.024999999999999977,-0.019999999999999806
3593.0,0.5985287500000078,3.9165770000000046,3.8191172500000046,-25.0,29.07562438317609,-0.024999999999999977,-0.019999999999999806
3594.0,0.5986675000000078,3.9166637187500046,3.8192005000000044,-25.0,29.07612284352257,-0.024999999999999977,-0.019999999999999806
3595.0,0.5988062500000078,3.9167504375000046,3.8192837500000043,-25.0,29.076621100729767,-0.024999999999999977,-0.019999999999999806
3596.0,0.5989450000000077,3.9168371562500046,3.8193670000000046,-25.0,29.077119154924617,-0.024999999999999977,-0.019999999999999806
3597.0,0.5990837500000077,3.9169238750000046,3.8194502500000045,-25.0,29.07761700623405,-0.024999999999999977,-0.019999999999999806
3598.0,0.5992225000000077,3.9170105937500046,3.8195335000000044,-25.0,29.078114654784827,-0.024999999999999977,-0.019999999999999806
3599.0,0.5993612500000076,3.917097312500004,3.8196167500000042,-25.0,29.078612100703708,-0.024999999999999977,-0.019999999999999806
3600.0,0.5995000000000076,3.9171840312500046,3.8197000000000045,-25.0,29.07910934411734,-0.024999999999999977,-0.019999999999999806
3601.0,0.5996387500000075,3.9172707500000046,3.8197832500000044,-25.0,29.07960638515226,-0.024999999999999977,-0.019999999999999806
3602.0,0.5997775000000075,3.9173574687500046,3.8198665000000043,-25.0,29.080103223934998,-0.024999999999999977,-0.019999999999999806
3603.0,0.5999162500000075,3.917444187500004,3.819949750000004,-25.0,29.080599860591917,-0.024999999999999977,-0.019999999999999806
3604.0,0.6000550000000074,3.9175364062500053,3.820038500000005,-25.0,29.08109629524938,-0.024999999999999977,-0.019999999999999806
3605.0,0.6001937500000074,3.9176370000000054,3.820135625000005,-25.0,29.081592528033582,-0.024999999999999977,-0.019999999999999806
3606.0,0.6003325000000074,3.917737593750005,3.820232750000005,-25.0,29.08208855907077,-0.024999999999999977,-0.019999999999999806
3607.0,0.6004712500000073,3.917838187500005,3.820329875000005,-25.0,29.082584388486964,-0.024999999999999977,-0.019999999999999806
3608.0,0.6006100000000073,3.917938781250005,3.820427000000005,-25.0,29.083080016408246,-0.024999999999999977,-0.019999999999999806
3609.0,0.6007487500000073,3.918039375000005,3.820524125000005,-25.0,29.083575442960466,-0.024999999999999977,-0.019999999999999806
3610.0,0.6008875000000072,3.9181399687500047,3.8206212500000047,-25.0,29.084070668269533,-0.024999999999999977,-0.019999999999999806
3611.0,0.6010262500000072,3.918240562500005,3.820718375000005,-25.0,29.08456569246124,-0.024999999999999977,-0.019999999999999806
3612.0,0.6011650000000072,3.9183411562500052,3.820815500000005,-25.0,29.08506051566127,-0.024999999999999977,-0.019999999999999806
3613.0,0.6013037500000071,3.9184417500000053,3.820912625000005,-25.0,29.085555137995243,-0.024999999999999977,-0.019999999999999806
3614.0,0.6014425000000071,3.918542343750005,3.821009750000005,-25.0,29.086049559588673,-0.024999999999999977,-0.019999999999999806
3615.0,0.6015812500000071,3.918642937500005,3.821106875000005,-25.0,29.08654378056707,-0.024999999999999977,-0.019999999999999806
3616.0,0.601720000000007,3.918743531250005,3.8212040000000047,-25.0,29.08703780105577,-0.024999999999999977,-0.019999999999999806
3617.0,0.601858750000007,3.9188441250000046,3.8213011250000046,-25.0,29.08753162118012,-0.024999999999999977,-0.019999999999999806
3618.0,0.601997500000007,3.9189447187500046,3.8213982500000045,-25.0,29.08802524106534,-0.024999999999999977,-0.019999999999999806
3619.0,0.6021362500000069,3.919045312500005,3.821495375000005,-25.0,29.08851866083654,-0.024999999999999977,-0.019999999999999806
3620.0,0.6022750000000069,3.919145906250005,3.821592500000005,-25.0,29.08901188061884,-0.024999999999999977,-0.019999999999999806
3621.0,0.6024137500000069,3.9192465000000047,3.8216896250000048,-25.0,29.08950490053718,-0.024999999999999977,-0.019999999999999806
3622.0,0.6025525000000068,3.919347093750005,3.8217867500000047,-25.0,29.089997720716553,-0.024999999999999977,-0.019999999999999806
3623.0,0.6026912500000068,3.919447687500005,3.8218838750000046,-25.0,29.090490341281736,-0.024999999999999977,-0.019999999999999806
3624.0,0.6028300000000067,3.9195482812500044,3.8219810000000045,-25.0,29.0909827623575,-0.024999999999999977,-0.019999999999999806
3625.0,0.6029687500000067,3.9196488750000045,3.8220781250000044,-25.0,29.091474984068498,-0.024999999999999977,-0.019999999999999806
3626.0,0.6031075000000067,3.9197494687500045,3.8221752500000044,-25.0,29.09196700653939,-0.024999999999999977,-0.019999999999999806
3627.0,0.6032462500000066,3.919850062500005,3.8222723750000047,-25.0,29.092458829894667,-0.024999999999999977,-0.019999999999999806
3628.0,0.6033850000000066,3.9199506562500046,3.8223695000000046,-25.0,29.092950454258812,-0.024999999999999977,-0.019999999999999806
3629.0,0.6035237500000066,3.9200512500000047,3.8224666250000046,-25.0,29.093441879756142,-0.024999999999999977,-0.019999999999999806
3630.0,0.6036625000000065,3.9201518437500047,3.8225637500000045,-25.0,29.093933106510974,-0.024999999999999977,-0.019999999999999806
3631.0,0.6038012500000065,3.9202524375000043,3.8226608750000044,-25.0,29.09442413464751,-0.024999999999999977,-0.019999999999999806
3632.0,0.6039400000000065,3.9203530312500043,3.8227580000000043,-25.0,29.0949149642899,-0.024999999999999977,-0.019999999999999806
3633.0,0.6040787500000064,3.9204536250000044,3.8228551250000042,-25.0,29.095405595562227,-0.024999999999999977,-0.019999999999999806
3634.0,0.6042175000000064,3.9205542187500044,3.822952250000004,-25.0,29.095896028588413,-0.024999999999999977,-0.019999999999999806
3635.0,0.6043562500000064,3.9206548125000045,3.8230493750000045,-25.0,29.096386263492434,-0.024999999999999977,-0.019999999999999806
3636.0,0.6044950000000063,3.9207554062500045,3.8231465000000044,-25.0,29.096876300398037,-0.024999999999999977,-0.019999999999999806
3637.0,0.6046337500000063,3.9208560000000046,3.8232436250000044,-25.0,29.097366139429027,-0.024999999999999977,-0.019999999999999806
3638.0,0.6047725000000063,3.920956593750004,3.8233407500000043,-25.0,29.097855780709097,-0.024999999999999977,-0.019999999999999806
3639.0,0.6049112500000062,3.921057187500004,3.823437875000004,-25.0,29.098345224361765,-0.024999999999999977,-0.019999999999999806
3640.0,0.6050500000000062,3.9211577812500042,3.823535000000004,-25.0,29.09883447051061,-0.024999999999999977,-0.019999999999999806
3641.0,0.6051887500000062,3.9212583750000043,3.823632125000004,-25.0,29.09932351927904,-0.024999999999999977,-0.019999999999999806
3642.0,0.6053275000000061,3.921358968750004,3.823729250000004,-25.0,29.099812370790403,-0.024999999999999977,-0.019999999999999806
3643.0,0.6054662500000061,3.9214595625000044,3.8238263750000043,-25.0,29.10030102516805,-0.024999999999999977,-0.019999999999999806
3644.0,0.605605000000006,3.9215601562500044,3.8239235000000042,-25.0,29.100789482535106,-0.024999999999999977,-0.019999999999999806
3645.0,0.605743750000006,3.9216607500000045,3.824020625000004,-25.0,29.101277743014748,-0.024999999999999977,-0.019999999999999806
3646.0,0.605882500000006,3.921761343750004,3.824117750000004,-25.0,29.101765806730043,-0.024999999999999977,-0.019999999999999806
3647.0,0.606021250000006,3.921861937500004,3.824214875000004,-25.0,29.102253673803943,-0.024999999999999977,-0.019999999999999806
3648.0,0.6061600000000059,3.921962531250004,3.824312000000004,-25.0,29.1027413443594,-0.024999999999999977,-0.019999999999999806
3649.0,0.6062987500000059,3.9220631250000038,3.824409125000004,-25.0,29.1032288185192,-0.024999999999999977,-0.019999999999999806
3650.0,0.6064375000000058,3.922163718750004,3.8245062500000038,-25.0,29.10371609640606,-0.024999999999999977,-0.019999999999999806
3651.0,0.6065762500000058,3.9222643125000043,3.824603375000004,-25.0,29.104203178142654,-0.024999999999999977,-0.019999999999999806
3652.0,0.6067150000000058,3.9223649062500043,3.824700500000004,-25.0,29.10469006385165,-0.024999999999999977,-0.019999999999999806
3653.0,0.6068537500000057,3.922465500000004,3.824797625000004,-25.0,29.105176753655485,-0.024999999999999977,-0.019999999999999806
3654.0,0.6069925000000057,3.922566093750004,3.824894750000004,-25.0,29.10566324767666,-0.024999999999999977,-0.019999999999999806
3655.0,0.6071312500000057,3.922666687500004,3.824991875000004,-25.0,29.1061495460375,-0.024999999999999977,-0.019999999999999806
3656.0,0.6072700000000056,3.9227672812500036,3.8250890000000037,-25.0,29.106635648860276,-0.024999999999999977,-0.019999999999999806
3657.0,0.6074087500000056,3.9228678750000037,3.8251861250000037,-25.0,29.10712155626726,-0.024999999999999977,-0.019999999999999806
3658.0,0.6075475000000056,3.9229684687500037,3.8252832500000036,-25.0,29.107607268380548,-0.024999999999999977,-0.019999999999999806
3659.0,0.6076862500000055,3.923069062500004,3.825380375000004,-25.0,29.108092785322185,-0.024999999999999977,-0.019999999999999806
3660.0,0.6078250000000055,3.923169656250004,3.825477500000004,-25.0,29.108578107214157,-0.024999999999999977,-0.019999999999999806
3661.0,0.6079637500000055,3.923270250000004,3.825574625000004,-25.0,29.109063234178393,-0.024999999999999977,-0.019999999999999806
3662.0,0.6081025000000054,3.923370843750004,3.8256717500000037,-25.0,29.109548166336708,-0.024999999999999977,-0.019999999999999806
3663.0,0.6082412500000054,3.9234714375000035,3.8257688750000036,-25.0,29.11003290381086,-0.024999999999999977,-0.019999999999999806
3664.0,0.6083800000000054,3.9235720312500035,3.8258660000000035,-25.0,29.110517446722554,-0.024999999999999977,-0.019999999999999806
3665.0,0.6085187500000053,3.9236726250000036,3.8259631250000035,-25.0,29.111001795193374,-0.024999999999999977,-0.019999999999999806
3666.0,0.6086575000000053,3.9237732187500036,3.8260602500000034,-25.0,29.111485949344797,-0.024999999999999977,-0.019999999999999806
3667.0,0.6087962500000053,3.9238738125000037,3.8261573750000037,-25.0,29.111969909298352,-0.024999999999999977,-0.019999999999999806
3668.0,0.6089350000000052,3.9239744062500037,3.8262545000000037,-25.0,29.112453675175345,-0.024999999999999977,-0.019999999999999806
3669.0,0.6090737500000052,3.9240750000000038,3.8263516250000036,-25.0,29.112937247097136,-0.024999999999999977,-0.019999999999999806
3670.0,0.6092125000000052,3.9241755937500034,3.8264487500000035,-25.0,29.113420625184915,-0.024999999999999977,-0.019999999999999806
3671.0,0.6093512500000051,3.9242761875000034,3.8265458750000034,-25.0,29.113903809559815,-0.024999999999999977,-0.019999999999999806
3672.0,0.6094900000000051,3.9243767812500034,3.8266430000000033,-25.0,29.114386800342913,-0.024999999999999977,-0.019999999999999806
3673.0,0.609628750000005,3.9244773750000035,3.8267401250000033,-25.0,29.114869597655172,-0.024999999999999977,-0.019999999999999806
3674.0,0.609767500000005,3.924577968750003,3.826837250000003,-25.0,29.115352201617554,-0.024999999999999977,-0.019999999999999806
3675.0,0.609906250000005,3.9246785625000036,3.8269343750000036,-25.0,29.11583461235091,-0.024999999999999977,-0.019999999999999806
3676.0,0.6100450000000049,3.9247791562500036,3.8270315000000035,-25.0,29.11631682997603,-0.024999999999999977,-0.019999999999999806
3677.0,0.6101837500000049,3.9248797500000037,3.8271286250000034,-25.0,29.116798854613535,-0.024999999999999977,-0.019999999999999806
3678.0,0.6103225000000049,3.9249803437500033,3.8272257500000033,-25.0,29.117280686384106,-0.024999999999999977,-0.019999999999999806
3679.0,0.6104612500000048,3.9250809375000033,3.8273228750000032,-25.0,29.11776232540825,-0.024999999999999977,-0.019999999999999806
3680.0,0.6106000000000048,3.9251815312500034,3.827420000000003,-25.0,29.11824377180642,-0.024999999999999977,-0.019999999999999806
3681.0,0.6107387500000048,3.925282125000003,3.827517125000003,-25.0,29.118725025699064,-0.024999999999999977,-0.019999999999999806
3682.0,0.6108775000000047,3.925382718750003,3.827614250000003,-25.0,29.119206087206464,-0.024999999999999977,-0.019999999999999806
3683.0,0.6110162500000047,3.9254833125000035,3.8277113750000034,-25.0,29.119686956448845,-0.024999999999999977,-0.019999999999999806
3684.0,0.6111550000000047,3.9255839062500035,3.8278085000000033,-25.0,29.120167633546373,-0.024999999999999977,-0.019999999999999806
3685.0,0.6112937500000046,3.925684500000003,3.827905625000003,-25.0,29.120648118619158,-0.024999999999999977,-0.019999999999999806
3686.0,0.6114325000000046,3.925785093750003,3.828002750000003,-25.0,29.121128411787197,-0.024999999999999977,-0.019999999999999806
3687.0,0.6115712500000046,3.925885687500003,3.828099875000003,-25.0,29.12160851317043,-0.024999999999999977,-0.019999999999999806
3688.0,0.6117100000000045,3.925986281250003,3.828197000000003,-25.0,29.122088422888737,-0.024999999999999977,-0.019999999999999806
3689.0,0.6118487500000045,3.926086875000003,3.828294125000003,-25.0,29.122568141061947,-0.024999999999999977,-0.019999999999999806
3690.0,0.6119875000000045,3.926187468750003,3.828391250000003,-25.0,29.123047667809715,-0.024999999999999977,-0.019999999999999806
3691.0,0.6121262500000044,3.9262880625000034,3.828488375000003,-25.0,29.123527003251695,-0.024999999999999977,-0.019999999999999806
3692.0,0.6122650000000044,3.926388656250003,3.828585500000003,-25.0,29.124006147507487,-0.024999999999999977,-0.019999999999999806
3693.0,0.6124037500000044,3.926489250000003,3.828682625000003,-25.0,29.124485100696518,-0.024999999999999977,-0.019999999999999806
3694.0,0.6125425000000043,3.926589843750003,3.828779750000003,-25.0,29.124963862938273,-0.024999999999999977,-0.019999999999999806
3695.0,0.6126812500000043,3.9266904375000027,3.828876875000003,-25.0,29.125442434352067,-0.024999999999999977,-0.019999999999999806
3696.0,0.6128200000000043,3.9267910312500027,3.8289740000000028,-25.0,29.125920815057157,-0.024999999999999977,-0.019999999999999806
3697.0,0.6129587500000042,3.9268916250000028,3.8290711250000027,-25.0,29.126399005172743,-0.024999999999999977,-0.019999999999999806
3698.0,0.6130975000000042,3.926992218750003,3.8291682500000026,-25.0,29.12687700481797,-0.024999999999999977,-0.019999999999999806
3699.0,0.6132362500000041,3.927092812500003,3.829265375000003,-25.0,29.12735481411181,-0.024999999999999977,-0.019999999999999806
3700.0,0.6133750000000041,3.927193406250003,3.829362500000003,-25.0,29.127832433173296,-0.024999999999999977,-0.019999999999999806
3701.0,0.6135137500000041,3.927294000000003,3.829459625000003,-25.0,29.128309862121284,-0.024999999999999977,-0.019999999999999806
3702.0,0.613652500000004,3.9273945937500025,3.8295567500000027,-25.0,29.128787101074636,-0.024999999999999977,-0.019999999999999806
3703.0,0.613791250000004,3.9274951875000026,3.8296538750000026,-25.0,29.129264150152096,-0.024999999999999977,-0.019999999999999806
3704.0,0.613930000000004,3.9275957812500026,3.8297510000000026,-25.0,29.129741009472298,-0.024999999999999977,-0.019999999999999806
3705.0,0.6140687500000039,3.9276963750000027,3.8298481250000025,-25.0,29.130217679153873,-0.024999999999999977,-0.019999999999999806
3706.0,0.6142075000000039,3.9277969687500023,3.8299452500000024,-25.0,29.13069415931534,-0.024999999999999977,-0.019999999999999806
3707.0,0.6143462500000039,3.9278975625000028,3.8300423750000028,-25.0,29.13117045007516,-0.024999999999999977,-0.019999999999999806
3708.0,0.6144850000000038,3.927998156250003,3.8301395000000027,-25.0,29.131646551551682,-0.024999999999999977,-0.019999999999999806
3709.0,0.6146237500000038,3.928098750000003,3.8302366250000026,-25.0,29.132122463863197,-0.024999999999999977,-0.019999999999999806
3710.0,0.6147625000000038,3.9281993437500025,3.8303337500000025,-25.0,29.132598187127996,-0.024999999999999977,-0.019999999999999806
3711.0,0.6149012500000037,3.9282999375000025,3.8304308750000025,-25.0,29.133073721464143,-0.024999999999999977,-0.019999999999999806
3712.0,0.6150400000000037,3.9284005312500025,3.8305280000000024,-25.0,29.133549066989815,-0.024999999999999977,-0.019999999999999806
3713.0,0.6151787500000037,3.928501125000002,3.8306251250000023,-25.0,29.134024223822962,-0.024999999999999977,-0.019999999999999806
3714.0,0.6153175000000036,3.9286017187500026,3.8307222500000027,-25.0,29.134499192081535,-0.024999999999999977,-0.019999999999999806
3715.0,0.6154562500000036,3.9287023125000027,3.8308193750000026,-25.0,29.13497397188337,-0.024999999999999977,-0.019999999999999806
3716.0,0.6155950000000036,3.9288029062500027,3.8309165000000025,-25.0,29.135448563346245,-0.024999999999999977,-0.019999999999999806
3717.0,0.6157337500000035,3.9289035000000023,3.8310136250000024,-25.0,29.135922966587884,-0.024999999999999977,-0.019999999999999806
3718.0,0.6158725000000035,3.9290040937500024,3.8311107500000023,-25.0,29.136397181725954,-0.024999999999999977,-0.019999999999999806
3719.0,0.6160112500000035,3.9291046875000024,3.8312078750000023,-25.0,29.136871208878006,-0.024999999999999977,-0.019999999999999806
3720.0,0.6161500000000034,3.929205281250002,3.831305000000002,-25.0,29.137345048161535,-0.024999999999999977,-0.019999999999999806
3721.0,0.6162887500000034,3.929305875000002,3.831402125000002,-25.0,29.137818699693923,-0.024999999999999977,-0.019999999999999806
3722.0,0.6164275000000033,3.9294064687500025,3.8314992500000025,-25.0,29.138292163592553,-0.024999999999999977,-0.019999999999999806
3723.0,0.6165662500000033,3.9295070625000026,3.8315963750000024,-25.0,29.13876543997469,-0.024999999999999977,-0.019999999999999806
3724.0,0.6167050000000033,3.929607656250002,3.8316935000000023,-25.0,29.139238528957492,-0.024999999999999977,-0.019999999999999806
3725.0,0.6168437500000032,3.9297082500000022,3.8317906250000022,-25.0,29.139711430658167,-0.024999999999999977,-0.019999999999999806
3726.0,0.6169825000000032,3.9298088437500023,3.831887750000002,-25.0,29.1401841451937,-0.024999999999999977,-0.019999999999999806
3727.0,0.6171212500000032,3.929909437500002,3.831984875000002,-25.0,29.140656672681075,-0.024999999999999977,-0.019999999999999806
3728.0,0.6172600000000031,3.930010031250002,3.832082000000002,-25.0,29.14112901323722,-0.024999999999999977,-0.019999999999999806
3729.0,0.6173987500000031,3.930110625000002,3.832179125000002,-25.0,29.141601166978944,-0.024999999999999977,-0.019999999999999806
3730.0,0.6175375000000031,3.9302112187500025,3.8322762500000023,-25.0,29.142073134023008,-0.024999999999999977,-0.019999999999999806
3731.0,0.617676250000003,3.930311812500002,3.832373375000002,-25.0,29.14254491448611,-0.024999999999999977,-0.019999999999999806
3732.0,0.617815000000003,3.930412406250002,3.832470500000002,-25.0,29.14301650848489,-0.024999999999999977,-0.019999999999999806
3733.0,0.617953750000003,3.930513000000002,3.832567625000002,-25.0,29.143487916135825,-0.024999999999999977,-0.019999999999999806
3734.0,0.6180925000000029,3.9306135937500017,3.832664750000002,-25.0,29.14395913755544,-0.024999999999999977,-0.019999999999999806
3735.0,0.6182312500000029,3.930714187500002,3.832761875000002,-25.0,29.144430172860098,-0.024999999999999977,-0.019999999999999806
3736.0,0.6183700000000029,3.930814781250002,3.832859000000002,-25.0,29.144901022166096,-0.024999999999999977,-0.019999999999999806
3737.0,0.6185087500000028,3.930915375000002,3.8329561250000017,-25.0,29.145371685589737,-0.024999999999999977,-0.019999999999999806
3738.0,0.6186475000000028,3.931015968750002,3.833053250000002,-25.0,29.145842163247153,-0.024999999999999977,-0.019999999999999806
3739.0,0.6187862500000028,3.931116562500002,3.833150375000002,-25.0,29.146312455254474,-0.024999999999999977,-0.019999999999999806
3740.0,0.6189250000000027,3.931217156250002,3.833247500000002,-25.0,29.146782561727775,-0.024999999999999977,-0.019999999999999806
3741.0,0.6190637500000027,3.931317750000002,3.833344625000002,-25.0,29.14725248278296,-0.024999999999999977,-0.019999999999999806
3742.0,0.6192025000000027,3.9314183437500017,3.8334417500000018,-25.0,29.147722218535932,-0.024999999999999977,-0.019999999999999806
3743.0,0.6193412500000026,3.9315189375000017,3.8335388750000017,-25.0,29.148191769102482,-0.024999999999999977,-0.019999999999999806
3744.0,0.6194800000000026,3.9316195312500017,3.8336360000000016,-25.0,29.148661134598342,-0.024999999999999977,-0.019999999999999806
3745.0,0.6196187500000025,3.9317201250000013,3.8337331250000015,-25.0,29.149130315139246,-0.024999999999999977,-0.019999999999999806
3746.0,0.6197575000000025,3.931820718750002,3.833830250000002,-25.0,29.1495993108407,-0.024999999999999977,-0.019999999999999806
3747.0,0.6198962500000025,3.931921312500002,3.833927375000002,-25.0,29.15006812181832,-0.024999999999999977,-0.019999999999999806
3748.0,0.6200350000000024,3.932021906250002,3.8340245000000017,-25.0,29.150536748187506,-0.024999999999999977,-0.019999999999999806
3749.0,0.6201737500000024,3.9321225000000015,3.8341216250000016,-25.0,29.151005190063643,-0.024999999999999977,-0.019999999999999806
3750.0,0.6203125000000024,3.9322230937500016,3.8342187500000016,-25.0,29.15147344756207,-0.024999999999999977,-0.019999999999999806
3751.0,0.6204512500000023,3.9323236875000016,3.8343158750000015,-25.0,29.151941520797948,-0.024999999999999977,-0.019999999999999806
3752.0,0.6205900000000023,3.932424281250001,3.8344130000000014,-25.0,29.152409409886502,-0.024999999999999977,-0.019999999999999806
3753.0,0.6207287500000023,3.9325248750000013,3.8345101250000013,-25.0,29.15287711494284,-0.024999999999999977,-0.019999999999999806
3754.0,0.6208675000000022,3.9326254687500017,3.8346072500000017,-25.0,29.153344636081954,-0.024999999999999977,-0.019999999999999806
3755.0,0.6210062500000022,3.932726062500002,3.8347043750000016,-25.0,29.153811973418783,-0.024999999999999977,-0.019999999999999806
3756.0,0.6211450000000022,3.9328266562500014,3.8348015000000015,-25.0,29.154279127068207,-0.024999999999999977,-0.019999999999999806
3757.0,0.6212837500000021,3.9329272500000014,3.8348986250000014,-25.0,29.15474609714505,-0.024999999999999977,-0.019999999999999806
3758.0,0.6214225000000021,3.9330278437500015,3.8349957500000014,-25.0,29.155212883764023,-0.024999999999999977,-0.019999999999999806
3759.0,0.6215612500000021,3.933128437500001,3.8350928750000013,-25.0,29.155679487039777,-0.024999999999999977,-0.019999999999999806
3760.0,0.621700000000002,3.933229031250001,3.835190000000001,-25.0,29.156145907086966,-0.024999999999999977,-0.019999999999999806
3761.0,0.621838750000002,3.933329625000001,3.835287125000001,-25.0,29.156612144020016,-0.024999999999999977,-0.019999999999999806
3762.0,0.621977500000002,3.9334302187500017,3.8353842500000015,-25.0,29.157078197953467,-0.024999999999999977,-0.019999999999999806
3763.0,0.6221162500000019,3.9335308125000013,3.8354813750000014,-25.0,29.15754406900163,-0.024999999999999977,-0.019999999999999806
3764.0,0.6222550000000019,3.9336314062500013,3.8355785000000013,-25.0,29.15800975727882,-0.024999999999999977,-0.019999999999999806
3765.0,0.6223937500000019,3.9337320000000013,3.8356756250000013,-25.0,29.158475262899287,-0.024999999999999977,-0.019999999999999806
3766.0,0.6225325000000018,3.933832593750001,3.835772750000001,-25.0,29.158940585977177,-0.024999999999999977,-0.019999999999999806
3767.0,0.6226712500000018,3.933933187500001,3.835869875000001,-25.0,29.159405726626574,-0.024999999999999977,-0.019999999999999806
3768.0,0.6228100000000018,3.934033781250001,3.835967000000001,-25.0,29.159870684961504,-0.024999999999999977,-0.019999999999999806
3769.0,0.6229487500000017,3.934134375000001,3.836064125000001,-25.0,29.160335461095883,-0.024999999999999977,-0.019999999999999806
3770.0,0.6230875000000017,3.934234968750001,3.8361612500000013,-25.0,29.160800055143625,-0.024999999999999977,-0.019999999999999806
3771.0,0.6232262500000016,3.934335562500001,3.836258375000001,-25.0,29.16126446721853,-0.024999999999999977,-0.019999999999999806
3772.0,0.6233650000000016,3.934436156250001,3.836355500000001,-25.0,29.16172869743434,-0.024999999999999977,-0.019999999999999806
3773.0,0.6235037500000016,3.9345367500000012,3.836452625000001,-25.0,29.16219274590469,-0.024999999999999977,-0.019999999999999806
3774.0,0.6236425000000015,3.934637343750001,3.836549750000001,-25.0,29.162656612743206,-0.024999999999999977,-0.019999999999999806
3775.0,0.6237812500000015,3.934737937500001,3.836646875000001,-25.0,29.163120298063347,-0.024999999999999977,-0.019999999999999806
3776.0,0.6239200000000015,3.934838531250001,3.836744000000001,-25.0,29.163583801978632,-0.024999999999999977,-0.019999999999999806
3777.0,0.6240587500000014,3.9349391250000005,3.8368411250000007,-25.0,29.164047124602405,-0.024999999999999977,-0.019999999999999806
3778.0,0.6241975000000014,3.935039718750001,3.836938250000001,-25.0,29.164510266047955,-0.024999999999999977,-0.019999999999999806
3779.0,0.6243362500000014,3.935140312500001,3.837035375000001,-25.0,29.16497322642857,-0.024999999999999977,-0.019999999999999806
3780.0,0.6244750000000013,3.935240906250001,3.837132500000001,-25.0,29.165436005857373,-0.024999999999999977,-0.019999999999999806
3781.0,0.6246137500000013,3.9353415000000007,3.837229625000001,-25.0,29.165898604447477,-0.024999999999999977,-0.019999999999999806
3782.0,0.6247525000000013,3.9354420937500008,3.837326750000001,-25.0,29.16636102231189,-0.024999999999999977,-0.019999999999999806
3783.0,0.6248912500000012,3.935542687500001,3.8374238750000007,-25.0,29.166823259563557,-0.024999999999999977,-0.019999999999999806
3784.0,0.6250300000000012,3.9356432812500004,3.8375210000000006,-25.0,29.167285316315372,-0.024999999999999977,-0.019999999999999806
3785.0,0.6251687500000012,3.9357438750000004,3.8376181250000005,-25.0,29.167747192680167,-0.024999999999999977,-0.019999999999999806
3786.0,0.6253075000000011,3.935844468750001,3.837715250000001,-25.0,29.168208888770664,-0.024999999999999977,-0.019999999999999806
3787.0,0.6254462500000011,3.935945062500001,3.837812375000001,-25.0,29.168670404699583,-0.024999999999999977,-0.019999999999999806
3788.0,0.6255850000000011,3.9360456562500006,3.8379095000000008,-25.0,29.169131740579473,-0.024999999999999977,-0.019999999999999806
3789.0,0.625723750000001,3.9361462500000006,3.8380066250000007,-25.0,29.169592896522886,-0.024999999999999977,-0.019999999999999806
3790.0,0.625862500000001,3.9362468437500007,3.8381037500000006,-25.0,29.170053872642256,-0.024999999999999977,-0.019999999999999806
3791.0,0.626001250000001,3.9363474375000003,3.8382008750000005,-25.0,29.170514669049965,-0.024999999999999977,-0.019999999999999806
3792.0,0.6261400000000009,3.9364480312500003,3.8382980000000004,-25.0,29.17097528585839,-0.024999999999999977,-0.019999999999999806
3793.0,0.6262787500000009,3.9365486250000004,3.8383951250000004,-25.0,29.17143572317974,-0.024999999999999977,-0.019999999999999806
3794.0,0.6264175000000008,3.936649218750001,3.8384922500000007,-25.0,29.17189598112617,-0.024999999999999977,-0.019999999999999806
3795.0,0.6265562500000008,3.9367498125000004,3.8385893750000006,-25.0,29.17235605980983,-0.024999999999999977,-0.019999999999999806
3796.0,0.6266950000000008,3.9368504062500005,3.8386865000000006,-25.0,29.172815959342756,-0.024999999999999977,-0.019999999999999806
3797.0,0.6268337500000007,3.9369510000000005,3.8387836250000005,-25.0,29.173275679836934,-0.024999999999999977,-0.019999999999999806
3798.0,0.6269725000000007,3.93705159375,3.8388807500000004,-25.0,29.17373522140423,-0.024999999999999977,-0.019999999999999806
3799.0,0.6271112500000007,3.9371521875,3.8389778750000003,-25.0,29.174194584156453,-0.024999999999999977,-0.019999999999999806
3800.0,0.6272500000000006,3.93725278125,3.8390750000000002,-25.0,29.174653768205417,-0.024999999999999977,-0.019999999999999806
3801.0,0.6273887500000006,3.9373533750000003,3.839172125,-25.0,29.17511277366276,-0.024999999999999977,-0.019999999999999806
3802.0,0.6275275000000006,3.9374539687500003,3.8392692500000005,-25.0,29.175571600640183,-0.024999999999999977,-0.019999999999999806
3803.0,0.6276662500000005,3.9375545625000004,3.8393663750000004,-25.0,29.176030249249152,-0.024999999999999977,-0.019999999999999806
3804.0,0.6278050000000005,3.9376551562500004,3.8394635000000004,-25.0,29.176488719601195,-0.024999999999999977,-0.019999999999999806
3805.0,0.6279437500000005,3.9377557500000004,3.8395606250000003,-25.0,29.17694701180767,-0.024999999999999977,-0.019999999999999806
3806.0,0.6280825000000004,3.93785634375,3.83965775,-25.0,29.177405125979988,-0.024999999999999977,-0.019999999999999806
3807.0,0.6282212500000004,3.9379569375,3.839754875,-25.0,29.17786306222939,-0.024999999999999977,-0.019999999999999806
3808.0,0.6283600000000004,3.93805753125,3.839852,-25.0,29.178320820667068,-0.024999999999999977,-0.019999999999999806
3809.0,0.6284987500000003,3.9381581249999997,3.839949125,-25.0,29.178778401404145,-0.024999999999999977,-0.019999999999999806
3810.0,0.6286375000000003,3.93825871875,3.8400462500000003,-25.0,29.179235804551695,-0.024999999999999977,-0.019999999999999806
3811.0,0.6287762500000003,3.9383593125000003,3.8401433750000002,-25.0,29.179693030220733,-0.024999999999999977,-0.019999999999999806
3812.0,0.6289150000000002,3.9384599062500003,3.8402405,-25.0,29.18015007852216,-0.024999999999999977,-0.019999999999999806
3813.0,0.6290537500000002,3.9385605,3.840337625,-25.0,29.180606949566823,-0.024999999999999977,-0.019999999999999806
3814.0,0.6291925000000002,3.93866109375,3.84043475,-25.0,29.181063643465507,-0.024999999999999977,-0.019999999999999806
3815.0,0.6293312500000001,3.9387616875,3.840531875,-25.0,29.181520160328944,-0.024999999999999977,-0.019999999999999806
3816.0,0.6294700000000001,3.9388622812499996,3.840629,-25.0,29.181976500267808,-0.024999999999999977,-0.019999999999999806
3817.0,0.62960875,3.9389628749999996,3.8407261249999998,-25.0,29.18243266339266,-0.024999999999999977,-0.019999999999999806
3818.0,0.6297475,3.93906346875,3.84082325,-25.0,29.182888649814004,-0.024999999999999977,-0.019999999999999806
3819.0,0.62988625,3.9391640625,3.840920375,-25.0,29.18334445964223,-0.024999999999999977,-0.019999999999999806
3820.0,0.630025,3.9392646562499998,3.8410175,-25.0,29.18380009298778,-0.024999999999999977,-0.019999999999999806
3821.0,0.6301637499999999,3.93936525,3.841114625,-25.0,29.184255549960938,-0.024999999999999977,-0.019999999999999806
3822.0,0.6303024999999999,3.93946584375,3.84121175,-25.0,29.184710830671918,-0.024999999999999977,-0.019999999999999806
3823.0,0.6304412499999998,3.9395664374999995,3.8413088749999997,-25.0,29.185165935230884,-0.024999999999999977,-0.019999999999999806
3824.0,0.6305799999999998,3.9396670312499995,3.8414059999999997,-25.0,29.185620863747943,-0.024999999999999977,-0.019999999999999806
3825.0,0.6307187499999998,3.9397676249999996,3.8415031249999996,-25.0,29.186075616333085,-0.024999999999999977,-0.019999999999999806
3826.0,0.6308574999999997,3.93986821875,3.84160025,-25.0,29.186530193096303,-0.024999999999999977,-0.019999999999999806
3827.0,0.6309962499999997,3.9399688124999996,3.841697375,-25.0,29.186984594147475,-0.024999999999999977,-0.019999999999999806
3828.0,0.6311349999999997,3.9400694062499997,3.8417945,-25.0,29.187438819596423,-0.024999999999999977,-0.019999999999999806
3829.0,0.6312737499999996,3.9401699999999997,3.8418916249999997,-25.0,29.18789286955291,-0.024999999999999977,-0.019999999999999806
3830.0,0.6314124999999996,3.9402705937499993,3.8419887499999996,-25.0,29.188346744126648,-0.024999999999999977,-0.019999999999999806
3831.0,0.6315512499999996,3.9403711874999994,3.8420858749999995,-25.0,29.18880044342717,-0.024999999999999977,-0.019999999999999806
3832.0,0.6316899999999995,3.9404717812499994,3.8421829999999995,-25.0,29.18925396756407,-0.024999999999999977,-0.019999999999999806
3833.0,0.6318287499999995,3.9405723749999995,3.8422801249999994,-25.0,29.18970731664683,-0.024999999999999977,-0.019999999999999806
3834.0,0.6319674999999995,3.9406729687499995,3.8423772499999997,-25.0,29.190160490784876,-0.024999999999999977,-0.019999999999999806
3835.0,0.6321062499999994,3.9407735624999995,3.8424743749999997,-25.0,29.190613490087514,-0.024999999999999977,-0.019999999999999806
3836.0,0.6322449999999994,3.9408741562499996,3.8425714999999996,-25.0,29.191066314664,-0.024999999999999977,-0.019999999999999806
3837.0,0.6323837499999994,3.9409747499999996,3.8426686249999995,-25.0,29.191518964623583,-0.024999999999999977,-0.019999999999999806
3838.0,0.6325224999999993,3.9410753437499992,3.8427657499999994,-25.0,29.191971440075406,-0.024999999999999977,-0.019999999999999806
3839.0,0.6326612499999993,3.9411759374999993,3.8428628749999993,-25.0,29.192423741128493,-0.024999999999999977,-0.019999999999999806
3840.0,0.6327999999999993,3.9412765312499993,3.8429599999999993,-25.0,29.19287586789187,-0.024999999999999977,-0.019999999999999806
3841.0,0.6329387499999992,3.941377124999999,3.843057124999999,-25.0,29.19332782047445,-0.024999999999999977,-0.019999999999999806
3842.0,0.6330774999999992,3.9414777187499994,3.8431542499999995,-25.0,29.19377959898509,-0.024999999999999977,-0.019999999999999806
3843.0,0.6332162499999991,3.9415783124999995,3.8432513749999995,-25.0,29.19423120353258,-0.024999999999999977,-0.019999999999999806
3844.0,0.6333549999999991,3.9416789062499995,3.8433484999999994,-25.0,29.19468263422567,-0.024999999999999977,-0.019999999999999806
3845.0,0.6334937499999991,3.941779499999999,3.8434456249999993,-25.0,29.195133891173043,-0.024999999999999977,-0.019999999999999806
3846.0,0.633632499999999,3.941880093749999,3.8435427499999992,-25.0,29.195584974483268,-0.024999999999999977,-0.019999999999999806
3847.0,0.633771249999999,3.941980687499999,3.843639874999999,-25.0,29.19603588426486,-0.024999999999999977,-0.019999999999999806
3848.0,0.633909999999999,3.942081281249999,3.843736999999999,-25.0,29.196486620626274,-0.024999999999999977,-0.019999999999999806
3849.0,0.6340487499999989,3.942181874999999,3.843834124999999,-25.0,29.196937183675857,-0.024999999999999977,-0.019999999999999806
3850.0,0.6341874999999989,3.9422824687499993,3.8439312499999994,-25.0,29.197387573522008,-0.024999999999999977,-0.019999999999999806
3851.0,0.6343262499999989,3.9423830624999994,3.8440283749999993,-25.0,29.197837790272956,-0.024999999999999977,-0.019999999999999806
3852.0,0.6344649999999988,3.942483656249999,3.844125499999999,-25.0,29.198287834036876,-0.024999999999999977,-0.019999999999999806
3853.0,0.6346037499999988,3.942584249999999,3.844222624999999,-25.0,29.198737704921825,-0.024999999999999977,-0.019999999999999806
3854.0,0.6347424999999988,3.942684843749999,3.844319749999999,-25.0,29.19918740303592,-0.024999999999999977,-0.019999999999999806
3855.0,0.6348812499999987,3.9427854374999987,3.844416874999999,-25.0,29.199636928487166,-0.024999999999999977,-0.019999999999999806
3856.0,0.6350199999999987,3.9428860312499987,3.844513999999999,-25.0,29.20008628138345,-0.024999999999999977,-0.019999999999999806
3857.0,0.6351587499999987,3.942986624999999,3.8446111249999992,-25.0,29.2005354618326,-0.024999999999999977,-0.019999999999999806
3858.0,0.6352974999999986,3.9430872187499992,3.844708249999999,-25.0,29.200984469942398,-0.024999999999999977,-0.019999999999999806
3859.0,0.6354362499999986,3.943187812499999,3.844805374999999,-25.0,29.201433305820558,-0.024999999999999977,-0.019999999999999806
3860.0,0.6355749999999986,3.943288406249999,3.844902499999999,-25.0,29.201881969574742,-0.024999999999999977,-0.019999999999999806
3861.0,0.6357137499999985,3.943388999999999,3.844999624999999,-25.0,29.2023304613125,-0.024999999999999977,-0.019999999999999806
3862.0,0.6358524999999985,3.9434895937499985,3.845096749999999,-25.0,29.202778781141376,-0.024999999999999977,-0.019999999999999806
3863.0,0.6359912499999985,3.9435901874999986,3.8451938749999988,-25.0,29.203226929168807,-0.024999999999999977,-0.019999999999999806
3864.0,0.6361299999999984,3.9436907812499986,3.8452909999999987,-25.0,29.203674905502112,-0.024999999999999977,-0.019999999999999806
3865.0,0.6362687499999984,3.943791374999999,3.845388124999999,-25.0,29.20412271024867,-0.024999999999999977,-0.019999999999999806
3866.0,0.6364074999999983,3.9438919687499987,3.845485249999999,-25.0,29.204570343515684,-0.024999999999999977,-0.019999999999999806
3867.0,0.6365462499999983,3.9439925624999987,3.845582374999999,-25.0,29.205017805410364,-0.024999999999999977,-0.019999999999999806
3868.0,0.6366849999999983,3.944093156249999,3.845679499999999,-25.0,29.205465096039802,-0.024999999999999977,-0.019999999999999806
3869.0,0.6368237499999982,3.944193749999999,3.8457766249999987,-25.0,29.205912215511034,-0.024999999999999977,-0.019999999999999806
3870.0,0.6369624999999982,3.9442943437499984,3.8458737499999986,-25.0,29.20635916393104,-0.024999999999999977,-0.019999999999999806
3871.0,0.6371012499999982,3.9443949374999985,3.8459708749999986,-25.0,29.206805941406685,-0.024999999999999977,-0.019999999999999806
3872.0,0.6372399999999981,3.9444955312499985,3.8460679999999985,-25.0,29.20725254804489,-0.024999999999999977,-0.019999999999999806
3873.0,0.6373787499999981,3.9445961249999986,3.846165124999999,-25.0,29.207698983952355,-0.024999999999999977,-0.019999999999999806
3874.0,0.6375174999999981,3.9446967187499986,3.8462622499999988,-25.0,29.208145249235827,-0.024999999999999977,-0.019999999999999806
3875.0,0.637656249999998,3.9447973124999987,3.8463593749999987,-25.0,29.208591344001945,-0.024999999999999977,-0.019999999999999806
3876.0,0.637794999999998,3.9448979062499987,3.8464564999999986,-25.0,29.209037268357235,-0.024999999999999977,-0.019999999999999806
3877.0,0.637933749999998,3.9449984999999983,3.8465536249999985,-25.0,29.20948302240828,-0.024999999999999977,-0.019999999999999806
3878.0,0.6380724999999979,3.9450990937499983,3.8466507499999985,-25.0,29.209928606261485,-0.024999999999999977,-0.019999999999999806
3879.0,0.6382112499999979,3.9451996874999984,3.8467478749999984,-25.0,29.21037402002321,-0.024999999999999977,-0.019999999999999806
3880.0,0.6383499999999979,3.945300281249998,3.8468449999999983,-25.0,29.21081926379975,-0.024999999999999977,-0.019999999999999806
3881.0,0.6384887499999978,3.9454008749999985,3.8469421249999987,-25.0,29.2112643376974,-0.024999999999999977,-0.019999999999999806
3882.0,0.6386274999999978,3.9455014687499985,3.8470392499999986,-25.0,29.21170924182229,-0.024999999999999977,-0.019999999999999806
3883.0,0.6387662499999978,3.9456020624999986,3.8471363749999985,-25.0,29.212153976280547,-0.024999999999999977,-0.019999999999999806
3884.0,0.6389049999999977,3.945702656249998,3.8472334999999984,-25.0,29.21259854117818,-0.024999999999999977,-0.019999999999999806
3885.0,0.6390437499999977,3.945803249999998,3.8473306249999983,-25.0,29.213042936621207,-0.024999999999999977,-0.019999999999999806
3886.0,0.6391824999999977,3.9459038437499983,3.8474277499999983,-25.0,29.213487162715523,-0.024999999999999977,-0.019999999999999806
3887.0,0.6393212499999976,3.946004437499998,3.847524874999998,-25.0,29.213931219566973,-0.024999999999999977,-0.019999999999999806
3888.0,0.6394599999999976,3.946105031249998,3.847621999999998,-25.0,29.214375107281285,-0.024999999999999977,-0.019999999999999806
3889.0,0.6395987499999976,3.9462056249999984,3.8477191249999985,-25.0,29.214818825964244,-0.024999999999999977,-0.019999999999999806
3890.0,0.6397374999999975,3.9463062187499984,3.8478162499999984,-25.0,29.215262375721466,-0.024999999999999977,-0.019999999999999806
3891.0,0.6398762499999975,3.946406812499998,3.8479133749999983,-25.0,29.215705756658508,-0.024999999999999977,-0.019999999999999806
3892.0,0.6400149999999974,3.946507406249998,3.8480104999999982,-25.0,29.21614896888093,-0.024999999999999977,-0.019999999999999806
3893.0,0.6401537499999974,3.946607999999998,3.848107624999998,-25.0,29.216592012494118,-0.024999999999999977,-0.019999999999999806
3894.0,0.6402924999999974,3.9467085937499977,3.848204749999998,-25.0,29.217034887603518,-0.024999999999999977,-0.019999999999999806
3895.0,0.6404312499999973,3.9468091874999978,3.848301874999998,-25.0,29.217477594314403,-0.024999999999999977,-0.019999999999999806
3896.0,0.6405699999999973,3.946909781249998,3.848398999999998,-25.0,29.217920132732047,-0.024999999999999977,-0.019999999999999806
3897.0,0.6407087499999973,3.9470103749999983,3.8484961249999983,-25.0,29.21836250296161,-0.024999999999999977,-0.019999999999999806
3898.0,0.6408474999999972,3.947110968749998,3.848593249999998,-25.0,29.218804705108198,-0.024999999999999977,-0.019999999999999806
3899.0,0.6409862499999972,3.947211562499998,3.848690374999998,-25.0,29.219246739276855,-0.024999999999999977,-0.019999999999999806
3900.0,0.6411249999999972,3.947312156249998,3.848787499999998,-25.0,29.219688605572628,-0.024999999999999977,-0.019999999999999806
3901.0,0.6412637499999971,3.947412749999998,3.848884624999998,-25.0,29.220130304100394,-0.024999999999999977,-0.019999999999999806
3902.0,0.6414024999999971,3.9475133437499976,3.848981749999998,-25.0,29.22057183496503,-0.024999999999999977,-0.019999999999999806
3903.0,0.6415412499999971,3.9476139374999977,3.849078874999998,-25.0,29.221013198271294,-0.024999999999999977,-0.019999999999999806
3904.0,0.641679999999997,3.9477145312499977,3.8491759999999977,-25.0,29.221454394123953,-0.024999999999999977,-0.019999999999999806
3905.0,0.641818749999997,3.9478151249999978,3.849273124999998,-25.0,29.221895422627597,-0.024999999999999977,-0.019999999999999806
3906.0,0.641957499999997,3.947915718749998,3.849370249999998,-25.0,29.222336283886875,-0.024999999999999977,-0.019999999999999806
3907.0,0.6420962499999969,3.948016312499998,3.849467374999998,-25.0,29.222776978006323,-0.024999999999999977,-0.019999999999999806
3908.0,0.6422349999999969,3.948116906249998,3.849564499999998,-25.0,29.22321750509036,-0.024999999999999977,-0.019999999999999806
3909.0,0.6423737499999969,3.9482174999999975,3.8496616249999978,-25.0,29.22365786524341,-0.024999999999999977,-0.019999999999999806
3910.0,0.6425124999999968,3.9483180937499975,3.8497587499999977,-25.0,29.224098058569837,-0.024999999999999977,-0.019999999999999806
3911.0,0.6426512499999968,3.9484186874999976,3.8498558749999976,-25.0,29.224538085173833,-0.024999999999999977,-0.019999999999999806
3912.0,0.6427899999999968,3.948519281249997,3.8499529999999975,-25.0,29.22497794515965,-0.024999999999999977,-0.019999999999999806
3913.0,0.6429287499999967,3.9486198749999977,3.850050124999998,-25.0,29.225417638631427,-0.024999999999999977,-0.019999999999999806
3914.0,0.6430674999999967,3.9487204687499977,3.850147249999998,-25.0,29.22585716569324,-0.024999999999999977,-0.019999999999999806
3915.0,0.6432062499999966,3.9488210624999978,3.8502443749999977,-25.0,29.22629652644906,-0.024999999999999977,-0.019999999999999806
3916.0,0.6433449999999966,3.9489216562499974,3.8503414999999976,-25.0,29.226735721002854,-0.024999999999999977,-0.019999999999999806
3917.0,0.6434837499999966,3.9490222499999974,3.8504386249999976,-25.0,29.22717474945847,-0.024999999999999977,-0.019999999999999806
3918.0,0.6436224999999965,3.9491228437499974,3.8505357499999975,-25.0,29.227613611919764,-0.024999999999999977,-0.019999999999999806
3919.0,0.6437612499999965,3.949223437499997,3.8506328749999974,-25.0,29.22805230849042,-0.024999999999999977,-0.019999999999999806
3920.0,0.6438999999999965,3.949324031249997,3.8507299999999973,-25.0,29.228490839274173,-0.024999999999999977,-0.019999999999999806
3921.0,0.6440387499999964,3.9494246249999976,3.8508271249999977,-25.0,29.22892920437465,-0.024999999999999977,-0.019999999999999806
3922.0,0.6441774999999964,3.9495252187499976,3.8509242499999976,-25.0,29.229367403895367,-0.024999999999999977,-0.019999999999999806
3923.0,0.6443162499999964,3.9496258124999972,3.8510213749999975,-25.0,29.22980543793983,-0.024999999999999977,-0.019999999999999806
3924.0,0.6444549999999963,3.9497264062499973,3.8511184999999974,-25.0,29.23024330661144,-0.024999999999999977,-0.019999999999999806
3925.0,0.6445937499999963,3.9498269999999973,3.8512156249999974,-25.0,29.23068101001354,-0.024999999999999977,-0.019999999999999806
3926.0,0.6447324999999963,3.949927593749997,3.8513127499999973,-25.0,29.23111854824947,-0.024999999999999977,-0.019999999999999806
3927.0,0.6448712499999962,3.950028187499997,3.851409874999997,-25.0,29.231555921422455,-0.024999999999999977,-0.019999999999999806
3928.0,0.6450099999999962,3.950128781249997,3.851506999999997,-25.0,29.23199312963561,-0.024999999999999977,-0.019999999999999806
3929.0,0.6451487499999962,3.9502293749999975,3.8516041249999975,-25.0,29.23243017299211,-0.024999999999999977,-0.019999999999999806
3930.0,0.6452874999999961,3.950329968749997,3.8517012499999974,-25.0,29.23286705159495,-0.024999999999999977,-0.019999999999999806
3931.0,0.6454262499999961,3.950430562499997,3.8517983749999973,-25.0,29.233303765547078,-0.024999999999999977,-0.019999999999999806
3932.0,0.6455649999999961,3.950531156249997,3.8518954999999973,-25.0,29.233740314951433,-0.024999999999999977,-0.019999999999999806
3933.0,0.645703749999996,3.950631749999997,3.851992624999997,-25.0,29.234176699910847,-0.024999999999999977,-0.019999999999999806
3934.0,0.645842499999996,3.950732343749997,3.852089749999997,-25.0,29.234612920528093,-0.024999999999999977,-0.019999999999999806
3935.0,0.645981249999996,3.950832937499997,3.852186874999997,-25.0,29.235048976905887,-0.024999999999999977,-0.019999999999999806
3936.0,0.6461199999999959,3.950933531249997,3.852283999999997,-25.0,29.235484869146887,-0.024999999999999977,-0.019999999999999806
3937.0,0.6462587499999959,3.951034124999997,3.8523811249999973,-25.0,29.235920597353697,-0.024999999999999977,-0.019999999999999806
3938.0,0.6463974999999959,3.951134718749997,3.852478249999997,-25.0,29.236356161628805,-0.024999999999999977,-0.019999999999999806
3939.0,0.6465362499999958,3.951235312499997,3.852575374999997,-25.0,29.236791562074643,-0.024999999999999977,-0.019999999999999806
3940.0,0.6466749999999958,3.951335906249997,3.852672499999997,-25.0,29.237226798793643,-0.024999999999999977,-0.019999999999999806
3941.0,0.6468137499999957,3.9514364999999967,3.852769624999997,-25.0,29.237661871888122,-0.024999999999999977,-0.019999999999999806
3942.0,0.6469524999999957,3.9515370937499967,3.852866749999997,-25.0,29.2380967814604,-0.024999999999999977,-0.019999999999999806
3943.0,0.6470912499999957,3.9516376874999968,3.852963874999997,-25.0,29.238531527612622,-0.024999999999999977,-0.019999999999999806
3944.0,0.6472299999999956,3.9517382812499964,3.8530609999999967,-25.0,29.23896611044694,-0.024999999999999977,-0.019999999999999806
3945.0,0.6473687499999956,3.951838874999997,3.853158124999997,-25.0,29.23940053006538,-0.024999999999999977,-0.019999999999999806
3946.0,0.6475074999999956,3.951939468749997,3.853255249999997,-25.0,29.239834786570043,-0.024999999999999977,-0.019999999999999806
3947.0,0.6476462499999955,3.952040062499997,3.853352374999997,-25.0,29.240268880062786,-0.024999999999999977,-0.019999999999999806
3948.0,0.6477849999999955,3.9521406562499966,3.853449499999997,-25.0,29.240702810645587,-0.024999999999999977,-0.019999999999999806
3949.0,0.6479237499999955,3.9522412499999966,3.853546624999997,-25.0,29.241136578420196,-0.024999999999999977,-0.019999999999999806
3950.0,0.6480624999999954,3.9523418437499966,3.8536437499999967,-25.0,29.241570183488363,-0.024999999999999977,-0.019999999999999806
3951.0,0.6482012499999954,3.9524424374999962,3.8537408749999966,-25.0,29.24200362595178,-0.024999999999999977,-0.019999999999999806
3952.0,0.6483399999999954,3.9525430312499963,3.8538379999999965,-25.0,29.242436905912143,-0.024999999999999977,-0.019999999999999806
3953.0,0.6484787499999953,3.9526436249999968,3.853935124999997,-25.0,29.24287002347097,-0.024999999999999977,-0.019999999999999806
3954.0,0.6486174999999953,3.952744218749997,3.854032249999997,-25.0,29.24330297872973,-0.024999999999999977,-0.019999999999999806
3955.0,0.6487562499999953,3.9528448124999964,3.8541293749999967,-25.0,29.243735771789886,-0.024999999999999977,-0.019999999999999806
3956.0,0.6488949999999952,3.9529454062499965,3.8542264999999967,-25.0,29.244168402752848,-0.024999999999999977,-0.019999999999999806
3957.0,0.6490337499999952,3.9530459999999965,3.8543236249999966,-25.0,29.244600871719854,-0.024999999999999977,-0.019999999999999806
3958.0,0.6491724999999952,3.953146593749996,3.8544207499999965,-25.0,29.245033178792198,-0.024999999999999977,-0.019999999999999806
3959.0,0.6493112499999951,3.953247187499996,3.8545178749999964,-25.0,29.245465324071063,-0.024999999999999977,-0.019999999999999806
3960.0,0.6494499999999951,3.953347781249996,3.8546149999999963,-25.0,29.24589730765757,-0.024999999999999977,-0.019999999999999806
3961.0,0.649588749999995,3.9534483749999967,3.8547121249999967,-25.0,29.246329129652793,-0.024999999999999977,-0.019999999999999806
3962.0,0.649727499999995,3.9535489687499963,3.8548092499999966,-25.0,29.24676079015768,-0.024999999999999977,-0.019999999999999806
3963.0,0.649866249999995,3.9536495624999963,3.8549063749999966,-25.0,29.247192289273187,-0.024999999999999977,-0.019999999999999806
3964.0,0.650004999999995,3.9537501562499964,3.8550034999999965,-25.0,29.24762362710021,-0.024999999999999977,-0.019999999999999806
3965.0,0.6501437499999949,3.9538507499999964,3.8551006249999964,-25.0,29.248054803739535,-0.024999999999999977,-0.019999999999999806
3966.0,0.6502824999999949,3.953951343749996,3.8551977499999963,-25.0,29.248485819291886,-0.024999999999999977,-0.019999999999999806
3967.0,0.6504212499999948,3.954051937499996,3.8552948749999962,-25.0,29.248916673857934,-0.024999999999999977,-0.019999999999999806
3968.0,0.6505599999999948,3.954152531249996,3.855391999999996,-25.0,29.24934736753835,-0.024999999999999977,-0.019999999999999806
3969.0,0.6506987499999948,3.954253124999996,3.8554891249999965,-25.0,29.249777900433628,-0.024999999999999977,-0.019999999999999806
3970.0,0.6508374999999947,3.954353718749996,3.8555862499999964,-25.0,29.250208272644272,-0.024999999999999977,-0.019999999999999806
3971.0,0.6509762499999947,3.9544543124999962,3.8556833749999964,-25.0,29.250638484270723,-0.024999999999999977,-0.019999999999999806
3972.0,0.6511149999999947,3.9545549062499963,3.8557804999999963,-25.0,29.251068535413367,-0.024999999999999977,-0.019999999999999806
3973.0,0.6512537499999946,3.954655499999996,3.855877624999996,-25.0,29.251498426172475,-0.024999999999999977,-0.019999999999999806
3974.0,0.6513924999999946,3.954756093749996,3.855974749999996,-25.0,29.25192815664832,-0.024999999999999977,-0.019999999999999806
3975.0,0.6515312499999946,3.954856687499996,3.856071874999996,-25.0,29.252357726941057,-0.024999999999999977,-0.019999999999999806
3976.0,0.6516699999999945,3.9549572812499956,3.856168999999996,-25.0,29.25278713715079,-0.024999999999999977,-0.019999999999999806
3977.0,0.6518087499999945,3.955057874999996,3.8562661249999963,-25.0,29.253216387377563,-0.024999999999999977,-0.019999999999999806
3978.0,0.6519474999999945,3.955158468749996,3.8563632499999962,-25.0,29.253645477721363,-0.024999999999999977,-0.019999999999999806
3979.0,0.6520862499999944,3.955259062499996,3.856460374999996,-25.0,29.25407440828218,-0.024999999999999977,-0.019999999999999806
3980.0,0.6522249999999944,3.9553596562499957,3.856557499999996,-25.0,29.254503179159826,-0.024999999999999977,-0.019999999999999806
3981.0,0.6523637499999944,3.955460249999996,3.856654624999996,-25.0,29.254931790454123,-0.024999999999999977,-0.019999999999999806
3982.0,0.6525024999999943,3.955560843749996,3.856751749999996,-25.0,29.25536024226477,-0.024999999999999977,-0.019999999999999806
3983.0,0.6526412499999943,3.9556614374999954,3.856848874999996,-25.0,29.255788534691476,-0.024999999999999977,-0.019999999999999806
3984.0,0.6527799999999943,3.955762031249996,3.856945999999996,-25.0,29.256216667833883,-0.024999999999999977,-0.019999999999999806
3985.0,0.6529187499999942,3.955862624999996,3.857043124999996,-25.0,29.256644641791468,-0.024999999999999977,-0.019999999999999806
3986.0,0.6530574999999942,3.955963218749996,3.857140249999996,-25.0,29.257072456663764,-0.024999999999999977,-0.019999999999999806
3987.0,0.6531962499999941,3.9560638124999956,3.857237374999996,-25.0,29.257500112550247,-0.024999999999999977,-0.019999999999999806
3988.0,0.6533349999999941,3.9561644062499957,3.857334499999996,-25.0,29.257927609550222,-0.024999999999999977,-0.019999999999999806
3989.0,0.6534737499999941,3.9562649999999957,3.857431624999996,-25.0,29.258354947762996,-0.024999999999999977,-0.019999999999999806
3990.0,0.653612499999994,3.9563655937499953,3.8575287499999957,-25.0,29.258782127287816,-0.024999999999999977,-0.019999999999999806
3991.0,0.653751249999994,3.9564661874999953,3.8576258749999957,-25.0,29.259209148223874,-0.024999999999999977,-0.019999999999999806
3992.0,0.653889999999994,3.956566781249996,3.857722999999996,-25.0,29.259636010670306,-0.024999999999999977,-0.019999999999999806
3993.0,0.6540287499999939,3.956667374999996,3.857820124999996,-25.0,29.260062714726132,-0.024999999999999977,-0.019999999999999806
3994.0,0.6541674999999939,3.9567679687499955,3.857917249999996,-25.0,29.260489260490374,-0.024999999999999977,-0.019999999999999806
3995.0,0.6543062499999939,3.9568685624999955,3.8580143749999958,-25.0,29.26091564806194,-0.024999999999999977,-0.019999999999999806
3996.0,0.6544449999999938,3.9569691562499956,3.8581114999999957,-25.0,29.261341877539735,-0.024999999999999977,-0.019999999999999806
3997.0,0.6545837499999938,3.9570697499999956,3.8582086249999956,-25.0,29.2617679490225,-0.024999999999999977,-0.019999999999999806
3998.0,0.6547224999999938,3.957170343749995,3.8583057499999955,-25.0,29.262193862609024,-0.024999999999999977,-0.019999999999999806
3999.0,0.6548612499999937,3.9572709374999953,3.8584028749999955,-25.0,29.26261961839799,-0.024999999999999977,-0.019999999999999806
4000.0,0.6549999999999937,3.9573715312499957,3.858499999999996,-25.0,29.26304521648808,-0.024999999999999977,-0.019999999999999806
4001.0,0.6551387499999937,3.9574721249999953,3.8585971249999957,-25.0,29.263470656977802,-0.024999999999999977,-0.019999999999999806
4002.0,0.6552774999999936,3.9575727187499954,3.8586942499999957,-25.0,29.263895939965607,-0.024999999999999977,-0.019999999999999806
4003.0,0.6554162499999936,3.9576733124999954,3.8587913749999956,-25.0,29.264321065550007,-0.024999999999999977,-0.019999999999999806
4004.0,0.6555549999999936,3.9577739062499955,3.8588884999999955,-25.0,29.26474603382934,-0.024999999999999977,-0.019999999999999806
4005.0,0.6556937499999935,3.957874499999995,3.8589856249999954,-25.0,29.265170844901945,-0.024999999999999977,-0.019999999999999806
4006.0,0.6558324999999935,3.957975093749995,3.8590827499999953,-25.0,29.26559549886605,-0.024999999999999977,-0.019999999999999806
4007.0,0.6559712499999935,3.958075687499995,3.8591798749999953,-25.0,29.266019995819875,-0.024999999999999977,-0.019999999999999806
4008.0,0.6561099999999934,3.958176281249995,3.8592769999999956,-25.0,29.266444335861536,-0.024999999999999977,-0.019999999999999806
4009.0,0.6562487499999934,3.9582768749999953,3.8593741249999955,-25.0,29.266868519089144,-0.024999999999999977,-0.019999999999999806
4010.0,0.6563874999999934,3.9583774687499953,3.8594712499999955,-25.0,29.26729254560064,-0.024999999999999977,-0.019999999999999806
4011.0,0.6565262499999933,3.9584780624999953,3.8595683749999954,-25.0,29.26771641549402,-0.024999999999999977,-0.019999999999999806
4012.0,0.6566649999999933,3.958578656249995,3.8596654999999953,-25.0,29.268140128867174,-0.024999999999999977,-0.019999999999999806
4013.0,0.6568037499999932,3.958679249999995,3.8597626249999952,-25.0,29.268563685817867,-0.024999999999999977,-0.019999999999999806
4014.0,0.6569424999999932,3.958779843749995,3.859859749999995,-25.0,29.26898708644393,-0.024999999999999977,-0.019999999999999806
4015.0,0.6570812499999932,3.9588804374999946,3.859956874999995,-25.0,29.269410330843016,-0.024999999999999977,-0.019999999999999806
4016.0,0.6572199999999931,3.958981031249995,3.8600539999999954,-25.0,29.269833419112786,-0.024999999999999977,-0.019999999999999806
4017.0,0.6573587499999931,3.959081624999995,3.8601511249999954,-25.0,29.270256351350838,-0.024999999999999977,-0.019999999999999806
4018.0,0.6574974999999931,3.959182218749995,3.8602482499999953,-25.0,29.27067912765466,-0.024999999999999977,-0.019999999999999806
4019.0,0.657636249999993,3.959282812499995,3.860345374999995,-25.0,29.271101748121737,-0.024999999999999977,-0.019999999999999806
4020.0,0.657774999999993,3.959383406249995,3.860442499999995,-25.0,29.2715242128495,-0.024999999999999977,-0.019999999999999806
4021.0,0.657913749999993,3.959483999999995,3.860539624999995,-25.0,29.271946521935206,-0.024999999999999977,-0.019999999999999806
4022.0,0.6580524999999929,3.9595845937499945,3.860636749999995,-25.0,29.272368675476173,-0.024999999999999977,-0.019999999999999806
4023.0,0.6581912499999929,3.9596851874999945,3.860733874999995,-25.0,29.272790673569602,-0.024999999999999977,-0.019999999999999806
4024.0,0.6583299999999929,3.959785781249995,3.8608309999999952,-25.0,29.273212516312697,-0.024999999999999977,-0.019999999999999806
4025.0,0.6584687499999928,3.959886374999995,3.860928124999995,-25.0,29.273634203802487,-0.024999999999999977,-0.019999999999999806
4026.0,0.6586074999999928,3.9599869687499947,3.861025249999995,-25.0,29.274055736136063,-0.024999999999999977,-0.019999999999999806
4027.0,0.6587462499999928,3.9600875624999947,3.861122374999995,-25.0,29.27447711341034,-0.024999999999999977,-0.019999999999999806
4028.0,0.6588849999999927,3.9601881562499948,3.861219499999995,-25.0,29.2748983357223,-0.024999999999999977,-0.019999999999999806
4029.0,0.6590237499999927,3.960288749999995,3.861316624999995,-25.0,29.275319403168737,-0.024999999999999977,-0.019999999999999806
4030.0,0.6591624999999927,3.9603893437499944,3.8614137499999948,-25.0,29.275740315846463,-0.024999999999999977,-0.019999999999999806
4031.0,0.6593012499999926,3.9604899374999945,3.8615108749999947,-25.0,29.276161073852165,-0.024999999999999977,-0.019999999999999806
4032.0,0.6594399999999926,3.960590531249995,3.861607999999995,-25.0,29.276581677282593,-0.024999999999999977,-0.019999999999999806
4033.0,0.6595787499999926,3.9606911249999945,3.861705124999995,-25.0,29.277002126234265,-0.024999999999999977,-0.019999999999999806
4034.0,0.6597174999999925,3.9607917187499946,3.861802249999995,-25.0,29.277422420803816,-0.024999999999999977,-0.019999999999999806
4035.0,0.6598562499999925,3.9608923124999946,3.861899374999995,-25.0,29.27784256108771,-0.024999999999999977,-0.019999999999999806
4036.0,0.6599949999999924,3.9609929062499947,3.8619964999999947,-25.0,29.27826254718235,-0.024999999999999977,-0.019999999999999806
4037.0,0.6601337499999924,3.9610934999999943,3.8620936249999946,-25.0,29.27868237918409,-0.024999999999999977,-0.019999999999999806
4038.0,0.6602724999999924,3.9611940937499943,3.8621907499999946,-25.0,29.279102057189277,-0.024999999999999977,-0.019999999999999806
4039.0,0.6604112499999923,3.9612946874999944,3.8622878749999945,-25.0,29.279521581294148,-0.024999999999999977,-0.019999999999999806
4040.0,0.6605499999999923,3.9613952812499944,3.862384999999995,-25.0,29.27994095159488,-0.024999999999999977,-0.019999999999999806
4041.0,0.6606887499999923,3.9614958749999944,3.8624821249999948,-25.0,29.280360168187656,-0.024999999999999977,-0.019999999999999806
4042.0,0.6608274999999922,3.9615964687499945,3.8625792499999947,-25.0,29.28077923116848,-0.024999999999999977,-0.019999999999999806
4043.0,0.6609662499999922,3.9616970624999945,3.8626763749999946,-25.0,29.281198140633364,-0.024999999999999977,-0.019999999999999806
4044.0,0.6611049999999922,3.961797656249994,3.8627734999999945,-25.0,29.28161689667826,-0.024999999999999977,-0.019999999999999806
4045.0,0.6612437499999921,3.961898249999994,3.8628706249999945,-25.0,29.282035499399058,-0.024999999999999977,-0.019999999999999806
4046.0,0.6613824999999921,3.9619988437499942,3.8629677499999944,-25.0,29.2824539488916,-0.024999999999999977,-0.019999999999999806
4047.0,0.6615212499999921,3.962099437499994,3.8630648749999943,-25.0,29.282872245251667,-0.024999999999999977,-0.019999999999999806
4048.0,0.661659999999992,3.9622000312499943,3.8631619999999947,-25.0,29.283290388574926,-0.024999999999999977,-0.019999999999999806
4049.0,0.661798749999992,3.9623006249999944,3.8632591249999946,-25.0,29.283708378957044,-0.024999999999999977,-0.019999999999999806
4050.0,0.661937499999992,3.9624012187499944,3.8633562499999945,-25.0,29.284126216493632,-0.024999999999999977,-0.019999999999999806
4051.0,0.6620762499999919,3.962501812499994,3.8634533749999944,-25.0,29.284543901280188,-0.024999999999999977,-0.019999999999999806
4052.0,0.6622149999999919,3.962602406249994,3.8635504999999943,-25.0,29.284961433412207,-0.024999999999999977,-0.019999999999999806
4053.0,0.6623537499999919,3.962702999999994,3.8636476249999943,-25.0,29.285378812985073,-0.024999999999999977,-0.019999999999999806
4054.0,0.6624924999999918,3.9628035937499937,3.863744749999994,-25.0,29.28579604009417,-0.024999999999999977,-0.019999999999999806
4055.0,0.6626312499999918,3.9629041874999937,3.863841874999994,-25.0,29.28621311483471,-0.024999999999999977,-0.019999999999999806
4056.0,0.6627699999999918,3.9630047812499942,3.8639389999999945,-25.0,29.286630037302018,-0.024999999999999977,-0.019999999999999806
4057.0,0.6629087499999917,3.9631053749999943,3.8640361249999944,-25.0,29.287046807591196,-0.024999999999999977,-0.019999999999999806
4058.0,0.6630474999999917,3.963205968749994,3.8641332499999943,-25.0,29.287463425797398,-0.024999999999999977,-0.019999999999999806
4059.0,0.6631862499999917,3.963306562499994,3.864230374999994,-25.0,29.287879892015667,-0.024999999999999977,-0.019999999999999806
4060.0,0.6633249999999916,3.963407156249994,3.864327499999994,-25.0,29.288296206340988,-0.024999999999999977,-0.019999999999999806
4061.0,0.6634637499999916,3.963507749999994,3.864424624999994,-25.0,29.28871236886829,-0.024999999999999977,-0.019999999999999806
4062.0,0.6636024999999915,3.9636083437499936,3.864521749999994,-25.0,29.289128379692443,-0.024999999999999977,-0.019999999999999806
4063.0,0.6637412499999915,3.9637089374999936,3.864618874999994,-25.0,29.289544238908263,-0.024999999999999977,-0.019999999999999806
4064.0,0.6638799999999915,3.963809531249994,3.8647159999999943,-25.0,29.28995994661051,-0.024999999999999977,-0.019999999999999806
4065.0,0.6640187499999914,3.9639101249999937,3.864813124999994,-25.0,29.29037550289388,-0.024999999999999977,-0.019999999999999806
4066.0,0.6641574999999914,3.964010718749994,3.864910249999994,-25.0,29.290790907853022,-0.024999999999999977,-0.019999999999999806
4067.0,0.6642962499999914,3.964111312499994,3.865007374999994,-25.0,29.291206161582465,-0.024999999999999977,-0.019999999999999806
4068.0,0.6644349999999913,3.964211906249994,3.865104499999994,-25.0,29.291621264176797,-0.024999999999999977,-0.019999999999999806
4069.0,0.6645737499999913,3.9643124999999935,3.865201624999994,-25.0,29.292036215730434,-0.024999999999999977,-0.019999999999999806
4070.0,0.6647124999999913,3.9644130937499935,3.865298749999994,-25.0,29.292451016337793,-0.024999999999999977,-0.019999999999999806
4071.0,0.6648512499999912,3.9645136874999936,3.8653958749999937,-25.0,29.292865666093235,-0.024999999999999977,-0.019999999999999806
4072.0,0.6649899999999912,3.9646142812499936,3.865492999999994,-25.0,29.293280165091005,-0.024999999999999977,-0.019999999999999806
4073.0,0.6651287499999912,3.9647148749999936,3.865590124999994,-25.0,29.29369451342535,-0.024999999999999977,-0.019999999999999806
4074.0,0.6652674999999911,3.9648154687499937,3.865687249999994,-25.0,29.294108711190404,-0.024999999999999977,-0.019999999999999806
4075.0,0.6654062499999911,3.9649160624999937,3.865784374999994,-25.0,29.294522758480298,-0.024999999999999977,-0.019999999999999806
4076.0,0.6655449999999911,3.9650166562499933,3.8658814999999938,-25.0,29.29493665538905,-0.024999999999999977,-0.019999999999999806
4077.0,0.665683749999991,3.9651172499999934,3.8659786249999937,-25.0,29.295350402010683,-0.024999999999999977,-0.019999999999999806
4078.0,0.665822499999991,3.9652178437499934,3.8660757499999936,-25.0,29.2957639984391,-0.024999999999999977,-0.019999999999999806
4079.0,0.665961249999991,3.965318437499993,3.8661728749999935,-25.0,29.296177444768205,-0.024999999999999977,-0.019999999999999806
4080.0,0.6660999999999909,3.9654190312499935,3.866269999999994,-25.0,29.29659074109179,-0.024999999999999977,-0.019999999999999806
4081.0,0.6662387499999909,3.9655196249999936,3.866367124999994,-25.0,29.297003887503593,-0.024999999999999977,-0.019999999999999806
4082.0,0.6663774999999909,3.9656202187499936,3.8664642499999937,-25.0,29.297416884097345,-0.024999999999999977,-0.019999999999999806
4083.0,0.6665162499999908,3.965720812499993,3.8665613749999936,-25.0,29.29782973096667,-0.024999999999999977,-0.019999999999999806
4084.0,0.6666549999999908,3.9658214062499932,3.8666584999999936,-25.0,29.29824242820513,-0.024999999999999977,-0.019999999999999806
4085.0,0.6667937499999907,3.9659219999999933,3.8667556249999935,-25.0,29.29865497590623,-0.024999999999999977,-0.019999999999999806
4086.0,0.6669324999999907,3.966022593749993,3.8668527499999934,-25.0,29.299067374163485,-0.024999999999999977,-0.019999999999999806
4087.0,0.6670712499999907,3.966123187499993,3.8669498749999933,-25.0,29.299479623070283,-0.024999999999999977,-0.019999999999999806
4088.0,0.6672099999999906,3.9662237812499934,3.8670469999999937,-25.0,29.299891722719906,-0.024999999999999977,-0.019999999999999806
4089.0,0.6673487499999906,3.9663243749999935,3.8671441249999936,-25.0,29.30030367320569,-0.024999999999999977,-0.019999999999999806
4090.0,0.6674874999999906,3.966424968749993,3.8672412499999935,-25.0,29.30071547462086,-0.024999999999999977,-0.019999999999999806
4091.0,0.6676262499999905,3.966525562499993,3.8673383749999934,-25.0,29.301127127058578,-0.024999999999999977,-0.019999999999999806
4092.0,0.6677649999999905,3.966626156249993,3.8674354999999934,-25.0,29.301538630611958,-0.024999999999999977,-0.019999999999999806
4093.0,0.6679037499999905,3.966726749999993,3.8675326249999933,-25.0,29.30194998537405,-0.024999999999999977,-0.019999999999999806
4094.0,0.6680424999999904,3.966827343749993,3.867629749999993,-25.0,29.302361191437853,-0.024999999999999977,-0.019999999999999806
4095.0,0.6681812499999904,3.966927937499993,3.867726874999993,-25.0,29.302772248896304,-0.024999999999999977,-0.019999999999999806
4096.0,0.6683199999999904,3.9670285312499933,3.8678239999999935,-25.0,29.303183157842284,-0.024999999999999977,-0.019999999999999806
4097.0,0.6684587499999903,3.967129124999993,3.8679211249999934,-25.0,29.30359391836862,-0.024999999999999977,-0.019999999999999806
4098.0,0.6685974999999903,3.967229718749993,3.8680182499999933,-25.0,29.30400453056808,-0.024999999999999977,-0.019999999999999806
4099.0,0.6687362499999903,3.967330312499993,3.8681153749999933,-25.0,29.304414994533374,-0.024999999999999977,-0.019999999999999806
4100.0,0.6688749999999902,3.967430906249993,3.868212499999993,-25.0,29.304825310357103,-0.024999999999999977,-0.019999999999999806
4101.0,0.6690137499999902,3.9675314999999927,3.868309624999993,-25.0,29.305235478131863,-0.024999999999999977,-0.019999999999999806
4102.0,0.6691524999999902,3.9676320937499927,3.868406749999993,-25.0,29.305645497950195,-0.024999999999999977,-0.019999999999999806
4103.0,0.6692912499999901,3.9677326874999927,3.868503874999993,-25.0,29.306055369904584,-0.024999999999999977,-0.019999999999999806
4104.0,0.6694299999999901,3.967833281249993,3.8686009999999933,-25.0,29.306465094087457,-0.024999999999999977,-0.019999999999999806
4105.0,0.66956874999999,3.967933874999993,3.868698124999993,-25.0,29.306874670591128,-0.024999999999999977,-0.019999999999999806
4106.0,0.66970749999999,3.968034468749993,3.868795249999993,-25.0,29.307284099507967,-0.024999999999999977,-0.019999999999999806
4107.0,0.66984624999999,3.968135062499993,3.868892374999993,-25.0,29.307693380930175,-0.024999999999999977,-0.019999999999999806
4108.0,0.66998499999999,3.9682356562499925,3.868989499999993,-25.0,29.308102514949894,-0.024999999999999977,-0.019999999999999806
4109.0,0.6701237499999899,3.9683362499999926,3.869086624999993,-25.0,29.308511501659325,-0.024999999999999977,-0.019999999999999806
4110.0,0.6702624999999899,3.9684368437499926,3.869183749999993,-25.0,29.308920341150497,-0.024999999999999977,-0.019999999999999806
4111.0,0.6704012499999898,3.9685374374999927,3.869280874999993,-25.0,29.309329033515382,-0.024999999999999977,-0.019999999999999806
4112.0,0.6705399999999898,3.9686380312499927,3.869377999999993,-25.0,29.30973757884601,-0.024999999999999977,-0.019999999999999806
4113.0,0.6706787499999898,3.9687386249999927,3.869475124999993,-25.0,29.310145977234242,-0.024999999999999977,-0.019999999999999806
4114.0,0.6708174999999897,3.968839218749993,3.869572249999993,-25.0,29.310554228771935,-0.024999999999999977,-0.019999999999999806
4115.0,0.6709562499999897,3.9689398124999924,3.869669374999993,-25.0,29.310962333550833,-0.024999999999999977,-0.019999999999999806
4116.0,0.6710949999999897,3.9690404062499924,3.869766499999993,-25.0,29.311370291662683,-0.024999999999999977,-0.019999999999999806
4117.0,0.6712337499999896,3.9691409999999925,3.8698636249999927,-25.0,29.311778103199117,-0.024999999999999977,-0.019999999999999806
4118.0,0.6713724999999896,3.969241593749992,3.8699607499999926,-25.0,29.312185768251823,-0.024999999999999977,-0.019999999999999806
4119.0,0.6715112499999896,3.969342187499992,3.8700578749999925,-25.0,29.312593286912318,-0.024999999999999977,-0.019999999999999806
4120.0,0.6716499999999895,3.9694427812499926,3.870154999999993,-25.0,29.313000659272063,-0.024999999999999977,-0.019999999999999806
4121.0,0.6717887499999895,3.9695433749999927,3.870252124999993,-25.0,29.31340788542252,-0.024999999999999977,-0.019999999999999806
4122.0,0.6719274999999895,3.9696439687499923,3.8703492499999927,-25.0,29.313814965455094,-0.024999999999999977,-0.019999999999999806
4123.0,0.6720662499999894,3.9697445624999923,3.8704463749999927,-25.0,29.314221899461074,-0.024999999999999977,-0.019999999999999806
4124.0,0.6722049999999894,3.9698451562499923,3.8705434999999926,-25.0,29.31462868753175,-0.024999999999999977,-0.019999999999999806
4125.0,0.6723437499999894,3.9699457499999924,3.8706406249999925,-25.0,29.315035329758302,-0.024999999999999977,-0.019999999999999806
4126.0,0.6724824999999893,3.970046343749992,3.8707377499999924,-25.0,29.315441826231904,-0.024999999999999977,-0.019999999999999806
4127.0,0.6726212499999893,3.9701469374999925,3.870834874999993,-25.0,29.31584817704362,-0.024999999999999977,-0.019999999999999806
4128.0,0.6727599999999893,3.9702475312499925,3.8709319999999927,-25.0,29.316254382284512,-0.024999999999999977,-0.019999999999999806
4129.0,0.6728987499999892,3.970348124999992,3.8710291249999926,-25.0,29.31666044204559,-0.024999999999999977,-0.019999999999999806
4130.0,0.6730374999999892,3.970448718749992,3.8711262499999926,-25.0,29.31706635641774,-0.024999999999999977,-0.019999999999999806
4131.0,0.6731762499999892,3.970549312499992,3.8712233749999925,-25.0,29.31747212549186,-0.024999999999999977,-0.019999999999999806
4132.0,0.6733149999999891,3.9706499062499923,3.8713204999999924,-25.0,29.31787774935873,-0.024999999999999977,-0.019999999999999806
4133.0,0.6734537499999891,3.970750499999992,3.8714176249999923,-25.0,29.318283228109124,-0.024999999999999977,-0.019999999999999806
4134.0,0.673592499999989,3.970851093749992,3.8715147499999922,-25.0,29.318688561833767,-0.024999999999999977,-0.019999999999999806
4135.0,0.673731249999989,3.9709516874999924,3.8716118749999926,-25.0,29.319093750623267,-0.024999999999999977,-0.019999999999999806
4136.0,0.673869999999989,3.971052281249992,3.8717089999999925,-25.0,29.319498794568176,-0.024999999999999977,-0.019999999999999806
4137.0,0.6740087499999889,3.971152874999992,3.8718061249999924,-25.0,29.319903693759045,-0.024999999999999977,-0.019999999999999806
4138.0,0.6741474999999889,3.971253468749992,3.8719032499999924,-25.0,29.32030844828637,-0.024999999999999977,-0.019999999999999806
4139.0,0.6742862499999889,3.971354062499992,3.8720003749999923,-25.0,29.320713058240585,-0.024999999999999977,-0.019999999999999806
4140.0,0.6744249999999888,3.9714546562499917,3.872097499999992,-25.0,29.32111752371202,-0.024999999999999977,-0.019999999999999806
4141.0,0.6745637499999888,3.9715552499999918,3.872194624999992,-25.0,29.321521844790936,-0.024999999999999977,-0.019999999999999806
4142.0,0.6747024999999888,3.971655843749992,3.872291749999992,-25.0,29.321926021567606,-0.024999999999999977,-0.019999999999999806
4143.0,0.6748412499999887,3.971756437499992,3.8723888749999924,-25.0,29.322330054132237,-0.024999999999999977,-0.019999999999999806
4144.0,0.6749799999999887,3.971857031249992,3.8724859999999923,-25.0,29.322733942574985,-0.024999999999999977,-0.019999999999999806
4145.0,0.6751187499999887,3.971957624999992,3.8725831249999922,-25.0,29.323137686985888,-0.024999999999999977,-0.019999999999999806
4146.0,0.6752574999999886,3.972058218749992,3.872680249999992,-25.0,29.323541287454987,-0.024999999999999977,-0.019999999999999806
4147.0,0.6753962499999886,3.9721588124999916,3.872777374999992,-25.0,29.323944744072207,-0.024999999999999977,-0.019999999999999806
4148.0,0.6755349999999886,3.9722594062499916,3.872874499999992,-25.0,29.324348056927477,-0.024999999999999977,-0.019999999999999806
4149.0,0.6756737499999885,3.9723599999999917,3.872971624999992,-25.0,29.324751226110664,-0.024999999999999977,-0.019999999999999806
4150.0,0.6758124999999885,3.9724605937499913,3.873068749999992,-25.0,29.325154251711524,-0.024999999999999977,-0.019999999999999806
4151.0,0.6759512499999885,3.9725611874999918,3.873165874999992,-25.0,29.325557133819814,-0.024999999999999977,-0.019999999999999806
4152.0,0.6760899999999884,3.972661781249992,3.873262999999992,-25.0,29.32595987252523,-0.024999999999999977,-0.019999999999999806
4153.0,0.6762287499999884,3.972762374999992,3.873360124999992,-25.0,29.32636246791742,-0.024999999999999977,-0.019999999999999806
4154.0,0.6763674999999884,3.9728629687499915,3.873457249999992,-25.0,29.326764920085907,-0.024999999999999977,-0.019999999999999806
4155.0,0.6765062499999883,3.9729635624999915,3.873554374999992,-25.0,29.32716722912022,-0.024999999999999977,-0.019999999999999806
4156.0,0.6766449999999883,3.9730641562499915,3.873651499999992,-25.0,29.327569395109833,-0.024999999999999977,-0.019999999999999806
4157.0,0.6767837499999882,3.9731647499999916,3.8737486249999917,-25.0,29.32797141814416,-0.024999999999999977,-0.019999999999999806
4158.0,0.6769224999999882,3.973265343749991,3.8738457499999917,-25.0,29.3283732983125,-0.024999999999999977,-0.019999999999999806
4159.0,0.6770612499999882,3.9733659374999917,3.873942874999992,-25.0,29.328775035704155,-0.024999999999999977,-0.019999999999999806
4160.0,0.6771999999999881,3.9734665312499917,3.874039999999992,-25.0,29.329176630408426,-0.024999999999999977,-0.019999999999999806
4161.0,0.6773387499999881,3.9735671249999913,3.874137124999992,-25.0,29.329578082514445,-0.024999999999999977,-0.019999999999999806
4162.0,0.6774774999999881,3.9736677187499914,3.8742342499999918,-25.0,29.329979392111284,-0.024999999999999977,-0.019999999999999806
4163.0,0.677616249999988,3.9737683124999914,3.8743313749999917,-25.0,29.330380559288074,-0.024999999999999977,-0.019999999999999806
4164.0,0.677754999999988,3.9738689062499915,3.8744284999999916,-25.0,29.33078158413383,-0.024999999999999977,-0.019999999999999806
4165.0,0.677893749999988,3.973969499999991,3.8745256249999915,-25.0,29.331182466737516,-0.024999999999999977,-0.019999999999999806
4166.0,0.6780324999999879,3.974070093749991,3.8746227499999915,-25.0,29.331583207187975,-0.024999999999999977,-0.019999999999999806
4167.0,0.6781712499999879,3.9741706874999916,3.874719874999992,-25.0,29.33198380557411,-0.024999999999999977,-0.019999999999999806
4168.0,0.6783099999999879,3.974271281249991,3.8748169999999917,-25.0,29.332384261984714,-0.024999999999999977,-0.019999999999999806
4169.0,0.6784487499999878,3.9743718749999912,3.8749141249999917,-25.0,29.33278457650846,-0.024999999999999977,-0.019999999999999806
4170.0,0.6785874999999878,3.9744724687499913,3.8750112499999916,-25.0,29.33318474923408,-0.024999999999999977,-0.019999999999999806
4171.0,0.6787262499999878,3.9745730624999913,3.8751083749999915,-25.0,29.33358478025019,-0.024999999999999977,-0.019999999999999806
4172.0,0.6788649999999877,3.974673656249991,3.8752054999999914,-25.0,29.33398466964536,-0.024999999999999977,-0.019999999999999806
4173.0,0.6790037499999877,3.974774249999991,3.8753026249999913,-25.0,29.33438441750809,-0.024999999999999977,-0.019999999999999806
4174.0,0.6791424999999877,3.974874843749991,3.8753997499999913,-25.0,29.33478402392683,-0.024999999999999977,-0.019999999999999806
4175.0,0.6792812499999876,3.974975437499991,3.8754968749999916,-25.0,29.335183488990026,-0.024999999999999977,-0.019999999999999806
4176.0,0.6794199999999876,3.975076031249991,3.8755939999999915,-25.0,29.335582812785958,-0.024999999999999977,-0.019999999999999806
4177.0,0.6795587499999876,3.975176624999991,3.8756911249999915,-25.0,29.33598199540296,-0.024999999999999977,-0.019999999999999806
4178.0,0.6796974999999875,3.975277218749991,3.8757882499999914,-25.0,29.336381036929254,-0.024999999999999977,-0.019999999999999806
4179.0,0.6798362499999875,3.975377812499991,3.8758853749999913,-25.0,29.33677993745306,-0.024999999999999977,-0.019999999999999806
4180.0,0.6799749999999875,3.975478406249991,3.8759824999999912,-25.0,29.337178697062484,-0.024999999999999977,-0.019999999999999806
4181.0,0.6801137499999874,3.975578999999991,3.876079624999991,-25.0,29.33757731584558,-0.024999999999999977,-0.019999999999999806
4182.0,0.6802524999999874,3.9756795937499905,3.876176749999991,-25.0,29.337975793890337,-0.024999999999999977,-0.019999999999999806
4183.0,0.6803912499999873,3.975780187499991,3.8762738749999914,-25.0,29.338374131284752,-0.024999999999999977,-0.019999999999999806
4184.0,0.6805299999999873,3.975880781249991,3.8763709999999914,-25.0,29.33877232811676,-0.024999999999999977,-0.019999999999999806
4185.0,0.6806687499999873,3.975981374999991,3.8764681249999913,-25.0,29.339170384474187,-0.024999999999999977,-0.019999999999999806
4186.0,0.6808074999999872,3.9760819687499906,3.876565249999991,-25.0,29.339568300444853,-0.024999999999999977,-0.019999999999999806
4187.0,0.6809462499999872,3.9761825624999907,3.876662374999991,-25.0,29.33996607611647,-0.024999999999999977,-0.019999999999999806
4188.0,0.6810849999999872,3.9762831562499907,3.876759499999991,-25.0,29.340363711576686,-0.024999999999999977,-0.019999999999999806
4189.0,0.6812237499999871,3.976383749999991,3.876856624999991,-25.0,29.340761206913214,-0.024999999999999977,-0.019999999999999806
4190.0,0.6813624999999871,3.9764843437499904,3.876953749999991,-25.0,29.341158562213593,-0.024999999999999977,-0.019999999999999806
4191.0,0.6815012499999871,3.976584937499991,3.8770508749999912,-25.0,29.34155577756536,-0.024999999999999977,-0.019999999999999806
4192.0,0.681639999999987,3.976685531249991,3.877147999999991,-25.0,29.341952853055943,-0.024999999999999977,-0.019999999999999806
4193.0,0.681778749999987,3.9767861249999905,3.877245124999991,-25.0,29.342349788772765,-0.024999999999999977,-0.019999999999999806
4194.0,0.681917499999987,3.9768867187499906,3.877342249999991,-25.0,29.342746584803194,-0.024999999999999977,-0.019999999999999806
4195.0,0.6820562499999869,3.9769873124999906,3.877439374999991,-25.0,29.343143241234543,-0.024999999999999977,-0.019999999999999806
4196.0,0.6821949999999869,3.9770879062499906,3.877536499999991,-25.0,29.343539758154066,-0.024999999999999977,-0.019999999999999806
4197.0,0.6823337499999869,3.9771884999999902,3.8776336249999908,-25.0,29.34393613564896,-0.024999999999999977,-0.019999999999999806
4198.0,0.6824724999999868,3.9772890937499903,3.8777307499999907,-25.0,29.344332373806367,-0.024999999999999977,-0.019999999999999806
4199.0,0.6826112499999868,3.977389687499991,3.877827874999991,-25.0,29.34472847271337,-0.024999999999999977,-0.019999999999999806
4200.0,0.6827499999999868,3.9774902812499904,3.877924999999991,-25.0,29.345124432457,-0.024999999999999977,-0.019999999999999806
4201.0,0.6828887499999867,3.9775908749999904,3.878022124999991,-25.0,29.34552025312422,-0.024999999999999977,-0.019999999999999806
4202.0,0.6830274999999867,3.9776914687499905,3.878119249999991,-25.0,29.34591593480195,-0.024999999999999977,-0.019999999999999806
4203.0,0.6831662499999867,3.9777920624999905,3.8782163749999907,-25.0,29.346311477577103,-0.024999999999999977,-0.019999999999999806
4204.0,0.6833049999999866,3.97789265624999,3.8783134999999906,-25.0,29.34670688153642,-0.024999999999999977,-0.019999999999999806
4205.0,0.6834437499999866,3.97799324999999,3.8784106249999906,-25.0,29.3471021467667,-0.024999999999999977,-0.019999999999999806
4206.0,0.6835824999999865,3.97809384374999,3.8785077499999905,-25.0,29.347497273354634,-0.024999999999999977,-0.019999999999999806
4207.0,0.6837212499999865,3.9781944374999902,3.878604874999991,-25.0,29.347892261386903,-0.024999999999999977,-0.019999999999999806
4208.0,0.6838599999999865,3.9782950312499903,3.8787019999999908,-25.0,29.348287110950082,-0.024999999999999977,-0.019999999999999806
4209.0,0.6839987499999864,3.9783956249999903,3.8787991249999907,-25.0,29.348681822130743,-0.024999999999999977,-0.019999999999999806
4210.0,0.6841374999999864,3.9784962187499904,3.8788962499999906,-25.0,29.349076395015345,-0.024999999999999977,-0.019999999999999806
4211.0,0.6842762499999864,3.97859681249999,3.8789933749999905,-25.0,29.349470829690347,-0.024999999999999977,-0.019999999999999806
4212.0,0.6844149999999863,3.97869740624999,3.8790904999999904,-25.0,29.349865126242094,-0.024999999999999977,-0.019999999999999806
4213.0,0.6845537499999863,3.97879799999999,3.8791876249999904,-25.0,29.35025928475693,-0.024999999999999977,-0.019999999999999806
4214.0,0.6846924999999863,3.9788985937499897,3.8792847499999903,-25.0,29.350653305321146,-0.024999999999999977,-0.019999999999999806
4215.0,0.6848312499999862,3.97899918749999,3.8793818749999907,-25.0,29.35104718802097,-0.024999999999999977,-0.019999999999999806
4216.0,0.6849699999999862,3.97909978124999,3.8794789999999906,-25.0,29.351440932942523,-0.024999999999999977,-0.019999999999999806
4217.0,0.6851087499999862,3.9792003749999902,3.8795761249999905,-25.0,29.35183454017192,-0.024999999999999977,-0.019999999999999806
4218.0,0.6852474999999861,3.97930096874999,3.8796732499999904,-25.0,29.352228009795226,-0.024999999999999977,-0.019999999999999806
4219.0,0.6853862499999861,3.97940156249999,3.8797703749999903,-25.0,29.352621341898498,-0.024999999999999977,-0.019999999999999806
4220.0,0.6855249999999861,3.97950215624999,3.8798674999999903,-25.0,29.353014536567628,-0.024999999999999977,-0.019999999999999806
4221.0,0.685663749999986,3.97960274999999,3.87996462499999,-25.0,29.353407593888505,-0.024999999999999977,-0.019999999999999806
4222.0,0.685802499999986,3.9797033437499896,3.88006174999999,-25.0,29.35380051394702,-0.024999999999999977,-0.019999999999999806
4223.0,0.685941249999986,3.97980393749999,3.8801588749999905,-25.0,29.354193296828953,-0.024999999999999977,-0.019999999999999806
4224.0,0.6860799999999859,3.97990453124999,3.8802559999999904,-25.0,29.35458594262002,-0.024999999999999977,-0.019999999999999806
4225.0,0.6862187499999859,3.9800051249999897,3.8803531249999903,-25.0,29.354978451405884,-0.024999999999999977,-0.019999999999999806
4226.0,0.6863574999999859,3.9801057187499898,3.88045024999999,-25.0,29.35537082327221,-0.024999999999999977,-0.019999999999999806
4227.0,0.6864962499999858,3.98020631249999,3.88054737499999,-25.0,29.355763058304547,-0.024999999999999977,-0.019999999999999806
4228.0,0.6866349999999858,3.98030690624999,3.88064449999999,-25.0,29.356155156588443,-0.024999999999999977,-0.019999999999999806
4229.0,0.6867737499999857,3.9804074999999894,3.88074162499999,-25.0,29.356547118209335,-0.024999999999999977,-0.019999999999999806
4230.0,0.6869124999999857,3.9805080937499895,3.88083874999999,-25.0,29.356938943252658,-0.024999999999999977,-0.019999999999999806
4231.0,0.6870512499999857,3.98060868749999,3.8809358749999903,-25.0,29.357330631803734,-0.024999999999999977,-0.019999999999999806
4232.0,0.6871899999999856,3.9807092812499896,3.88103299999999,-25.0,29.357722183947942,-0.024999999999999977,-0.019999999999999806
4233.0,0.6873287499999856,3.9808098749999896,3.88113012499999,-25.0,29.35811359977049,-0.024999999999999977,-0.019999999999999806
4234.0,0.6874674999999856,3.9809104687499897,3.88122724999999,-25.0,29.358504879356587,-0.024999999999999977,-0.019999999999999806
4235.0,0.6876062499999855,3.9810110624999897,3.88132437499999,-25.0,29.358896022791384,-0.024999999999999977,-0.019999999999999806
4236.0,0.6877449999999855,3.9811116562499893,3.88142149999999,-25.0,29.359287030159976,-0.024999999999999977,-0.019999999999999806
4237.0,0.6878837499999855,3.9812122499999893,3.88151862499999,-25.0,29.3596779015474,-0.024999999999999977,-0.019999999999999806
4238.0,0.6880224999999854,3.9813128437499894,3.8816157499999897,-25.0,29.360068637038637,-0.024999999999999977,-0.019999999999999806
4239.0,0.6881612499999854,3.9814134374999894,3.88171287499999,-25.0,29.36045923671861,-0.024999999999999977,-0.019999999999999806
4240.0,0.6882999999999854,3.9815140312499895,3.88180999999999,-25.0,29.360849700672247,-0.024999999999999977,-0.019999999999999806
4241.0,0.6884387499999853,3.9816146249999895,3.88190712499999,-25.0,29.361240028984355,-0.024999999999999977,-0.019999999999999806
4242.0,0.6885774999999853,3.9817152187499896,3.88200424999999,-25.0,29.361630221739688,-0.024999999999999977,-0.019999999999999806
4243.0,0.6887162499999853,3.981815812499989,3.8821013749999898,-25.0,29.362020279023,-0.024999999999999977,-0.019999999999999806
4244.0,0.6888549999999852,3.981916406249989,3.8821984999999897,-25.0,29.36241020091893,-0.024999999999999977,-0.019999999999999806
4245.0,0.6889937499999852,3.9820169999999893,3.8822956249999896,-25.0,29.36279998751212,-0.024999999999999977,-0.019999999999999806
4246.0,0.6891324999999852,3.982117593749989,3.8823927499999895,-25.0,29.363189638887093,-0.024999999999999977,-0.019999999999999806
4247.0,0.6892712499999851,3.9822181874999893,3.88248987499999,-25.0,29.363579155128434,-0.024999999999999977,-0.019999999999999806
4248.0,0.6894099999999851,3.9823187812499894,3.88258699999999,-25.0,29.363968536320556,-0.024999999999999977,-0.019999999999999806
4249.0,0.6895487499999851,3.9824193749999894,3.8826841249999897,-25.0,29.36435778254787,-0.024999999999999977,-0.019999999999999806
4250.0,0.689687499999985,3.982519968749989,3.8827812499999896,-25.0,29.364746893894733,-0.024999999999999977,-0.019999999999999806
4251.0,0.689826249999985,3.982620562499989,3.8828783749999896,-25.0,29.365135870445442,-0.024999999999999977,-0.019999999999999806
4252.0,0.689964999999985,3.982721156249989,3.8829754999999895,-25.0,29.36552471228424,-0.024999999999999977,-0.019999999999999806
4253.0,0.6901037499999849,3.982821749999989,3.8830726249999894,-25.0,29.365913419495314,-0.024999999999999977,-0.019999999999999806
4254.0,0.6902424999999849,3.982922343749989,3.8831697499999898,-25.0,29.36630199216279,-0.024999999999999977,-0.019999999999999806
4255.0,0.6903812499999848,3.9830229374999893,3.8832668749999897,-25.0,29.366690430370795,-0.024999999999999977,-0.019999999999999806
4256.0,0.6905199999999848,3.9831235312499893,3.8833639999999896,-25.0,29.367078734203403,-0.024999999999999977,-0.019999999999999806
4257.0,0.6906587499999848,3.983224124999989,3.8834611249999895,-25.0,29.367466903744514,-0.024999999999999977,-0.019999999999999806
4258.0,0.6907974999999847,3.983324718749989,3.8835582499999894,-25.0,29.367854939078086,-0.024999999999999977,-0.019999999999999806
4259.0,0.6909362499999847,3.983425312499989,3.8836553749999894,-25.0,29.36824284028802,-0.024999999999999977,-0.019999999999999806
4260.0,0.6910749999999847,3.983525906249989,3.8837524999999893,-25.0,29.368630607458158,-0.024999999999999977,-0.019999999999999806
4261.0,0.6912137499999846,3.9836264999999886,3.883849624999989,-25.0,29.369018240672233,-0.024999999999999977,-0.019999999999999806
4262.0,0.6913524999999846,3.9837270937499887,3.883946749999989,-25.0,29.369405740013974,-0.024999999999999977,-0.019999999999999806
4263.0,0.6914912499999846,3.983827687499989,3.8840438749999895,-25.0,29.369793105567112,-0.024999999999999977,-0.019999999999999806
4264.0,0.6916299999999845,3.9839282812499888,3.8841409999999894,-25.0,29.370180337415206,-0.024999999999999977,-0.019999999999999806
4265.0,0.6917687499999845,3.984028874999989,3.8842381249999893,-25.0,29.370567435641817,-0.024999999999999977,-0.019999999999999806
4266.0,0.6919074999999845,3.984129468749989,3.8843352499999892,-25.0,29.370954400330504,-0.024999999999999977,-0.019999999999999806
4267.0,0.6920462499999844,3.984230062499989,3.884432374999989,-25.0,29.371341231564656,-0.024999999999999977,-0.019999999999999806
4268.0,0.6921849999999844,3.9843306562499885,3.884529499999989,-25.0,29.37172792942772,-0.024999999999999977,-0.019999999999999806
4269.0,0.6923237499999844,3.9844312499999885,3.884626624999989,-25.0,29.372114494003085,-0.024999999999999977,-0.019999999999999806
4270.0,0.6924624999999843,3.984531843749989,3.8847237499999894,-25.0,29.372500925374027,-0.024999999999999977,-0.019999999999999806
4271.0,0.6926012499999843,3.9846324374999886,3.8848208749999893,-25.0,29.37288722362382,-0.024999999999999977,-0.019999999999999806
4272.0,0.6927399999999843,3.9847330312499887,3.884917999999989,-25.0,29.373273388835628,-0.024999999999999977,-0.019999999999999806
4273.0,0.6928787499999842,3.9848336249999887,3.885015124999989,-25.0,29.37365942109261,-0.024999999999999977,-0.019999999999999806
4274.0,0.6930174999999842,3.9849342187499888,3.885112249999989,-25.0,29.374045320477876,-0.024999999999999977,-0.019999999999999806
4275.0,0.6931562499999842,3.9850348124999884,3.885209374999989,-25.0,29.37443108707447,-0.024999999999999977,-0.019999999999999806
4276.0,0.6932949999999841,3.9851354062499884,3.885306499999989,-25.0,29.374816720965384,-0.024999999999999977,-0.019999999999999806
4277.0,0.6934337499999841,3.9852359999999885,3.885403624999989,-25.0,29.375202222233554,-0.024999999999999977,-0.019999999999999806
4278.0,0.693572499999984,3.9853365937499885,3.885500749999989,-25.0,29.375587590961857,-0.024999999999999977,-0.019999999999999806
4279.0,0.693711249999984,3.9854371874999885,3.885597874999989,-25.0,29.375972827233113,-0.024999999999999977,-0.019999999999999806
4280.0,0.693849999999984,3.9855377812499886,3.885694999999989,-25.0,29.376357931130144,-0.024999999999999977,-0.019999999999999806
4281.0,0.693988749999984,3.9856383749999886,3.885792124999989,-25.0,29.376742902735714,-0.024999999999999977,-0.019999999999999806
4282.0,0.6941274999999839,3.9857389687499882,3.885889249999989,-25.0,29.377127742132416,-0.024999999999999977,-0.019999999999999806
4283.0,0.6942662499999839,3.9858395624999883,3.885986374999989,-25.0,29.377512449402957,-0.024999999999999977,-0.019999999999999806
4284.0,0.6944049999999838,3.9859401562499883,3.8860834999999887,-25.0,29.377897024629874,-0.024999999999999977,-0.019999999999999806
4285.0,0.6945437499999838,3.9860407499999884,3.8861806249999886,-25.0,29.378281467895704,-0.024999999999999977,-0.019999999999999806
4286.0,0.6946824999999838,3.9861413437499884,3.886277749999989,-25.0,29.378665779282983,-0.024999999999999977,-0.019999999999999806
4287.0,0.6948212499999837,3.9862419374999885,3.886374874999989,-25.0,29.379049958874077,-0.024999999999999977,-0.019999999999999806
4288.0,0.6949599999999837,3.9863425312499885,3.886471999999989,-25.0,29.379434006751353,-0.024999999999999977,-0.019999999999999806
4289.0,0.6950987499999837,3.986443124999988,3.8865691249999887,-25.0,29.37981792299712,-0.024999999999999977,-0.019999999999999806
4290.0,0.6952374999999836,3.986543718749988,3.8866662499999887,-25.0,29.380201707693686,-0.024999999999999977,-0.019999999999999806
4291.0,0.6953762499999836,3.986644312499988,3.8867633749999886,-25.0,29.38058536092325,-0.024999999999999977,-0.019999999999999806
4292.0,0.6955149999999836,3.9867449062499882,3.8868604999999885,-25.0,29.380968882768002,-0.024999999999999977,-0.019999999999999806
4293.0,0.6956537499999835,3.986845499999988,3.8869576249999884,-25.0,29.38135227331003,-0.024999999999999977,-0.019999999999999806
4294.0,0.6957924999999835,3.9869460937499883,3.887054749999989,-25.0,29.38173553263141,-0.024999999999999977,-0.019999999999999806
4295.0,0.6959312499999835,3.9870466874999884,3.8871518749999887,-25.0,29.382118660814115,-0.024999999999999977,-0.019999999999999806
4296.0,0.6960699999999834,3.987147281249988,3.8872489999999886,-25.0,29.382501657940168,-0.024999999999999977,-0.019999999999999806
4297.0,0.6962087499999834,3.987247874999988,3.8873461249999886,-25.0,29.38288452409148,-0.024999999999999977,-0.019999999999999806
4298.0,0.6963474999999834,3.987348468749988,3.8874432499999885,-25.0,29.38326725934985,-0.024999999999999977,-0.019999999999999806
4299.0,0.6964862499999833,3.987449062499988,3.8875403749999884,-25.0,29.38364986379713,-0.024999999999999977,-0.019999999999999806
4300.0,0.6966249999999833,3.9875496562499877,3.8876374999999883,-25.0,29.384032337515066,-0.024999999999999977,-0.019999999999999806
4301.0,0.6967637499999833,3.9876502499999877,3.8877346249999882,-25.0,29.384414680585394,-0.024999999999999977,-0.019999999999999806
4302.0,0.6969024999999832,3.9877508437499882,3.8878317499999886,-25.0,29.384796893089742,-0.024999999999999977,-0.019999999999999806
4303.0,0.6970412499999832,3.987851437499988,3.8879288749999885,-25.0,29.38517897510968,-0.024999999999999977,-0.019999999999999806
4304.0,0.6971799999999831,3.987952031249988,3.8880259999999884,-25.0,29.385560926726782,-0.024999999999999977,-0.019999999999999806
4305.0,0.6973187499999831,3.988052624999988,3.8881231249999884,-25.0,29.385942748022558,-0.024999999999999977,-0.019999999999999806
4306.0,0.6974574999999831,3.988153218749988,3.8882202499999883,-25.0,29.386324439078464,-0.024999999999999977,-0.019999999999999806
4307.0,0.697596249999983,3.9882538124999876,3.888317374999988,-25.0,29.386705999975902,-0.024999999999999977,-0.019999999999999806
4308.0,0.697734999999983,3.9883544062499876,3.888414499999988,-25.0,29.387087430796214,-0.024999999999999977,-0.019999999999999806
4309.0,0.697873749999983,3.9884549999999876,3.888511624999988,-25.0,29.387468731620743,-0.024999999999999977,-0.019999999999999806
4310.0,0.6980124999999829,3.9885555937499877,3.8886087499999884,-25.0,29.38784990253066,-0.024999999999999977,-0.019999999999999806
4311.0,0.6981512499999829,3.9886561874999877,3.8887058749999883,-25.0,29.388230943607198,-0.024999999999999977,-0.019999999999999806
4312.0,0.6982899999999829,3.988756781249988,3.8888029999999882,-25.0,29.388611854931526,-0.024999999999999977,-0.019999999999999806
4313.0,0.6984287499999828,3.988857374999988,3.888900124999988,-25.0,29.388992636584703,-0.024999999999999977,-0.019999999999999806
4314.0,0.6985674999999828,3.9889579687499874,3.888997249999988,-25.0,29.38937328864779,-0.024999999999999977,-0.019999999999999806
4315.0,0.6987062499999828,3.9890585624999875,3.889094374999988,-25.0,29.389753811201786,-0.024999999999999977,-0.019999999999999806
4316.0,0.6988449999999827,3.9891591562499875,3.889191499999988,-25.0,29.39013420432758,-0.024999999999999977,-0.019999999999999806
4317.0,0.6989837499999827,3.9892597499999876,3.889288624999988,-25.0,29.39051446810612,-0.024999999999999977,-0.019999999999999806
4318.0,0.6991224999999827,3.9893603437499876,3.889385749999988,-25.0,29.390894602618232,-0.024999999999999977,-0.019999999999999806
4319.0,0.6992612499999826,3.9894609374999876,3.889482874999988,-25.0,29.391274607944695,-0.024999999999999977,-0.019999999999999806
4320.0,0.6993999999999826,3.9895615312499877,3.889579999999988,-25.0,29.39165448416628,-0.024999999999999977,-0.019999999999999806
4321.0,0.6995387499999826,3.9896621249999873,3.889677124999988,-25.0,29.392034231363652,-0.024999999999999977,-0.019999999999999806
4322.0,0.6996774999999825,3.9897627187499873,3.889774249999988,-25.0,29.39241384961747,-0.024999999999999977,-0.019999999999999806
4323.0,0.6998162499999825,3.9898633124999874,3.889871374999988,-25.0,29.392793339008335,-0.024999999999999977,-0.019999999999999806
4324.0,0.6999549999999825,3.9899639062499874,3.8899684999999877,-25.0,29.39317269961674,-0.024999999999999977,-0.019999999999999806
4325.0,0.7000937499999824,3.9900738749999856,3.890074999999986,-25.0,29.393551931523234,-0.024999999999999977,-0.019999999999999806
4326.0,0.7002324999999824,3.9901883437499857,3.890185999999986,-25.0,29.393931034808247,-0.024999999999999977,-0.019999999999999806
4327.0,0.7003712499999823,3.9903028124999858,3.890296999999986,-25.0,29.3943100095521,-0.024999999999999977,-0.019999999999999806
4328.0,0.7005099999999823,3.9904172812499854,3.890407999999986,-25.0,29.39468885583517,-0.024999999999999977,-0.019999999999999806
4329.0,0.7006487499999823,3.9905317499999855,3.890518999999986,-25.0,29.395067573737776,-0.024999999999999977,-0.019999999999999806
4330.0,0.7007874999999822,3.9906462187499856,3.890629999999986,-25.0,29.395446163340125,-0.024999999999999977,-0.019999999999999806
4331.0,0.7009262499999822,3.9907606874999857,3.890740999999986,-25.0,29.395824624722422,-0.024999999999999977,-0.019999999999999806
4332.0,0.7010649999999822,3.9908751562499853,3.890851999999986,-25.0,29.39620295796476,-0.024999999999999977,-0.019999999999999806
4333.0,0.7012037499999821,3.9909896249999854,3.890962999999986,-25.0,29.39658116314729,-0.024999999999999977,-0.019999999999999806
4334.0,0.7013424999999821,3.9911040937499855,3.891073999999986,-25.0,29.396959240349986,-0.024999999999999977,-0.019999999999999806
4335.0,0.7014812499999821,3.991218562499985,3.891184999999986,-25.0,29.397337189652887,-0.024999999999999977,-0.019999999999999806
4336.0,0.701619999999982,3.9913330312499853,3.891295999999986,-25.0,29.397715011135915,-0.024999999999999977,-0.019999999999999806
4337.0,0.701758749999982,3.9914474999999854,3.891406999999986,-25.0,29.398092704878934,-0.024999999999999977,-0.019999999999999806
4338.0,0.701897499999982,3.9915619687499855,3.891517999999986,-25.0,29.39847027096181,-0.024999999999999977,-0.019999999999999806
4339.0,0.7020362499999819,3.991676437499985,3.891628999999986,-25.0,29.39884770946435,-0.024999999999999977,-0.019999999999999806
4340.0,0.7021749999999819,3.9917909062499852,3.8917399999999858,-25.0,29.399225020466247,-0.024999999999999977,-0.019999999999999806
4341.0,0.7023137499999819,3.9919053749999853,3.8918509999999857,-25.0,29.3996022040472,-0.024999999999999977,-0.019999999999999806
4342.0,0.7024524999999818,3.992019843749985,3.8919619999999857,-25.0,29.39997926028684,-0.024999999999999977,-0.019999999999999806
4343.0,0.7025912499999818,3.992134312499985,3.8920729999999857,-25.0,29.400356189264812,-0.024999999999999977,-0.019999999999999806
4344.0,0.7027299999999818,3.992248781249985,3.8921839999999857,-25.0,29.40073299106058,-0.024999999999999977,-0.019999999999999806
4345.0,0.7028687499999817,3.9923632499999853,3.8922949999999856,-25.0,29.401109665753665,-0.024999999999999977,-0.019999999999999806
4346.0,0.7030074999999817,3.992477718749985,3.8924059999999856,-25.0,29.401486213423482,-0.024999999999999977,-0.019999999999999806
4347.0,0.7031462499999817,3.992592187499985,3.8925169999999856,-25.0,29.401862634149495,-0.024999999999999977,-0.019999999999999806
4348.0,0.7032849999999816,3.992706656249985,3.8926279999999855,-25.0,29.402238928010945,-0.024999999999999977,-0.019999999999999806
4349.0,0.7034237499999816,3.992821124999985,3.8927389999999855,-25.0,29.402615095087185,-0.024999999999999977,-0.019999999999999806
4350.0,0.7035624999999815,3.992935593749985,3.8928499999999855,-25.0,29.402991135457455,-0.024999999999999977,-0.019999999999999806
4351.0,0.7037012499999815,3.993050062499985,3.8929609999999855,-25.0,29.403367049200938,-0.024999999999999977,-0.019999999999999806
4352.0,0.7038399999999815,3.993164531249985,3.8930719999999854,-25.0,29.40374283639676,-0.024999999999999977,-0.019999999999999806
4353.0,0.7039787499999814,3.9932789999999847,3.8931829999999854,-25.0,29.40411849712399,-0.024999999999999977,-0.019999999999999806
4354.0,0.7041174999999814,3.993393468749985,3.8932939999999854,-25.0,29.404494031461752,-0.024999999999999977,-0.019999999999999806
4355.0,0.7042562499999814,3.993507937499985,3.8934049999999853,-25.0,29.404869439488948,-0.024999999999999977,-0.019999999999999806
4356.0,0.7043949999999813,3.993622406249985,3.8935159999999853,-25.0,29.40524472128459,-0.024999999999999977,-0.019999999999999806
4357.0,0.7045337499999813,3.9937368749999846,3.8936269999999853,-25.0,29.405619876927517,-0.024999999999999977,-0.019999999999999806
4358.0,0.7046724999999813,3.9938513437499847,3.8937379999999853,-25.0,29.40599490649663,-0.024999999999999977,-0.019999999999999806
4359.0,0.7048112499999812,3.993965812499985,3.8938489999999852,-25.0,29.406369810070714,-0.024999999999999977,-0.019999999999999806
4360.0,0.7049499999999812,3.9940802812499845,3.893959999999985,-25.0,29.406744587728497,-0.024999999999999977,-0.019999999999999806
4361.0,0.7050887499999812,3.9941947499999846,3.894070999999985,-25.0,29.40711923954865,-0.024999999999999977,-0.019999999999999806
4362.0,0.7052274999999811,3.9943092187499847,3.894181999999985,-25.0,29.407493765609843,-0.024999999999999977,-0.019999999999999806
4363.0,0.7053662499999811,3.9944236874999848,3.894292999999985,-25.0,29.407868165990692,-0.024999999999999977,-0.019999999999999806
4364.0,0.7055049999999811,3.9945381562499844,3.894403999999985,-25.0,29.408242440769754,-0.024999999999999977,-0.019999999999999806
4365.0,0.705643749999981,3.9946526249999845,3.894514999999985,-25.0,29.40861659002553,-0.024999999999999977,-0.019999999999999806
4366.0,0.705782499999981,3.9947670937499846,3.894625999999985,-25.0,29.408990613836465,-0.024999999999999977,-0.019999999999999806
4367.0,0.705921249999981,3.9948815624999843,3.894736999999985,-25.0,29.409364512280945,-0.024999999999999977,-0.019999999999999806
4368.0,0.7060599999999809,3.9949960312499844,3.894847999999985,-25.0,29.409738285437356,-0.024999999999999977,-0.019999999999999806
4369.0,0.7061987499999809,3.9951104999999845,3.894958999999985,-25.0,29.410111933383973,-0.024999999999999977,-0.019999999999999806
4370.0,0.7063374999999809,3.9952249687499846,3.895069999999985,-25.0,29.41048545619907,-0.024999999999999977,-0.019999999999999806
4371.0,0.7064762499999808,3.995339437499984,3.895180999999985,-25.0,29.410858853960804,-0.024999999999999977,-0.019999999999999806
4372.0,0.7066149999999808,3.9954539062499843,3.895291999999985,-25.0,29.411232126747393,-0.024999999999999977,-0.019999999999999806
4373.0,0.7067537499999808,3.9955683749999844,3.895402999999985,-25.0,29.41160527463694,-0.024999999999999977,-0.019999999999999806
4374.0,0.7068924999999807,3.995682843749984,3.895513999999985,-25.0,29.411978297707492,-0.024999999999999977,-0.019999999999999806
4375.0,0.7070312499999807,3.995797312499984,3.895624999999985,-25.0,29.412351196037037,-0.024999999999999977,-0.019999999999999806
4376.0,0.7071699999999806,3.9959117812499843,3.8957359999999848,-25.0,29.412723969703563,-0.024999999999999977,-0.019999999999999806
4377.0,0.7073087499999806,3.9960262499999843,3.8958469999999847,-25.0,29.413096618785005,-0.024999999999999977,-0.019999999999999806
4378.0,0.7074474999999806,3.996140718749984,3.8959579999999847,-25.0,29.41346914335918,-0.024999999999999977,-0.019999999999999806
4379.0,0.7075862499999805,3.996255187499984,3.8960689999999847,-25.0,29.413841543503963,-0.024999999999999977,-0.019999999999999806
4380.0,0.7077249999999805,3.996369656249984,3.8961799999999847,-25.0,29.41421381929706,-0.024999999999999977,-0.019999999999999806
4381.0,0.7078637499999805,3.9964841249999843,3.8962909999999846,-25.0,29.414585970816233,-0.024999999999999977,-0.019999999999999806
4382.0,0.7080024999999804,3.996598593749984,3.8964019999999846,-25.0,29.414957998139187,-0.024999999999999977,-0.019999999999999806
4383.0,0.7081412499999804,3.996713062499984,3.8965129999999846,-25.0,29.415329901343455,-0.024999999999999977,-0.019999999999999806
4384.0,0.7082799999999804,3.996827531249984,3.8966239999999845,-25.0,29.415701680506686,-0.024999999999999977,-0.019999999999999806
4385.0,0.7084187499999803,3.996941999999984,3.8967349999999845,-25.0,29.416073335706358,-0.024999999999999977,-0.019999999999999806
4386.0,0.7085574999999803,3.997056468749984,3.8968459999999845,-25.0,29.416444867020004,-0.024999999999999977,-0.019999999999999806
4387.0,0.7086962499999803,3.997170937499984,3.8969569999999845,-25.0,29.41681627452499,-0.024999999999999977,-0.019999999999999806
4388.0,0.7088349999999802,3.997285406249984,3.8970679999999844,-25.0,29.417187558298735,-0.024999999999999977,-0.019999999999999806
4389.0,0.7089737499999802,3.9973998749999837,3.8971789999999844,-25.0,29.417558718418547,-0.024999999999999977,-0.019999999999999806
4390.0,0.7091124999999802,3.997514343749984,3.8972899999999844,-25.0,29.417929754961733,-0.024999999999999977,-0.019999999999999806
4391.0,0.7092512499999801,3.997628812499984,3.8974009999999844,-25.0,29.418300668005486,-0.024999999999999977,-0.019999999999999806
4392.0,0.7093899999999801,3.9977432812499836,3.8975119999999843,-25.0,29.418671457627056,-0.024999999999999977,-0.019999999999999806
4393.0,0.7095287499999801,3.9978577499999837,3.8976229999999843,-25.0,29.419042123903523,-0.024999999999999977,-0.019999999999999806
4394.0,0.70966749999998,3.9979722187499838,3.8977339999999843,-25.0,29.419412666912024,-0.024999999999999977,-0.019999999999999806
4395.0,0.70980624999998,3.998086687499984,3.8978449999999842,-25.0,29.41978308672958,-0.024999999999999977,-0.019999999999999806
4396.0,0.70994499999998,3.9982011562499835,3.897955999999984,-25.0,29.42015338343316,-0.024999999999999977,-0.019999999999999806
4397.0,0.7100837499999799,3.9983156249999836,3.898066999999984,-25.0,29.420523557099784,-0.024999999999999977,-0.019999999999999806
4398.0,0.7102224999999799,3.9984300937499837,3.898177999999984,-25.0,29.420893607806306,-0.024999999999999977,-0.019999999999999806
4399.0,0.7103612499999798,3.9985445624999834,3.898288999999984,-25.0,29.421263535629578,-0.024999999999999977,-0.019999999999999806
4400.0,0.7104999999999798,3.9986590312499835,3.898399999999984,-25.0,29.421633340646395,-0.024999999999999977,-0.019999999999999806
4401.0,0.7106387499999798,3.9987734999999835,3.898510999999984,-25.0,29.422003022933495,-0.024999999999999977,-0.019999999999999806
4402.0,0.7107774999999797,3.9988879687499836,3.898621999999984,-25.0,29.42237258256762,-0.024999999999999977,-0.019999999999999806
4403.0,0.7109162499999797,3.9990024374999833,3.898732999999984,-25.0,29.42274201962539,-0.024999999999999977,-0.019999999999999806
4404.0,0.7110549999999797,3.9991169062499834,3.898843999999984,-25.0,29.42311133418343,-0.024999999999999977,-0.019999999999999806
4405.0,0.7111937499999796,3.9992313749999835,3.898954999999984,-25.0,29.423480526318315,-0.024999999999999977,-0.019999999999999806
4406.0,0.7113324999999796,3.999345843749983,3.899065999999984,-25.0,29.42384959610655,-0.024999999999999977,-0.019999999999999806
4407.0,0.7114712499999796,3.9994603124999832,3.899176999999984,-25.0,29.42421854362459,-0.024999999999999977,-0.019999999999999806
4408.0,0.7116099999999795,3.9995747812499833,3.899287999999984,-25.0,29.42458736894889,-0.024999999999999977,-0.019999999999999806
4409.0,0.7117487499999795,3.9996892499999834,3.899398999999984,-25.0,29.424956072155794,-0.024999999999999977,-0.019999999999999806
4410.0,0.7118874999999795,3.999803718749983,3.899509999999984,-25.0,29.42532465332164,-0.024999999999999977,-0.019999999999999806
4411.0,0.7120262499999794,3.999918187499983,3.899620999999984,-25.0,29.42569311252271,-0.024999999999999977,-0.019999999999999806
4412.0,0.7121649999999794,4.000032656249983,3.8997319999999838,-25.0,29.426061449835174,-0.024999999999999977,-0.019999999999999806
4413.0,0.7123037499999794,4.000147124999983,3.8998429999999837,-25.0,29.426429665335263,-0.024999999999999977,-0.019999999999999806
4414.0,0.7124424999999793,4.000261593749983,3.8999539999999837,-25.0,29.426797759099088,-0.024999999999999977,-0.019999999999999806
4415.0,0.7125812499999793,4.000376062499983,3.9000649999999837,-25.0,29.427165731202763,-0.024999999999999977,-0.019999999999999806
4416.0,0.7127199999999793,4.000490531249983,3.9001759999999837,-25.0,29.427533581722344,-0.024999999999999977,-0.019999999999999806
4417.0,0.7128587499999792,4.000604999999982,3.9002869999999836,-25.0,29.427901310733773,-0.024999999999999977,-0.019999999999999806
4418.0,0.7129974999999792,4.000719468749983,3.9003979999999836,-25.0,29.428268918312995,-0.024999999999999977,-0.019999999999999806
4419.0,0.7131362499999792,4.000833937499983,3.9005089999999836,-25.0,29.42863640453595,-0.024999999999999977,-0.019999999999999806
4420.0,0.7132749999999791,4.000948406249983,3.9006199999999835,-25.0,29.429003769478413,-0.024999999999999977,-0.019999999999999806
4421.0,0.7134137499999791,4.001062874999983,3.9007309999999835,-25.0,29.429371013216212,-0.024999999999999977,-0.019999999999999806
4422.0,0.713552499999979,4.0011773437499825,3.9008419999999835,-25.0,29.42973813582512,-0.024999999999999977,-0.019999999999999806
4423.0,0.713691249999979,4.001291812499983,3.9009529999999835,-25.0,29.43010513738085,-0.024999999999999977,-0.019999999999999806
4424.0,0.713829999999979,4.001406281249983,3.9010639999999834,-25.0,29.43047201795906,-0.024999999999999977,-0.019999999999999806
4425.0,0.713968749999979,4.001520749999982,3.9011749999999834,-25.0,29.43083877763536,-0.024999999999999977,-0.019999999999999806
4426.0,0.7141074999999789,4.001635218749983,3.9012859999999834,-25.0,29.431205416485284,-0.024999999999999977,-0.019999999999999806
4427.0,0.7142462499999789,4.0017496874999825,3.9013969999999834,-25.0,29.431571934584383,-0.024999999999999977,-0.019999999999999806
4428.0,0.7143849999999788,4.001864156249982,3.9015079999999833,-25.0,29.431938332008087,-0.024999999999999977,-0.019999999999999806
4429.0,0.7145237499999788,4.001978624999983,3.9016189999999833,-25.0,29.432304608831828,-0.024999999999999977,-0.019999999999999806
4430.0,0.7146624999999788,4.002093093749982,3.9017299999999833,-25.0,29.43267076513098,-0.024999999999999977,-0.019999999999999806
4431.0,0.7148012499999787,4.002207562499982,3.9018409999999832,-25.0,29.433036800980915,-0.024999999999999977,-0.019999999999999806
4432.0,0.7149399999999787,4.0023220312499825,3.901951999999983,-25.0,29.43340271645684,-0.024999999999999977,-0.019999999999999806
4433.0,0.7150787499999787,4.002436499999982,3.902062999999983,-25.0,29.43376851163407,-0.024999999999999977,-0.019999999999999806
4434.0,0.7152174999999786,4.002550968749983,3.902173999999983,-25.0,29.434134186587755,-0.024999999999999977,-0.019999999999999806
4435.0,0.7153562499999786,4.002665437499982,3.902284999999983,-25.0,29.43449974139304,-0.024999999999999977,-0.019999999999999806
4436.0,0.7154949999999786,4.002779906249982,3.902395999999983,-25.0,29.43486517612496,-0.024999999999999977,-0.019999999999999806
4437.0,0.7156337499999785,4.002894374999983,3.902506999999983,-25.0,29.435230490858658,-0.024999999999999977,-0.019999999999999806
4438.0,0.7157724999999785,4.003008843749982,3.902617999999983,-25.0,29.435595685669057,-0.024999999999999977,-0.019999999999999806
4439.0,0.7159112499999785,4.003123312499982,3.902728999999983,-25.0,29.435960760631133,-0.024999999999999977,-0.019999999999999806
4440.0,0.7160499999999784,4.003237781249982,3.902839999999983,-25.0,29.436325715819805,-0.024999999999999977,-0.019999999999999806
4441.0,0.7161887499999784,4.003352249999982,3.902950999999983,-25.0,29.436690551309937,-0.024999999999999977,-0.019999999999999806
4442.0,0.7163274999999784,4.003466718749982,3.903061999999983,-25.0,29.437055267176333,-0.024999999999999977,-0.019999999999999806
4443.0,0.7164662499999783,4.003581187499982,3.903172999999983,-25.0,29.437419863493744,-0.024999999999999977,-0.019999999999999806
4444.0,0.7166049999999783,4.003695656249982,3.903283999999983,-25.0,29.43778434033686,-0.024999999999999977,-0.019999999999999806
4445.0,0.7167437499999783,4.0038101249999825,3.903394999999983,-25.0,29.438148697780377,-0.024999999999999977,-0.019999999999999806
4446.0,0.7168824999999782,4.003924593749982,3.903505999999983,-25.0,29.438512935898927,-0.024999999999999977,-0.019999999999999806
4447.0,0.7170212499999782,4.004039062499982,3.903616999999983,-25.0,29.43887705476709,-0.024999999999999977,-0.019999999999999806
4448.0,0.7171599999999781,4.004153531249982,3.9037279999999828,-25.0,29.439241054459444,-0.024999999999999977,-0.019999999999999806
4449.0,0.7172987499999781,4.004267999999982,3.9038389999999827,-25.0,29.439604935050397,-0.024999999999999977,-0.019999999999999806
4450.0,0.7174374999999781,4.004382468749982,3.9039499999999827,-25.0,29.439968696614415,-0.024999999999999977,-0.019999999999999806
4451.0,0.717576249999978,4.004496937499982,3.9040609999999827,-25.0,29.440332339225904,-0.024999999999999977,-0.019999999999999806
4452.0,0.717714999999978,4.004611406249982,3.9041719999999827,-25.0,29.440695862959217,-0.024999999999999977,-0.019999999999999806
4453.0,0.717853749999978,4.0047258749999814,3.9042829999999826,-25.0,29.44105926788859,-0.024999999999999977,-0.019999999999999806
4454.0,0.7179924999999779,4.004840343749982,3.9043939999999826,-25.0,29.44142255408832,-0.024999999999999977,-0.019999999999999806
4455.0,0.7181312499999779,4.004954812499982,3.9045049999999826,-25.0,29.44178572163264,-0.024999999999999977,-0.019999999999999806
4456.0,0.7182699999999779,4.005069281249981,3.9046159999999825,-25.0,29.44214877059568,-0.024999999999999977,-0.019999999999999806
4457.0,0.7184087499999778,4.005183749999982,3.9047269999999825,-25.0,29.442511701051558,-0.024999999999999977,-0.019999999999999806
4458.0,0.7185474999999778,4.0052982187499815,3.9048379999999825,-25.0,29.442874513074344,-0.024999999999999977,-0.019999999999999806
4459.0,0.7186862499999778,4.005412687499982,3.9049489999999825,-25.0,29.443237206738047,-0.024999999999999977,-0.019999999999999806
4460.0,0.7188249999999777,4.005527156249982,3.9050599999999824,-25.0,29.44359978211662,-0.024999999999999977,-0.019999999999999806
4461.0,0.7189637499999777,4.005641624999981,3.9051709999999824,-25.0,29.443962239284076,-0.024999999999999977,-0.019999999999999806
4462.0,0.7191024999999777,4.005756093749982,3.9052819999999824,-25.0,29.444324578314195,-0.024999999999999977,-0.019999999999999806
4463.0,0.7192412499999776,4.0058705624999815,3.9053929999999824,-25.0,29.444686799280873,-0.024999999999999977,-0.019999999999999806
4464.0,0.7193799999999776,4.005985031249981,3.9055039999999823,-25.0,29.445048902257895,-0.024999999999999977,-0.019999999999999806
4465.0,0.7195187499999776,4.006099499999982,3.9056149999999823,-25.0,29.445410887318985,-0.024999999999999977,-0.019999999999999806
4466.0,0.7196574999999775,4.006213968749981,3.9057259999999823,-25.0,29.44577275453787,-0.024999999999999977,-0.019999999999999806
4467.0,0.7197962499999775,4.006328437499981,3.9058369999999822,-25.0,29.446134503988162,-0.024999999999999977,-0.019999999999999806
4468.0,0.7199349999999775,4.006442906249982,3.905947999999982,-25.0,29.446496135743473,-0.024999999999999977,-0.019999999999999806
4469.0,0.7200737499999774,4.006557374999981,3.906058999999982,-25.0,29.44685764987736,-0.024999999999999977,-0.019999999999999806
4470.0,0.7202124999999774,4.006671843749981,3.906169999999982,-25.0,29.447219046463374,-0.024999999999999977,-0.019999999999999806
4471.0,0.7203512499999773,4.006786312499981,3.906280999999982,-25.0,29.44758032557496,-0.024999999999999977,-0.019999999999999806
4472.0,0.7204899999999773,4.006900781249981,3.906391999999982,-25.0,29.44794148728556,-0.024999999999999977,-0.019999999999999806
4473.0,0.7206287499999773,4.007015249999982,3.906502999999982,-25.0,29.448302531668503,-0.024999999999999977,-0.019999999999999806
4474.0,0.7207674999999772,4.007129718749981,3.906613999999982,-25.0,29.44866345879717,-0.024999999999999977,-0.019999999999999806
4475.0,0.7209062499999772,4.007244187499981,3.906724999999982,-25.0,29.44902426874478,-0.024999999999999977,-0.019999999999999806
4476.0,0.7210449999999772,4.007358656249981,3.906835999999982,-25.0,29.4493849615846,-0.024999999999999977,-0.019999999999999806
4477.0,0.7211837499999771,4.007473124999981,3.906946999999982,-25.0,29.449745537389845,-0.024999999999999977,-0.019999999999999806
4478.0,0.7213224999999771,4.007587593749981,3.907057999999982,-25.0,29.450105996233674,-0.024999999999999977,-0.019999999999999806
4479.0,0.7214612499999771,4.007702062499981,3.907168999999982,-25.0,29.45046633818913,-0.024999999999999977,-0.019999999999999806
4480.0,0.721599999999977,4.007816531249981,3.907279999999982,-25.0,29.450826563329315,-0.024999999999999977,-0.019999999999999806
4481.0,0.721738749999977,4.007930999999981,3.907390999999982,-25.0,29.451186671727214,-0.024999999999999977,-0.019999999999999806
4482.0,0.721877499999977,4.008045468749981,3.907501999999982,-25.0,29.451546663455815,-0.024999999999999977,-0.019999999999999806
4483.0,0.7220162499999769,4.008159937499981,3.907612999999982,-25.0,29.451906538588048,-0.024999999999999977,-0.019999999999999806
4484.0,0.7221549999999769,4.008274406249981,3.9077239999999818,-25.0,29.45226629719673,-0.024999999999999977,-0.019999999999999806
4485.0,0.7222937499999769,4.008388874999981,3.9078349999999817,-25.0,29.452625939354732,-0.024999999999999977,-0.019999999999999806
4486.0,0.7224324999999768,4.008503343749981,3.9079459999999817,-25.0,29.452985465134816,-0.024999999999999977,-0.019999999999999806
4487.0,0.7225712499999768,4.008617812499981,3.9080569999999817,-25.0,29.45334487460974,-0.024999999999999977,-0.019999999999999806
4488.0,0.7227099999999768,4.008732281249981,3.9081679999999817,-25.0,29.453704167852152,-0.024999999999999977,-0.019999999999999806
4489.0,0.7228487499999767,4.0088467499999805,3.9082789999999816,-25.0,29.454063344934752,-0.024999999999999977,-0.019999999999999806
4490.0,0.7229874999999767,4.008961218749981,3.9083899999999816,-25.0,29.45442240593013,-0.024999999999999977,-0.019999999999999806
4491.0,0.7231262499999767,4.009075687499981,3.9085009999999816,-25.0,29.45478135091082,-0.024999999999999977,-0.019999999999999806
4492.0,0.7232649999999766,4.00919015624998,3.9086119999999815,-25.0,29.455140179949296,-0.024999999999999977,-0.019999999999999806
4493.0,0.7234037499999766,4.009304624999981,3.9087229999999815,-25.0,29.45549889311809,-0.024999999999999977,-0.019999999999999806
4494.0,0.7235424999999766,4.0094190937499805,3.9088339999999815,-25.0,29.455857490489564,-0.024999999999999977,-0.019999999999999806
4495.0,0.7236812499999765,4.00953356249998,3.9089449999999815,-25.0,29.456215972136135,-0.024999999999999977,-0.019999999999999806
4496.0,0.7238199999999765,4.009648031249981,3.9090559999999814,-25.0,29.45657433813011,-0.024999999999999977,-0.019999999999999806
4497.0,0.7239587499999764,4.00976249999998,3.9091669999999814,-25.0,29.456932588543793,-0.024999999999999977,-0.019999999999999806
4498.0,0.7240974999999764,4.009876968749981,3.9092779999999814,-25.0,29.457290723449375,-0.024999999999999977,-0.019999999999999806
4499.0,0.7242362499999764,4.0099914374999805,3.9093889999999814,-25.0,29.457648742919105,-0.024999999999999977,-0.019999999999999806
4500.0,0.7243749999999763,4.01010590624998,3.9094999999999813,-25.0,29.458006647025115,-0.024999999999999977,-0.019999999999999806
4501.0,0.7245137499999763,4.010220374999981,3.9096109999999813,-25.0,29.458364435839485,-0.024999999999999977,-0.019999999999999806
4502.0,0.7246524999999763,4.01033484374998,3.9097219999999813,-25.0,29.45872210943429,-0.024999999999999977,-0.019999999999999806
4503.0,0.7247912499999762,4.01044931249998,3.9098329999999812,-25.0,29.459079667881497,-0.024999999999999977,-0.019999999999999806
4504.0,0.7249299999999762,4.010563781249981,3.909943999999981,-25.0,29.459437111253123,-0.024999999999999977,-0.019999999999999806
4505.0,0.7250687499999762,4.01067824999998,3.910054999999981,-25.0,29.459794439621078,-0.024999999999999977,-0.019999999999999806
4506.0,0.7252074999999761,4.01079271874998,3.910165999999981,-25.0,29.460151653057267,-0.024999999999999977,-0.019999999999999806
4507.0,0.7253462499999761,4.01090718749998,3.910276999999981,-25.0,29.460508751633483,-0.024999999999999977,-0.019999999999999806
4508.0,0.7254849999999761,4.01102165624998,3.910387999999981,-25.0,29.46086573542152,-0.024999999999999977,-0.019999999999999806
4509.0,0.725623749999976,4.011136124999981,3.910498999999981,-25.0,29.461222604493116,-0.024999999999999977,-0.019999999999999806
4510.0,0.725762499999976,4.01125059374998,3.910609999999981,-25.0,29.461579358920005,-0.024999999999999977,-0.019999999999999806
4511.0,0.725901249999976,4.01136506249998,3.910720999999981,-25.0,29.46193599877381,-0.024999999999999977,-0.019999999999999806
4512.0,0.7260399999999759,4.0114795312499805,3.910831999999981,-25.0,29.462292524126156,-0.024999999999999977,-0.019999999999999806
4513.0,0.7261787499999759,4.01159399999998,3.910942999999981,-25.0,29.46264893504855,-0.024999999999999977,-0.019999999999999806
4514.0,0.7263174999999759,4.01170846874998,3.911053999999981,-25.0,29.463005231612556,-0.024999999999999977,-0.019999999999999806
4515.0,0.7264562499999758,4.01182293749998,3.911164999999981,-25.0,29.463361413889686,-0.024999999999999977,-0.019999999999999806
4516.0,0.7265949999999758,4.01193740624998,3.911275999999981,-25.0,29.463717481951335,-0.024999999999999977,-0.019999999999999806
4517.0,0.7267337499999758,4.01205187499998,3.911386999999981,-25.0,29.46407343586884,-0.024999999999999977,-0.019999999999999806
4518.0,0.7268724999999757,4.01216634374998,3.911497999999981,-25.0,29.4644292757136,-0.024999999999999977,-0.019999999999999806
4519.0,0.7270112499999757,4.01228081249998,3.911608999999981,-25.0,29.46478500155689,-0.024999999999999977,-0.019999999999999806
4520.0,0.7271499999999756,4.0123952812499795,3.9117199999999808,-25.0,29.46514061347,-0.024999999999999977,-0.019999999999999806
4521.0,0.7272887499999756,4.01250974999998,3.9118309999999807,-25.0,29.46549611152409,-0.024999999999999977,-0.019999999999999806
4522.0,0.7274274999999756,4.01262421874998,3.9119419999999807,-25.0,29.465851495790332,-0.024999999999999977,-0.019999999999999806
4523.0,0.7275662499999755,4.01273868749998,3.9120529999999807,-25.0,29.466206766339837,-0.024999999999999977,-0.019999999999999806
4524.0,0.7277049999999755,4.01285315624998,3.9121639999999807,-25.0,29.46656192324366,-0.024999999999999977,-0.019999999999999806
4525.0,0.7278437499999755,4.0129676249999795,3.9122749999999806,-25.0,29.46691696657291,-0.024999999999999977,-0.019999999999999806
4526.0,0.7279824999999754,4.01308209374998,3.9123859999999806,-25.0,29.467271896398472,-0.024999999999999977,-0.019999999999999806
4527.0,0.7281212499999754,4.01319656249998,3.9124969999999806,-25.0,29.467626712791343,-0.024999999999999977,-0.019999999999999806
4528.0,0.7282599999999754,4.013311031249979,3.9126079999999805,-25.0,29.467981415822408,-0.024999999999999977,-0.019999999999999806
4529.0,0.7283987499999753,4.01342549999998,3.9127189999999805,-25.0,29.46833600556249,-0.024999999999999977,-0.019999999999999806
4530.0,0.7285374999999753,4.0135399687499795,3.9128299999999805,-25.0,29.46869048208248,-0.024999999999999977,-0.019999999999999806
4531.0,0.7286762499999753,4.013654437499979,3.9129409999999805,-25.0,29.469044845453027,-0.024999999999999977,-0.019999999999999806
4532.0,0.7288149999999752,4.01376890624998,3.9130519999999804,-25.0,29.469399095744905,-0.024999999999999977,-0.019999999999999806
4533.0,0.7289537499999752,4.013883374999979,3.9131629999999804,-25.0,29.469753233028825,-0.024999999999999977,-0.019999999999999806
4534.0,0.7290924999999752,4.013997843749979,3.9132739999999804,-25.0,29.47010725737539,-0.024999999999999977,-0.019999999999999806
4535.0,0.7292312499999751,4.01411231249998,3.9133849999999804,-25.0,29.470461168855138,-0.024999999999999977,-0.019999999999999806
4536.0,0.7293699999999751,4.014226781249979,3.9134959999999803,-25.0,29.470814967538672,-0.024999999999999977,-0.019999999999999806
4537.0,0.7295087499999751,4.01434124999998,3.9136069999999803,-25.0,29.471168653496477,-0.024999999999999977,-0.019999999999999806
4538.0,0.729647499999975,4.014455718749979,3.9137179999999803,-25.0,29.47152222679898,-0.024999999999999977,-0.019999999999999806
4539.0,0.729786249999975,4.014570187499979,3.9138289999999802,-25.0,29.471875687516615,-0.024999999999999977,-0.019999999999999806
4540.0,0.729924999999975,4.01468465624998,3.91393999999998,-25.0,29.47222903571975,-0.024999999999999977,-0.019999999999999806
4541.0,0.7300637499999749,4.014799124999979,3.91405099999998,-25.0,29.4725822714787,-0.024999999999999977,-0.019999999999999806
4542.0,0.7302024999999749,4.014913593749979,3.91416199999998,-25.0,29.472935394863725,-0.024999999999999977,-0.019999999999999806
4543.0,0.7303412499999749,4.0150280624999795,3.91427299999998,-25.0,29.473288405945084,-0.024999999999999977,-0.019999999999999806
4544.0,0.7304799999999748,4.015142531249979,3.91438399999998,-25.0,29.47364130479292,-0.024999999999999977,-0.019999999999999806
4545.0,0.7306187499999748,4.015256999999979,3.91449499999998,-25.0,29.473994091477437,-0.024999999999999977,-0.019999999999999806
4546.0,0.7307574999999747,4.015371468749979,3.91460599999998,-25.0,29.47434676606872,-0.024999999999999977,-0.019999999999999806
4547.0,0.7308962499999747,4.015485937499979,3.91471699999998,-25.0,29.474699328636802,-0.024999999999999977,-0.019999999999999806
4548.0,0.7310349999999747,4.0156004062499795,3.91482799999998,-25.0,29.475051779251714,-0.024999999999999977,-0.019999999999999806
4549.0,0.7311737499999746,4.015714874999979,3.91493899999998,-25.0,29.47540411798343,-0.024999999999999977,-0.019999999999999806
4550.0,0.7313124999999746,4.015829343749979,3.91504999999998,-25.0,29.475756344901868,-0.024999999999999977,-0.019999999999999806
4551.0,0.7314512499999746,4.015943812499979,3.91516099999998,-25.0,29.476108460076944,-0.024999999999999977,-0.019999999999999806
4552.0,0.7315899999999745,4.016058281249979,3.91527199999998,-25.0,29.476460463578462,-0.024999999999999977,-0.019999999999999806
4553.0,0.7317287499999745,4.016172749999979,3.91538299999998,-25.0,29.476812355476227,-0.024999999999999977,-0.019999999999999806
4554.0,0.7318674999999745,4.016287218749979,3.91549399999998,-25.0,29.477164135839985,-0.024999999999999977,-0.019999999999999806
4555.0,0.7320062499999744,4.016401687499979,3.91560499999998,-25.0,29.477515804739483,-0.024999999999999977,-0.019999999999999806
4556.0,0.7321449999999744,4.0165161562499785,3.9157159999999798,-25.0,29.477867362244353,-0.024999999999999977,-0.019999999999999806
4557.0,0.7322837499999744,4.016630624999979,3.9158269999999797,-25.0,29.478218808424174,-0.024999999999999977,-0.019999999999999806
4558.0,0.7324224999999743,4.016745093749979,3.9159379999999797,-25.0,29.478570143348577,-0.024999999999999977,-0.019999999999999806
4559.0,0.7325612499999743,4.016859562499978,3.9160489999999797,-25.0,29.478921367087082,-0.024999999999999977,-0.019999999999999806
4560.0,0.7326999999999743,4.016974031249979,3.9161599999999797,-25.0,29.47927247970921,-0.024999999999999977,-0.019999999999999806
4561.0,0.7328387499999742,4.0170884999999785,3.9162709999999796,-25.0,29.479623481284364,-0.024999999999999977,-0.019999999999999806
4562.0,0.7329774999999742,4.017202968749979,3.9163819999999796,-25.0,29.479974371882008,-0.024999999999999977,-0.019999999999999806
4563.0,0.7331162499999742,4.017317437499979,3.9164929999999796,-25.0,29.480325151571435,-0.024999999999999977,-0.019999999999999806
4564.0,0.7332549999999741,4.017431906249978,3.9166039999999795,-25.0,29.480675820421993,-0.024999999999999977,-0.019999999999999806
4565.0,0.7333937499999741,4.017546374999979,3.9167149999999795,-25.0,29.481026378502975,-0.024999999999999977,-0.019999999999999806
4566.0,0.733532499999974,4.017660843749979,3.9168259999999795,-25.0,29.481376825883615,-0.024999999999999977,-0.019999999999999806
4567.0,0.733671249999974,4.017775312499978,3.9169369999999795,-25.0,29.481727162633035,-0.024999999999999977,-0.019999999999999806
4568.0,0.733809999999974,4.017889781249979,3.9170479999999794,-25.0,29.48207738882047,-0.024999999999999977,-0.019999999999999806
4569.0,0.733948749999974,4.018004249999978,3.9171589999999794,-25.0,29.48242750451493,-0.024999999999999977,-0.019999999999999806
4570.0,0.7340874999999739,4.018118718749978,3.9172699999999794,-25.0,29.482777509785535,-0.024999999999999977,-0.019999999999999806
4571.0,0.7342262499999739,4.018233187499979,3.9173809999999794,-25.0,29.483127404701293,-0.024999999999999977,-0.019999999999999806
4572.0,0.7343649999999738,4.018347656249978,3.9174919999999793,-25.0,29.483477189331154,-0.024999999999999977,-0.019999999999999806
4573.0,0.7345037499999738,4.018462124999979,3.9176029999999793,-25.0,29.48382686374407,-0.024999999999999977,-0.019999999999999806
4574.0,0.7346424999999738,4.018576593749978,3.9177139999999793,-25.0,29.484176428008936,-0.024999999999999977,-0.019999999999999806
4575.0,0.7347812499999737,4.018691062499978,3.9178249999999792,-25.0,29.484525882194532,-0.024999999999999977,-0.019999999999999806
4576.0,0.7349199999999737,4.018805531249979,3.917935999999979,-25.0,29.484875226369695,-0.024999999999999977,-0.019999999999999806
4577.0,0.7350587499999737,4.018919999999978,3.918046999999979,-25.0,29.485224460603206,-0.024999999999999977,-0.019999999999999806
4578.0,0.7351974999999736,4.019034468749978,3.918157999999979,-25.0,29.485573584963788,-0.024999999999999977,-0.019999999999999806
4579.0,0.7353362499999736,4.0191489374999785,3.918268999999979,-25.0,29.485922599520052,-0.024999999999999977,-0.019999999999999806
4580.0,0.7354749999999736,4.019263406249978,3.918379999999979,-25.0,29.486271504340664,-0.024999999999999977,-0.019999999999999806
4581.0,0.7356137499999735,4.019377874999978,3.918490999999979,-25.0,29.486620299494177,-0.024999999999999977,-0.019999999999999806
4582.0,0.7357524999999735,4.019492343749978,3.918601999999979,-25.0,29.486968985049202,-0.024999999999999977,-0.019999999999999806
4583.0,0.7358912499999735,4.019606812499978,3.918712999999979,-25.0,29.48731756107418,-0.024999999999999977,-0.019999999999999806
4584.0,0.7360299999999734,4.019721281249978,3.918823999999979,-25.0,29.487666027637545,-0.024999999999999977,-0.019999999999999806
4585.0,0.7361687499999734,4.019835749999978,3.918934999999979,-25.0,29.488014384807798,-0.024999999999999977,-0.019999999999999806
4586.0,0.7363074999999734,4.019950218749978,3.919045999999979,-25.0,29.488362632653207,-0.024999999999999977,-0.019999999999999806
4587.0,0.7364462499999733,4.020064687499978,3.919156999999979,-25.0,29.488710771242154,-0.024999999999999977,-0.019999999999999806
4588.0,0.7365849999999733,4.020179156249978,3.919267999999979,-25.0,29.489058800642965,-0.024999999999999977,-0.019999999999999806
4589.0,0.7367237499999733,4.020293624999978,3.919378999999979,-25.0,29.489406720923796,-0.024999999999999977,-0.019999999999999806
4590.0,0.7368624999999732,4.020408093749978,3.919489999999979,-25.0,29.489754532152915,-0.024999999999999977,-0.019999999999999806
4591.0,0.7370012499999732,4.020522562499978,3.919600999999979,-25.0,29.49010223439842,-0.024999999999999977,-0.019999999999999806
4592.0,0.7371399999999732,4.0206370312499775,3.9197119999999788,-25.0,29.49044982772847,-0.024999999999999977,-0.019999999999999806
4593.0,0.7372787499999731,4.020751499999978,3.9198229999999787,-25.0,29.490797312211157,-0.024999999999999977,-0.019999999999999806
4594.0,0.7374174999999731,4.020865968749978,3.9199339999999787,-25.0,29.49114468791447,-0.024999999999999977,-0.019999999999999806
4595.0,0.737556249999973,4.020980437499977,3.9200449999999787,-25.0,29.491491954906394,-0.024999999999999977,-0.019999999999999806
4596.0,0.737694999999973,4.021094906249978,3.9201559999999787,-25.0,29.491839113254912,-0.024999999999999977,-0.019999999999999806
4597.0,0.737833749999973,4.0212093749999775,3.9202669999999786,-25.0,29.492186163027895,-0.024999999999999977,-0.019999999999999806
4598.0,0.7379724999999729,4.021323843749977,3.9203779999999786,-25.0,29.492533104293216,-0.024999999999999977,-0.019999999999999806
4599.0,0.7381112499999729,4.021438312499978,3.9204889999999786,-25.0,29.49287993711863,-0.024999999999999977,-0.019999999999999806
4600.0,0.7382499999999729,4.021552781249977,3.9205999999999785,-25.0,29.49322666157201,-0.024999999999999977,-0.019999999999999806
4601.0,0.7383887499999728,4.021667249999978,3.9207109999999785,-25.0,29.493573277721055,-0.024999999999999977,-0.019999999999999806
4602.0,0.7385274999999728,4.021781718749978,3.9208219999999785,-25.0,29.49391978563341,-0.024999999999999977,-0.019999999999999806
4603.0,0.7386662499999728,4.021896187499977,3.9209329999999785,-25.0,29.494266185376773,-0.024999999999999977,-0.019999999999999806
4604.0,0.7388049999999727,4.022010656249978,3.9210439999999784,-25.0,29.494612477018734,-0.024999999999999977,-0.019999999999999806
4605.0,0.7389437499999727,4.022125124999977,3.9211549999999784,-25.0,29.49495866062682,-0.024999999999999977,-0.019999999999999806
4606.0,0.7390824999999727,4.022239593749977,3.9212659999999784,-25.0,29.495304736268622,-0.024999999999999977,-0.019999999999999806
4607.0,0.7392212499999726,4.022354062499978,3.9213769999999784,-25.0,29.495650704011553,-0.024999999999999977,-0.019999999999999806
4608.0,0.7393599999999726,4.022468531249977,3.9214879999999783,-25.0,29.495996563923086,-0.024999999999999977,-0.019999999999999806
4609.0,0.7394987499999726,4.022582999999977,3.9215989999999783,-25.0,29.49634231607064,-0.024999999999999977,-0.019999999999999806
4610.0,0.7396374999999725,4.0226974687499775,3.9217099999999783,-25.0,29.496687960521513,-0.024999999999999977,-0.019999999999999806
4611.0,0.7397762499999725,4.022811937499977,3.9218209999999782,-25.0,29.497033497343068,-0.024999999999999977,-0.019999999999999806
4612.0,0.7399149999999725,4.022926406249978,3.921931999999978,-25.0,29.49737892660255,-0.024999999999999977,-0.019999999999999806
4613.0,0.7400537499999724,4.023040874999977,3.922042999999978,-25.0,29.49772424836715,-0.024999999999999977,-0.019999999999999806
4614.0,0.7401924999999724,4.023155343749977,3.922153999999978,-25.0,29.49806946270411,-0.024999999999999977,-0.019999999999999806
4615.0,0.7403312499999724,4.0232698124999775,3.922264999999978,-25.0,29.498414569680563,-0.024999999999999977,-0.019999999999999806
4616.0,0.7404699999999723,4.023384281249977,3.922375999999978,-25.0,29.498759569363585,-0.024999999999999977,-0.019999999999999806
4617.0,0.7406087499999723,4.023498749999977,3.922486999999978,-25.0,29.499104461820252,-0.024999999999999977,-0.019999999999999806
4618.0,0.7407474999999722,4.023613218749977,3.922597999999978,-25.0,29.499449247117525,-0.024999999999999977,-0.019999999999999806
4619.0,0.7408862499999722,4.023727687499977,3.922708999999978,-25.0,29.49979392532248,-0.024999999999999977,-0.019999999999999806
4620.0,0.7410249999999722,4.023842156249977,3.922819999999978,-25.0,29.50013849650196,-0.024999999999999977,-0.019999999999999806
4621.0,0.7411637499999721,4.023956624999977,3.922930999999978,-25.0,29.500482960722877,-0.024999999999999977,-0.019999999999999806
4622.0,0.7413024999999721,4.024071093749977,3.923041999999978,-25.0,29.50082731805213,-0.024999999999999977,-0.019999999999999806
4623.0,0.7414412499999721,4.0241855624999765,3.923152999999978,-25.0,29.501171568556458,-0.024999999999999977,-0.019999999999999806
4624.0,0.741579999999972,4.024300031249977,3.923263999999978,-25.0,29.50151571230265,-0.024999999999999977,-0.019999999999999806
4625.0,0.741718749999972,4.024414499999977,3.923374999999978,-25.0,29.501859749357436,-0.024999999999999977,-0.019999999999999806
4626.0,0.741857499999972,4.024528968749977,3.923485999999978,-25.0,29.5022036797875,-0.024999999999999977,-0.019999999999999806
4627.0,0.7419962499999719,4.024643437499977,3.923596999999978,-25.0,29.502547503659514,-0.024999999999999977,-0.019999999999999806
4628.0,0.7421349999999719,4.0247579062499765,3.9237079999999778,-25.0,29.502891221040045,-0.024999999999999977,-0.019999999999999806
4629.0,0.7422737499999719,4.024872374999977,3.9238189999999777,-25.0,29.503234831995655,-0.024999999999999977,-0.019999999999999806
4630.0,0.7424124999999718,4.024986843749977,3.9239299999999777,-25.0,29.503578336592852,-0.024999999999999977,-0.019999999999999806
4631.0,0.7425512499999718,4.025101312499976,3.9240409999999777,-25.0,29.503921734898086,-0.024999999999999977,-0.019999999999999806
4632.0,0.7426899999999718,4.025215781249977,3.9241519999999777,-25.0,29.504265026977862,-0.024999999999999977,-0.019999999999999806
4633.0,0.7428287499999717,4.025330249999977,3.9242629999999776,-25.0,29.504608212898518,-0.024999999999999977,-0.019999999999999806
4634.0,0.7429674999999717,4.025444718749976,3.9243739999999776,-25.0,29.50495129272639,-0.024999999999999977,-0.019999999999999806
4635.0,0.7431062499999717,4.025559187499977,3.9244849999999776,-25.0,29.505294266527812,-0.024999999999999977,-0.019999999999999806
4636.0,0.7432449999999716,4.025673656249976,3.9245959999999775,-25.0,29.505637134369067,-0.024999999999999977,-0.019999999999999806
4637.0,0.7433837499999716,4.025788124999977,3.9247069999999775,-25.0,29.50597989631632,-0.024999999999999977,-0.019999999999999806
4638.0,0.7435224999999716,4.025902593749977,3.9248179999999775,-25.0,29.50632255243579,-0.024999999999999977,-0.019999999999999806
4639.0,0.7436612499999715,4.026017062499976,3.9249289999999775,-25.0,29.506665102793647,-0.024999999999999977,-0.019999999999999806
4640.0,0.7437999999999715,4.026131531249977,3.9250399999999774,-25.0,29.50700754745594,-0.024999999999999977,-0.019999999999999806
4641.0,0.7439387499999714,4.0262459999999765,3.9251509999999774,-25.0,29.507349886488782,-0.024999999999999977,-0.019999999999999806
4642.0,0.7440774999999714,4.026360468749976,3.9252619999999774,-25.0,29.507692119958165,-0.024999999999999977,-0.019999999999999806
4643.0,0.7442162499999714,4.026474937499977,3.9253729999999774,-25.0,29.508034247930084,-0.024999999999999977,-0.019999999999999806
4644.0,0.7443549999999713,4.026589406249976,3.9254839999999773,-25.0,29.50837627047042,-0.024999999999999977,-0.019999999999999806
4645.0,0.7444937499999713,4.026703874999976,3.9255949999999773,-25.0,29.508718187645115,-0.024999999999999977,-0.019999999999999806
4646.0,0.7446324999999713,4.0268183437499765,3.9257059999999773,-25.0,29.509059999520048,-0.024999999999999977,-0.019999999999999806
4647.0,0.7447712499999712,4.026932812499976,3.9258169999999772,-25.0,29.509401706160986,-0.024999999999999977,-0.019999999999999806
4648.0,0.7449099999999712,4.027047281249976,3.925927999999977,-25.0,29.5097433076337,-0.024999999999999977,-0.019999999999999806
4649.0,0.7450487499999712,4.027161749999976,3.926038999999977,-25.0,29.510084804003952,-0.024999999999999977,-0.019999999999999806
4650.0,0.7451874999999711,4.027276218749976,3.926149999999977,-25.0,29.510426195337402,-0.024999999999999977,-0.019999999999999806
4651.0,0.7453262499999711,4.0273906874999765,3.926260999999977,-25.0,29.510767481699702,-0.024999999999999977,-0.019999999999999806
4652.0,0.7454649999999711,4.027505156249976,3.926371999999977,-25.0,29.51110866315645,-0.024999999999999977,-0.019999999999999806
4653.0,0.745603749999971,4.027619624999976,3.926482999999977,-25.0,29.51144973977324,-0.024999999999999977,-0.019999999999999806
4654.0,0.745742499999971,4.027734093749976,3.926593999999977,-25.0,29.51179071161556,-0.024999999999999977,-0.019999999999999806
4655.0,0.745881249999971,4.027848562499976,3.926704999999977,-25.0,29.51213157874895,-0.024999999999999977,-0.019999999999999806
4656.0,0.7460199999999709,4.027963031249976,3.926815999999977,-25.0,29.512472341238777,-0.024999999999999977,-0.019999999999999806
4657.0,0.7461587499999709,4.028077499999976,3.926926999999977,-25.0,29.512812999150526,-0.024999999999999977,-0.019999999999999806
4658.0,0.7462974999999709,4.028191968749976,3.927037999999977,-25.0,29.51315355254951,-0.024999999999999977,-0.019999999999999806
4659.0,0.7464362499999708,4.0283064374999755,3.927148999999977,-25.0,29.513494001501044,-0.024999999999999977,-0.019999999999999806
4660.0,0.7465749999999708,4.028420906249976,3.927259999999977,-25.0,29.51383434607044,-0.024999999999999977,-0.019999999999999806
4661.0,0.7467137499999708,4.028535374999976,3.927370999999977,-25.0,29.514174586322895,-0.024999999999999977,-0.019999999999999806
4662.0,0.7468524999999707,4.028649843749975,3.927481999999977,-25.0,29.51451472232361,-0.024999999999999977,-0.019999999999999806
4663.0,0.7469912499999707,4.028764312499976,3.927592999999977,-25.0,29.514854754137787,-0.024999999999999977,-0.019999999999999806
4664.0,0.7471299999999707,4.028878781249976,3.9277039999999768,-25.0,29.515194681830508,-0.024999999999999977,-0.019999999999999806
4665.0,0.7472687499999706,4.028993249999976,3.9278149999999767,-25.0,29.51553450546686,-0.024999999999999977,-0.019999999999999806
4666.0,0.7474074999999706,4.029107718749976,3.9279259999999767,-25.0,29.515874225111872,-0.024999999999999977,-0.019999999999999806
4667.0,0.7475462499999705,4.029222187499975,3.9280369999999767,-25.0,29.516213840830574,-0.024999999999999977,-0.019999999999999806
4668.0,0.7476849999999705,4.029336656249976,3.9281479999999767,-25.0,29.51655335268788,-0.024999999999999977,-0.019999999999999806
4669.0,0.7478237499999705,4.029451124999976,3.9282589999999766,-25.0,29.516892760748703,-0.024999999999999977,-0.019999999999999806
4670.0,0.7479624999999704,4.029565593749975,3.9283699999999766,-25.0,29.517232065077906,-0.024999999999999977,-0.019999999999999806
4671.0,0.7481012499999704,4.029680062499976,3.9284809999999766,-25.0,29.517571265740344,-0.024999999999999977,-0.019999999999999806
4672.0,0.7482399999999704,4.029794531249975,3.9285919999999765,-25.0,29.51791036280082,-0.024999999999999977,-0.019999999999999806
4673.0,0.7483787499999703,4.029908999999975,3.9287029999999765,-25.0,29.518249356324077,-0.024999999999999977,-0.019999999999999806
4674.0,0.7485174999999703,4.030023468749976,3.9288139999999765,-25.0,29.518588246374804,-0.024999999999999977,-0.019999999999999806
4675.0,0.7486562499999703,4.030137937499975,3.9289249999999765,-25.0,29.51892703301769,-0.024999999999999977,-0.019999999999999806
4676.0,0.7487949999999702,4.030252406249976,3.9290359999999764,-25.0,29.519265716317364,-0.024999999999999977,-0.019999999999999806
4677.0,0.7489337499999702,4.0303668749999755,3.9291469999999764,-25.0,29.5196042963384,-0.024999999999999977,-0.019999999999999806
4678.0,0.7490724999999702,4.030481343749975,3.9292579999999764,-25.0,29.519942773145374,-0.024999999999999977,-0.019999999999999806
4679.0,0.7492112499999701,4.030595812499976,3.9293689999999764,-25.0,29.5202811468028,-0.024999999999999977,-0.019999999999999806
4680.0,0.7493499999999701,4.030710281249975,3.9294799999999763,-25.0,29.520619417375087,-0.024999999999999977,-0.019999999999999806
4681.0,0.7494887499999701,4.030824749999975,3.9295909999999763,-25.0,29.520957584926748,-0.024999999999999977,-0.019999999999999806
4682.0,0.74962749999997,4.0309392187499755,3.9297019999999763,-25.0,29.52129564952213,-0.024999999999999977,-0.019999999999999806
4683.0,0.74976624999997,4.031053687499975,3.9298129999999762,-25.0,29.52163361122558,-0.024999999999999977,-0.019999999999999806
4684.0,0.74990499999997,4.031168156249975,3.929923999999976,-25.0,29.52197147010139,-0.024999999999999977,-0.019999999999999806
4685.0,0.7500437499999699,4.031282624999975,3.930034999999976,-25.0,29.52230922621385,-0.024999999999999977,-0.019999999999999806
4686.0,0.7501824999999699,4.031397093749975,3.930145999999976,-25.0,29.522646879627132,-0.024999999999999977,-0.019999999999999806
4687.0,0.7503212499999699,4.031511562499975,3.930256999999976,-25.0,29.522984430405472,-0.024999999999999977,-0.019999999999999806
4688.0,0.7504599999999698,4.031626031249975,3.930367999999976,-25.0,29.523321878613046,-0.024999999999999977,-0.019999999999999806
4689.0,0.7505987499999698,4.031740499999975,3.930478999999976,-25.0,29.523659224313917,-0.024999999999999977,-0.019999999999999806
4690.0,0.7507374999999697,4.031854968749975,3.930589999999976,-25.0,29.523996467572147,-0.024999999999999977,-0.019999999999999806
4691.0,0.7508762499999697,4.031969437499975,3.930700999999976,-25.0,29.524333608451798,-0.024999999999999977,-0.019999999999999806
4692.0,0.7510149999999697,4.032083906249975,3.930811999999976,-25.0,29.52467064701682,-0.024999999999999977,-0.019999999999999806
4693.0,0.7511537499999696,4.032198374999975,3.930922999999976,-25.0,29.52500758333116,-0.024999999999999977,-0.019999999999999806
4694.0,0.7512924999999696,4.032312843749975,3.931033999999976,-25.0,29.52534441745877,-0.024999999999999977,-0.019999999999999806
4695.0,0.7514312499999696,4.0324273124999745,3.931144999999976,-25.0,29.52568114946348,-0.024999999999999977,-0.019999999999999806
4696.0,0.7515699999999695,4.032541781249975,3.931255999999976,-25.0,29.52601777940913,-0.024999999999999977,-0.019999999999999806
4697.0,0.7517087499999695,4.032656249999975,3.931366999999976,-25.0,29.526354307359497,-0.024999999999999977,-0.019999999999999806
4698.0,0.7518474999999695,4.032770718749974,3.931477999999976,-25.0,29.52669073337836,-0.024999999999999977,-0.019999999999999806
4699.0,0.7519862499999694,4.032885187499975,3.931588999999976,-25.0,29.52702705752938,-0.024999999999999977,-0.019999999999999806
4700.0,0.7521249999999694,4.032999656249975,3.9316999999999758,-25.0,29.527363279876226,-0.024999999999999977,-0.019999999999999806
4701.0,0.7522637499999694,4.033114124999975,3.9318109999999757,-25.0,29.52769940048256,-0.024999999999999977,-0.019999999999999806
4702.0,0.7524024999999693,4.033228593749975,3.9319219999999757,-25.0,29.528035419411935,-0.024999999999999977,-0.019999999999999806
4703.0,0.7525412499999693,4.033343062499974,3.9320329999999757,-25.0,29.5283713367279,-0.024999999999999977,-0.019999999999999806
4704.0,0.7526799999999693,4.033457531249975,3.9321439999999757,-25.0,29.528707152494007,-0.024999999999999977,-0.019999999999999806
4705.0,0.7528187499999692,4.033571999999975,3.9322549999999756,-25.0,29.529042866773693,-0.024999999999999977,-0.019999999999999806
4706.0,0.7529574999999692,4.033686468749974,3.9323659999999756,-25.0,29.529378479630395,-0.024999999999999977,-0.019999999999999806
4707.0,0.7530962499999692,4.033800937499975,3.9324769999999756,-25.0,29.529713991127494,-0.024999999999999977,-0.019999999999999806
4708.0,0.7532349999999691,4.0339154062499745,3.9325879999999755,-25.0,29.53004940132837,-0.024999999999999977,-0.019999999999999806
4709.0,0.7533737499999691,4.034029874999974,3.9326989999999755,-25.0,29.53038471029629,-0.024999999999999977,-0.019999999999999806
4710.0,0.753512499999969,4.034144343749975,3.9328099999999755,-25.0,29.53071991809452,-0.024999999999999977,-0.019999999999999806
4711.0,0.753651249999969,4.034258812499974,3.9329209999999755,-25.0,29.531055024786326,-0.024999999999999977,-0.019999999999999806
4712.0,0.753789999999969,4.034373281249974,3.9330319999999754,-25.0,29.53139003043492,-0.024999999999999977,-0.019999999999999806
4713.0,0.753928749999969,4.0344877499999745,3.9331429999999754,-25.0,29.531724935103398,-0.024999999999999977,-0.019999999999999806
4714.0,0.7540674999999689,4.034602218749974,3.9332539999999754,-25.0,29.53205973885491,-0.024999999999999977,-0.019999999999999806
4715.0,0.7542062499999689,4.034716687499975,3.9333649999999754,-25.0,29.5323944417525,-0.024999999999999977,-0.019999999999999806
4716.0,0.7543449999999688,4.034831156249974,3.9334759999999753,-25.0,29.532729043859206,-0.024999999999999977,-0.019999999999999806
4717.0,0.7544837499999688,4.034945624999974,3.9335869999999753,-25.0,29.533063545238065,-0.024999999999999977,-0.019999999999999806
4718.0,0.7546224999999688,4.0350600937499745,3.9336979999999753,-25.0,29.533397945952004,-0.024999999999999977,-0.019999999999999806
4719.0,0.7547612499999687,4.035174562499974,3.9338089999999752,-25.0,29.53373224606389,-0.024999999999999977,-0.019999999999999806
4720.0,0.7548999999999687,4.035289031249974,3.933919999999975,-25.0,29.534066445636654,-0.024999999999999977,-0.019999999999999806
4721.0,0.7550387499999687,4.035403499999974,3.934030999999975,-25.0,29.534400544733103,-0.024999999999999977,-0.019999999999999806
4722.0,0.7551774999999686,4.035517968749974,3.934141999999975,-25.0,29.534734543416107,-0.024999999999999977,-0.019999999999999806
4723.0,0.7553162499999686,4.035632437499974,3.934252999999975,-25.0,29.535068441748365,-0.024999999999999977,-0.019999999999999806
4724.0,0.7554549999999686,4.035746906249974,3.934363999999975,-25.0,29.535402239792575,-0.024999999999999977,-0.019999999999999806
4725.0,0.7555937499999685,4.035861374999974,3.934474999999975,-25.0,29.535735937611435,-0.024999999999999977,-0.019999999999999806
4726.0,0.7557324999999685,4.0359758437499735,3.934585999999975,-25.0,29.536069535267643,-0.024999999999999977,-0.019999999999999806
4727.0,0.7558712499999685,4.036090312499974,3.934696999999975,-25.0,29.536403032823728,-0.024999999999999977,-0.019999999999999806
4728.0,0.7560099999999684,4.036204781249974,3.934807999999975,-25.0,29.536736430342273,-0.024999999999999977,-0.019999999999999806
4729.0,0.7561487499999684,4.036319249999974,3.934918999999975,-25.0,29.537069727885807,-0.024999999999999977,-0.019999999999999806
4730.0,0.7562874999999684,4.036433718749974,3.935029999999975,-25.0,29.5374029255168,-0.024999999999999977,-0.019999999999999806
4731.0,0.7564262499999683,4.036548187499974,3.935140999999975,-25.0,29.537736023297725,-0.024999999999999977,-0.019999999999999806
4732.0,0.7565649999999683,4.036662656249974,3.935251999999975,-25.0,29.538069021290994,-0.024999999999999977,-0.019999999999999806
4733.0,0.7567037499999683,4.036777124999974,3.935362999999975,-25.0,29.538401919558964,-0.024999999999999977,-0.019999999999999806
4734.0,0.7568424999999682,4.036891593749973,3.935473999999975,-25.0,29.538734718163937,-0.024999999999999977,-0.019999999999999806
4735.0,0.7569812499999682,4.037006062499974,3.935584999999975,-25.0,29.539067417168212,-0.024999999999999977,-0.019999999999999806
4736.0,0.7571199999999682,4.037120531249974,3.9356959999999748,-25.0,29.539400016634033,-0.024999999999999977,-0.019999999999999806
4737.0,0.7572587499999681,4.037234999999973,3.9358069999999747,-25.0,29.539732516623644,-0.024999999999999977,-0.019999999999999806
4738.0,0.7573974999999681,4.037349468749974,3.9359179999999747,-25.0,29.540064917199174,-0.024999999999999977,-0.019999999999999806
4739.0,0.757536249999968,4.0374639374999735,3.9360289999999747,-25.0,29.54039721842281,-0.024999999999999977,-0.019999999999999806
4740.0,0.757674999999968,4.037578406249974,3.9361399999999747,-25.0,29.540729420356627,-0.024999999999999977,-0.019999999999999806
4741.0,0.757813749999968,4.037692874999974,3.9362509999999746,-25.0,29.541061523062638,-0.024999999999999977,-0.019999999999999806
4742.0,0.7579524999999679,4.037807343749973,3.9363619999999746,-25.0,29.541393526602917,-0.024999999999999977,-0.019999999999999806
4743.0,0.7580912499999679,4.037921812499974,3.9364729999999746,-25.0,29.541725431039424,-0.024999999999999977,-0.019999999999999806
4744.0,0.7582299999999679,4.0380362812499735,3.9365839999999745,-25.0,29.54205723643406,-0.024999999999999977,-0.019999999999999806
4745.0,0.7583687499999678,4.038150749999973,3.9366949999999745,-25.0,29.54238894284879,-0.024999999999999977,-0.019999999999999806
4746.0,0.7585074999999678,4.038265218749974,3.9368059999999745,-25.0,29.54272055034545,-0.024999999999999977,-0.019999999999999806
4747.0,0.7586462499999678,4.038379687499973,3.9369169999999745,-25.0,29.543052058985836,-0.024999999999999977,-0.019999999999999806
4748.0,0.7587849999999677,4.038494156249973,3.9370279999999744,-25.0,29.54338346883179,-0.024999999999999977,-0.019999999999999806
4749.0,0.7589237499999677,4.0386086249999735,3.9371389999999744,-25.0,29.54371477994505,-0.024999999999999977,-0.019999999999999806
4750.0,0.7590624999999677,4.038723093749973,3.9372499999999744,-25.0,29.544045992387282,-0.024999999999999977,-0.019999999999999806
4751.0,0.7592012499999676,4.038837562499973,3.9373609999999744,-25.0,29.544377106220168,-0.024999999999999977,-0.019999999999999806
4752.0,0.7593399999999676,4.038952031249973,3.9374719999999743,-25.0,29.544708121505323,-0.024999999999999977,-0.019999999999999806
4753.0,0.7594787499999676,4.039066499999973,3.9375829999999743,-25.0,29.545039038304367,-0.024999999999999977,-0.019999999999999806
4754.0,0.7596174999999675,4.039180968749974,3.9376939999999743,-25.0,29.54536985667886,-0.024999999999999977,-0.019999999999999806
4755.0,0.7597562499999675,4.039295437499973,3.9378049999999742,-25.0,29.545700576690308,-0.024999999999999977,-0.019999999999999806
4756.0,0.7598949999999675,4.039409906249973,3.937915999999974,-25.0,29.546031198400215,-0.024999999999999977,-0.019999999999999806
4757.0,0.7600337499999674,4.039524374999973,3.938026999999974,-25.0,29.54636172186997,-0.024999999999999977,-0.019999999999999806
4758.0,0.7601724999999674,4.039638843749973,3.938137999999974,-25.0,29.546692147160968,-0.024999999999999977,-0.019999999999999806
4759.0,0.7603112499999674,4.039753312499973,3.938248999999974,-25.0,29.547022474334597,-0.024999999999999977,-0.019999999999999806
4760.0,0.7604499999999673,4.039867781249973,3.938359999999974,-25.0,29.54735270345219,-0.024999999999999977,-0.019999999999999806
4761.0,0.7605887499999673,4.039982249999973,3.938470999999974,-25.0,29.547682834575028,-0.024999999999999977,-0.019999999999999806
4762.0,0.7607274999999672,4.040096718749973,3.938581999999974,-25.0,29.548012867764328,-0.024999999999999977,-0.019999999999999806
4763.0,0.7608662499999672,4.040211187499973,3.938692999999974,-25.0,29.54834280308137,-0.024999999999999977,-0.019999999999999806
4764.0,0.7610049999999672,4.040325656249973,3.938803999999974,-25.0,29.548672640587256,-0.024999999999999977,-0.019999999999999806
4765.0,0.7611437499999671,4.040440124999973,3.938914999999974,-25.0,29.549002380343154,-0.024999999999999977,-0.019999999999999806
4766.0,0.7612824999999671,4.040554593749973,3.939025999999974,-25.0,29.549332022410113,-0.024999999999999977,-0.019999999999999806
4767.0,0.7614212499999671,4.040669062499973,3.939136999999974,-25.0,29.549661566849238,-0.024999999999999977,-0.019999999999999806
4768.0,0.761559999999967,4.040783531249973,3.939247999999974,-25.0,29.549991013721524,-0.024999999999999977,-0.019999999999999806
4769.0,0.761698749999967,4.040897999999973,3.939358999999974,-25.0,29.550320363087963,-0.024999999999999977,-0.019999999999999806
4770.0,0.761837499999967,4.041012468749972,3.939469999999974,-25.0,29.55064961500949,-0.024999999999999977,-0.019999999999999806
4771.0,0.7619762499999669,4.041126937499973,3.939580999999974,-25.0,29.550978769546987,-0.024999999999999977,-0.019999999999999806
4772.0,0.7621149999999669,4.041241406249973,3.9396919999999738,-25.0,29.55130782676133,-0.024999999999999977,-0.019999999999999806
4773.0,0.7622537499999669,4.041355874999972,3.9398029999999737,-25.0,29.551636786713345,-0.024999999999999977,-0.019999999999999806
4774.0,0.7623924999999668,4.041470343749973,3.9399139999999737,-25.0,29.551965649463853,-0.024999999999999977,-0.019999999999999806
4775.0,0.7625312499999668,4.0415848124999725,3.9400249999999737,-25.0,29.55229441507356,-0.024999999999999977,-0.019999999999999806
4776.0,0.7626699999999668,4.041699281249972,3.9401359999999737,-25.0,29.55262308360318,-0.024999999999999977,-0.019999999999999806
4777.0,0.7628087499999667,4.041813749999973,3.9402469999999736,-25.0,29.552951655113418,-0.024999999999999977,-0.019999999999999806
4778.0,0.7629474999999667,4.041928218749972,3.9403579999999736,-25.0,29.553280129664927,-0.024999999999999977,-0.019999999999999806
4779.0,0.7630862499999667,4.042042687499973,3.9404689999999736,-25.0,29.553608507318245,-0.024999999999999977,-0.019999999999999806
4780.0,0.7632249999999666,4.0421571562499725,3.9405799999999735,-25.0,29.553936788133967,-0.024999999999999977,-0.019999999999999806
4781.0,0.7633637499999666,4.042271624999972,3.9406909999999735,-25.0,29.554264972172632,-0.024999999999999977,-0.019999999999999806
4782.0,0.7635024999999666,4.042386093749973,3.9408019999999735,-25.0,29.55459305949472,-0.024999999999999977,-0.019999999999999806
4783.0,0.7636412499999665,4.042500562499972,3.9409129999999735,-25.0,29.554921050160658,-0.024999999999999977,-0.019999999999999806
4784.0,0.7637799999999665,4.042615031249972,3.9410239999999734,-25.0,29.55524894423087,-0.024999999999999977,-0.019999999999999806
4785.0,0.7639187499999665,4.0427294999999726,3.9411349999999734,-25.0,29.55557674176572,-0.024999999999999977,-0.019999999999999806
4786.0,0.7640574999999664,4.042843968749972,3.9412459999999734,-25.0,29.55590444282558,-0.024999999999999977,-0.019999999999999806
4787.0,0.7641962499999664,4.042958437499972,3.9413569999999734,-25.0,29.5562320474707,-0.024999999999999977,-0.019999999999999806
4788.0,0.7643349999999663,4.043072906249972,3.9414679999999733,-25.0,29.55655955576134,-0.024999999999999977,-0.019999999999999806
4789.0,0.7644737499999663,4.043187374999972,3.9415789999999733,-25.0,29.556886967757748,-0.024999999999999977,-0.019999999999999806
4790.0,0.7646124999999663,4.043301843749972,3.9416899999999733,-25.0,29.557214283520068,-0.024999999999999977,-0.019999999999999806
4791.0,0.7647512499999662,4.043416312499972,3.9418009999999732,-25.0,29.557541503108496,-0.024999999999999977,-0.019999999999999806
4792.0,0.7648899999999662,4.043530781249972,3.941911999999973,-25.0,29.557868626583115,-0.024999999999999977,-0.019999999999999806
4793.0,0.7650287499999662,4.043645249999972,3.942022999999973,-25.0,29.55819565400401,-0.024999999999999977,-0.019999999999999806
4794.0,0.7651674999999661,4.043759718749972,3.942133999999973,-25.0,29.558522585431206,-0.024999999999999977,-0.019999999999999806
4795.0,0.7653062499999661,4.043874187499972,3.942244999999973,-25.0,29.558849420924673,-0.024999999999999977,-0.019999999999999806
4796.0,0.7654449999999661,4.043988656249972,3.942355999999973,-25.0,29.559176160544382,-0.024999999999999977,-0.019999999999999806
4797.0,0.765583749999966,4.044103124999972,3.942466999999973,-25.0,29.559502804350302,-0.024999999999999977,-0.019999999999999806
4798.0,0.765722499999966,4.044217593749972,3.942577999999973,-25.0,29.55982935240229,-0.024999999999999977,-0.019999999999999806
4799.0,0.765861249999966,4.044332062499972,3.942688999999973,-25.0,29.560155804760143,-0.024999999999999977,-0.019999999999999806
4800.0,0.7659999999999659,4.044446531249972,3.942799999999973,-25.0,29.56048216148372,-0.024999999999999977,-0.019999999999999806
4801.0,0.7661387499999659,4.044560999999971,3.942910999999973,-25.0,29.560808422632817,-0.024999999999999977,-0.019999999999999806
4802.0,0.7662774999999659,4.044675468749972,3.943021999999973,-25.0,29.561134588267123,-0.024999999999999977,-0.019999999999999806
4803.0,0.7664162499999658,4.044789937499972,3.943132999999973,-25.0,29.56146065844632,-0.024999999999999977,-0.019999999999999806
4804.0,0.7665549999999658,4.044904406249972,3.943243999999973,-25.0,29.5617866332301,-0.024999999999999977,-0.019999999999999806
4805.0,0.7666937499999658,4.045018874999972,3.943354999999973,-25.0,29.562112512678084,-0.024999999999999977,-0.019999999999999806
4806.0,0.7668324999999657,4.0451333437499715,3.943465999999973,-25.0,29.562438296849848,-0.024999999999999977,-0.019999999999999806
4807.0,0.7669712499999657,4.045247812499972,3.943576999999973,-25.0,29.562763985804963,-0.024999999999999977,-0.019999999999999806
4808.0,0.7671099999999657,4.045362281249972,3.9436879999999728,-25.0,29.563089579602888,-0.024999999999999977,-0.019999999999999806
4809.0,0.7672487499999656,4.045476749999972,3.9437989999999727,-25.0,29.563415078303137,-0.024999999999999977,-0.019999999999999806
4810.0,0.7673874999999656,4.045591218749972,3.9439099999999727,-25.0,29.563740481965112,-0.024999999999999977,-0.019999999999999806
4811.0,0.7675262499999655,4.0457056874999715,3.9440209999999727,-25.0,29.56406579064827,-0.024999999999999977,-0.019999999999999806
4812.0,0.7676649999999655,4.045820156249972,3.9441319999999727,-25.0,29.564391004411902,-0.024999999999999977,-0.019999999999999806
4813.0,0.7678037499999655,4.045934624999972,3.9442429999999726,-25.0,29.564716123315407,-0.024999999999999977,-0.019999999999999806
4814.0,0.7679424999999654,4.046049093749971,3.9443539999999726,-25.0,29.565041147418015,-0.024999999999999977,-0.019999999999999806
4815.0,0.7680812499999654,4.046163562499972,3.9444649999999726,-25.0,29.565366076779014,-0.024999999999999977,-0.019999999999999806
4816.0,0.7682199999999654,4.0462780312499715,3.9445759999999725,-25.0,29.56569091145758,-0.024999999999999977,-0.019999999999999806
4817.0,0.7683587499999653,4.046392499999971,3.9446869999999725,-25.0,29.56601565151294,-0.024999999999999977,-0.019999999999999806
4818.0,0.7684974999999653,4.046506968749972,3.9447979999999725,-25.0,29.56634029700416,-0.024999999999999977,-0.019999999999999806
4819.0,0.7686362499999653,4.046621437499971,3.9449089999999725,-25.0,29.56666484799041,-0.024999999999999977,-0.019999999999999806
4820.0,0.7687749999999652,4.046735906249972,3.9450199999999724,-25.0,29.56698930453075,-0.024999999999999977,-0.019999999999999806
4821.0,0.7689137499999652,4.046850374999972,3.9451309999999724,-25.0,29.567313666684186,-0.024999999999999977,-0.019999999999999806
4822.0,0.7690524999999652,4.046964843749971,3.9452419999999724,-25.0,29.56763793450972,-0.024999999999999977,-0.019999999999999806
4823.0,0.7691912499999651,4.047079312499972,3.9453529999999724,-25.0,29.567962108066297,-0.024999999999999977,-0.019999999999999806
4824.0,0.7693299999999651,4.047193781249971,3.9454639999999723,-25.0,29.56828618741281,-0.024999999999999977,-0.019999999999999806
4825.0,0.7694687499999651,4.047308249999971,3.9455749999999723,-25.0,29.568610172608203,-0.024999999999999977,-0.019999999999999806
4826.0,0.769607499999965,4.047422718749972,3.9456859999999723,-25.0,29.568934063711254,-0.024999999999999977,-0.019999999999999806
4827.0,0.769746249999965,4.047537187499971,3.9457969999999722,-25.0,29.569257860780795,-0.024999999999999977,-0.019999999999999806
4828.0,0.769884999999965,4.047651656249971,3.945907999999972,-25.0,29.5695815638756,-0.024999999999999977,-0.019999999999999806
4829.0,0.7700237499999649,4.0477661249999715,3.946018999999972,-25.0,29.56990517305445,-0.024999999999999977,-0.019999999999999806
4830.0,0.7701624999999649,4.047880593749971,3.946129999999972,-25.0,29.570228688376005,-0.024999999999999977,-0.019999999999999806
4831.0,0.7703012499999649,4.047995062499971,3.946240999999972,-25.0,29.57055210989887,-0.024999999999999977,-0.019999999999999806
4832.0,0.7704399999999648,4.048109531249971,3.946351999999972,-25.0,29.570875437681764,-0.024999999999999977,-0.019999999999999806
4833.0,0.7705787499999648,4.048223999999971,3.946462999999972,-25.0,29.571198671783236,-0.024999999999999977,-0.019999999999999806
4834.0,0.7707174999999648,4.0483384687499715,3.946573999999972,-25.0,29.571521812261835,-0.024999999999999977,-0.019999999999999806
4835.0,0.7708562499999647,4.048452937499971,3.946684999999972,-25.0,29.571844859176053,-0.024999999999999977,-0.019999999999999806
4836.0,0.7709949999999647,4.048567406249971,3.946795999999972,-25.0,29.572167812584382,-0.024999999999999977,-0.019999999999999806
4837.0,0.7711337499999646,4.048681874999971,3.946906999999972,-25.0,29.572490672545257,-0.024999999999999977,-0.019999999999999806
4838.0,0.7712724999999646,4.048796343749971,3.947017999999972,-25.0,29.572813439117112,-0.024999999999999977,-0.019999999999999806
4839.0,0.7714112499999646,4.048910812499971,3.947128999999972,-25.0,29.57313611235827,-0.024999999999999977,-0.019999999999999806
4840.0,0.7715499999999645,4.049025281249971,3.947239999999972,-25.0,29.573458692327108,-0.024999999999999977,-0.019999999999999806
4841.0,0.7716887499999645,4.049139749999971,3.947350999999972,-25.0,29.57378117908189,-0.024999999999999977,-0.019999999999999806
4842.0,0.7718274999999645,4.0492542187499705,3.947461999999972,-25.0,29.574103572680883,-0.024999999999999977,-0.019999999999999806
4843.0,0.7719662499999644,4.049368687499971,3.947572999999972,-25.0,29.57442587318235,-0.024999999999999977,-0.019999999999999806
4844.0,0.7721049999999644,4.049483156249971,3.9476839999999718,-25.0,29.57474808064444,-0.024999999999999977,-0.019999999999999806
4845.0,0.7722437499999644,4.04959762499997,3.9477949999999717,-25.0,29.575070195125306,-0.024999999999999977,-0.019999999999999806
4846.0,0.7723824999999643,4.049712093749971,3.9479059999999717,-25.0,29.575392216683042,-0.024999999999999977,-0.019999999999999806
4847.0,0.7725212499999643,4.0498265624999705,3.9480169999999717,-25.0,29.57571414537574,-0.024999999999999977,-0.019999999999999806
4848.0,0.7726599999999643,4.049941031249971,3.9481279999999717,-25.0,29.57603598126144,-0.024999999999999977,-0.019999999999999806
4849.0,0.7727987499999642,4.050055499999971,3.9482389999999716,-25.0,29.57635772439818,-0.024999999999999977,-0.019999999999999806
4850.0,0.7729374999999642,4.05016996874997,3.9483499999999716,-25.0,29.576679374843877,-0.024999999999999977,-0.019999999999999806
4851.0,0.7730762499999642,4.050284437499971,3.9484609999999716,-25.0,29.57700093265646,-0.024999999999999977,-0.019999999999999806
4852.0,0.7732149999999641,4.050398906249971,3.9485719999999715,-25.0,29.57732239789385,-0.024999999999999977,-0.019999999999999806
4853.0,0.7733537499999641,4.05051337499997,3.9486829999999715,-25.0,29.577643770613918,-0.024999999999999977,-0.019999999999999806
4854.0,0.7734924999999641,4.050627843749971,3.9487939999999715,-25.0,29.577965050874468,-0.024999999999999977,-0.019999999999999806
4855.0,0.773631249999964,4.05074231249997,3.9489049999999715,-25.0,29.578286238733313,-0.024999999999999977,-0.019999999999999806
4856.0,0.773769999999964,4.05085678124997,3.9490159999999714,-25.0,29.578607334248147,-0.024999999999999977,-0.019999999999999806
4857.0,0.773908749999964,4.050971249999971,3.9491269999999714,-25.0,29.578928337476725,-0.024999999999999977,-0.019999999999999806
4858.0,0.7740474999999639,4.05108571874997,3.9492379999999714,-25.0,29.579249248476742,-0.024999999999999977,-0.019999999999999806
4859.0,0.7741862499999639,4.051200187499971,3.9493489999999714,-25.0,29.579570067305838,-0.024999999999999977,-0.019999999999999806
4860.0,0.7743249999999638,4.0513146562499704,3.9494599999999713,-25.0,29.579890794021594,-0.024999999999999977,-0.019999999999999806
4861.0,0.7744637499999638,4.05142912499997,3.9495709999999713,-25.0,29.580211428681594,-0.024999999999999977,-0.019999999999999806
4862.0,0.7746024999999638,4.051543593749971,3.9496819999999713,-25.0,29.580531971343362,-0.024999999999999977,-0.019999999999999806
4863.0,0.7747412499999637,4.05165806249997,3.9497929999999712,-25.0,29.580852422064424,-0.024999999999999977,-0.019999999999999806
4864.0,0.7748799999999637,4.05177253124997,3.949903999999971,-25.0,29.581172780902193,-0.024999999999999977,-0.019999999999999806
4865.0,0.7750187499999637,4.0518869999999705,3.950014999999971,-25.0,29.581493047914137,-0.024999999999999977,-0.019999999999999806
4866.0,0.7751574999999636,4.05200146874997,3.950125999999971,-25.0,29.58181322315761,-0.024999999999999977,-0.019999999999999806
4867.0,0.7752962499999636,4.05211593749997,3.950236999999971,-25.0,29.582133306690025,-0.024999999999999977,-0.019999999999999806
4868.0,0.7754349999999636,4.05223040624997,3.950347999999971,-25.0,29.58245329856868,-0.024999999999999977,-0.019999999999999806
4869.0,0.7755737499999635,4.05234487499997,3.950458999999971,-25.0,29.582773198850816,-0.024999999999999977,-0.019999999999999806
4870.0,0.7757124999999635,4.05245934374997,3.950569999999971,-25.0,29.58309300759373,-0.024999999999999977,-0.019999999999999806
4871.0,0.7758512499999635,4.05257381249997,3.950680999999971,-25.0,29.58341272485461,-0.024999999999999977,-0.019999999999999806
4872.0,0.7759899999999634,4.05268828124997,3.950791999999971,-25.0,29.58373235069064,-0.024999999999999977,-0.019999999999999806
4873.0,0.7761287499999634,4.05280274999997,3.950902999999971,-25.0,29.584051885158942,-0.024999999999999977,-0.019999999999999806
4874.0,0.7762674999999634,4.05291721874997,3.951013999999971,-25.0,29.58437132831665,-0.024999999999999977,-0.019999999999999806
4875.0,0.7764062499999633,4.05303168749997,3.951124999999971,-25.0,29.58469068022083,-0.024999999999999977,-0.019999999999999806
4876.0,0.7765449999999633,4.05314615624997,3.951235999999971,-25.0,29.5850099409285,-0.024999999999999977,-0.019999999999999806
4877.0,0.7766837499999633,4.05326062499997,3.951346999999971,-25.0,29.585329110496673,-0.024999999999999977,-0.019999999999999806
4878.0,0.7768224999999632,4.0533750937499695,3.951457999999971,-25.0,29.585648188982304,-0.024999999999999977,-0.019999999999999806
4879.0,0.7769612499999632,4.05348956249997,3.951568999999971,-25.0,29.585967176442296,-0.024999999999999977,-0.019999999999999806
4880.0,0.7770999999999632,4.05360403124997,3.9516799999999708,-25.0,29.586286072933603,-0.024999999999999977,-0.019999999999999806
4881.0,0.7772387499999631,4.053718499999969,3.9517909999999707,-25.0,29.586604878513015,-0.024999999999999977,-0.019999999999999806
4882.0,0.7773774999999631,4.05383296874997,3.9519019999999707,-25.0,29.586923593237373,-0.024999999999999977,-0.019999999999999806
4883.0,0.777516249999963,4.0539474374999696,3.9520129999999707,-25.0,29.587242217163464,-0.024999999999999977,-0.019999999999999806
4884.0,0.777654999999963,4.05406190624997,3.9521239999999707,-25.0,29.587560750348075,-0.024999999999999977,-0.019999999999999806
4885.0,0.777793749999963,4.05417637499997,3.9522349999999706,-25.0,29.58787919284788,-0.024999999999999977,-0.019999999999999806
4886.0,0.777932499999963,4.054290843749969,3.9523459999999706,-25.0,29.58819754471955,-0.024999999999999977,-0.019999999999999806
4887.0,0.7780712499999629,4.05440531249997,3.9524569999999706,-25.0,29.5885158060197,-0.024999999999999977,-0.019999999999999806
4888.0,0.7782099999999629,4.05451978124997,3.9525679999999705,-25.0,29.588833976805006,-0.024999999999999977,-0.019999999999999806
4889.0,0.7783487499999628,4.054634249999969,3.9526789999999705,-25.0,29.589152057132026,-0.024999999999999977,-0.019999999999999806
4890.0,0.7784874999999628,4.05474871874997,3.9527899999999705,-25.0,29.58947004705726,-0.024999999999999977,-0.019999999999999806
4891.0,0.7786262499999628,4.054863187499969,3.9529009999999705,-25.0,29.589787946637216,-0.024999999999999977,-0.019999999999999806
4892.0,0.7787649999999627,4.054977656249969,3.9530119999999704,-25.0,29.59010575592839,-0.024999999999999977,-0.019999999999999806
4893.0,0.7789037499999627,4.05509212499997,3.9531229999999704,-25.0,29.590423474987176,-0.024999999999999977,-0.019999999999999806
4894.0,0.7790424999999627,4.055206593749969,3.9532339999999704,-25.0,29.590741103870016,-0.024999999999999977,-0.019999999999999806
4895.0,0.7791812499999626,4.055321062499969,3.9533449999999704,-25.0,29.591058642633243,-0.024999999999999977,-0.019999999999999806
4896.0,0.7793199999999626,4.0554355312499695,3.9534559999999703,-25.0,29.59137609133313,-0.024999999999999977,-0.019999999999999806
4897.0,0.7794587499999626,4.055549999999969,3.9535669999999703,-25.0,29.59169345002607,-0.024999999999999977,-0.019999999999999806
4898.0,0.7795974999999625,4.05566446874997,3.9536779999999703,-25.0,29.592010718768222,-0.024999999999999977,-0.019999999999999806
4899.0,0.7797362499999625,4.055778937499969,3.9537889999999702,-25.0,29.59232789761586,-0.024999999999999977,-0.019999999999999806
4900.0,0.7798749999999625,4.055893406249969,3.95389999999997,-25.0,29.592644986625146,-0.024999999999999977,-0.019999999999999806
4901.0,0.7800137499999624,4.0560078749999695,3.95401099999997,-25.0,29.59296198585224,-0.024999999999999977,-0.019999999999999806
4902.0,0.7801524999999624,4.056122343749969,3.95412199999997,-25.0,29.59327889535325,-0.024999999999999977,-0.019999999999999806
4903.0,0.7802912499999624,4.056236812499969,3.95423299999997,-25.0,29.59359571518428,-0.024999999999999977,-0.019999999999999806
4904.0,0.7804299999999623,4.056351281249969,3.95434399999997,-25.0,29.593912445401372,-0.024999999999999977,-0.019999999999999806
4905.0,0.7805687499999623,4.056465749999969,3.95445499999997,-25.0,29.594229086060523,-0.024999999999999977,-0.019999999999999806
4906.0,0.7807074999999623,4.056580218749969,3.95456599999997,-25.0,29.594545637217664,-0.024999999999999977,-0.019999999999999806
4907.0,0.7808462499999622,4.056694687499969,3.95467699999997,-25.0,29.594862098928786,-0.024999999999999977,-0.019999999999999806
4908.0,0.7809849999999622,4.056809156249969,3.95478799999997,-25.0,29.595178471249767,-0.024999999999999977,-0.019999999999999806
4909.0,0.7811237499999621,4.056923624999969,3.95489899999997,-25.0,29.595494754236483,-0.024999999999999977,-0.019999999999999806
4910.0,0.7812624999999621,4.057038093749969,3.95500999999997,-25.0,29.595810947944756,-0.024999999999999977,-0.019999999999999806
4911.0,0.7814012499999621,4.057152562499969,3.95512099999997,-25.0,29.596127052430404,-0.024999999999999977,-0.019999999999999806
4912.0,0.781539999999962,4.057267031249969,3.95523199999997,-25.0,29.596443067749192,-0.024999999999999977,-0.019999999999999806
4913.0,0.781678749999962,4.057381499999969,3.95534299999997,-25.0,29.596758993956826,-0.024999999999999977,-0.019999999999999806
4914.0,0.781817499999962,4.0574959687499685,3.95545399999997,-25.0,29.597074831109012,-0.024999999999999977,-0.019999999999999806
4915.0,0.7819562499999619,4.057610437499969,3.95556499999997,-25.0,29.597390579261457,-0.024999999999999977,-0.019999999999999806
4916.0,0.7820949999999619,4.057724906249969,3.9556759999999698,-25.0,29.597706238469755,-0.024999999999999977,-0.019999999999999806
4917.0,0.7822337499999619,4.057839374999968,3.9557869999999697,-25.0,29.59802180878944,-0.024999999999999977,-0.019999999999999806
4918.0,0.7823724999999618,4.057953843749969,3.9558979999999697,-25.0,29.598337290276106,-0.024999999999999977,-0.019999999999999806
4919.0,0.7825112499999618,4.058068312499969,3.9560089999999697,-25.0,29.59865268298529,-0.024999999999999977,-0.019999999999999806
4920.0,0.7826499999999618,4.058182781249968,3.9561199999999697,-25.0,29.59896798697247,-0.024999999999999977,-0.019999999999999806
4921.0,0.7827887499999617,4.058297249999969,3.9562309999999696,-25.0,29.599283202293122,-0.024999999999999977,-0.019999999999999806
4922.0,0.7829274999999617,4.058411718749968,3.9563419999999696,-25.0,29.599598329002617,-0.024999999999999977,-0.019999999999999806
4923.0,0.7830662499999617,4.058526187499969,3.9564529999999696,-25.0,29.599913367156375,-0.024999999999999977,-0.019999999999999806
4924.0,0.7832049999999616,4.058640656249969,3.9565639999999695,-25.0,29.600228316809705,-0.024999999999999977,-0.019999999999999806
4925.0,0.7833437499999616,4.058755124999968,3.9566749999999695,-25.0,29.600543178017972,-0.024999999999999977,-0.019999999999999806
4926.0,0.7834824999999616,4.058869593749969,3.9567859999999695,-25.0,29.60085795083637,-0.024999999999999977,-0.019999999999999806
4927.0,0.7836212499999615,4.0589840624999685,3.9568969999999695,-25.0,29.60117263532021,-0.024999999999999977,-0.019999999999999806
4928.0,0.7837599999999615,4.059098531249968,3.9570079999999694,-25.0,29.601487231524686,-0.024999999999999977,-0.019999999999999806
4929.0,0.7838987499999615,4.059212999999969,3.9571189999999694,-25.0,29.601801739504992,-0.024999999999999977,-0.019999999999999806
4930.0,0.7840374999999614,4.059327468749968,3.9572299999999694,-25.0,29.602116159316267,-0.024999999999999977,-0.019999999999999806
4931.0,0.7841762499999614,4.059441937499968,3.9573409999999694,-25.0,29.602430491013592,-0.024999999999999977,-0.019999999999999806
4932.0,0.7843149999999613,4.0595564062499685,3.9574519999999693,-25.0,29.60274473465205,-0.024999999999999977,-0.019999999999999806
4933.0,0.7844537499999613,4.059670874999968,3.9575629999999693,-25.0,29.60305889028666,-0.024999999999999977,-0.019999999999999806
4934.0,0.7845924999999613,4.059785343749968,3.9576739999999693,-25.0,29.603372957972397,-0.024999999999999977,-0.019999999999999806
4935.0,0.7847312499999612,4.059899812499968,3.9577849999999692,-25.0,29.60368693776428,-0.024999999999999977,-0.019999999999999806
4936.0,0.7848699999999612,4.060014281249968,3.957895999999969,-25.0,29.604000829717222,-0.024999999999999977,-0.019999999999999806
4937.0,0.7850087499999612,4.0601287499999685,3.958006999999969,-25.0,29.604314633886133,-0.024999999999999977,-0.019999999999999806
4938.0,0.7851474999999611,4.060243218749968,3.958117999999969,-25.0,29.604628350325868,-0.024999999999999977,-0.019999999999999806
4939.0,0.7852862499999611,4.060357687499968,3.958228999999969,-25.0,29.60494197909128,-0.024999999999999977,-0.019999999999999806
4940.0,0.7854249999999611,4.060472156249968,3.958339999999969,-25.0,29.605255520237165,-0.024999999999999977,-0.019999999999999806
4941.0,0.785563749999961,4.060586624999968,3.958450999999969,-25.0,29.605568973818265,-0.024999999999999977,-0.019999999999999806
4942.0,0.785702499999961,4.060701093749968,3.958561999999969,-25.0,29.60588233988932,-0.024999999999999977,-0.019999999999999806
4943.0,0.785841249999961,4.060815562499968,3.958672999999969,-25.0,29.606195618505012,-0.024999999999999977,-0.019999999999999806
4944.0,0.7859799999999609,4.060930031249968,3.958783999999969,-25.0,29.606508809720026,-0.024999999999999977,-0.019999999999999806
4945.0,0.7861187499999609,4.0610444999999675,3.958894999999969,-25.0,29.60682191358893,-0.024999999999999977,-0.019999999999999806
4946.0,0.7862574999999609,4.061158968749968,3.959005999999969,-25.0,29.607134930166353,-0.024999999999999977,-0.019999999999999806
4947.0,0.7863962499999608,4.061273437499968,3.959116999999969,-25.0,29.607447859506863,-0.024999999999999977,-0.019999999999999806
4948.0,0.7865349999999608,4.061387906249968,3.959227999999969,-25.0,29.607760701664972,-0.024999999999999977,-0.019999999999999806
4949.0,0.7866737499999608,4.061502374999968,3.959338999999969,-25.0,29.608073456695195,-0.024999999999999977,-0.019999999999999806
4950.0,0.7868124999999607,4.061616843749968,3.959449999999969,-25.0,29.60838612465193,-0.024999999999999977,-0.019999999999999806
4951.0,0.7869512499999607,4.061731312499968,3.959560999999969,-25.0,29.60869870558963,-0.024999999999999977,-0.019999999999999806
4952.0,0.7870899999999607,4.061845781249968,3.9596719999999688,-25.0,29.6090111995627,-0.024999999999999977,-0.019999999999999806
4953.0,0.7872287499999606,4.061960249999967,3.9597829999999687,-25.0,29.60932360662548,-0.024999999999999977,-0.019999999999999806
4954.0,0.7873674999999606,4.062074718749968,3.9598939999999687,-25.0,29.609635926832254,-0.024999999999999977,-0.019999999999999806
4955.0,0.7875062499999606,4.062189187499968,3.9600049999999687,-25.0,29.609948160237366,-0.024999999999999977,-0.019999999999999806
4956.0,0.7876449999999605,4.062303656249967,3.9601159999999687,-25.0,29.610260306895043,-0.024999999999999977,-0.019999999999999806
4957.0,0.7877837499999605,4.062418124999968,3.9602269999999686,-25.0,29.610572366859458,-0.024999999999999977,-0.019999999999999806
4958.0,0.7879224999999604,4.0625325937499674,3.9603379999999686,-25.0,29.61088434018484,-0.024999999999999977,-0.019999999999999806
4959.0,0.7880612499999604,4.062647062499967,3.9604489999999686,-25.0,29.611196226925358,-0.024999999999999977,-0.019999999999999806
4960.0,0.7881999999999604,4.062761531249968,3.9605599999999686,-25.0,29.611508027135073,-0.024999999999999977,-0.019999999999999806
4961.0,0.7883387499999603,4.062875999999967,3.9606709999999685,-25.0,29.6118197408681,-0.024999999999999977,-0.019999999999999806
4962.0,0.7884774999999603,4.062990468749968,3.9607819999999685,-25.0,29.612131368178495,-0.024999999999999977,-0.019999999999999806
4963.0,0.7886162499999603,4.0631049374999675,3.9608929999999685,-25.0,29.61244290912026,-0.024999999999999977,-0.019999999999999806
4964.0,0.7887549999999602,4.063219406249967,3.9610039999999684,-25.0,29.6127543637474,-0.024999999999999977,-0.019999999999999806
4965.0,0.7888937499999602,4.063333874999968,3.9611149999999684,-25.0,29.613065732113796,-0.024999999999999977,-0.019999999999999806
4966.0,0.7890324999999602,4.063448343749967,3.9612259999999684,-25.0,29.613377014273397,-0.024999999999999977,-0.019999999999999806
4967.0,0.7891712499999601,4.063562812499967,3.9613369999999684,-25.0,29.61368821028009,-0.024999999999999977,-0.019999999999999806
4968.0,0.7893099999999601,4.0636772812499675,3.9614479999999683,-25.0,29.613999320187702,-0.024999999999999977,-0.019999999999999806
4969.0,0.7894487499999601,4.063791749999967,3.9615589999999683,-25.0,29.614310344050068,-0.024999999999999977,-0.019999999999999806
4970.0,0.78958749999996,4.063906218749967,3.9616699999999683,-25.0,29.61462128192096,-0.024999999999999977,-0.019999999999999806
4971.0,0.78972624999996,4.064020687499967,3.9617809999999682,-25.0,29.614932133854154,-0.024999999999999977,-0.019999999999999806
4972.0,0.78986499999996,4.064135156249967,3.961891999999968,-25.0,29.615242899903308,-0.024999999999999977,-0.019999999999999806
4973.0,0.7900037499999599,4.064249624999967,3.962002999999968,-25.0,29.61555358012214,-0.024999999999999977,-0.019999999999999806
4974.0,0.7901424999999599,4.064364093749967,3.962113999999968,-25.0,29.61586417456425,-0.024999999999999977,-0.019999999999999806
4975.0,0.7902812499999599,4.064478562499967,3.962224999999968,-25.0,29.616174683283248,-0.024999999999999977,-0.019999999999999806
4976.0,0.7904199999999598,4.064593031249967,3.962335999999968,-25.0,29.616485106332732,-0.024999999999999977,-0.019999999999999806
4977.0,0.7905587499999598,4.064707499999967,3.962446999999968,-25.0,29.61679544376625,-0.024999999999999977,-0.019999999999999806
4978.0,0.7906974999999598,4.064821968749967,3.962557999999968,-25.0,29.61710569563735,-0.024999999999999977,-0.019999999999999806
4979.0,0.7908362499999597,4.064936437499967,3.962668999999968,-25.0,29.61741586199946,-0.024999999999999977,-0.019999999999999806
4980.0,0.7909749999999597,4.065050906249967,3.962779999999968,-25.0,29.61772594290602,-0.024999999999999977,-0.019999999999999806
4981.0,0.7911137499999596,4.0651653749999666,3.962890999999968,-25.0,29.618035938410458,-0.024999999999999977,-0.019999999999999806
4982.0,0.7912524999999596,4.065279843749967,3.963001999999968,-25.0,29.61834584856615,-0.024999999999999977,-0.019999999999999806
4983.0,0.7913912499999596,4.065394312499967,3.963112999999968,-25.0,29.618655673426417,-0.024999999999999977,-0.019999999999999806
4984.0,0.7915299999999595,4.065508781249966,3.963223999999968,-25.0,29.618965413044577,-0.024999999999999977,-0.019999999999999806
4985.0,0.7916687499999595,4.065623249999967,3.963334999999968,-25.0,29.61927506747395,-0.024999999999999977,-0.019999999999999806
4986.0,0.7918074999999595,4.065737718749967,3.963445999999968,-25.0,29.61958463676774,-0.024999999999999977,-0.019999999999999806
4987.0,0.7919462499999594,4.065852187499967,3.963556999999968,-25.0,29.619894120979154,-0.024999999999999977,-0.019999999999999806
4988.0,0.7920849999999594,4.065966656249967,3.9636679999999678,-25.0,29.62020352016134,-0.024999999999999977,-0.019999999999999806
4989.0,0.7922237499999594,4.066081124999966,3.9637789999999677,-25.0,29.620512834367503,-0.024999999999999977,-0.019999999999999806
4990.0,0.7923624999999593,4.066195593749967,3.9638899999999677,-25.0,29.620822063650735,-0.024999999999999977,-0.019999999999999806
4991.0,0.7925012499999593,4.066310062499967,3.9640009999999677,-25.0,29.62113120806407,-0.024999999999999977,-0.019999999999999806
4992.0,0.7926399999999593,4.066424531249966,3.9641119999999677,-25.0,29.621440267660603,-0.024999999999999977,-0.019999999999999806
4993.0,0.7927787499999592,4.066538999999967,3.9642229999999676,-25.0,29.62174924249331,-0.024999999999999977,-0.019999999999999806
4994.0,0.7929174999999592,4.0666534687499665,3.9643339999999676,-25.0,29.622058132615166,-0.024999999999999977,-0.019999999999999806
4995.0,0.7930562499999592,4.066767937499966,3.9644449999999676,-25.0,29.622366938079153,-0.024999999999999977,-0.019999999999999806
4996.0,0.7931949999999591,4.066882406249967,3.9645559999999676,-25.0,29.622675658938192,-0.024999999999999977,-0.019999999999999806
4997.0,0.7933337499999591,4.066996874999966,3.9646669999999675,-25.0,29.62298429524509,-0.024999999999999977,-0.019999999999999806
4998.0,0.7934724999999591,4.067111343749966,3.9647779999999675,-25.0,29.623292847052767,-0.024999999999999977,-0.019999999999999806
4999.0,0.793611249999959,4.0672258124999665,3.9648889999999675,-25.0,29.623601314413975,-0.024999999999999977,-0.019999999999999806
5000.0,0.793749999999959,4.067340281249966,3.9649999999999674,-25.0,29.62390969738152,-0.024999999999999977,-0.019999999999999806
5001.0,0.793888749999959,4.067454749999967,3.9651109999999674,-25.0,29.624217996008156,-0.024999999999999977,-0.019999999999999806
5002.0,0.7940274999999589,4.067569218749966,3.9652219999999674,-25.0,29.624526210346573,-0.024999999999999977,-0.019999999999999806
5003.0,0.7941662499999589,4.067683687499966,3.9653329999999674,-25.0,29.624834340449468,-0.024999999999999977,-0.019999999999999806
5004.0,0.7943049999999588,4.0677981562499665,3.9654439999999673,-25.0,29.625142386369475,-0.024999999999999977,-0.019999999999999806
5005.0,0.7944437499999588,4.067912624999966,3.9655549999999673,-25.0,29.625450348159234,-0.024999999999999977,-0.019999999999999806
5006.0,0.7945824999999588,4.068027093749966,3.9656659999999673,-25.0,29.625758225871323,-0.024999999999999977,-0.019999999999999806
5007.0,0.7947212499999587,4.068141562499966,3.9657769999999672,-25.0,29.626066019558266,-0.024999999999999977,-0.019999999999999806
5008.0,0.7948599999999587,4.068256031249966,3.965887999999967,-25.0,29.626373729272586,-0.024999999999999977,-0.019999999999999806
5009.0,0.7949987499999587,4.068370499999966,3.965998999999967,-25.0,29.626681355066808,-0.024999999999999977,-0.019999999999999806
5010.0,0.7951374999999586,4.068484968749966,3.966109999999967,-25.0,29.62698889699334,-0.024999999999999977,-0.019999999999999806
5011.0,0.7952762499999586,4.068599437499966,3.966220999999967,-25.0,29.62729635510459,-0.024999999999999977,-0.019999999999999806
5012.0,0.7954149999999586,4.068713906249966,3.966331999999967,-25.0,29.62760372945297,-0.024999999999999977,-0.019999999999999806
5013.0,0.7955537499999585,4.068828374999966,3.966442999999967,-25.0,29.627911020090835,-0.024999999999999977,-0.019999999999999806
5014.0,0.7956924999999585,4.068942843749966,3.966553999999967,-25.0,29.628218227070477,-0.024999999999999977,-0.019999999999999806
5015.0,0.7958312499999585,4.069057312499966,3.966664999999967,-25.0,29.628525350444193,-0.024999999999999977,-0.019999999999999806
5016.0,0.7959699999999584,4.069171781249966,3.966775999999967,-25.0,29.628832390264222,-0.024999999999999977,-0.019999999999999806
5017.0,0.7961087499999584,4.069286249999966,3.966886999999967,-25.0,29.629139346582804,-0.024999999999999977,-0.019999999999999806
5018.0,0.7962474999999584,4.069400718749966,3.966997999999967,-25.0,29.62944621945212,-0.024999999999999977,-0.019999999999999806
5019.0,0.7963862499999583,4.069515187499966,3.967108999999967,-25.0,29.629753008924354,-0.024999999999999977,-0.019999999999999806
5020.0,0.7965249999999583,4.069629656249965,3.967219999999967,-25.0,29.630059715051573,-0.024999999999999977,-0.019999999999999806
5021.0,0.7966637499999583,4.069744124999966,3.967330999999967,-25.0,29.630366337885903,-0.024999999999999977,-0.019999999999999806
5022.0,0.7968024999999582,4.069858593749966,3.967441999999967,-25.0,29.630672877479412,-0.024999999999999977,-0.019999999999999806
5023.0,0.7969412499999582,4.069973062499965,3.967552999999967,-25.0,29.630979333884113,-0.024999999999999977,-0.019999999999999806
5024.0,0.7970799999999582,4.070087531249966,3.9676639999999668,-25.0,29.631285707152017,-0.024999999999999977,-0.019999999999999806
5025.0,0.7972187499999581,4.0702019999999655,3.9677749999999667,-25.0,29.631591997335022,-0.024999999999999977,-0.019999999999999806
5026.0,0.7973574999999581,4.070316468749966,3.9678859999999667,-25.0,29.63189820448514,-0.024999999999999977,-0.019999999999999806
5027.0,0.797496249999958,4.070430937499966,3.9679969999999667,-25.0,29.63220432865421,-0.024999999999999977,-0.019999999999999806
5028.0,0.797634999999958,4.070545406249965,3.9681079999999667,-25.0,29.632510369894135,-0.024999999999999977,-0.019999999999999806
5029.0,0.797773749999958,4.070659874999966,3.9682189999999666,-25.0,29.632816328256695,-0.024999999999999977,-0.019999999999999806
5030.0,0.797912499999958,4.0707743437499655,3.9683299999999666,-25.0,29.633122203793732,-0.024999999999999977,-0.019999999999999806
5031.0,0.7980512499999579,4.070888812499965,3.9684409999999666,-25.0,29.633427996556975,-0.024999999999999977,-0.019999999999999806
5032.0,0.7981899999999579,4.071003281249966,3.9685519999999666,-25.0,29.633733706598207,-0.024999999999999977,-0.019999999999999806
5033.0,0.7983287499999578,4.071117749999965,3.9686629999999665,-25.0,29.6340393339691,-0.024999999999999977,-0.019999999999999806
5034.0,0.7984674999999578,4.071232218749965,3.9687739999999665,-25.0,29.634344878721322,-0.024999999999999977,-0.019999999999999806
5035.0,0.7986062499999578,4.0713466874999655,3.9688849999999665,-25.0,29.63465034090649,-0.024999999999999977,-0.019999999999999806
5036.0,0.7987449999999577,4.071461156249965,3.9689959999999664,-25.0,29.634955720576215,-0.024999999999999977,-0.019999999999999806
5037.0,0.7988837499999577,4.071575624999966,3.9691069999999664,-25.0,29.635261017782113,-0.024999999999999977,-0.019999999999999806
5038.0,0.7990224999999577,4.071690093749965,3.9692179999999664,-25.0,29.635566232575684,-0.024999999999999977,-0.019999999999999806
5039.0,0.7991612499999576,4.071804562499965,3.9693289999999664,-25.0,29.635871365008427,-0.024999999999999977,-0.019999999999999806
5040.0,0.7992999999999576,4.071919031249966,3.9694399999999663,-25.0,29.636176415131843,-0.024999999999999977,-0.019999999999999806
5041.0,0.7994387499999576,4.072033499999965,3.9695509999999663,-25.0,29.636481382997374,-0.024999999999999977,-0.019999999999999806
5042.0,0.7995774999999575,4.072147968749965,3.9696619999999663,-25.0,29.636786268656465,-0.024999999999999977,-0.019999999999999806
5043.0,0.7997162499999575,4.072262437499965,3.9697729999999662,-25.0,29.637091072160445,-0.024999999999999977,-0.019999999999999806
5044.0,0.7998549999999575,4.072376906249965,3.969883999999966,-25.0,29.637395793560643,-0.024999999999999977,-0.019999999999999806
5045.0,0.7999937499999574,4.072491374999965,3.969994999999966,-25.0,29.63770043290839,-0.024999999999999977,-0.019999999999999806
5046.0,0.8001324999999574,4.072645593749952,3.9701457499999533,-25.0,29.638004990255013,-0.024999999999999977,-0.019999999999999806
5047.0,0.8002712499999574,4.072808312499951,3.9702983749999534,-25.0,29.638309672682965,-0.024999999999999977,-0.019999999999999806
5048.0,0.8004099999999573,4.07297134374995,3.970450999999953,-25.0,29.63861448987973,-0.024999999999999977,-0.019999999999999806
5049.0,0.8005487499999573,4.07313437499995,3.9706036249999532,-25.0,29.63891944176106,-0.024999999999999977,-0.019999999999999806
5050.0,0.8006874999999573,4.073297406249949,3.970756249999953,-25.0,29.639224528242778,-0.024999999999999977,-0.019999999999999806
5051.0,0.8008262499999572,4.07346043749995,3.970908874999953,-25.0,29.63952974924075,-0.024999999999999977,-0.019999999999999806
5052.0,0.8009649999999572,4.0736234687499495,3.971061499999953,-25.0,29.639835104670908,-0.024999999999999977,-0.019999999999999806
5053.0,0.8011037499999571,4.073786499999949,3.971214124999953,-25.0,29.640140594449235,-0.024999999999999977,-0.019999999999999806
5054.0,0.8012424999999571,4.07394953124995,3.971366749999953,-25.0,29.640446218491775,-0.024999999999999977,-0.019999999999999806
5055.0,0.8013812499999571,4.07411256249995,3.971519374999953,-25.0,29.64075197671457,-0.024999999999999977,-0.019999999999999806
5056.0,0.801519999999957,4.07427559374995,3.971671999999953,-25.0,29.64105786903383,-0.024999999999999977,-0.019999999999999806
5057.0,0.801658749999957,4.074438624999949,3.971824624999953,-25.0,29.641363895365657,-0.024999999999999977,-0.019999999999999806
5058.0,0.801797499999957,4.074601656249949,3.9719772499999526,-25.0,29.641670055626378,-0.024999999999999977,-0.019999999999999806
5059.0,0.8019362499999569,4.0747646874999495,3.9721298749999527,-25.0,29.64197634973226,-0.024999999999999977,-0.019999999999999806
5060.0,0.8020749999999569,4.07492771874995,3.972282499999953,-25.0,29.642282777599632,-0.024999999999999977,-0.019999999999999806
5061.0,0.8022137499999569,4.07509074999995,3.9724351249999525,-25.0,29.642589339144877,-0.024999999999999977,-0.019999999999999806
5062.0,0.8023524999999568,4.075253781249949,3.9725877499999527,-25.0,29.64289603428449,-0.024999999999999977,-0.019999999999999806
5063.0,0.8024912499999568,4.07541681249995,3.972740374999953,-25.0,29.643202862934913,-0.024999999999999977,-0.019999999999999806
5064.0,0.8026299999999568,4.075579843749949,3.9728929999999525,-25.0,29.643509825012757,-0.024999999999999977,-0.019999999999999806
5065.0,0.8027687499999567,4.075742874999949,3.9730456249999526,-25.0,29.64381692043463,-0.024999999999999977,-0.019999999999999806
5066.0,0.8029074999999567,4.075905906249949,3.9731982499999523,-25.0,29.644124149117147,-0.024999999999999977,-0.019999999999999806
5067.0,0.8030462499999567,4.076068937499949,3.9733508749999524,-25.0,29.644431510977086,-0.024999999999999977,-0.019999999999999806
5068.0,0.8031849999999566,4.0762319687499495,3.9735034999999526,-25.0,29.64473900593117,-0.024999999999999977,-0.019999999999999806
5069.0,0.8033237499999566,4.076394999999949,3.9736561249999522,-25.0,29.645046633896243,-0.024999999999999977,-0.019999999999999806
5070.0,0.8034624999999566,4.076558031249949,3.9738087499999524,-25.0,29.645354394789138,-0.024999999999999977,-0.019999999999999806
5071.0,0.8036012499999565,4.076721062499949,3.9739613749999525,-25.0,29.64566228852675,-0.024999999999999977,-0.019999999999999806
5072.0,0.8037399999999565,4.076884093749949,3.974113999999952,-25.0,29.64597031502609,-0.024999999999999977,-0.019999999999999806
5073.0,0.8038787499999565,4.077047124999949,3.9742666249999523,-25.0,29.646278474204223,-0.024999999999999977,-0.019999999999999806
5074.0,0.8040174999999564,4.077210156249949,3.974419249999952,-25.0,29.646586765978157,-0.024999999999999977,-0.019999999999999806
5075.0,0.8041562499999564,4.077373187499949,3.974571874999952,-25.0,29.64689519026507,-0.024999999999999977,-0.019999999999999806
5076.0,0.8042949999999564,4.077536218749949,3.9747244999999523,-25.0,29.647203746982086,-0.024999999999999977,-0.019999999999999806
5077.0,0.8044337499999563,4.077699249999949,3.974877124999952,-25.0,29.647512436046497,-0.024999999999999977,-0.019999999999999806
5078.0,0.8045724999999563,4.077862281249948,3.975029749999952,-25.0,29.64782125737554,-0.024999999999999977,-0.019999999999999806
5079.0,0.8047112499999562,4.078025312499949,3.975182374999952,-25.0,29.648130210886563,-0.024999999999999977,-0.019999999999999806
5080.0,0.8048499999999562,4.078188343749948,3.975334999999952,-25.0,29.648439296496974,-0.024999999999999977,-0.019999999999999806
5081.0,0.8049887499999562,4.078351374999949,3.975487624999952,-25.0,29.64874851412418,-0.024999999999999977,-0.019999999999999806
5082.0,0.8051274999999561,4.0785144062499485,3.9756402499999517,-25.0,29.64905786368564,-0.024999999999999977,-0.019999999999999806
5083.0,0.8052662499999561,4.078677437499948,3.975792874999952,-25.0,29.649367345098938,-0.024999999999999977,-0.019999999999999806
5084.0,0.8054049999999561,4.078840468749949,3.975945499999952,-25.0,29.649676958281702,-0.024999999999999977,-0.019999999999999806
5085.0,0.805543749999956,4.079003499999948,3.9760981249999516,-25.0,29.649986703151512,-0.024999999999999977,-0.019999999999999806
5086.0,0.805682499999956,4.079166531249949,3.9762507499999518,-25.0,29.650296579626115,-0.024999999999999977,-0.019999999999999806
5087.0,0.805821249999956,4.079329562499948,3.976403374999952,-25.0,29.6506065876232,-0.024999999999999977,-0.019999999999999806
5088.0,0.8059599999999559,4.079492593749948,3.9765559999999516,-25.0,29.650916727060633,-0.024999999999999977,-0.019999999999999806
5089.0,0.8060987499999559,4.0796556249999485,3.9767086249999517,-25.0,29.651226997856213,-0.024999999999999977,-0.019999999999999806
5090.0,0.8062374999999559,4.079818656249948,3.9768612499999514,-25.0,29.65153739992786,-0.024999999999999977,-0.019999999999999806
5091.0,0.8063762499999558,4.079981687499948,3.9770138749999515,-25.0,29.65184793319355,-0.024999999999999977,-0.019999999999999806
5092.0,0.8065149999999558,4.080144718749948,3.9771664999999516,-25.0,29.65215859757126,-0.024999999999999977,-0.019999999999999806
5093.0,0.8066537499999558,4.080307749999948,3.9773191249999513,-25.0,29.652469392979015,-0.024999999999999977,-0.019999999999999806
5094.0,0.8067924999999557,4.080470781249948,3.9774717499999515,-25.0,29.652780319334965,-0.024999999999999977,-0.019999999999999806
5095.0,0.8069312499999557,4.080633812499948,3.9776243749999516,-25.0,29.653091376557256,-0.024999999999999977,-0.019999999999999806
5096.0,0.8070699999999557,4.0807968437499476,3.9777769999999513,-25.0,29.65340256456409,-0.024999999999999977,-0.019999999999999806
5097.0,0.8072087499999556,4.080959874999948,3.9779296249999514,-25.0,29.653713883273724,-0.024999999999999977,-0.019999999999999806
5098.0,0.8073474999999556,4.081122906249948,3.978082249999951,-25.0,29.654025332604476,-0.024999999999999977,-0.019999999999999806
5099.0,0.8074862499999556,4.081285937499948,3.978234874999951,-25.0,29.65433691247472,-0.024999999999999977,-0.019999999999999806
5100.0,0.8076249999999555,4.081448968749948,3.9783874999999513,-25.0,29.65464862280288,-0.024999999999999977,-0.019999999999999806
5101.0,0.8077637499999555,4.081611999999947,3.978540124999951,-25.0,29.654960463507393,-0.024999999999999977,-0.019999999999999806
5102.0,0.8079024999999554,4.081775031249948,3.978692749999951,-25.0,29.65527243450674,-0.024999999999999977,-0.019999999999999806
5103.0,0.8080412499999554,4.0819380624999475,3.9788453749999513,-25.0,29.655584535719527,-0.024999999999999977,-0.019999999999999806
5104.0,0.8081799999999554,4.082101093749947,3.978997999999951,-25.0,29.655896767064405,-0.024999999999999977,-0.019999999999999806
5105.0,0.8083187499999553,4.082264124999948,3.979150624999951,-25.0,29.656209128459977,-0.024999999999999977,-0.019999999999999806
5106.0,0.8084574999999553,4.082427156249947,3.9793032499999508,-25.0,29.656521619825014,-0.024999999999999977,-0.019999999999999806
5107.0,0.8085962499999553,4.082590187499948,3.979455874999951,-25.0,29.65683424107823,-0.024999999999999977,-0.019999999999999806
5108.0,0.8087349999999552,4.082753218749947,3.979608499999951,-25.0,29.657146992138507,-0.024999999999999977,-0.019999999999999806
5109.0,0.8088737499999552,4.082916249999947,3.9797611249999507,-25.0,29.657459872924676,-0.024999999999999977,-0.019999999999999806
5110.0,0.8090124999999552,4.0830792812499475,3.979913749999951,-25.0,29.657772883355676,-0.024999999999999977,-0.019999999999999806
5111.0,0.8091512499999551,4.083242312499948,3.980066374999951,-25.0,29.65808602335045,-0.024999999999999977,-0.019999999999999806
5112.0,0.8092899999999551,4.083405343749948,3.9802189999999507,-25.0,29.65839929282805,-0.024999999999999977,-0.019999999999999806
5113.0,0.8094287499999551,4.083568374999947,3.980371624999951,-25.0,29.658712691707535,-0.024999999999999977,-0.019999999999999806
5114.0,0.809567499999955,4.083731406249947,3.9805242499999505,-25.0,29.659026219908014,-0.024999999999999977,-0.019999999999999806
5115.0,0.809706249999955,4.083894437499947,3.9806768749999506,-25.0,29.659339877348714,-0.024999999999999977,-0.019999999999999806
5116.0,0.809844999999955,4.084057468749947,3.9808294999999507,-25.0,29.659653663948802,-0.024999999999999977,-0.019999999999999806
5117.0,0.8099837499999549,4.0842204999999465,3.9809821249999504,-25.0,29.659967579627562,-0.024999999999999977,-0.019999999999999806
5118.0,0.8101224999999549,4.084383531249947,3.9811347499999505,-25.0,29.660281624304332,-0.024999999999999977,-0.019999999999999806
5119.0,0.8102612499999549,4.0845465624999475,3.9812873749999507,-25.0,29.66059579789851,-0.024999999999999977,-0.019999999999999806
5120.0,0.8103999999999548,4.084709593749947,3.9814399999999504,-25.0,29.660910100329488,-0.024999999999999977,-0.019999999999999806
5121.0,0.8105387499999548,4.084872624999947,3.9815926249999505,-25.0,29.66122453151678,-0.024999999999999977,-0.019999999999999806
5122.0,0.8106774999999548,4.085035656249946,3.98174524999995,-25.0,29.661539091379893,-0.024999999999999977,-0.019999999999999806
5123.0,0.8108162499999547,4.085198687499947,3.9818978749999503,-25.0,29.661853779838395,-0.024999999999999977,-0.019999999999999806
5124.0,0.8109549999999547,4.085361718749947,3.9820504999999504,-25.0,29.66216859681191,-0.024999999999999977,-0.019999999999999806
5125.0,0.8110937499999546,4.085524749999947,3.98220312499995,-25.0,29.662483542220173,-0.024999999999999977,-0.019999999999999806
5126.0,0.8112324999999546,4.085687781249947,3.9823557499999502,-25.0,29.662798615982865,-0.024999999999999977,-0.019999999999999806
5127.0,0.8113712499999546,4.085850812499947,3.9825083749999504,-25.0,29.663113818019724,-0.024999999999999977,-0.019999999999999806
5128.0,0.8115099999999545,4.086013843749947,3.98266099999995,-25.0,29.663429148250657,-0.024999999999999977,-0.019999999999999806
5129.0,0.8116487499999545,4.086176874999946,3.98281362499995,-25.0,29.663744606595515,-0.024999999999999977,-0.019999999999999806
5130.0,0.8117874999999545,4.086339906249947,3.98296624999995,-25.0,29.664060192974205,-0.024999999999999977,-0.019999999999999806
5131.0,0.8119262499999544,4.086502937499946,3.98311887499995,-25.0,29.66437590730675,-0.024999999999999977,-0.019999999999999806
5132.0,0.8120649999999544,4.086665968749947,3.98327149999995,-25.0,29.66469174951311,-0.024999999999999977,-0.019999999999999806
5133.0,0.8122037499999544,4.0868289999999465,3.98342412499995,-25.0,29.665007719513426,-0.024999999999999977,-0.019999999999999806
5134.0,0.8123424999999543,4.086992031249946,3.98357674999995,-25.0,29.665323817227772,-0.024999999999999977,-0.019999999999999806
5135.0,0.8124812499999543,4.087155062499947,3.98372937499995,-25.0,29.6656400425764,-0.024999999999999977,-0.019999999999999806
5136.0,0.8126199999999543,4.087318093749946,3.9838819999999497,-25.0,29.665956395479498,-0.024999999999999977,-0.019999999999999806
5137.0,0.8127587499999542,4.087481124999947,3.98403462499995,-25.0,29.666272875857317,-0.024999999999999977,-0.019999999999999806
5138.0,0.8128974999999542,4.087644156249946,3.9841872499999496,-25.0,29.66658948363022,-0.024999999999999977,-0.019999999999999806
5139.0,0.8130362499999542,4.087807187499946,3.9843398749999497,-25.0,29.666906218718566,-0.024999999999999977,-0.019999999999999806
5140.0,0.8131749999999541,4.0879702187499465,3.98449249999995,-25.0,29.667223081042778,-0.024999999999999977,-0.019999999999999806
5141.0,0.8133137499999541,4.088133249999946,3.9846451249999495,-25.0,29.667540070523387,-0.024999999999999977,-0.019999999999999806
5142.0,0.8134524999999541,4.088296281249946,3.9847977499999496,-25.0,29.66785718708087,-0.024999999999999977,-0.019999999999999806
5143.0,0.813591249999954,4.088459312499946,3.9849503749999498,-25.0,29.668174430635815,-0.024999999999999977,-0.019999999999999806
5144.0,0.813729999999954,4.088622343749946,3.9851029999999494,-25.0,29.66849180110887,-0.024999999999999977,-0.019999999999999806
5145.0,0.813868749999954,4.088785374999946,3.9852556249999496,-25.0,29.668809298420683,-0.024999999999999977,-0.019999999999999806
5146.0,0.8140074999999539,4.088948406249946,3.9854082499999492,-25.0,29.669126922491955,-0.024999999999999977,-0.019999999999999806
5147.0,0.8141462499999539,4.0891114374999455,3.9855608749999494,-25.0,29.669444673243504,-0.024999999999999977,-0.019999999999999806
5148.0,0.8142849999999539,4.089274468749946,3.9857134999999495,-25.0,29.669762550596147,-0.024999999999999977,-0.019999999999999806
5149.0,0.8144237499999538,4.089437499999946,3.985866124999949,-25.0,29.670080554470758,-0.024999999999999977,-0.019999999999999806
5150.0,0.8145624999999538,4.089600531249946,3.9860187499999493,-25.0,29.670398684788267,-0.024999999999999977,-0.019999999999999806
5151.0,0.8147012499999537,4.089763562499946,3.9861713749999494,-25.0,29.670716941469664,-0.024999999999999977,-0.019999999999999806
5152.0,0.8148399999999537,4.089926593749945,3.986323999999949,-25.0,29.671035324435934,-0.024999999999999977,-0.019999999999999806
5153.0,0.8149787499999537,4.090089624999946,3.9864766249999493,-25.0,29.67135383360818,-0.024999999999999977,-0.019999999999999806
5154.0,0.8151174999999536,4.0902526562499455,3.986629249999949,-25.0,29.671672468907502,-0.024999999999999977,-0.019999999999999806
5155.0,0.8152562499999536,4.090415687499945,3.986781874999949,-25.0,29.67199123025506,-0.024999999999999977,-0.019999999999999806
5156.0,0.8153949999999536,4.090578718749946,3.986934499999949,-25.0,29.672310117572067,-0.024999999999999977,-0.019999999999999806
5157.0,0.8155337499999535,4.090741749999945,3.987087124999949,-25.0,29.672629130779853,-0.024999999999999977,-0.019999999999999806
5158.0,0.8156724999999535,4.090904781249946,3.987239749999949,-25.0,29.67294826979969,-0.024999999999999977,-0.019999999999999806
5159.0,0.8158112499999535,4.091067812499945,3.987392374999949,-25.0,29.673267534552963,-0.024999999999999977,-0.019999999999999806
5160.0,0.8159499999999534,4.091230843749945,3.987544999999949,-25.0,29.673586924961057,-0.024999999999999977,-0.019999999999999806
5161.0,0.8160887499999534,4.0913938749999454,3.987697624999949,-25.0,29.673906440945473,-0.024999999999999977,-0.019999999999999806
5162.0,0.8162274999999534,4.091556906249945,3.9878502499999486,-25.0,29.674226082427708,-0.024999999999999977,-0.019999999999999806
5163.0,0.8163662499999533,4.091719937499946,3.9880028749999488,-25.0,29.67454584932932,-0.024999999999999977,-0.019999999999999806
5164.0,0.8165049999999533,4.091882968749945,3.988155499999949,-25.0,29.67486574157192,-0.024999999999999977,-0.019999999999999806
5165.0,0.8166437499999533,4.092045999999945,3.9883081249999486,-25.0,29.67518575907718,-0.024999999999999977,-0.019999999999999806
5166.0,0.8167824999999532,4.092209031249945,3.9884607499999487,-25.0,29.675505901766826,-0.024999999999999977,-0.019999999999999806
5167.0,0.8169212499999532,4.092372062499945,3.988613374999949,-25.0,29.675826169562583,-0.024999999999999977,-0.019999999999999806
5168.0,0.8170599999999532,4.0925350937499445,3.9887659999999485,-25.0,29.676146562386293,-0.024999999999999977,-0.019999999999999806
5169.0,0.8171987499999531,4.092698124999945,3.9889186249999486,-25.0,29.676467080159796,-0.024999999999999977,-0.019999999999999806
5170.0,0.8173374999999531,4.092861156249945,3.9890712499999483,-25.0,29.67678772280499,-0.024999999999999977,-0.019999999999999806
5171.0,0.817476249999953,4.093024187499945,3.9892238749999485,-25.0,29.67710849024388,-0.024999999999999977,-0.019999999999999806
5172.0,0.817614999999953,4.093187218749945,3.9893764999999486,-25.0,29.67742938239843,-0.024999999999999977,-0.019999999999999806
5173.0,0.817753749999953,4.093350249999944,3.9895291249999483,-25.0,29.6777503991907,-0.024999999999999977,-0.019999999999999806
5174.0,0.817892499999953,4.093513281249945,3.9896817499999484,-25.0,29.67807154054276,-0.024999999999999977,-0.019999999999999806
5175.0,0.8180312499999529,4.093676312499945,3.9898343749999485,-25.0,29.67839280637679,-0.024999999999999977,-0.019999999999999806
5176.0,0.8181699999999529,4.093839343749945,3.989986999999948,-25.0,29.678714196614976,-0.024999999999999977,-0.019999999999999806
5177.0,0.8183087499999528,4.094002374999945,3.9901396249999483,-25.0,29.67903571117961,-0.024999999999999977,-0.019999999999999806
5178.0,0.8184474999999528,4.094165406249944,3.990292249999948,-25.0,29.679357349992927,-0.024999999999999977,-0.019999999999999806
5179.0,0.8185862499999528,4.094328437499945,3.990444874999948,-25.0,29.679679112977283,-0.024999999999999977,-0.019999999999999806
5180.0,0.8187249999999527,4.094491468749944,3.9905974999999483,-25.0,29.680001000055086,-0.024999999999999977,-0.019999999999999806
5181.0,0.8188637499999527,4.094654499999944,3.990750124999948,-25.0,29.6803230111488,-0.024999999999999977,-0.019999999999999806
5182.0,0.8190024999999527,4.094817531249944,3.990902749999948,-25.0,29.680645146180893,-0.024999999999999977,-0.019999999999999806
5183.0,0.8191412499999526,4.094980562499945,3.9910553749999482,-25.0,29.680967405073886,-0.024999999999999977,-0.019999999999999806
5184.0,0.8192799999999526,4.0951435937499445,3.991207999999948,-25.0,29.681289787750416,-0.024999999999999977,-0.019999999999999806
5185.0,0.8194187499999526,4.095306624999944,3.991360624999948,-25.0,29.68161229413306,-0.024999999999999977,-0.019999999999999806
5186.0,0.8195574999999525,4.095469656249944,3.9915132499999477,-25.0,29.681934924144514,-0.024999999999999977,-0.019999999999999806
5187.0,0.8196962499999525,4.095632687499944,3.991665874999948,-25.0,29.682257677707526,-0.024999999999999977,-0.019999999999999806
5188.0,0.8198349999999525,4.095795718749945,3.991818499999948,-25.0,29.682580554744902,-0.024999999999999977,-0.019999999999999806
5189.0,0.8199737499999524,4.095958749999944,3.9919711249999477,-25.0,29.68290355517945,-0.024999999999999977,-0.019999999999999806
5190.0,0.8201124999999524,4.096121781249944,3.992123749999948,-25.0,29.683226678934034,-0.024999999999999977,-0.019999999999999806
5191.0,0.8202512499999524,4.0962848124999445,3.992276374999948,-25.0,29.683549925931572,-0.024999999999999977,-0.019999999999999806
5192.0,0.8203899999999523,4.096447843749944,3.9924289999999476,-25.0,29.683873296095044,-0.024999999999999977,-0.019999999999999806
5193.0,0.8205287499999523,4.096610874999944,3.9925816249999477,-25.0,29.68419678934748,-0.024999999999999977,-0.019999999999999806
5194.0,0.8206674999999523,4.096773906249944,3.9927342499999474,-25.0,29.684520405611977,-0.024999999999999977,-0.019999999999999806
5195.0,0.8208062499999522,4.096936937499944,3.9928868749999475,-25.0,29.68484414481162,-0.024999999999999977,-0.019999999999999806
5196.0,0.8209449999999522,4.097099968749944,3.9930394999999477,-25.0,29.68516800686956,-0.024999999999999977,-0.019999999999999806
5197.0,0.8210837499999522,4.097262999999944,3.9931921249999474,-25.0,29.685491991709,-0.024999999999999977,-0.019999999999999806
5198.0,0.8212224999999521,4.0974260312499435,3.9933447499999475,-25.0,29.68581609925326,-0.024999999999999977,-0.019999999999999806
5199.0,0.8213612499999521,4.097589062499944,3.9934973749999476,-25.0,29.686140329425598,-0.024999999999999977,-0.019999999999999806
5200.0,0.821499999999952,4.097752093749944,3.9936499999999473,-25.0,29.686464682149392,-0.024999999999999977,-0.019999999999999806
5201.0,0.821638749999952,4.097915124999944,3.9938026249999474,-25.0,29.686789157348073,-0.024999999999999977,-0.019999999999999806
5202.0,0.821777499999952,4.098078156249944,3.993955249999947,-25.0,29.687113754945017,-0.024999999999999977,-0.019999999999999806
5203.0,0.8219162499999519,4.098241187499943,3.9941078749999472,-25.0,29.687438474863825,-0.024999999999999977,-0.019999999999999806
5204.0,0.8220549999999519,4.098404218749944,3.9942604999999474,-25.0,29.687763317027986,-0.024999999999999977,-0.019999999999999806
5205.0,0.8221937499999519,4.0985672499999435,3.994413124999947,-25.0,29.688088281361104,-0.024999999999999977,-0.019999999999999806
5206.0,0.8223324999999518,4.098730281249943,3.994565749999947,-25.0,29.688413367786836,-0.024999999999999977,-0.019999999999999806
5207.0,0.8224712499999518,4.098893312499944,3.9947183749999473,-25.0,29.688738576228843,-0.024999999999999977,-0.019999999999999806
5208.0,0.8226099999999518,4.099056343749943,3.994870999999947,-25.0,29.689063906610897,-0.024999999999999977,-0.019999999999999806
5209.0,0.8227487499999517,4.099219374999944,3.995023624999947,-25.0,29.689389358856772,-0.024999999999999977,-0.019999999999999806
5210.0,0.8228874999999517,4.099382406249943,3.995176249999947,-25.0,29.689714932890297,-0.024999999999999977,-0.019999999999999806
5211.0,0.8230262499999517,4.099545437499943,3.995328874999947,-25.0,29.69004062863536,-0.024999999999999977,-0.019999999999999806
5212.0,0.8231649999999516,4.099708468749943,3.995481499999947,-25.0,29.6903664460159,-0.024999999999999977,-0.019999999999999806
5213.0,0.8233037499999516,4.099871499999943,3.9956341249999467,-25.0,29.690692384955867,-0.024999999999999977,-0.019999999999999806
5214.0,0.8234424999999516,4.1000345312499435,3.995786749999947,-25.0,29.691018445379314,-0.024999999999999977,-0.019999999999999806
5215.0,0.8235812499999515,4.100197562499943,3.995939374999947,-25.0,29.6913446272103,-0.024999999999999977,-0.019999999999999806
5216.0,0.8237199999999515,4.100360593749943,3.9960919999999467,-25.0,29.691670930372993,-0.024999999999999977,-0.019999999999999806
5217.0,0.8238587499999515,4.100523624999943,3.996244624999947,-25.0,29.69199735479151,-0.024999999999999977,-0.019999999999999806
5218.0,0.8239974999999514,4.100686656249943,3.9963972499999465,-25.0,29.69232390039008,-0.024999999999999977,-0.019999999999999806
5219.0,0.8241362499999514,4.1008496874999425,3.9965498749999466,-25.0,29.692650567092983,-0.024999999999999977,-0.019999999999999806
5220.0,0.8242749999999514,4.101012718749943,3.9967024999999468,-25.0,29.692977354824507,-0.024999999999999977,-0.019999999999999806
5221.0,0.8244137499999513,4.101175749999943,3.9968551249999464,-25.0,29.693304263508992,-0.024999999999999977,-0.019999999999999806
5222.0,0.8245524999999513,4.101338781249943,3.9970077499999466,-25.0,29.693631293070837,-0.024999999999999977,-0.019999999999999806
5223.0,0.8246912499999512,4.101501812499943,3.9971603749999467,-25.0,29.693958443434553,-0.024999999999999977,-0.019999999999999806
5224.0,0.8248299999999512,4.101664843749942,3.9973129999999464,-25.0,29.694285714524597,-0.024999999999999977,-0.019999999999999806
5225.0,0.8249687499999512,4.101827874999943,3.9974656249999465,-25.0,29.694613106265535,-0.024999999999999977,-0.019999999999999806
5226.0,0.8251074999999511,4.1019909062499424,3.997618249999946,-25.0,29.69494061858194,-0.024999999999999977,-0.019999999999999806
5227.0,0.8252462499999511,4.102153937499943,3.9977708749999463,-25.0,29.69526825139843,-0.024999999999999977,-0.019999999999999806
5228.0,0.8253849999999511,4.102316968749943,3.9979234999999465,-25.0,29.695596004639754,-0.024999999999999977,-0.019999999999999806
5229.0,0.825523749999951,4.102479999999942,3.998076124999946,-25.0,29.695923878230587,-0.024999999999999977,-0.019999999999999806
5230.0,0.825662499999951,4.102643031249943,3.9982287499999463,-25.0,29.69625187209573,-0.024999999999999977,-0.019999999999999806
5231.0,0.825801249999951,4.102806062499942,3.9983813749999464,-25.0,29.69657998616003,-0.024999999999999977,-0.019999999999999806
5232.0,0.8259399999999509,4.102969093749942,3.998533999999946,-25.0,29.696908220348348,-0.024999999999999977,-0.019999999999999806
5233.0,0.8260787499999509,4.103132124999942,3.998686624999946,-25.0,29.697236574585645,-0.024999999999999977,-0.019999999999999806
5234.0,0.8262174999999509,4.103295156249942,3.998839249999946,-25.0,29.697565048796832,-0.024999999999999977,-0.019999999999999806
5235.0,0.8263562499999508,4.1034581874999425,3.998991874999946,-25.0,29.697893642906934,-0.024999999999999977,-0.019999999999999806
5236.0,0.8264949999999508,4.103621218749942,3.999144499999946,-25.0,29.69822235684103,-0.024999999999999977,-0.019999999999999806
5237.0,0.8266337499999508,4.103784249999942,3.999297124999946,-25.0,29.698551190524256,-0.024999999999999977,-0.019999999999999806
5238.0,0.8267724999999507,4.103947281249942,3.999449749999946,-25.0,29.698880143881752,-0.024999999999999977,-0.019999999999999806
5239.0,0.8269112499999507,4.104110312499943,3.999602374999946,-25.0,29.69920921683871,-0.024999999999999977,-0.019999999999999806
5240.0,0.8270499999999507,4.104273343749942,3.9997549999999458,-25.0,29.699538409320382,-0.024999999999999977,-0.019999999999999806
5241.0,0.8271887499999506,4.104436374999942,3.999907624999946,-25.0,29.699867721252076,-0.024999999999999977,-0.019999999999999806
5242.0,0.8273274999999506,4.104599406249942,4.000060249999946,-25.0,29.7001971525591,-0.024999999999999977,-0.019999999999999806
5243.0,0.8274662499999506,4.104762437499942,4.000212874999946,-25.0,29.700526703166872,-0.024999999999999977,-0.019999999999999806
5244.0,0.8276049999999505,4.104925468749942,4.000365499999946,-25.0,29.700856373000818,-0.024999999999999977,-0.019999999999999806
5245.0,0.8277437499999505,4.105088499999942,4.000518124999946,-25.0,29.70118616198647,-0.024999999999999977,-0.019999999999999806
5246.0,0.8278824999999504,4.105251531249942,4.000670749999945,-25.0,29.70151607004931,-0.024999999999999977,-0.019999999999999806
5247.0,0.8280212499999504,4.105414562499941,4.000823374999945,-25.0,29.701846097114924,-0.024999999999999977,-0.019999999999999806
5248.0,0.8281599999999504,4.105577593749942,4.0009759999999455,-25.0,29.70217624310891,-0.024999999999999977,-0.019999999999999806
5249.0,0.8282987499999503,4.1057406249999415,4.001128624999946,-25.0,29.70250650795697,-0.024999999999999977,-0.019999999999999806
5250.0,0.8284374999999503,4.105903656249942,4.001281249999946,-25.0,29.70283689158481,-0.024999999999999977,-0.019999999999999806
5251.0,0.8285762499999503,4.106066687499942,4.001433874999946,-25.0,29.703167393918193,-0.024999999999999977,-0.019999999999999806
5252.0,0.8287149999999502,4.106229718749941,4.001586499999945,-25.0,29.70349801488294,-0.024999999999999977,-0.019999999999999806
5253.0,0.8288537499999502,4.106392749999942,4.001739124999945,-25.0,29.703828754404867,-0.024999999999999977,-0.019999999999999806
5254.0,0.8289924999999502,4.106555781249941,4.001891749999945,-25.0,29.70415961240991,-0.024999999999999977,-0.019999999999999806
5255.0,0.8291312499999501,4.106718812499942,4.0020443749999455,-25.0,29.704490588824,-0.024999999999999977,-0.019999999999999806
5256.0,0.8292699999999501,4.1068818437499415,4.002196999999946,-25.0,29.704821683573186,-0.024999999999999977,-0.019999999999999806
5257.0,0.8294087499999501,4.107044874999941,4.002349624999945,-25.0,29.705152896583456,-0.024999999999999977,-0.019999999999999806
5258.0,0.82954749999995,4.107207906249942,4.002502249999945,-25.0,29.705484227780914,-0.024999999999999977,-0.019999999999999806
5259.0,0.82968624999995,4.107370937499941,4.002654874999945,-25.0,29.705815677091664,-0.024999999999999977,-0.019999999999999806
5260.0,0.82982499999995,4.107533968749942,4.002807499999945,-25.0,29.706147244441922,-0.024999999999999977,-0.019999999999999806
5261.0,0.8299637499999499,4.107696999999941,4.002960124999945,-25.0,29.706478929757907,-0.024999999999999977,-0.019999999999999806
5262.0,0.8301024999999499,4.107860031249941,4.003112749999945,-25.0,29.70681073296589,-0.024999999999999977,-0.019999999999999806
5263.0,0.8302412499999499,4.1080230624999405,4.003265374999945,-25.0,29.70714265399215,-0.024999999999999977,-0.019999999999999806
5264.0,0.8303799999999498,4.108186093749941,4.003417999999945,-25.0,29.70747469276307,-0.024999999999999977,-0.019999999999999806
5265.0,0.8305187499999498,4.1083491249999415,4.003570624999945,-25.0,29.7078068492051,-0.024999999999999977,-0.019999999999999806
5266.0,0.8306574999999498,4.108512156249941,4.003723249999945,-25.0,29.708139123244678,-0.024999999999999977,-0.019999999999999806
5267.0,0.8307962499999497,4.108675187499942,4.003875874999945,-25.0,29.708471514808252,-0.024999999999999977,-0.019999999999999806
5268.0,0.8309349999999497,4.10883821874994,4.0040284999999445,-25.0,29.708804023822438,-0.024999999999999977,-0.019999999999999806
5269.0,0.8310737499999497,4.109001249999941,4.004181124999945,-25.0,29.709136650213793,-0.024999999999999977,-0.019999999999999806
5270.0,0.8312124999999496,4.1091642812499405,4.004333749999945,-25.0,29.70946939390899,-0.024999999999999977,-0.019999999999999806
5271.0,0.8313512499999496,4.109327312499941,4.004486374999945,-25.0,29.7098022548347,-0.024999999999999977,-0.019999999999999806
5272.0,0.8314899999999495,4.1094903437499415,4.004638999999945,-25.0,29.710135232917594,-0.024999999999999977,-0.019999999999999806
5273.0,0.8316287499999495,4.10965337499994,4.004791624999944,-25.0,29.710468328084517,-0.024999999999999977,-0.019999999999999806
5274.0,0.8317674999999495,4.109816406249941,4.004944249999944,-25.0,29.710801540262253,-0.024999999999999977,-0.019999999999999806
5275.0,0.8319062499999494,4.10997943749994,4.0050968749999445,-25.0,29.7111348693777,-0.024999999999999977,-0.019999999999999806
5276.0,0.8320449999999494,4.110142468749941,4.005249499999945,-25.0,29.711468315357763,-0.024999999999999977,-0.019999999999999806
5277.0,0.8321837499999494,4.110305499999941,4.005402124999945,-25.0,29.711801878129393,-0.024999999999999977,-0.019999999999999806
5278.0,0.8323224999999493,4.11046853124994,4.005554749999944,-25.0,29.712135557619604,-0.024999999999999977,-0.019999999999999806
5279.0,0.8324612499999493,4.1106315624999406,4.005707374999944,-25.0,29.712469353755466,-0.024999999999999977,-0.019999999999999806
5280.0,0.8325999999999493,4.11079459374994,4.005859999999944,-25.0,29.71280326646405,-0.024999999999999977,-0.019999999999999806
5281.0,0.8327387499999492,4.110957624999941,4.006012624999944,-25.0,29.71313729567248,-0.024999999999999977,-0.019999999999999806
5282.0,0.8328774999999492,4.11112065624994,4.0061652499999445,-25.0,29.713471441308002,-0.024999999999999977,-0.019999999999999806
5283.0,0.8330162499999492,4.111283687499941,4.006317874999945,-25.0,29.713805703297794,-0.024999999999999977,-0.019999999999999806
5284.0,0.8331549999999491,4.11144671874994,4.006470499999944,-25.0,29.714140081569155,-0.024999999999999977,-0.019999999999999806
5285.0,0.8332937499999491,4.11160974999994,4.006623124999944,-25.0,29.71447457604944,-0.024999999999999977,-0.019999999999999806
5286.0,0.8334324999999491,4.1117727812499405,4.006775749999944,-25.0,29.714809186665946,-0.024999999999999977,-0.019999999999999806
5287.0,0.833571249999949,4.11193581249994,4.006928374999944,-25.0,29.71514391334614,-0.024999999999999977,-0.019999999999999806
5288.0,0.833709999999949,4.112098843749941,4.007080999999944,-25.0,29.71547875601749,-0.024999999999999977,-0.019999999999999806
5289.0,0.833848749999949,4.112261874999939,4.007233624999944,-25.0,29.715813714607464,-0.024999999999999977,-0.019999999999999806
5290.0,0.8339874999999489,4.11242490624994,4.007386249999944,-25.0,29.716148789043643,-0.024999999999999977,-0.019999999999999806
5291.0,0.8341262499999489,4.11258793749994,4.007538874999944,-25.0,29.71648397925361,-0.024999999999999977,-0.019999999999999806
5292.0,0.8342649999999489,4.11275096874994,4.007691499999944,-25.0,29.716819285165002,-0.024999999999999977,-0.019999999999999806
5293.0,0.8344037499999488,4.1129139999999405,4.007844124999944,-25.0,29.717154706705514,-0.024999999999999977,-0.019999999999999806
5294.0,0.8345424999999488,4.113077031249939,4.007996749999943,-25.0,29.7174902438029,-0.024999999999999977,-0.019999999999999806
5295.0,0.8346812499999487,4.11324006249994,4.0081493749999435,-25.0,29.71782589638491,-0.024999999999999977,-0.019999999999999806
5296.0,0.8348199999999487,4.113403093749939,4.008301999999944,-25.0,29.718161664379352,-0.024999999999999977,-0.019999999999999806
5297.0,0.8349587499999487,4.11356612499994,4.008454624999944,-25.0,29.718497547714094,-0.024999999999999977,-0.019999999999999806
5298.0,0.8350974999999486,4.11372915624994,4.008607249999944,-25.0,29.718833546317057,-0.024999999999999977,-0.019999999999999806
5299.0,0.8352362499999486,4.11389218749994,4.008759874999944,-25.0,29.719169660116222,-0.024999999999999977,-0.019999999999999806
5300.0,0.8353749999999486,4.1140552187499395,4.008912499999943,-25.0,29.719505889039567,-0.024999999999999977,-0.019999999999999806
5301.0,0.8355137499999485,4.114218249999939,4.009065124999943,-25.0,29.719842233015186,-0.024999999999999977,-0.019999999999999806
5302.0,0.8356524999999485,4.11438128124994,4.0092177499999435,-25.0,29.720178691971114,-0.024999999999999977,-0.019999999999999806
5303.0,0.8357912499999485,4.11454431249994,4.009370374999944,-25.0,29.720515265835502,-0.024999999999999977,-0.019999999999999806
5304.0,0.8359299999999484,4.11470734374994,4.009522999999944,-25.0,29.720851954536556,-0.024999999999999977,-0.019999999999999806
5305.0,0.8360687499999484,4.114870374999939,4.009675624999943,-25.0,29.721188758002484,-0.024999999999999977,-0.019999999999999806
5306.0,0.8362074999999484,4.115033406249939,4.009828249999943,-25.0,29.721525676161548,-0.024999999999999977,-0.019999999999999806
5307.0,0.8363462499999483,4.1151964374999395,4.009980874999943,-25.0,29.72186270894207,-0.024999999999999977,-0.019999999999999806
5308.0,0.8364849999999483,4.115359468749939,4.010133499999943,-25.0,29.722199856272425,-0.024999999999999977,-0.019999999999999806
5309.0,0.8366237499999483,4.11552249999994,4.0102861249999435,-25.0,29.722537118080993,-0.024999999999999977,-0.019999999999999806
5310.0,0.8367624999999482,4.115685531249939,4.010438749999943,-25.0,29.722874494296263,-0.024999999999999977,-0.019999999999999806
5311.0,0.8369012499999482,4.115848562499939,4.010591374999943,-25.0,29.723211984846728,-0.024999999999999977,-0.019999999999999806
5312.0,0.8370399999999482,4.116011593749939,4.010743999999943,-25.0,29.723549589660877,-0.024999999999999977,-0.019999999999999806
5313.0,0.8371787499999481,4.116174624999939,4.010896624999943,-25.0,29.723887308667315,-0.024999999999999977,-0.019999999999999806
5314.0,0.8373174999999481,4.116337656249939,4.011049249999943,-25.0,29.724225141794705,-0.024999999999999977,-0.019999999999999806
5315.0,0.837456249999948,4.116500687499939,4.011201874999943,-25.0,29.724563088971706,-0.024999999999999977,-0.019999999999999806
5316.0,0.837594999999948,4.116663718749939,4.011354499999943,-25.0,29.72490115012704,-0.024999999999999977,-0.019999999999999806
5317.0,0.837733749999948,4.116826749999939,4.011507124999943,-25.0,29.725239325189477,-0.024999999999999977,-0.019999999999999806
5318.0,0.837872499999948,4.116989781249939,4.011659749999943,-25.0,29.725577614087797,-0.024999999999999977,-0.019999999999999806
5319.0,0.8380112499999479,4.117152812499939,4.011812374999943,-25.0,29.725916016750887,-0.024999999999999977,-0.019999999999999806
5320.0,0.8381499999999479,4.117315843749939,4.011964999999943,-25.0,29.72625453310758,-0.024999999999999977,-0.019999999999999806
5321.0,0.8382887499999478,4.1174788749999385,4.012117624999942,-25.0,29.726593163086875,-0.024999999999999977,-0.019999999999999806
5322.0,0.8384274999999478,4.117641906249939,4.0122702499999425,-25.0,29.72693190661778,-0.024999999999999977,-0.019999999999999806
5323.0,0.8385662499999478,4.117804937499939,4.012422874999943,-25.0,29.727270763629292,-0.024999999999999977,-0.019999999999999806
5324.0,0.8387049999999477,4.117967968749939,4.012575499999943,-25.0,29.727609734050475,-0.024999999999999977,-0.019999999999999806
5325.0,0.8388437499999477,4.118130999999939,4.012728124999943,-25.0,29.727948817810443,-0.024999999999999977,-0.019999999999999806
5326.0,0.8389824999999477,4.118294031249938,4.012880749999942,-25.0,29.72828801483837,-0.024999999999999977,-0.019999999999999806
5327.0,0.8391212499999476,4.118457062499938,4.013033374999942,-25.0,29.728627325063485,-0.024999999999999977,-0.019999999999999806
5328.0,0.8392599999999476,4.118620093749938,4.013185999999942,-25.0,29.72896674841502,-0.024999999999999977,-0.019999999999999806
5329.0,0.8393987499999476,4.118783124999939,4.0133386249999425,-25.0,29.729306284822258,-0.024999999999999977,-0.019999999999999806
5330.0,0.8395374999999475,4.1189461562499385,4.013491249999943,-25.0,29.729645934214545,-0.024999999999999977,-0.019999999999999806
5331.0,0.8396762499999475,4.119109187499939,4.013643874999943,-25.0,29.729985696521283,-0.024999999999999977,-0.019999999999999806
5332.0,0.8398149999999475,4.119272218749938,4.013796499999942,-25.0,29.73032557167187,-0.024999999999999977,-0.019999999999999806
5333.0,0.8399537499999474,4.119435249999938,4.013949124999942,-25.0,29.73066555959582,-0.024999999999999977,-0.019999999999999806
5334.0,0.8400924999999474,4.119598281249938,4.014101749999942,-25.0,29.73100566022265,-0.024999999999999977,-0.019999999999999806
5335.0,0.8402312499999474,4.119761312499938,4.014254374999942,-25.0,29.73134587348187,-0.024999999999999977,-0.019999999999999806
5336.0,0.8403699999999473,4.119924343749939,4.0144069999999425,-25.0,29.731686199303113,-0.024999999999999977,-0.019999999999999806
5337.0,0.8405087499999473,4.120087374999938,4.014559624999942,-25.0,29.73202663761606,-0.024999999999999977,-0.019999999999999806
5338.0,0.8406474999999473,4.120250406249938,4.014712249999942,-25.0,29.732367188350338,-0.024999999999999977,-0.019999999999999806
5339.0,0.8407862499999472,4.120413437499938,4.014864874999942,-25.0,29.732707851435748,-0.024999999999999977,-0.019999999999999806
5340.0,0.8409249999999472,4.120576468749938,4.015017499999942,-25.0,29.73304862680203,-0.024999999999999977,-0.019999999999999806
5341.0,0.8410637499999472,4.120739499999939,4.015170124999942,-25.0,29.73338951437904,-0.024999999999999977,-0.019999999999999806
5342.0,0.8412024999999471,4.120902531249937,4.0153227499999415,-25.0,29.733730514096635,-0.024999999999999977,-0.019999999999999806
5343.0,0.8413412499999471,4.121065562499938,4.015475374999942,-25.0,29.734071625884724,-0.024999999999999977,-0.019999999999999806
5344.0,0.841479999999947,4.1212285937499376,4.015627999999942,-25.0,29.73441284967322,-0.024999999999999977,-0.019999999999999806
5345.0,0.841618749999947,4.121391624999938,4.015780624999942,-25.0,29.73475418539215,-0.024999999999999977,-0.019999999999999806
5346.0,0.841757499999947,4.121554656249938,4.015933249999942,-25.0,29.735095632971593,-0.024999999999999977,-0.019999999999999806
5347.0,0.8418962499999469,4.121717687499937,4.016085874999941,-25.0,29.735437192341635,-0.024999999999999977,-0.019999999999999806
5348.0,0.8420349999999469,4.121880718749938,4.016238499999941,-25.0,29.73577886343236,-0.024999999999999977,-0.019999999999999806
5349.0,0.8421737499999469,4.122043749999937,4.0163911249999416,-25.0,29.73612064617396,-0.024999999999999977,-0.019999999999999806
5350.0,0.8423124999999468,4.122206781249938,4.016543749999942,-25.0,29.73646254049669,-0.024999999999999977,-0.019999999999999806
5351.0,0.8424512499999468,4.1223698124999375,4.016696374999942,-25.0,29.736804546330745,-0.024999999999999977,-0.019999999999999806
5352.0,0.8425899999999468,4.122532843749938,4.016848999999942,-25.0,29.737146663606495,-0.024999999999999977,-0.019999999999999806
5353.0,0.8427287499999467,4.122695874999937,4.017001624999941,-25.0,29.737488892254248,-0.024999999999999977,-0.019999999999999806
5354.0,0.8428674999999467,4.122858906249937,4.017154249999941,-25.0,29.737831232204428,-0.024999999999999977,-0.019999999999999806
5355.0,0.8430062499999467,4.123021937499938,4.017306874999941,-25.0,29.7381736833874,-0.024999999999999977,-0.019999999999999806
5356.0,0.8431449999999466,4.123184968749937,4.017459499999942,-25.0,29.738516245733706,-0.024999999999999977,-0.019999999999999806
5357.0,0.8432837499999466,4.123347999999938,4.017612124999942,-25.0,29.73885891917388,-0.024999999999999977,-0.019999999999999806
5358.0,0.8434224999999466,4.123511031249937,4.017764749999941,-25.0,29.739201703638457,-0.024999999999999977,-0.019999999999999806
5359.0,0.8435612499999465,4.123674062499937,4.017917374999941,-25.0,29.739544599058036,-0.024999999999999977,-0.019999999999999806
5360.0,0.8436999999999465,4.123837093749937,4.018069999999941,-25.0,29.73988760536332,-0.024999999999999977,-0.019999999999999806
5361.0,0.8438387499999465,4.124000124999937,4.018222624999941,-25.0,29.740230722484966,-0.024999999999999977,-0.019999999999999806
5362.0,0.8439774999999464,4.124163156249938,4.0183752499999414,-25.0,29.740573950353735,-0.024999999999999977,-0.019999999999999806
5363.0,0.8441162499999464,4.124326187499937,4.018527874999942,-25.0,29.74091728890039,-0.024999999999999977,-0.019999999999999806
5364.0,0.8442549999999464,4.124489218749937,4.018680499999941,-25.0,29.741260738055757,-0.024999999999999977,-0.019999999999999806
5365.0,0.8443937499999463,4.1246522499999365,4.018833124999941,-25.0,29.741604297750712,-0.024999999999999977,-0.019999999999999806
5366.0,0.8445324999999463,4.124815281249937,4.018985749999941,-25.0,29.74194796791619,-0.024999999999999977,-0.019999999999999806
5367.0,0.8446712499999462,4.1249783124999375,4.019138374999941,-25.0,29.742291748483126,-0.024999999999999977,-0.019999999999999806
5368.0,0.8448099999999462,4.125141343749937,4.019290999999941,-25.0,29.742635639382513,-0.024999999999999977,-0.019999999999999806
5369.0,0.8449487499999462,4.125304374999937,4.019443624999941,-25.0,29.7429796405454,-0.024999999999999977,-0.019999999999999806
5370.0,0.8450874999999461,4.125467406249936,4.019596249999941,-25.0,29.743323751902892,-0.024999999999999977,-0.019999999999999806
5371.0,0.8452262499999461,4.125630437499937,4.019748874999941,-25.0,29.743667973386096,-0.024999999999999977,-0.019999999999999806
5372.0,0.8453649999999461,4.1257934687499365,4.019901499999941,-25.0,29.744012304926173,-0.024999999999999977,-0.019999999999999806
5373.0,0.845503749999946,4.125956499999937,4.020054124999941,-25.0,29.744356746454343,-0.024999999999999977,-0.019999999999999806
5374.0,0.845642499999946,4.126119531249937,4.02020674999994,-25.0,29.744701297901884,-0.024999999999999977,-0.019999999999999806
5375.0,0.845781249999946,4.126282562499936,4.0203593749999404,-25.0,29.74504595920007,-0.024999999999999977,-0.019999999999999806
5376.0,0.8459199999999459,4.126445593749937,4.020511999999941,-25.0,29.745390730280235,-0.024999999999999977,-0.019999999999999806
5377.0,0.8460587499999459,4.126608624999936,4.020664624999941,-25.0,29.745735611073826,-0.024999999999999977,-0.019999999999999806
5378.0,0.8461974999999459,4.126771656249937,4.020817249999941,-25.0,29.746080601512233,-0.024999999999999977,-0.019999999999999806
5379.0,0.8463362499999458,4.1269346874999355,4.02096987499994,-25.0,29.746425701526903,-0.024999999999999977,-0.019999999999999806
5380.0,0.8464749999999458,4.127097718749936,4.02112249999994,-25.0,29.746770911049396,-0.024999999999999977,-0.019999999999999806
5381.0,0.8466137499999458,4.1272607499999365,4.02127512499994,-25.0,29.747116230011216,-0.024999999999999977,-0.019999999999999806
5382.0,0.8467524999999457,4.127423781249936,4.0214277499999405,-25.0,29.747461658344037,-0.024999999999999977,-0.019999999999999806
5383.0,0.8468912499999457,4.127586812499937,4.021580374999941,-25.0,29.74780719597942,-0.024999999999999977,-0.019999999999999806
5384.0,0.8470299999999457,4.127749843749936,4.021732999999941,-25.0,29.748152842849095,-0.024999999999999977,-0.019999999999999806
5385.0,0.8471687499999456,4.127912874999936,4.02188562499994,-25.0,29.748498598884794,-0.024999999999999977,-0.019999999999999806
5386.0,0.8473074999999456,4.128075906249936,4.02203824999994,-25.0,29.748844464018305,-0.024999999999999977,-0.019999999999999806
5387.0,0.8474462499999456,4.128238937499936,4.02219087499994,-25.0,29.749190438181415,-0.024999999999999977,-0.019999999999999806
5388.0,0.8475849999999455,4.1284019687499365,4.02234349999994,-25.0,29.74953652130597,-0.024999999999999977,-0.019999999999999806
5389.0,0.8477237499999455,4.128564999999936,4.0224961249999405,-25.0,29.749882713323927,-0.024999999999999977,-0.019999999999999806
5390.0,0.8478624999999455,4.128728031249936,4.02264874999994,-25.0,29.75022901416719,-0.024999999999999977,-0.019999999999999806
5391.0,0.8480012499999454,4.128891062499935,4.02280137499994,-25.0,29.750575423767714,-0.024999999999999977,-0.019999999999999806
5392.0,0.8481399999999454,4.129054093749936,4.02295399999994,-25.0,29.750921942057573,-0.024999999999999977,-0.019999999999999806
5393.0,0.8482787499999453,4.129217124999936,4.02310662499994,-25.0,29.751268568968783,-0.024999999999999977,-0.019999999999999806
5394.0,0.8484174999999453,4.129380156249936,4.02325924999994,-25.0,29.75161530443347,-0.024999999999999977,-0.019999999999999806
5395.0,0.8485562499999453,4.1295431874999355,4.0234118749999395,-25.0,29.751962148383825,-0.024999999999999977,-0.019999999999999806
5396.0,0.8486949999999452,4.129706218749935,4.02356449999994,-25.0,29.75230910075203,-0.024999999999999977,-0.019999999999999806
5397.0,0.8488337499999452,4.129869249999936,4.02371712499994,-25.0,29.752656161470327,-0.024999999999999977,-0.019999999999999806
5398.0,0.8489724999999452,4.130032281249935,4.02386974999994,-25.0,29.75300333047096,-0.024999999999999977,-0.019999999999999806
5399.0,0.8491112499999451,4.130195312499936,4.02402237499994,-25.0,29.753350607686286,-0.024999999999999977,-0.019999999999999806
5400.0,0.8492499999999451,4.130358343749936,4.02417499999994,-25.0,29.75369799304866,-0.024999999999999977,-0.019999999999999806
5401.0,0.8493887499999451,4.130521374999935,4.024327624999939,-25.0,29.754045486490497,-0.024999999999999977,-0.019999999999999806
5402.0,0.849527499999945,4.1306844062499355,4.0244802499999395,-25.0,29.754393087944266,-0.024999999999999977,-0.019999999999999806
5403.0,0.849666249999945,4.130847437499935,4.02463287499994,-25.0,29.754740797342436,-0.024999999999999977,-0.019999999999999806
5404.0,0.849804999999945,4.131010468749936,4.02478549999994,-25.0,29.755088614617534,-0.024999999999999977,-0.019999999999999806
5405.0,0.8499437499999449,4.131173499999936,4.02493812499994,-25.0,29.755436539702146,-0.024999999999999977,-0.019999999999999806
5406.0,0.8500824999999449,4.131336531249935,4.025090749999939,-25.0,29.75578457252891,-0.024999999999999977,-0.019999999999999806
5407.0,0.8502212499999449,4.131499562499935,4.025243374999939,-25.0,29.756132713030468,-0.024999999999999977,-0.019999999999999806
5408.0,0.8503599999999448,4.131662593749935,4.025395999999939,-25.0,29.756480961139516,-0.024999999999999977,-0.019999999999999806
5409.0,0.8504987499999448,4.131825624999935,4.0255486249999395,-25.0,29.75682931678881,-0.024999999999999977,-0.019999999999999806
5410.0,0.8506374999999448,4.131988656249935,4.02570124999994,-25.0,29.757177779911103,-0.024999999999999977,-0.019999999999999806
5411.0,0.8507762499999447,4.132151687499935,4.025853874999939,-25.0,29.757526350439264,-0.024999999999999977,-0.019999999999999806
5412.0,0.8509149999999447,4.132314718749935,4.026006499999939,-25.0,29.75787502830616,-0.024999999999999977,-0.019999999999999806
5413.0,0.8510537499999447,4.132477749999935,4.026159124999939,-25.0,29.758223813444715,-0.024999999999999977,-0.019999999999999806
5414.0,0.8511924999999446,4.132640781249935,4.026311749999939,-25.0,29.758572705787856,-0.024999999999999977,-0.019999999999999806
5415.0,0.8513312499999446,4.132803812499935,4.026464374999939,-25.0,29.75892170526862,-0.024999999999999977,-0.019999999999999806
5416.0,0.8514699999999445,4.132966843749935,4.0266169999999395,-25.0,29.759270811819988,-0.024999999999999977,-0.019999999999999806
5417.0,0.8516087499999445,4.133129874999934,4.026769624999939,-25.0,29.759620025375114,-0.024999999999999977,-0.019999999999999806
5418.0,0.8517474999999445,4.133292906249935,4.026922249999939,-25.0,29.75996934586709,-0.024999999999999977,-0.019999999999999806
5419.0,0.8518862499999444,4.133455937499935,4.027074874999939,-25.0,29.760318773229073,-0.024999999999999977,-0.019999999999999806
5420.0,0.8520249999999444,4.133618968749935,4.027227499999939,-25.0,29.76066830739427,-0.024999999999999977,-0.019999999999999806
5421.0,0.8521637499999444,4.133781999999935,4.027380124999939,-25.0,29.761017948295887,-0.024999999999999977,-0.019999999999999806
5422.0,0.8523024999999443,4.133945031249934,4.0275327499999385,-25.0,29.76136769586725,-0.024999999999999977,-0.019999999999999806
5423.0,0.8524412499999443,4.1341080624999345,4.027685374999939,-25.0,29.76171755004168,-0.024999999999999977,-0.019999999999999806
5424.0,0.8525799999999443,4.134271093749934,4.027837999999939,-25.0,29.762067510752615,-0.024999999999999977,-0.019999999999999806
5425.0,0.8527187499999442,4.134434124999935,4.027990624999939,-25.0,29.762417577933377,-0.024999999999999977,-0.019999999999999806
5426.0,0.8528574999999442,4.134597156249935,4.028143249999939,-25.0,29.76276775151746,-0.024999999999999977,-0.019999999999999806
5427.0,0.8529962499999442,4.134760187499934,4.028295874999938,-25.0,29.76311803143841,-0.024999999999999977,-0.019999999999999806
5428.0,0.8531349999999441,4.134923218749934,4.028448499999938,-25.0,29.763468417629724,-0.024999999999999977,-0.019999999999999806
5429.0,0.8532737499999441,4.135086249999934,4.0286011249999385,-25.0,29.763818910024952,-0.024999999999999977,-0.019999999999999806
5430.0,0.8534124999999441,4.135249281249934,4.028753749999939,-25.0,29.764169508557757,-0.024999999999999977,-0.019999999999999806
5431.0,0.853551249999944,4.135412312499935,4.028906374999939,-25.0,29.764520213161802,-0.024999999999999977,-0.019999999999999806
5432.0,0.853689999999944,4.1355753437499345,4.029058999999939,-25.0,29.764871023770752,-0.024999999999999977,-0.019999999999999806
5433.0,0.853828749999944,4.135738374999934,4.029211624999938,-25.0,29.765221940318384,-0.024999999999999977,-0.019999999999999806
5434.0,0.8539674999999439,4.135901406249934,4.029364249999938,-25.0,29.765572962738474,-0.024999999999999977,-0.019999999999999806
5435.0,0.8541062499999439,4.136064437499934,4.029516874999938,-25.0,29.765924090964916,-0.024999999999999977,-0.019999999999999806
5436.0,0.8542449999999439,4.136227468749934,4.0296694999999385,-25.0,29.766275324931485,-0.024999999999999977,-0.019999999999999806
5437.0,0.8543837499999438,4.136390499999934,4.029822124999939,-25.0,29.76662666457213,-0.024999999999999977,-0.019999999999999806
5438.0,0.8545224999999438,4.136553531249934,4.029974749999938,-25.0,29.766978109820855,-0.024999999999999977,-0.019999999999999806
5439.0,0.8546612499999438,4.136716562499934,4.030127374999938,-25.0,29.76732966061161,-0.024999999999999977,-0.019999999999999806
5440.0,0.8547999999999437,4.136879593749934,4.030279999999938,-25.0,29.767681316878395,-0.024999999999999977,-0.019999999999999806
5441.0,0.8549387499999437,4.137042624999934,4.030432624999938,-25.0,29.768033078555334,-0.024999999999999977,-0.019999999999999806
5442.0,0.8550774999999436,4.137205656249934,4.030585249999938,-25.0,29.768384945576543,-0.024999999999999977,-0.019999999999999806
5443.0,0.8552162499999436,4.137368687499933,4.030737874999938,-25.0,29.768736917876197,-0.024999999999999977,-0.019999999999999806
5444.0,0.8553549999999436,4.137531718749933,4.030890499999938,-25.0,29.769088995388472,-0.024999999999999977,-0.019999999999999806
5445.0,0.8554937499999435,4.137694749999934,4.031043124999938,-25.0,29.7694411780476,-0.024999999999999977,-0.019999999999999806
5446.0,0.8556324999999435,4.1378577812499335,4.031195749999938,-25.0,29.76979346578787,-0.024999999999999977,-0.019999999999999806
5447.0,0.8557712499999435,4.138020812499934,4.031348374999938,-25.0,29.77014585854363,-0.024999999999999977,-0.019999999999999806
5448.0,0.8559099999999434,4.138183843749934,4.031500999999938,-25.0,29.77049835624922,-0.024999999999999977,-0.019999999999999806
5449.0,0.8560487499999434,4.138346874999933,4.0316536249999375,-25.0,29.77085095883905,-0.024999999999999977,-0.019999999999999806
5450.0,0.8561874999999434,4.138509906249934,4.031806249999938,-25.0,29.771203666247573,-0.024999999999999977,-0.019999999999999806
5451.0,0.8563262499999433,4.138672937499933,4.031958874999938,-25.0,29.77155647840931,-0.024999999999999977,-0.019999999999999806
5452.0,0.8564649999999433,4.138835968749934,4.032111499999938,-25.0,29.771909395258717,-0.024999999999999977,-0.019999999999999806
5453.0,0.8566037499999433,4.1389989999999335,4.032264124999938,-25.0,29.772262416730428,-0.024999999999999977,-0.019999999999999806
5454.0,0.8567424999999432,4.139162031249933,4.032416749999937,-25.0,29.772615542759013,-0.024999999999999977,-0.019999999999999806
5455.0,0.8568812499999432,4.139325062499933,4.032569374999937,-25.0,29.77296877327916,-0.024999999999999977,-0.019999999999999806
5456.0,0.8570199999999432,4.139488093749933,4.0327219999999375,-25.0,29.773322108225557,-0.024999999999999977,-0.019999999999999806
5457.0,0.8571587499999431,4.139651124999934,4.032874624999938,-25.0,29.77367554753289,-0.024999999999999977,-0.019999999999999806
5458.0,0.8572974999999431,4.139814156249933,4.033027249999938,-25.0,29.774029091136015,-0.024999999999999977,-0.019999999999999806
5459.0,0.8574362499999431,4.139977187499933,4.033179874999937,-25.0,29.774382738969678,-0.024999999999999977,-0.019999999999999806
5460.0,0.857574999999943,4.1401402187499325,4.033332499999937,-25.0,29.774736490968735,-0.024999999999999977,-0.019999999999999806
5461.0,0.857713749999943,4.140303249999933,4.033485124999937,-25.0,29.7750903470681,-0.024999999999999977,-0.019999999999999806
5462.0,0.857852499999943,4.140466281249933,4.033637749999937,-25.0,29.775444307202747,-0.024999999999999977,-0.019999999999999806
5463.0,0.8579912499999429,4.140629312499933,4.0337903749999375,-25.0,29.775798371307644,-0.024999999999999977,-0.019999999999999806
5464.0,0.8581299999999429,4.140792343749934,4.033942999999938,-25.0,29.776152539317764,-0.024999999999999977,-0.019999999999999806
5465.0,0.8582687499999428,4.140955374999932,4.034095624999937,-25.0,29.77650681116819,-0.024999999999999977,-0.019999999999999806
5466.0,0.8584074999999428,4.141118406249933,4.034248249999937,-25.0,29.776861186794008,-0.024999999999999977,-0.019999999999999806
5467.0,0.8585462499999428,4.1412814374999325,4.034400874999937,-25.0,29.77721566613036,-0.024999999999999977,-0.019999999999999806
5468.0,0.8586849999999427,4.141444468749933,4.034553499999937,-25.0,29.777570249112443,-0.024999999999999977,-0.019999999999999806
5469.0,0.8588237499999427,4.1416074999999335,4.034706124999937,-25.0,29.777924935675514,-0.024999999999999977,-0.019999999999999806
5470.0,0.8589624999999427,4.141770531249932,4.034858749999937,-25.0,29.77827972575477,-0.024999999999999977,-0.019999999999999806
5471.0,0.8591012499999426,4.141933562499933,4.035011374999937,-25.0,29.778634619285526,-0.024999999999999977,-0.019999999999999806
5472.0,0.8592399999999426,4.142096593749932,4.035163999999937,-25.0,29.778989616203148,-0.024999999999999977,-0.019999999999999806
5473.0,0.8593787499999426,4.142259624999933,4.035316624999937,-25.0,29.779344716443006,-0.024999999999999977,-0.019999999999999806
5474.0,0.8595174999999425,4.1424226562499324,4.035469249999937,-25.0,29.779699919940526,-0.024999999999999977,-0.019999999999999806
5475.0,0.8596562499999425,4.142585687499932,4.035621874999936,-25.0,29.78005522663119,-0.024999999999999977,-0.019999999999999806
5476.0,0.8597949999999425,4.142748718749933,4.0357744999999365,-25.0,29.780410636450483,-0.024999999999999977,-0.019999999999999806
5477.0,0.8599337499999424,4.142911749999932,4.035927124999937,-25.0,29.780766149333942,-0.024999999999999977,-0.019999999999999806
5478.0,0.8600724999999424,4.143074781249933,4.036079749999937,-25.0,29.781121765217165,-0.024999999999999977,-0.019999999999999806
5479.0,0.8602112499999424,4.143237812499932,4.036232374999937,-25.0,29.781477484035804,-0.024999999999999977,-0.019999999999999806
5480.0,0.8603499999999423,4.143400843749933,4.036384999999937,-25.0,29.781833305725456,-0.024999999999999977,-0.019999999999999806
5481.0,0.8604887499999423,4.1435638749999315,4.036537624999936,-25.0,29.78218923022189,-0.024999999999999977,-0.019999999999999806
5482.0,0.8606274999999423,4.143726906249932,4.036690249999936,-25.0,29.78254525746081,-0.024999999999999977,-0.019999999999999806
5483.0,0.8607662499999422,4.1438899374999325,4.0368428749999365,-25.0,29.782901387378047,-0.024999999999999977,-0.019999999999999806
5484.0,0.8609049999999422,4.144052968749932,4.036995499999937,-25.0,29.783257619909364,-0.024999999999999977,-0.019999999999999806
5485.0,0.8610437499999422,4.144215999999933,4.037148124999937,-25.0,29.783613954990642,-0.024999999999999977,-0.019999999999999806
5486.0,0.8611824999999421,4.144379031249931,4.037300749999936,-25.0,29.78397039255782,-0.024999999999999977,-0.019999999999999806
5487.0,0.8613212499999421,4.144542062499932,4.037453374999936,-25.0,29.784326932546833,-0.024999999999999977,-0.019999999999999806
5488.0,0.861459999999942,4.1447050937499315,4.037605999999936,-25.0,29.784683574893677,-0.024999999999999977,-0.019999999999999806
5489.0,0.861598749999942,4.144868124999932,4.037758624999936,-25.0,29.785040319534346,-0.024999999999999977,-0.019999999999999806
5490.0,0.861737499999942,4.1450311562499325,4.037911249999937,-25.0,29.785397166404948,-0.024999999999999977,-0.019999999999999806
5491.0,0.861876249999942,4.145194187499931,4.038063874999936,-25.0,29.78575411544159,-0.024999999999999977,-0.019999999999999806
5492.0,0.8620149999999419,4.145357218749932,4.038216499999936,-25.0,29.786111166580383,-0.024999999999999977,-0.019999999999999806
5493.0,0.8621537499999419,4.145520249999931,4.038369124999936,-25.0,29.786468319757546,-0.024999999999999977,-0.019999999999999806
5494.0,0.8622924999999418,4.145683281249932,4.038521749999936,-25.0,29.786825574909244,-0.024999999999999977,-0.019999999999999806
5495.0,0.8624312499999418,4.145846312499932,4.038674374999936,-25.0,29.787182931971813,-0.024999999999999977,-0.019999999999999806
5496.0,0.8625699999999418,4.146009343749932,4.038826999999936,-25.0,29.78754039088153,-0.024999999999999977,-0.019999999999999806
5497.0,0.8627087499999417,4.1461723749999315,4.038979624999936,-25.0,29.787897951574735,-0.024999999999999977,-0.019999999999999806
5498.0,0.8628474999999417,4.146335406249931,4.039132249999936,-25.0,29.788255613987815,-0.024999999999999977,-0.019999999999999806
5499.0,0.8629862499999417,4.146498437499932,4.039284874999936,-25.0,29.78861337805722,-0.024999999999999977,-0.019999999999999806
5500.0,0.8631249999999416,4.146661468749931,4.039437499999936,-25.0,29.788971243719345,-0.024999999999999977,-0.019999999999999806
5501.0,0.8632637499999416,4.146824499999932,4.039590124999936,-25.0,29.78932921091075,-0.024999999999999977,-0.019999999999999806
5502.0,0.8634024999999416,4.146987531249931,4.039742749999935,-25.0,29.789687279568,-0.024999999999999977,-0.019999999999999806
5503.0,0.8635412499999415,4.147150562499931,4.039895374999936,-25.0,29.790045449627655,-0.024999999999999977,-0.019999999999999806
5504.0,0.8636799999999415,4.1473135937499315,4.040047999999936,-25.0,29.790403721026337,-0.024999999999999977,-0.019999999999999806
5505.0,0.8638187499999415,4.147476624999931,4.040200624999936,-25.0,29.79076209370072,-0.024999999999999977,-0.019999999999999806
5506.0,0.8639574999999414,4.147639656249932,4.040353249999936,-25.0,29.791120567587484,-0.024999999999999977,-0.019999999999999806
5507.0,0.8640962499999414,4.14780268749993,4.040505874999935,-25.0,29.79147914262336,-0.024999999999999977,-0.019999999999999806
5508.0,0.8642349999999414,4.147965718749931,4.040658499999935,-25.0,29.791837818745137,-0.024999999999999977,-0.019999999999999806
5509.0,0.8643737499999413,4.148128749999931,4.0408111249999354,-25.0,29.792196595889664,-0.024999999999999977,-0.019999999999999806
5510.0,0.8645124999999413,4.148291781249931,4.040963749999936,-25.0,29.792555473993787,-0.024999999999999977,-0.019999999999999806
5511.0,0.8646512499999413,4.148454812499931,4.041116374999936,-25.0,29.79291445299441,-0.024999999999999977,-0.019999999999999806
5512.0,0.8647899999999412,4.148617843749931,4.041268999999936,-25.0,29.793273532828493,-0.024999999999999977,-0.019999999999999806
5513.0,0.8649287499999412,4.148780874999931,4.041421624999935,-25.0,29.793632713433,-0.024999999999999977,-0.019999999999999806
5514.0,0.8650674999999411,4.148943906249931,4.041574249999935,-25.0,29.793991994744943,-0.024999999999999977,-0.019999999999999806
5515.0,0.8652062499999411,4.149106937499931,4.041726874999935,-25.0,29.794351376701343,-0.024999999999999977,-0.019999999999999806
5516.0,0.8653449999999411,4.149269968749931,4.0418794999999355,-25.0,29.79471085923933,-0.024999999999999977,-0.019999999999999806
5517.0,0.865483749999941,4.149432999999931,4.042032124999936,-25.0,29.795070442296037,-0.024999999999999977,-0.019999999999999806
5518.0,0.865622499999941,4.1495960312499305,4.042184749999935,-25.0,29.79543012580865,-0.024999999999999977,-0.019999999999999806
5519.0,0.865761249999941,4.14975906249993,4.042337374999935,-25.0,29.795789909714415,-0.024999999999999977,-0.019999999999999806
5520.0,0.8658999999999409,4.149922093749931,4.042489999999935,-25.0,29.79614979395052,-0.024999999999999977,-0.019999999999999806
5521.0,0.8660387499999409,4.150085124999931,4.042642624999935,-25.0,29.796509778454322,-0.024999999999999977,-0.019999999999999806
5522.0,0.8661774999999409,4.150248156249931,4.042795249999935,-25.0,29.796869863163124,-0.024999999999999977,-0.019999999999999806
5523.0,0.8663162499999408,4.15041118749993,4.042947874999935,-25.0,29.797230048014285,-0.024999999999999977,-0.019999999999999806
5524.0,0.8664549999999408,4.15057421874993,4.043100499999935,-25.0,29.79759033294522,-0.024999999999999977,-0.019999999999999806
5525.0,0.8665937499999408,4.15073724999993,4.043253124999935,-25.0,29.7979507178934,-0.024999999999999977,-0.019999999999999806
5526.0,0.8667324999999407,4.15090028124993,4.043405749999935,-25.0,29.7983112027963,-0.024999999999999977,-0.019999999999999806
5527.0,0.8668712499999407,4.1510633124999305,4.043558374999935,-25.0,29.798671787591445,-0.024999999999999977,-0.019999999999999806
5528.0,0.8670099999999407,4.151226343749931,4.043710999999935,-25.0,29.799032472216368,-0.024999999999999977,-0.019999999999999806
5529.0,0.8671487499999406,4.15138937499993,4.0438636249999345,-25.0,29.79939325660871,-0.024999999999999977,-0.019999999999999806
5530.0,0.8672874999999406,4.15155240624993,4.044016249999935,-25.0,29.799754140706114,-0.024999999999999977,-0.019999999999999806
5531.0,0.8674262499999406,4.15171543749993,4.044168874999935,-25.0,29.80011512444628,-0.024999999999999977,-0.019999999999999806
5532.0,0.8675649999999405,4.15187846874993,4.044321499999935,-25.0,29.800476207766962,-0.024999999999999977,-0.019999999999999806
5533.0,0.8677037499999405,4.15204149999993,4.044474124999935,-25.0,29.800837390605864,-0.024999999999999977,-0.019999999999999806
5534.0,0.8678424999999405,4.15220453124993,4.044626749999934,-25.0,29.801198672900796,-0.024999999999999977,-0.019999999999999806
5535.0,0.8679812499999404,4.15236756249993,4.044779374999934,-25.0,29.80156005458963,-0.024999999999999977,-0.019999999999999806
5536.0,0.8681199999999404,4.15253059374993,4.0449319999999345,-25.0,29.801921535610177,-0.024999999999999977,-0.019999999999999806
5537.0,0.8682587499999403,4.15269362499993,4.045084624999935,-25.0,29.802283115900423,-0.024999999999999977,-0.019999999999999806
5538.0,0.8683974999999403,4.15285665624993,4.045237249999935,-25.0,29.802644795398294,-0.024999999999999977,-0.019999999999999806
5539.0,0.8685362499999403,4.1530196874999294,4.045389874999934,-25.0,29.803006574041774,-0.024999999999999977,-0.019999999999999806
5540.0,0.8686749999999402,4.15318271874993,4.045542499999934,-25.0,29.80336845176896,-0.024999999999999977,-0.019999999999999806
5541.0,0.8688137499999402,4.15334574999993,4.045695124999934,-25.0,29.803730428517838,-0.024999999999999977,-0.019999999999999806
5542.0,0.8689524999999402,4.15350878124993,4.045847749999934,-25.0,29.80409250422656,-0.024999999999999977,-0.019999999999999806
5543.0,0.8690912499999401,4.15367181249993,4.0460003749999345,-25.0,29.80445467883328,-0.024999999999999977,-0.019999999999999806
5544.0,0.8692299999999401,4.15383484374993,4.046152999999935,-25.0,29.804816952276212,-0.024999999999999977,-0.019999999999999806
5545.0,0.8693687499999401,4.153997874999929,4.046305624999934,-25.0,29.805179324493565,-0.024999999999999977,-0.019999999999999806
5546.0,0.86950749999994,4.154160906249929,4.046458249999934,-25.0,29.80554179542355,-0.024999999999999977,-0.019999999999999806
5547.0,0.86964624999994,4.15432393749993,4.046610874999934,-25.0,29.80590436500455,-0.024999999999999977,-0.019999999999999806
5548.0,0.86978499999994,4.1544869687499295,4.046763499999934,-25.0,29.806267033174834,-0.024999999999999977,-0.019999999999999806
5549.0,0.8699237499999399,4.15464999999993,4.046916124999934,-25.0,29.806629799872837,-0.024999999999999977,-0.019999999999999806
5550.0,0.8700624999999399,4.154813031249929,4.047068749999934,-25.0,29.806992665037,-0.024999999999999977,-0.019999999999999806
5551.0,0.8702012499999399,4.154976062499929,4.047221374999934,-25.0,29.807355628605706,-0.024999999999999977,-0.019999999999999806
5552.0,0.8703399999999398,4.155139093749929,4.047373999999934,-25.0,29.807718690517504,-0.024999999999999977,-0.019999999999999806
5553.0,0.8704787499999398,4.155302124999929,4.047526624999934,-25.0,29.80808185071095,-0.024999999999999977,-0.019999999999999806
5554.0,0.8706174999999398,4.15546515624993,4.047679249999934,-25.0,29.80844510912459,-0.024999999999999977,-0.019999999999999806
5555.0,0.8707562499999397,4.155628187499929,4.047831874999933,-25.0,29.80880846569704,-0.024999999999999977,-0.019999999999999806
5556.0,0.8708949999999397,4.155791218749929,4.0479844999999335,-25.0,29.809171920366907,-0.024999999999999977,-0.019999999999999806
5557.0,0.8710337499999397,4.155954249999929,4.048137124999934,-25.0,29.809535473072913,-0.024999999999999977,-0.019999999999999806
5558.0,0.8711724999999396,4.156117281249929,4.048289749999934,-25.0,29.80989912375378,-0.024999999999999977,-0.019999999999999806
5559.0,0.8713112499999396,4.15628031249993,4.048442374999934,-25.0,29.81026287234829,-0.024999999999999977,-0.019999999999999806
5560.0,0.8714499999999396,4.156443343749929,4.048594999999934,-25.0,29.810626718795277,-0.024999999999999977,-0.019999999999999806
5561.0,0.8715887499999395,4.156606374999929,4.048747624999933,-25.0,29.81099066303352,-0.024999999999999977,-0.019999999999999806
5562.0,0.8717274999999395,4.1567694062499285,4.048900249999933,-25.0,29.811354705001918,-0.024999999999999977,-0.019999999999999806
5563.0,0.8718662499999394,4.156932437499929,4.0490528749999335,-25.0,29.811718844639415,-0.024999999999999977,-0.019999999999999806
5564.0,0.8720049999999394,4.157095468749929,4.049205499999934,-25.0,29.812083081884964,-0.024999999999999977,-0.019999999999999806
5565.0,0.8721437499999394,4.157258499999929,4.049358124999934,-25.0,29.812447416677514,-0.024999999999999977,-0.019999999999999806
5566.0,0.8722824999999393,4.157421531249929,4.049510749999933,-25.0,29.81281184895613,-0.024999999999999977,-0.019999999999999806
5567.0,0.8724212499999393,4.157584562499928,4.049663374999933,-25.0,29.813176378659932,-0.024999999999999977,-0.019999999999999806
5568.0,0.8725599999999393,4.157747593749929,4.049815999999933,-25.0,29.813541005727984,-0.024999999999999977,-0.019999999999999806
5569.0,0.8726987499999392,4.1579106249999285,4.049968624999933,-25.0,29.813905730099407,-0.024999999999999977,-0.019999999999999806
5570.0,0.8728374999999392,4.158073656249929,4.0501212499999335,-25.0,29.814270551713435,-0.024999999999999977,-0.019999999999999806
5571.0,0.8729762499999392,4.158236687499928,4.050273874999933,-25.0,29.814635470509245,-0.024999999999999977,-0.019999999999999806
5572.0,0.8731149999999391,4.158399718749928,4.050426499999933,-25.0,29.81500048642613,-0.024999999999999977,-0.019999999999999806
5573.0,0.8732537499999391,4.158562749999929,4.050579124999933,-25.0,29.81536559940338,-0.024999999999999977,-0.019999999999999806
5574.0,0.8733924999999391,4.158725781249928,4.050731749999933,-25.0,29.81573080938034,-0.024999999999999977,-0.019999999999999806
5575.0,0.873531249999939,4.158888812499929,4.050884374999933,-25.0,29.816096116296364,-0.024999999999999977,-0.019999999999999806
5576.0,0.873669999999939,4.159051843749928,4.051036999999933,-25.0,29.816461520090854,-0.024999999999999977,-0.019999999999999806
5577.0,0.873808749999939,4.159214874999928,4.051189624999933,-25.0,29.816827020703272,-0.024999999999999977,-0.019999999999999806
5578.0,0.8739474999999389,4.1593779062499285,4.051342249999933,-25.0,29.817192618073136,-0.024999999999999977,-0.019999999999999806
5579.0,0.8740862499999389,4.159540937499928,4.051494874999933,-25.0,29.817558312139965,-0.024999999999999977,-0.019999999999999806
5580.0,0.8742249999999389,4.159703968749929,4.051647499999933,-25.0,29.817924102843335,-0.024999999999999977,-0.019999999999999806
5581.0,0.8743637499999388,4.159866999999928,4.051800124999933,-25.0,29.81828999012282,-0.024999999999999977,-0.019999999999999806
5582.0,0.8745024999999388,4.160030031249928,4.051952749999932,-25.0,29.818655973918055,-0.024999999999999977,-0.019999999999999806
5583.0,0.8746412499999388,4.1601930624999275,4.0521053749999325,-25.0,29.819022054168727,-0.024999999999999977,-0.019999999999999806
5584.0,0.8747799999999387,4.160356093749928,4.052257999999933,-25.0,29.81938823081458,-0.024999999999999977,-0.019999999999999806
5585.0,0.8749187499999387,4.1605191249999285,4.052410624999933,-25.0,29.81975450379531,-0.024999999999999977,-0.019999999999999806
5586.0,0.8750574999999386,4.160682156249928,4.052563249999933,-25.0,29.82012087305077,-0.024999999999999977,-0.019999999999999806
5587.0,0.8751962499999386,4.160845187499928,4.052715874999932,-25.0,29.820487338520763,-0.024999999999999977,-0.019999999999999806
5588.0,0.8753349999999386,4.161008218749927,4.052868499999932,-25.0,29.820853900145153,-0.024999999999999977,-0.019999999999999806
5589.0,0.8754737499999385,4.161171249999928,4.053021124999932,-25.0,29.821220557863796,-0.024999999999999977,-0.019999999999999806
5590.0,0.8756124999999385,4.161334281249927,4.0531737499999325,-25.0,29.821587311616668,-0.024999999999999977,-0.019999999999999806
5591.0,0.8757512499999385,4.161497312499928,4.053326374999933,-25.0,29.821954161343797,-0.024999999999999977,-0.019999999999999806
5592.0,0.8758899999999384,4.161660343749928,4.053478999999933,-25.0,29.822321106985157,-0.024999999999999977,-0.019999999999999806
5593.0,0.8760287499999384,4.161823374999927,4.053631624999932,-25.0,29.82268814848078,-0.024999999999999977,-0.019999999999999806
5594.0,0.8761674999999384,4.161986406249928,4.053784249999932,-25.0,29.823055285770806,-0.024999999999999977,-0.019999999999999806
5595.0,0.8763062499999383,4.162149437499927,4.053936874999932,-25.0,29.823422518795326,-0.024999999999999977,-0.019999999999999806
5596.0,0.8764449999999383,4.162312468749928,4.054089499999932,-25.0,29.823789847494538,-0.024999999999999977,-0.019999999999999806
5597.0,0.8765837499999383,4.162475499999928,4.0542421249999325,-25.0,29.824157271808588,-0.024999999999999977,-0.019999999999999806
5598.0,0.8767224999999382,4.162638531249927,4.054394749999932,-25.0,29.82452479167779,-0.024999999999999977,-0.019999999999999806
5599.0,0.8768612499999382,4.1628015624999275,4.054547374999932,-25.0,29.82489240704234,-0.024999999999999977,-0.019999999999999806
5600.0,0.8769999999999382,4.162964593749927,4.054699999999932,-25.0,29.825260117842618,-0.024999999999999977,-0.019999999999999806
5601.0,0.8771387499999381,4.163127624999928,4.054852624999932,-25.0,29.82562792401899,-0.024999999999999977,-0.019999999999999806
5602.0,0.8772774999999381,4.163290656249927,4.055005249999932,-25.0,29.825995825511768,-0.024999999999999977,-0.019999999999999806
5603.0,0.8774162499999381,4.163453687499927,4.0551578749999315,-25.0,29.826363822261442,-0.024999999999999977,-0.019999999999999806
5604.0,0.877554999999938,4.163616718749927,4.055310499999932,-25.0,29.826731914208438,-0.024999999999999977,-0.019999999999999806
5605.0,0.877693749999938,4.163779749999927,4.055463124999932,-25.0,29.827100101293297,-0.024999999999999977,-0.019999999999999806
5606.0,0.877832499999938,4.1639427812499274,4.055615749999932,-25.0,29.827468383456562,-0.024999999999999977,-0.019999999999999806
5607.0,0.8779712499999379,4.164105812499927,4.055768374999932,-25.0,29.827836760638775,-0.024999999999999977,-0.019999999999999806
5608.0,0.8781099999999379,4.164268843749928,4.055920999999932,-25.0,29.82820523278059,-0.024999999999999977,-0.019999999999999806
5609.0,0.8782487499999378,4.164431874999926,4.056073624999931,-25.0,29.828573799822607,-0.024999999999999977,-0.019999999999999806
5610.0,0.8783874999999378,4.164594906249927,4.0562262499999315,-25.0,29.828942461705537,-0.024999999999999977,-0.019999999999999806
5611.0,0.8785262499999378,4.164757937499927,4.056378874999932,-25.0,29.829311218370094,-0.024999999999999977,-0.019999999999999806
5612.0,0.8786649999999377,4.164920968749927,4.056531499999932,-25.0,29.829680069757046,-0.024999999999999977,-0.019999999999999806
5613.0,0.8788037499999377,4.165083999999927,4.056684124999932,-25.0,29.83004901580722,-0.024999999999999977,-0.019999999999999806
5614.0,0.8789424999999377,4.165247031249926,4.056836749999931,-25.0,29.830418056461383,-0.024999999999999977,-0.019999999999999806
5615.0,0.8790812499999376,4.165410062499927,4.056989374999931,-25.0,29.830787191660477,-0.024999999999999977,-0.019999999999999806
5616.0,0.8792199999999376,4.165573093749926,4.057141999999931,-25.0,29.831156421345383,-0.024999999999999977,-0.019999999999999806
5617.0,0.8793587499999376,4.165736124999927,4.0572946249999315,-25.0,29.831525745457043,-0.024999999999999977,-0.019999999999999806
5618.0,0.8794974999999375,4.165899156249927,4.057447249999932,-25.0,29.83189516393645,-0.024999999999999977,-0.019999999999999806
5619.0,0.8796362499999375,4.166062187499926,4.057599874999931,-25.0,29.832264676724606,-0.024999999999999977,-0.019999999999999806
5620.0,0.8797749999999375,4.1662252187499265,4.057752499999931,-25.0,29.832634283762616,-0.024999999999999977,-0.019999999999999806
5621.0,0.8799137499999374,4.166388249999926,4.057905124999931,-25.0,29.833003984991535,-0.024999999999999977,-0.019999999999999806
5622.0,0.8800524999999374,4.166551281249927,4.058057749999931,-25.0,29.833373780352474,-0.024999999999999977,-0.019999999999999806
5623.0,0.8801912499999374,4.166714312499927,4.058210374999931,-25.0,29.833743669786656,-0.024999999999999977,-0.019999999999999806
5624.0,0.8803299999999373,4.166877343749927,4.0583629999999316,-25.0,29.83411365323525,-0.024999999999999977,-0.019999999999999806
5625.0,0.8804687499999373,4.167040374999926,4.058515624999931,-25.0,29.834483730639477,-0.024999999999999977,-0.019999999999999806
5626.0,0.8806074999999373,4.167203406249926,4.058668249999931,-25.0,29.83485390194062,-0.024999999999999977,-0.019999999999999806
5627.0,0.8807462499999372,4.167366437499926,4.058820874999931,-25.0,29.835224167080014,-0.024999999999999977,-0.019999999999999806
5628.0,0.8808849999999372,4.167529468749926,4.058973499999931,-25.0,29.835594525999,-0.024999999999999977,-0.019999999999999806
5629.0,0.8810237499999372,4.1676924999999265,4.059126124999931,-25.0,29.835964978639026,-0.024999999999999977,-0.019999999999999806
5630.0,0.8811624999999371,4.167855531249926,4.0592787499999305,-25.0,29.836335524941433,-0.024999999999999977,-0.019999999999999806
5631.0,0.8813012499999371,4.168018562499926,4.059431374999931,-25.0,29.836706164847726,-0.024999999999999977,-0.019999999999999806
5632.0,0.881439999999937,4.168181593749926,4.059583999999931,-25.0,29.837076898299358,-0.024999999999999977,-0.019999999999999806
5633.0,0.881578749999937,4.168344624999926,4.059736624999931,-25.0,29.837447725237894,-0.024999999999999977,-0.019999999999999806
5634.0,0.881717499999937,4.168507656249926,4.059889249999931,-25.0,29.837818645604955,-0.024999999999999977,-0.019999999999999806
5635.0,0.881856249999937,4.168670687499925,4.06004187499993,-25.0,29.83818965934205,-0.024999999999999977,-0.019999999999999806
5636.0,0.8819949999999369,4.168833718749926,4.06019449999993,-25.0,29.838560766390913,-0.024999999999999977,-0.019999999999999806
5637.0,0.8821337499999369,4.168996749999926,4.060347124999931,-25.0,29.838931966693167,-0.024999999999999977,-0.019999999999999806
5638.0,0.8822724999999368,4.169159781249926,4.060499749999931,-25.0,29.839303260190547,-0.024999999999999977,-0.019999999999999806
5639.0,0.8824112499999368,4.169322812499926,4.060652374999931,-25.0,29.83967464682479,-0.024999999999999977,-0.019999999999999806
5640.0,0.8825499999999368,4.169485843749926,4.060804999999931,-25.0,29.840046126537686,-0.024999999999999977,-0.019999999999999806
5641.0,0.8826887499999367,4.169648874999925,4.06095762499993,-25.0,29.840417699271086,-0.024999999999999977,-0.019999999999999806
5642.0,0.8828274999999367,4.169811906249926,4.06111024999993,-25.0,29.840789364966838,-0.024999999999999977,-0.019999999999999806
5643.0,0.8829662499999367,4.1699749374999255,4.06126287499993,-25.0,29.84116112356685,-0.024999999999999977,-0.019999999999999806
5644.0,0.8831049999999366,4.170137968749926,4.061415499999931,-25.0,29.84153297501308,-0.024999999999999977,-0.019999999999999806
5645.0,0.8832437499999366,4.170300999999926,4.061568124999931,-25.0,29.84190491924744,-0.024999999999999977,-0.019999999999999806
5646.0,0.8833824999999366,4.170464031249925,4.06172074999993,-25.0,29.842276956211947,-0.024999999999999977,-0.019999999999999806
5647.0,0.8835212499999365,4.170627062499925,4.06187337499993,-25.0,29.842649085848677,-0.024999999999999977,-0.019999999999999806
5648.0,0.8836599999999365,4.170790093749925,4.06202599999993,-25.0,29.843021308099708,-0.024999999999999977,-0.019999999999999806
5649.0,0.8837987499999365,4.170953124999926,4.06217862499993,-25.0,29.843393622907172,-0.024999999999999977,-0.019999999999999806
5650.0,0.8839374999999364,4.1711161562499255,4.0623312499999304,-25.0,29.843766030213146,-0.024999999999999977,-0.019999999999999806
5651.0,0.8840762499999364,4.171279187499925,4.06248387499993,-25.0,29.844138529959878,-0.024999999999999977,-0.019999999999999806
5652.0,0.8842149999999364,4.171442218749925,4.06263649999993,-25.0,29.844511122089614,-0.024999999999999977,-0.019999999999999806
5653.0,0.8843537499999363,4.171605249999925,4.06278912499993,-25.0,29.844883806544544,-0.024999999999999977,-0.019999999999999806
5654.0,0.8844924999999363,4.171768281249925,4.06294174999993,-25.0,29.84525658326703,-0.024999999999999977,-0.019999999999999806
5655.0,0.8846312499999363,4.171931312499925,4.06309437499993,-25.0,29.845629452199375,-0.024999999999999977,-0.019999999999999806
5656.0,0.8847699999999362,4.172094343749926,4.06324699999993,-25.0,29.84600241328394,-0.024999999999999977,-0.019999999999999806
5657.0,0.8849087499999362,4.1722573749999246,4.06339962499993,-25.0,29.846375466463144,-0.024999999999999977,-0.019999999999999806
5658.0,0.8850474999999361,4.172420406249925,4.06355224999993,-25.0,29.846748611679402,-0.024999999999999977,-0.019999999999999806
5659.0,0.8851862499999361,4.172583437499925,4.06370487499993,-25.0,29.847121848875247,-0.024999999999999977,-0.019999999999999806
5660.0,0.8853249999999361,4.172746468749925,4.06385749999993,-25.0,29.847495177993153,-0.024999999999999977,-0.019999999999999806
5661.0,0.885463749999936,4.172909499999925,4.06401012499993,-25.0,29.84786859897565,-0.024999999999999977,-0.019999999999999806
5662.0,0.885602499999936,4.173072531249924,4.064162749999929,-25.0,29.84824211176533,-0.024999999999999977,-0.019999999999999806
5663.0,0.885741249999936,4.173235562499925,4.0643153749999295,-25.0,29.848615716304835,-0.024999999999999977,-0.019999999999999806
5664.0,0.8858799999999359,4.1733985937499245,4.06446799999993,-25.0,29.84898941253681,-0.024999999999999977,-0.019999999999999806
5665.0,0.8860187499999359,4.173561624999925,4.06462062499993,-25.0,29.849363200403957,-0.024999999999999977,-0.019999999999999806
5666.0,0.8861574999999359,4.173724656249925,4.06477324999993,-25.0,29.849737079849035,-0.024999999999999977,-0.019999999999999806
5667.0,0.8862962499999358,4.173887687499924,4.064925874999929,-25.0,29.850111050814746,-0.024999999999999977,-0.019999999999999806
5668.0,0.8864349999999358,4.174050718749925,4.065078499999929,-25.0,29.850485113243906,-0.024999999999999977,-0.019999999999999806
5669.0,0.8865737499999358,4.174213749999924,4.065231124999929,-25.0,29.850859267079386,-0.024999999999999977,-0.019999999999999806
5670.0,0.8867124999999357,4.174376781249925,4.0653837499999295,-25.0,29.851233512264002,-0.024999999999999977,-0.019999999999999806
5671.0,0.8868512499999357,4.1745398124999245,4.06553637499993,-25.0,29.851607848740684,-0.024999999999999977,-0.019999999999999806
5672.0,0.8869899999999357,4.174702843749925,4.06568899999993,-25.0,29.851982276452418,-0.024999999999999977,-0.019999999999999806
5673.0,0.8871287499999356,4.174865874999924,4.065841624999929,-25.0,29.852356795342132,-0.024999999999999977,-0.019999999999999806
5674.0,0.8872674999999356,4.175028906249924,4.065994249999929,-25.0,29.85273140535287,-0.024999999999999977,-0.019999999999999806
5675.0,0.8874062499999356,4.175191937499925,4.066146874999929,-25.0,29.853106106427674,-0.024999999999999977,-0.019999999999999806
5676.0,0.8875449999999355,4.175354968749924,4.066299499999929,-25.0,29.853480898509588,-0.024999999999999977,-0.019999999999999806
5677.0,0.8876837499999355,4.175517999999925,4.0664521249999295,-25.0,29.853855781541768,-0.024999999999999977,-0.019999999999999806
5678.0,0.8878224999999355,4.1756810312499235,4.066604749999929,-25.0,29.85423075546737,-0.024999999999999977,-0.019999999999999806
5679.0,0.8879612499999354,4.175844062499924,4.066757374999929,-25.0,29.85460582022955,-0.024999999999999977,-0.019999999999999806
5680.0,0.8880999999999354,4.176007093749924,4.066909999999929,-25.0,29.854980975771582,-0.024999999999999977,-0.019999999999999806
5681.0,0.8882387499999354,4.176170124999924,4.067062624999929,-25.0,29.855356222036733,-0.024999999999999977,-0.019999999999999806
5682.0,0.8883774999999353,4.176333156249925,4.067215249999929,-25.0,29.855731558968273,-0.024999999999999977,-0.019999999999999806
5683.0,0.8885162499999353,4.176496187499923,4.0673678749999285,-25.0,29.85610698650953,-0.024999999999999977,-0.019999999999999806
5684.0,0.8886549999999352,4.176659218749924,4.067520499999929,-25.0,29.85648250460389,-0.024999999999999977,-0.019999999999999806
5685.0,0.8887937499999352,4.1768222499999235,4.067673124999929,-25.0,29.85685811319479,-0.024999999999999977,-0.019999999999999806
5686.0,0.8889324999999352,4.176985281249924,4.067825749999929,-25.0,29.857233812225616,-0.024999999999999977,-0.019999999999999806
5687.0,0.8890712499999351,4.1771483124999245,4.067978374999929,-25.0,29.857609601639865,-0.024999999999999977,-0.019999999999999806
5688.0,0.8892099999999351,4.177311343749924,4.068130999999929,-25.0,29.857985481381036,-0.024999999999999977,-0.019999999999999806
5689.0,0.8893487499999351,4.177474374999924,4.068283624999928,-25.0,29.858361451392682,-0.024999999999999977,-0.019999999999999806
5690.0,0.889487499999935,4.177637406249923,4.0684362499999285,-25.0,29.858737511618358,-0.024999999999999977,-0.019999999999999806
5691.0,0.889626249999935,4.177800437499924,4.068588874999929,-25.0,29.859113662001732,-0.024999999999999977,-0.019999999999999806
5692.0,0.889764999999935,4.177963468749923,4.068741499999929,-25.0,29.859489902486416,-0.024999999999999977,-0.019999999999999806
5693.0,0.8899037499999349,4.178126499999924,4.068894124999929,-25.0,29.859866233016135,-0.024999999999999977,-0.019999999999999806
5694.0,0.8900424999999349,4.1782895312499235,4.069046749999928,-25.0,29.860242653534556,-0.024999999999999977,-0.019999999999999806
5695.0,0.8901812499999349,4.178452562499923,4.069199374999928,-25.0,29.86061916398546,-0.024999999999999977,-0.019999999999999806
5696.0,0.8903199999999348,4.178615593749924,4.069351999999928,-25.0,29.860995764312634,-0.024999999999999977,-0.019999999999999806
5697.0,0.8904587499999348,4.178778624999923,4.0695046249999285,-25.0,29.86137245445991,-0.024999999999999977,-0.019999999999999806
5698.0,0.8905974999999348,4.178941656249924,4.069657249999929,-25.0,29.86174923437119,-0.024999999999999977,-0.019999999999999806
5699.0,0.8907362499999347,4.1791046874999225,4.069809874999928,-25.0,29.862126103990306,-0.024999999999999977,-0.019999999999999806
5700.0,0.8908749999999347,4.179267718749923,4.069962499999928,-25.0,29.862503063261272,-0.024999999999999977,-0.019999999999999806
5701.0,0.8910137499999347,4.1794307499999235,4.070115124999928,-25.0,29.862880112127982,-0.024999999999999977,-0.019999999999999806
5702.0,0.8911524999999346,4.179593781249923,4.070267749999928,-25.0,29.863257250534446,-0.024999999999999977,-0.019999999999999806
5703.0,0.8912912499999346,4.179756812499924,4.070420374999928,-25.0,29.86363447842473,-0.024999999999999977,-0.019999999999999806
5704.0,0.8914299999999346,4.179919843749923,4.0705729999999285,-25.0,29.864011795742897,-0.024999999999999977,-0.019999999999999806
5705.0,0.8915687499999345,4.180082874999923,4.070725624999928,-25.0,29.864389202433074,-0.024999999999999977,-0.019999999999999806
5706.0,0.8917074999999345,4.180245906249923,4.070878249999928,-25.0,29.864766698439382,-0.024999999999999977,-0.019999999999999806
5707.0,0.8918462499999344,4.180408937499923,4.071030874999928,-25.0,29.865144283706,-0.024999999999999977,-0.019999999999999806
5708.0,0.8919849999999344,4.180571968749923,4.071183499999928,-25.0,29.865521958177112,-0.024999999999999977,-0.019999999999999806
5709.0,0.8921237499999344,4.180734999999923,4.071336124999928,-25.0,29.865899721797007,-0.024999999999999977,-0.019999999999999806
5710.0,0.8922624999999343,4.180898031249923,4.0714887499999275,-25.0,29.866277574509922,-0.024999999999999977,-0.019999999999999806
5711.0,0.8924012499999343,4.181061062499922,4.071641374999928,-25.0,29.86665551626021,-0.024999999999999977,-0.019999999999999806
5712.0,0.8925399999999343,4.181224093749923,4.071793999999928,-25.0,29.867033546992218,-0.024999999999999977,-0.019999999999999806
5713.0,0.8926787499999342,4.181387124999923,4.071946624999928,-25.0,29.867411666650355,-0.024999999999999977,-0.019999999999999806
5714.0,0.8928174999999342,4.181550156249923,4.072099249999928,-25.0,29.867789875179028,-0.024999999999999977,-0.019999999999999806
5715.0,0.8929562499999342,4.1817131874999225,4.072251874999927,-25.0,29.868168172522644,-0.024999999999999977,-0.019999999999999806
5716.0,0.8930949999999341,4.181876218749922,4.072404499999927,-25.0,29.86854655862578,-0.024999999999999977,-0.019999999999999806
5717.0,0.8932337499999341,4.182039249999923,4.0725571249999275,-25.0,29.8689250334329,-0.024999999999999977,-0.019999999999999806
5718.0,0.8933724999999341,4.182202281249922,4.072709749999928,-25.0,29.869303596888585,-0.024999999999999977,-0.019999999999999806
5719.0,0.893511249999934,4.182365312499923,4.072862374999928,-25.0,29.86968224893741,-0.024999999999999977,-0.019999999999999806
5720.0,0.893649999999934,4.182528343749922,4.073014999999927,-25.0,29.870060989524006,-0.024999999999999977,-0.019999999999999806
5721.0,0.893788749999934,4.182691374999922,4.073167624999927,-25.0,29.87043981859307,-0.024999999999999977,-0.019999999999999806
5722.0,0.8939274999999339,4.182854406249922,4.073320249999927,-25.0,29.870818736089234,-0.024999999999999977,-0.019999999999999806
5723.0,0.8940662499999339,4.183017437499922,4.073472874999927,-25.0,29.871197741957303,-0.024999999999999977,-0.019999999999999806
5724.0,0.8942049999999339,4.1831804687499226,4.0736254999999275,-25.0,29.871576836142026,-0.024999999999999977,-0.019999999999999806
5725.0,0.8943437499999338,4.183343499999923,4.073778124999928,-25.0,29.871956018588207,-0.024999999999999977,-0.019999999999999806
5726.0,0.8944824999999338,4.183506531249922,4.073930749999927,-25.0,29.872335289240652,-0.024999999999999977,-0.019999999999999806
5727.0,0.8946212499999338,4.183669562499922,4.074083374999927,-25.0,29.87271464804428,-0.024999999999999977,-0.019999999999999806
5728.0,0.8947599999999337,4.183832593749922,4.074235999999927,-25.0,29.87309409494395,-0.024999999999999977,-0.019999999999999806
5729.0,0.8948987499999337,4.183995624999922,4.074388624999927,-25.0,29.873473629884586,-0.024999999999999977,-0.019999999999999806
5730.0,0.8950374999999337,4.184158656249922,4.074541249999927,-25.0,29.873853252811216,-0.024999999999999977,-0.019999999999999806
5731.0,0.8951762499999336,4.184321687499922,4.074693874999927,-25.0,29.874232963668817,-0.024999999999999977,-0.019999999999999806
5732.0,0.8953149999999336,4.184484718749922,4.074846499999927,-25.0,29.874612762402478,-0.024999999999999977,-0.019999999999999806
5733.0,0.8954537499999335,4.184647749999922,4.074999124999927,-25.0,29.87499264895723,-0.024999999999999977,-0.019999999999999806
5734.0,0.8955924999999335,4.184810781249922,4.075151749999927,-25.0,29.875372623278224,-0.024999999999999977,-0.019999999999999806
5735.0,0.8957312499999335,4.184973812499922,4.075304374999927,-25.0,29.875752685310545,-0.024999999999999977,-0.019999999999999806
5736.0,0.8958699999999334,4.185136843749922,4.075456999999927,-25.0,29.876132834999396,-0.024999999999999977,-0.019999999999999806
5737.0,0.8960087499999334,4.185299874999921,4.0756096249999265,-25.0,29.876513072290038,-0.024999999999999977,-0.019999999999999806
5738.0,0.8961474999999334,4.185462906249922,4.075762249999927,-25.0,29.876893397127674,-0.024999999999999977,-0.019999999999999806
5739.0,0.8962862499999333,4.185625937499922,4.075914874999927,-25.0,29.87727380945762,-0.024999999999999977,-0.019999999999999806
5740.0,0.8964249999999333,4.185788968749922,4.076067499999927,-25.0,29.877654309225136,-0.024999999999999977,-0.019999999999999806
5741.0,0.8965637499999333,4.185951999999922,4.076220124999927,-25.0,29.878034896375596,-0.024999999999999977,-0.019999999999999806
5742.0,0.8967024999999332,4.186115031249921,4.076372749999926,-25.0,29.87841557085443,-0.024999999999999977,-0.019999999999999806
5743.0,0.8968412499999332,4.186278062499921,4.076525374999926,-25.0,29.87879633260701,-0.024999999999999977,-0.019999999999999806
5744.0,0.8969799999999332,4.186441093749921,4.0766779999999265,-25.0,29.879177181578825,-0.024999999999999977,-0.019999999999999806
5745.0,0.8971187499999331,4.1866041249999215,4.076830624999927,-25.0,29.879558117715362,-0.024999999999999977,-0.019999999999999806
5746.0,0.8972574999999331,4.186767156249922,4.076983249999927,-25.0,29.879939140962108,-0.024999999999999977,-0.019999999999999806
5747.0,0.8973962499999331,4.186930187499921,4.077135874999926,-25.0,29.880320251264607,-0.024999999999999977,-0.019999999999999806
5748.0,0.897534999999933,4.187093218749921,4.077288499999926,-25.0,29.880701448568516,-0.024999999999999977,-0.019999999999999806
5749.0,0.897673749999933,4.187256249999921,4.077441124999926,-25.0,29.881082732819436,-0.024999999999999977,-0.019999999999999806
5750.0,0.897812499999933,4.187419281249921,4.077593749999926,-25.0,29.88146410396297,-0.024999999999999977,-0.019999999999999806
5751.0,0.8979512499999329,4.187582312499922,4.0777463749999265,-25.0,29.881845561944886,-0.024999999999999977,-0.019999999999999806
5752.0,0.8980899999999329,4.187745343749921,4.077898999999926,-25.0,29.882227106710843,-0.024999999999999977,-0.019999999999999806
5753.0,0.8982287499999329,4.187908374999921,4.078051624999926,-25.0,29.88260873820667,-0.024999999999999977,-0.019999999999999806
5754.0,0.8983674999999328,4.188071406249921,4.078204249999926,-25.0,29.88299045637808,-0.024999999999999977,-0.019999999999999806
5755.0,0.8985062499999328,4.188234437499921,4.078356874999926,-25.0,29.883372261170962,-0.024999999999999977,-0.019999999999999806
5756.0,0.8986449999999327,4.188397468749921,4.078509499999926,-25.0,29.88375415253114,-0.024999999999999977,-0.019999999999999806
5757.0,0.8987837499999327,4.188560499999921,4.078662124999926,-25.0,29.884136130404556,-0.024999999999999977,-0.019999999999999806
5758.0,0.8989224999999327,4.188723531249921,4.078814749999926,-25.0,29.884518194737097,-0.024999999999999977,-0.019999999999999806
5759.0,0.8990612499999326,4.1888865624999205,4.078967374999926,-25.0,29.88490034547476,-0.024999999999999977,-0.019999999999999806
5760.0,0.8991999999999326,4.189049593749921,4.079119999999926,-25.0,29.885282582563548,-0.024999999999999977,-0.019999999999999806
5761.0,0.8993387499999326,4.189212624999921,4.079272624999926,-25.0,29.885664905949454,-0.024999999999999977,-0.019999999999999806
5762.0,0.8994774999999325,4.189375656249921,4.079425249999926,-25.0,29.886047315578537,-0.024999999999999977,-0.019999999999999806
5763.0,0.8996162499999325,4.18953868749992,4.079577874999925,-25.0,29.88642981139691,-0.024999999999999977,-0.019999999999999806
5764.0,0.8997549999999325,4.18970171874992,4.0797304999999255,-25.0,29.886812393350738,-0.024999999999999977,-0.019999999999999806
5765.0,0.8998937499999324,4.189864749999921,4.079883124999926,-25.0,29.887195061386137,-0.024999999999999977,-0.019999999999999806
5766.0,0.9000324999999324,4.190031031249914,4.080038999999919,-25.0,29.887577815449333,-0.024999999999999977,-0.019999999999999806
5767.0,0.9001712499999324,4.190210374999909,4.080205499999919,-25.0,29.88796073165844,-0.024999999999999977,-0.019999999999999806
5768.0,0.9003099999999323,4.1903976874999085,4.080371999999919,-25.0,29.888344058935502,-0.024999999999999977,-0.019999999999999806
5769.0,0.9004487499999323,4.190584999999908,4.080538499999919,-25.0,29.88872779702365,-0.024999999999999977,-0.019999999999999806
5770.0,0.9005874999999323,4.190772312499909,4.080704999999919,-25.0,29.889111945666116,-0.024999999999999977,-0.019999999999999806
5771.0,0.9007262499999322,4.190959624999909,4.080871499999919,-25.0,29.889496504606313,-0.024999999999999977,-0.019999999999999806
5772.0,0.9008649999999322,4.191146937499909,4.081037999999919,-25.0,29.88988147358782,-0.024999999999999977,-0.019999999999999806
5773.0,0.9010037499999322,4.191334249999908,4.081204499999918,-25.0,29.89026685235433,-0.024999999999999977,-0.019999999999999806
5774.0,0.9011424999999321,4.191521562499909,4.081370999999919,-25.0,29.890652640649705,-0.024999999999999977,-0.019999999999999806
5775.0,0.9012812499999321,4.191708874999908,4.081537499999919,-25.0,29.891038838218037,-0.024999999999999977,-0.019999999999999806
5776.0,0.901419999999932,4.191896187499908,4.0817039999999185,-25.0,29.89142544480353,-0.024999999999999977,-0.019999999999999806
5777.0,0.901558749999932,4.192083499999908,4.081870499999918,-25.0,29.891812460150504,-0.024999999999999977,-0.019999999999999806
5778.0,0.901697499999932,4.192270812499909,4.082036999999919,-25.0,29.89219988400356,-0.024999999999999977,-0.019999999999999806
5779.0,0.901836249999932,4.192458124999908,4.082203499999919,-25.0,29.8925877161073,-0.024999999999999977,-0.019999999999999806
5780.0,0.9019749999999319,4.192645437499908,4.082369999999918,-25.0,29.892975956206612,-0.024999999999999977,-0.019999999999999806
5781.0,0.9021137499999319,4.192832749999908,4.082536499999918,-25.0,29.893364604046496,-0.024999999999999977,-0.019999999999999806
5782.0,0.9022524999999318,4.193020062499908,4.082702999999919,-25.0,29.893753659372067,-0.024999999999999977,-0.019999999999999806
5783.0,0.9023912499999318,4.193207374999908,4.082869499999918,-25.0,29.89414312192872,-0.024999999999999977,-0.019999999999999806
5784.0,0.9025299999999318,4.193394687499908,4.083035999999918,-25.0,29.894532991461915,-0.024999999999999977,-0.019999999999999806
5785.0,0.9026687499999317,4.193581999999908,4.083202499999918,-25.0,29.894923267717274,-0.024999999999999977,-0.019999999999999806
5786.0,0.9028074999999317,4.193769312499908,4.0833689999999185,-25.0,29.895313950440595,-0.024999999999999977,-0.019999999999999806
5787.0,0.9029462499999317,4.193956624999908,4.083535499999918,-25.0,29.895705039377845,-0.024999999999999977,-0.019999999999999806
5788.0,0.9030849999999316,4.194143937499907,4.083701999999918,-25.0,29.896096534275102,-0.024999999999999977,-0.019999999999999806
5789.0,0.9032237499999316,4.194331249999907,4.083868499999918,-25.0,29.896488434878677,-0.024999999999999977,-0.019999999999999806
5790.0,0.9033624999999316,4.194518562499908,4.084034999999918,-25.0,29.89688074093499,-0.024999999999999977,-0.019999999999999806
5791.0,0.9035012499999315,4.194705874999908,4.084201499999918,-25.0,29.897273452190632,-0.024999999999999977,-0.019999999999999806
5792.0,0.9036399999999315,4.194893187499908,4.084367999999918,-25.0,29.897666568392367,-0.024999999999999977,-0.019999999999999806
5793.0,0.9037787499999315,4.195080499999907,4.084534499999918,-25.0,29.898060089287128,-0.024999999999999977,-0.019999999999999806
5794.0,0.9039174999999314,4.195267812499908,4.084700999999918,-25.0,29.89845401462196,-0.024999999999999977,-0.019999999999999806
5795.0,0.9040562499999314,4.195455124999907,4.084867499999918,-25.0,29.898848344144085,-0.024999999999999977,-0.019999999999999806
5796.0,0.9041949999999314,4.195642437499908,4.085033999999918,-25.0,29.899243077600886,-0.024999999999999977,-0.019999999999999806
5797.0,0.9043337499999313,4.195829749999907,4.085200499999917,-25.0,29.899638214739866,-0.024999999999999977,-0.019999999999999806
5798.0,0.9044724999999313,4.196017062499908,4.085366999999918,-25.0,29.900033755308755,-0.024999999999999977,-0.019999999999999806
5799.0,0.9046112499999313,4.196204374999907,4.085533499999918,-25.0,29.90042969905545,-0.024999999999999977,-0.019999999999999806
5800.0,0.9047499999999312,4.196391687499907,4.0856999999999175,-25.0,29.90082604572791,-0.024999999999999977,-0.019999999999999806
5801.0,0.9048887499999312,4.196578999999907,4.085866499999917,-25.0,29.901222795074318,-0.024999999999999977,-0.019999999999999806
5802.0,0.9050274999999312,4.196766312499907,4.086032999999918,-25.0,29.901619946843027,-0.024999999999999977,-0.019999999999999806
5803.0,0.9051662499999311,4.1969536249999075,4.086199499999918,-25.0,29.902017500782506,-0.024999999999999977,-0.019999999999999806
5804.0,0.9053049999999311,4.197140937499907,4.086365999999917,-25.0,29.902415456641393,-0.024999999999999977,-0.019999999999999806
5805.0,0.905443749999931,4.197328249999907,4.086532499999917,-25.0,29.902813814168496,-0.024999999999999977,-0.019999999999999806
5806.0,0.905582499999931,4.197515562499907,4.086698999999918,-25.0,29.90321257311274,-0.024999999999999977,-0.019999999999999806
5807.0,0.905721249999931,4.197702874999907,4.086865499999917,-25.0,29.903611733223272,-0.024999999999999977,-0.019999999999999806
5808.0,0.9058599999999309,4.197890187499906,4.087031999999917,-25.0,29.904011294249358,-0.024999999999999977,-0.019999999999999806
5809.0,0.9059987499999309,4.198077499999907,4.087198499999917,-25.0,29.90441125594043,-0.024999999999999977,-0.019999999999999806
5810.0,0.9061374999999309,4.198264812499907,4.0873649999999175,-25.0,29.904811618046097,-0.024999999999999977,-0.019999999999999806
5811.0,0.9062762499999308,4.198452124999907,4.087531499999917,-25.0,29.905212380316073,-0.024999999999999977,-0.019999999999999806
5812.0,0.9064149999999308,4.1986394374999065,4.087697999999917,-25.0,29.905613542500248,-0.024999999999999977,-0.019999999999999806
5813.0,0.9065537499999308,4.198826749999906,4.087864499999917,-25.0,29.906015104348683,-0.024999999999999977,-0.019999999999999806
5814.0,0.9066924999999307,4.199014062499907,4.088030999999917,-25.0,29.906417065611606,-0.024999999999999977,-0.019999999999999806
5815.0,0.9068312499999307,4.199201374999907,4.088197499999917,-25.0,29.906819426039362,-0.024999999999999977,-0.019999999999999806
5816.0,0.9069699999999307,4.199388687499907,4.088363999999917,-25.0,29.907222185382466,-0.024999999999999977,-0.019999999999999806
5817.0,0.9071087499999306,4.199575999999906,4.088530499999917,-25.0,29.9076253433916,-0.024999999999999977,-0.019999999999999806
5818.0,0.9072474999999306,4.199763312499907,4.088696999999917,-25.0,29.908028899817623,-0.024999999999999977,-0.019999999999999806
5819.0,0.9073862499999306,4.199950624999906,4.088863499999917,-25.0,29.9084328544115,-0.024999999999999977,-0.019999999999999806
5820.0,0.9075249999999305,4.200137937499906,4.089029999999917,-25.0,29.908837206924375,-0.024999999999999977,-0.019999999999999806
