time_seconds,fill_level,terminal_voltage_V,resting_voltage_V,current_A,temperature_C,fast_voltage_drop_V,slow_voltage_drop_V
1.0,0.9997222222222222,4.034411649588219,4.199666666666666,50.0,25.015625,0.0047581290982020245,0.0004968879802447424
2.0,0.9994444444444444,4.029365600801699,4.199333333333334,50.0,25.031235026041657,0.009063462346100913,0.0009876035188666923
3.0,0.9991666666666665,4.024735354409585,4.199,50.0,25.046830087483727,0.012959088965914115,0.0014722232911671279
4.0,0.9988888888888887,4.020481845948478,4.198666666666667,50.0,25.062410193679057,0.016483997698218046,0.0019508230199714377
5.0,0.9986111111111109,4.016569722164838,4.198333333333333,50.0,25.077975353974693,0.01967346701436834,0.002423477487460966
6.0,0.9983333333333331,4.01296698792451,4.1979999999999995,50.0,25.093525577711773,0.02255941819529869,0.002890260546857881
7.0,0.9980555555555553,4.009644686722273,4.197666666666667,50.0,25.10906087422569,0.025170734810429536,0.0033512451339648914
8.0,0.9977777777777774,4.006576611593965,4.197333333333333,50.0,25.124581252845985,0.02753355179413893,0.0038065032785616127
9.0,0.9974999999999996,4.003739043538038,4.197,50.0,25.140086722896285,0.029671517012970057,0.004256106115659368
10.0,0.9972222222222218,4.001110514828622,4.196666666666666,50.0,25.155577293694478,0.031606027941427896,0.004700123896616179
11.0,0.996944444444444,3.998671594851456,4.196333333333333,50.0,25.171052974552595,0.03335644581509604,0.00513862600011368
12.0,0.9966666666666661,3.9964046963192787,4.196,50.0,25.186513774776813,0.03494028940438991,0.005571680942997682
13.0,0.9963888888888883,3.9942938999273827,4.195666666666666,50.0,25.20195970366757,0.036373410348299384,0.005999356390984069
14.0,0.9961111111111105,3.992324795694515,4.195333333333333,50.0,25.217390770519444,0.03767015180291969,0.0064217191692317
15.0,0.9958333333333327,3.990484339401304,4.194999999999999,50.0,25.23280698462122,0.03884349199257852,0.006838835272783981
16.0,0.9955555555555549,3.988760722689518,4.194666666666666,50.0,25.248208355255827,0.03990517410026724,0.007250769876880721
17.0,0.995277777777777,3.9871432555221613,4.194333333333333,50.0,25.26359489170045,0.040865823797363275,0.007657587347141896
18.0,0.9949999999999992,3.98562225982812,4.193999999999999,50.0,25.27896660322648,0.041735055588920676,0.008059351249624912
19.0,0.9947222222222214,3.984188973267041,4.193666666666666,50.0,25.29432349909945,0.04252156903886825,0.008456124360756928
20.0,0.9944444444444436,3.982835462151353,4.1933333333333325,50.0,25.30966558857915,0.04323323583816937,0.008847968677143799
21.0,0.9941666666666658,3.9815545426540573,4.192999999999999,50.0,25.324992880919638,0.04387717858735091,0.009234945425257173
22.0,0.9938888888888879,3.980339709513782,4.192666666666666,50.0,25.34030538536905,0.044459842081883305,0.009617115071001254
23.0,0.9936111111111101,3.9791850715236454,4.192333333333332,50.0,25.35560311116984,0.04498705781385981,0.009994537329160719
24.0,0.9933333333333323,3.9780852931584056,4.191999999999999,50.0,25.370886067558672,0.04546410233552937,0.010367271172731278
25.0,0.9930555555555545,3.977035541755727,4.1916666666666655,50.0,25.386154263766457,0.04589575006880505,0.010735374842134321
26.0,0.9927777777777766,3.9760314397230654,4.191333333333332,50.0,25.401407709018258,0.046286321089283294,0.011098905854317106
27.0,0.9924999999999988,3.975069021291914,4.190999999999999,50.0,25.416646412533453,0.0466397243630125,0.011457921011739895
28.0,0.992222222222221,3.9741446933866746,4.190666666666665,50.0,25.43187038352562,0.04695949686873909,0.011812476411251457
29.0,0.9919444444444432,3.973255200216632,4.190333333333332,50.0,25.447079631202598,0.047248838997179625,0.012162627452854315
30.0,0.9916666666666654,3.9723975912366973,4.189999999999999,50.0,25.462274164766427,0.04751064658160679,0.012508428848361107
31.0,0.9913888888888875,3.9715691921564,4.189666666666665,50.0,25.477453993413462,0.04774753988032209,0.012849934629943419
32.0,0.9911111111111097,3.97076757870701,4.189333333333332,50.0,25.49261912633426,0.047961889801081674,0.013187198158574423
33.0,0.9908333333333319,3.9699905529043606,4.188999999999998,50.0,25.50776957271364,0.04815584162993798,0.013520272132366635
34.0,0.9905555555555541,3.969236121569876,4.188666666666665,50.0,25.522905341730677,0.04833133650198368,0.013849208594806104
35.0,0.9902777777777763,3.9685024768948973,4.188333333333332,50.0,25.53802644255876,0.04849013082888406,0.014174058942884314
36.0,0.9899999999999984,3.967787978853901,4.187999999999998,50.0,25.553132884365482,0.04863381387763536,0.014494873935129063
37.0,0.9897222222222206,3.9670911392906474,4.187666666666665,50.0,25.568224676312752,0.04876382367648301,0.014811703699535595
38.0,0.9894444444444428,3.966410607518074,4.187333333333331,50.0,25.58330182755674,0.048881461407191705,0.015124597741399192
39.0,0.989166666666665,3.965745157287905,4.1869999999999985,50.0,25.598364347247866,0.04898790442770976,0.015433604951050483
40.0,0.9888888888888872,3.9650936749996073,4.186666666666665,50.0,25.61341224453082,0.049084218055563275,0.015738773611494658
41.0,0.9886111111111093,3.964455149030797,4.186333333333331,50.0,25.62844552854466,0.049171366229911924,0.01604015140595578
42.0,0.9883333333333315,3.9638286600823616,4.185999999999998,50.0,25.643464208422643,0.0492502211589761,0.01633778542532739
43.0,0.9880555555555537,3.963213372441744,4.185666666666664,50.0,25.6584682932924,0.04932157204938994,0.016631722175530557
44.0,0.9877777777777759,3.9626085260770387,4.185333333333332,50.0,25.67345779227577,0.04938613300484656,0.016922007584780522
45.0,0.987499999999998,3.9620134294828144,4.184999999999998,50.0,25.688432714488954,0.04944455017308787,0.017208687010763068
46.0,0.9872222222222202,3.9614274532061753,4.184666666666664,50.0,25.70339306904242,0.0494974082127683,0.01749180524772176
47.0,0.9869444444444424,3.960850023988293,4.184333333333331,50.0,25.71833886504095,0.04954523614491519,0.01777140653345713
48.0,0.9866666666666646,3.9602806194628766,4.1839999999999975,50.0,25.733270111583636,0.04958851264754898,0.018047534556238927
49.0,0.9863888888888868,3.959718763358579,4.183666666666665,50.0,25.748186817763894,0.04962767084645377,0.0183202324616325
50.0,0.9861111111111089,3.959164021157379,4.183333333333331,50.0,25.763088992669452,0.04966310265004571,0.01858954285924037
51.0,0.9858333333333311,3.95861599616558,4.182999999999997,50.0,25.777976645382353,0.049695162671724205,0.018855507829360085
52.0,0.9855555555555533,3.9580743259581435,4.182666666666664,50.0,25.792849784979012,0.04972417177896195,0.019118168929559334
53.0,0.9852777777777755,3.9575386791608405,4.182333333333331,50.0,25.807708420530048,0.04975042030465448,0.019377567201169413
54.0,0.9849999999999977,3.9570087525380977,4.181999999999998,50.0,25.822552561100565,0.04977417095286935,0.019633743175698007
55.0,0.9847222222222198,3.9564842683574257,4.181666666666664,50.0,25.83738221574987,0.04979566142807678,0.019886736881162333
56.0,0.984444444444442,3.955964972004145,4.18133333333333,50.0,25.852197393531696,0.049815106814175836,0.02013658784834359
57.0,0.9841666666666642,3.955450629822575,4.180999999999997,50.0,25.866998103494097,0.04983270172712642,0.020383335116963726
58.0,0.9838888888888864,3.9549410271621475,4.180666666666664,50.0,25.88178435467944,0.04984862226273119,0.02062701724178547
59.0,0.9836111111111085,3.9544359666089663,4.180333333333331,50.0,25.896556156124404,0.04986302775906157,0.020867672298636605
60.0,0.9833333333333307,3.9539352663851384,4.179999999999997,50.0,25.91131351686016,0.04987606239116667,0.02110533789035938
61.0,0.9830555555555529,3.9534387588999524,4.179666666666663,50.0,25.92605644591214,0.04988785661402569,0.021340051152686033
62.0,0.9827777777777751,3.9529462894384384,4.1793333333333305,50.0,25.940784952300135,0.049898528468185196,0.021571848760041333
63.0,0.9824999999999973,3.952457714974243,4.178999999999997,50.0,25.955499045038266,0.04990818476114854,0.021800766931273023
64.0,0.9822222222222194,3.9519729030950126,4.178666666666664,50.0,25.970198733135135,0.04991692213634129,0.022026841435311098
65.0,0.9819444444444416,3.9514917310295563,4.17833333333333,50.0,25.9848840255936,0.04992482804035111,0.022250107596756767
66.0,0.9816666666666638,3.9510140847671393,4.177999999999996,50.0,25.999554931410955,0.04993198159812259,0.02247060030140199
67.0,0.981388888888886,3.950539858260118,4.1776666666666635,50.0,26.014211459578803,0.049938454404866314,0.02268835400168047
68.0,0.9811111111111082,3.950068952702005,4.17733333333333,50.0,26.028853619083236,0.049944311242607745,0.02290340272205089
69.0,0.9808333333333303,3.9496012758738033,4.176999999999997,50.0,26.043481418904662,0.04994961072854756,0.02311578006431334
70.0,0.9805555555555525,3.949136741552082,4.176666666666663,50.0,26.05809486801786,0.04995440590172226,0.02332551921285962
71.0,0.9802777777777747,3.9486752689729685,4.1763333333333295,50.0,26.072693975392042,0.04995874475383669,0.023532652939858418
72.0,0.9799999999999969,3.948216782346707,4.175999999999997,50.0,26.08727874999073,0.04996267070958115,0.02373721361037599
73.0,0.979722222222219,3.9477612104179904,4.175666666666663,50.0,26.101849200771994,0.049966223061240295,0.02393923318743329
74.0,0.9794444444444412,3.947308486067721,4.17533333333333,50.0,26.11640533668816,0.04996943736194351,0.02413874323700024
75.0,0.9791666666666634,3.9468585459522436,4.174999999999996,50.0,26.130947166686042,0.049972345781492594,0.024335774932927993
76.0,0.9788888888888856,3.9464113301765162,4.1746666666666625,50.0,26.14547469970688,0.04997497742832795,0.024530359061819905
77.0,0.9786111111111078,3.9459667819979667,4.17433333333333,50.0,26.159987944686236,0.049977358640855646,0.024722526027841994
78.0,0.97833333333333,3.9455248475581386,4.173999999999996,50.0,26.17448691055415,0.049979513251050996,0.024912305857473675
79.0,0.9780555555555521,3.945085475639487,4.173666666666663,50.0,26.188971606235043,0.04998146282297703,0.02509972820419943
80.0,0.9777777777777743,3.9446486174449165,4.173333333333329,50.0,26.203442040647815,0.04998322686860486,0.025284822353142253
81.0,0.9774999999999965,3.9442142263979276,4.172999999999996,50.0,26.21789822270574,0.049984823043096045,0.025467617225639495
82.0,0.9772222222222187,3.9437822579614004,4.172666666666663,50.0,26.23234016131653,0.04998626732150138,0.02564814138376188
83.0,0.9769444444444408,3.9433526694732426,4.172333333333329,50.0,26.246767865382367,0.04998757415864459,0.025826423034776395
84.0,0.976666666666663,3.9429254199973194,4.171999999999996,50.0,26.26118134379982,0.04998875663379104,0.026002490035553726
85.0,0.9763888888888852,3.942500470188193,4.171666666666662,50.0,26.275580605459936,0.049989826581549456,0.02617636989692096
86.0,0.9761111111111074,3.942077782168387,4.171333333333329,50.0,26.289965659248196,0.04999079471031661,0.026348089787960192
87.0,0.9758333333333296,3.9416573194169597,4.170999999999996,50.0,26.304336514044508,0.049991670709450604,0.026517676540253766
88.0,0.9755555555555517,3.9412390466683407,4.170666666666662,50.0,26.31869317872321,0.049992463346245214,0.026685156652076755
89.0,0.9752777777777739,3.9408229298204502,4.170333333333329,50.0,26.33303566215318,0.04999318055367589,0.02685055629253737
90.0,0.9749999999999961,3.9404089358512016,4.1699999999999955,50.0,26.347363973197673,0.049993829509795654,0.027013901305665944
91.0,0.9747222222222183,3.939997032742634,4.169666666666662,50.0,26.36167812071443,0.04999441670957548,0.027175217214453106
92.0,0.9744444444444404,3.939587189411917,4.169333333333329,50.0,26.375978113555675,0.049994948029908136,0.027334529224837804
93.0,0.9741666666666626,3.939179375648591,4.168999999999995,50.0,26.390263960568063,0.04999542878842608,0.02749186222964578
94.0,0.9738888888888848,3.938773562057462,4.168666666666662,50.0,26.404535670592736,0.04999586379672216,0.027647240812479136
95.0,0.973611111111107,3.9383697200066,4.168333333333329,50.0,26.418793252465264,0.04999625740850561,0.02780068925155756
96.0,0.9733333333333292,3.9379678215799756,4.167999999999995,50.0,26.433036715015817,0.049996613563175446,0.027952231523511846
97.0,0.9730555555555513,3.937567839534286,4.167666666666662,50.0,26.447266067068938,0.04999693582524733,0.028101891307130308
98.0,0.9727777777777735,3.9371697472595755,4.167333333333328,50.0,26.461481317443713,0.04999722742002838,0.028249691987058616
99.0,0.9724999999999957,3.936773518743312,4.166999999999995,50.0,26.475682474953658,0.04999749126589718,0.028395656657453715
100.0,0.9722222222222179,3.9363791285375584,4.166666666666662,50.0,26.48986954840683,0.04999773000351186,0.02853980812559232
101.0,0.9719444444444401,3.9359865517289894,4.166333333333328,50.0,26.504042546605717,0.04999794602223872,0.02868216891543461
102.0,0.9716666666666622,3.9355957639114534,4.165999999999995,50.0,26.518201478347407,0.049998141484065776,0.02882276127114363
103.0,0.9713888888888844,3.9352067411608607,4.165666666666661,50.0,26.532346352423417,0.0499983183452407,0.028961607160561
104.0,0.9711111111111066,3.934819460012174,4.1653333333333284,50.0,26.546477177619806,0.049998478375849566,0.029098728278639418
105.0,0.9708333333333288,3.9344338974382977,4.164999999999995,50.0,26.56059396271712,0.0499986231775325,0.029234146050832566
106.0,0.970555555555551,3.9340500308307065,4.164666666666661,50.0,26.57469671649045,0.04999875419951341,0.02936788163644286
107.0,0.9702777777777731,3.933667837981631,4.164333333333328,50.0,26.588785447709313,0.04999887275310433,0.02949995593192763
108.0,0.9699999999999953,3.9332872970676687,4.163999999999994,50.0,26.602860165137827,0.04999898002482943,0.02963038957416426
109.0,0.9697222222222175,3.9329083866346877,4.1636666666666615,50.0,26.616920877534596,0.049999077088300196,0.02975920294367472
110.0,0.9694444444444397,3.932531085583892,4.163333333333328,50.0,26.630967593652827,0.049999164914960474,0.029886416167810063
111.0,0.9691666666666618,3.932155373158958,4.162999999999994,50.0,26.64500032224015,0.049999244383809,0.03001204912389538
112.0,0.968888888888884,3.9317812289341303,4.162666666666661,50.0,26.659019072038745,0.0499993162901967,0.03013612144233566
113.0,0.9686111111111062,3.9314086328031923,4.1623333333333274,50.0,26.673023851785388,0.0499993813537869,0.030258652509683088
114.0,0.9683333333333284,3.931037564969239,4.161999999999995,50.0,26.68701467021134,0.049999440225757856,0.03037966147166623
115.0,0.9680555555555506,3.930668005935161,4.161666666666661,50.0,26.700991536042466,0.049999493495320055,0.03049916723618159
116.0,0.9677777777777727,3.930299936494801,4.161333333333327,50.0,26.714954457999113,0.04999954169561317,0.030617188476248006
117.0,0.9674999999999949,3.9299333377246968,4.160999999999994,50.0,26.728903444796174,0.049999585309041944,0.03073374363292436
118.0,0.9672222222222171,3.929568190976366,4.1606666666666605,50.0,26.742838505143197,0.04999962477210423,0.030848850918191013
119.0,0.9669444444444393,3.9292044778691073,4.160333333333328,50.0,26.75675964774416,0.049999660479759615,0.030962528317795477
120.0,0.9666666666666615,3.9288421802832167,4.159999999999994,50.0,26.770666881297643,0.049999692789382315,0.031074793594062716
121.0,0.9663888888888836,3.9284812803536533,4.15966666666666,50.0,26.78456021449682,0.049999722024337896,0.031185664288670555
122.0,0.9661111111111058,3.928121760464052,4.159333333333327,50.0,26.798439656029416,0.04999974847721962,0.03129515772539059
123.0,0.965833333333328,3.9277636032410896,4.158999999999994,50.0,26.812305214577748,0.049999772412776824,0.031403291012795084
124.0,0.9655555555555502,3.927406791549168,4.158666666666661,50.0,26.826156898818624,0.0499997940705646,0.031510081046930184
125.0,0.9652777777777724,3.927051308485365,4.158333333333327,50.0,26.839994717423508,0.049999813667341374,0.031615544513956
126.0,0.9649999999999945,3.9266971373746697,4.157999999999993,50.0,26.853818679058463,0.04999983139923827,0.031719697892753806
127.0,0.9647222222222167,3.9263442617654394,4.15766666666666,50.0,26.86762879238404,0.04999984744372207,0.03182255745750095
128.0,0.9644444444444389,3.9259926654250763,4.157333333333327,50.0,26.881425066055442,0.04999986196137137,0.03192413928021369
129.0,0.9641666666666611,3.92564233233592,4.156999999999994,50.0,26.89520750872248,0.04999987509748368,0.0320244592332585
130.0,0.9638888888888832,3.9252932466912998,4.15666666666666,50.0,26.908976129029554,0.049999886983529626,0.03212353299183215
131.0,0.9636111111111054,3.9249453928917815,4.156333333333326,50.0,26.92273093561556,0.04999989773846875,0.03222137603641097
132.0,0.9633333333333276,3.924598755541552,4.1559999999999935,50.0,26.936471937114163,0.049999907469940104,0.03231800365516974
133.0,0.9630555555555498,3.924253319444951,4.15566666666666,50.0,26.95019914215345,0.049999916275339513,0.032413430946370496
134.0,0.962777777777772,3.923909069603146,4.155333333333327,50.0,26.963912559356288,0.049999924242794376,0.032507672820721624
135.0,0.9624999999999941,3.923565991210908,4.154999999999993,50.0,26.977612197340022,0.04999993145204566,0.032600744003707736
136.0,0.9622222222222163,3.923224069653525,4.154666666666659,50.0,26.99129806471666,0.04999993797524598,0.03269265903789052
137.0,0.9619444444444385,3.922883290503799,4.1543333333333266,50.0,27.00497017009286,0.04999994387768172,0.032783432285181074
138.0,0.9616666666666607,3.9225436395191506,4.153999999999993,50.0,27.01862852206989,0.04999994921842643,0.03287307792908397
139.0,0.9613888888888829,3.9222051026388156,4.15366666666666,50.0,27.032273129243606,0.049999954050932084,0.03296160997691345
140.0,0.961111111111105,3.921867665981115,4.153333333333326,50.0,27.045904000204473,0.04999995842356402,0.0330490422619821
141.0,0.9608333333333272,3.9215313158408134,4.1529999999999925,50.0,27.059521143537665,0.049999962380085014,0.03313538844576236
142.0,0.9605555555555494,3.921196038686547,4.15266666666666,50.0,27.07312456782296,0.049999965960093255,0.03322066202002111
143.0,0.9602777777777716,3.9208618211583146,4.152333333333326,50.0,27.086714281634727,0.04999996919941867,0.03330487630892781
144.0,0.9599999999999937,3.9205286500650436,4.151999999999993,50.0,27.10029029354206,0.04999997213048151,0.03338804447113645
145.0,0.9597222222222159,3.9201965123822027,4.151666666666659,50.0,27.113852612108587,0.04999997478261685,0.03347017950184157
146.0,0.9594444444444381,3.9198653952494844,4.1513333333333255,50.0,27.127401245892713,0.049999977182368135,0.033551294234808834
147.0,0.9591666666666603,3.9195352859685286,4.150999999999993,50.0,27.14093620344738,0.049999979353752895,0.03363140134438029
148.0,0.9588888888888825,3.9192061720007025,4.150666666666659,50.0,27.15445749332025,0.04999998131850308,0.0337105133474548
149.0,0.9586111111111046,3.9188780409649344,4.150333333333326,50.0,27.16796512405358,0.049999983096282556,0.033788642605443786
150.0,0.9583333333333268,3.918550880635574,4.149999999999992,50.0,27.1814591041844,0.049999984704883954,0.03386580132620277
151.0,0.958055555555549,3.918224678940315,4.149666666666659,50.0,27.194939442244277,0.049999986160406684,0.033942001565938844
152.0,0.9577777777777712,3.9178994239581484,4.149333333333326,50.0,27.208406146759557,0.049999987477418115,0.0340172552310945
153.0,0.9574999999999934,3.9175751039173536,4.148999999999992,50.0,27.221859226251183,0.04999998866909934,0.034091574080208034
154.0,0.9572222222222155,3.9172517071935333,4.148666666666659,50.0,27.235298689234753,0.0499999897473771,0.03416496972575081
155.0,0.9569444444444377,3.916929222307676,4.148333333333325,50.0,27.248724544220636,0.04999999072304317,0.03423745363594177
156.0,0.9566666666666599,3.9166076379242587,4.147999999999992,50.0,27.262136799713858,0.04999999160586233,0.034309037136539364
157.0,0.9563888888888821,3.91628694284938,4.147666666666659,50.0,27.275535464214045,0.049999992404670145,0.034379731412611185
158.0,0.9561111111111043,3.9159671260289173,4.147333333333325,50.0,27.288920546215593,0.04999999312746135,0.034449547510281696
159.0,0.9558333333333264,3.915648176546733,4.146999999999992,50.0,27.302292054207555,0.04999999378146987,0.03451849633845821
160.0,0.9555555555555486,3.9153300836228837,4.1466666666666585,50.0,27.3156499966737,0.04999999437324125,0.0345865886705354
161.0,0.9552777777777708,3.9150128366118833,4.146333333333325,50.0,27.328994382092446,0.04999999490869814,0.03465383514607869
162.0,0.954999999999993,3.9146964250009746,4.145999999999992,50.0,27.342325218936992,0.04999999539319957,0.0347202462724867
163.0,0.9547222222222151,3.9143808384084324,4.145666666666658,50.0,27.35564251567513,0.04999999583159459,0.034785832426633044
164.0,0.9544444444444373,3.9140660665819027,4.145333333333325,50.0,27.368946280769478,0.04999999622827081,0.03485060385648774
165.0,0.9541666666666595,3.913752099396744,4.144999999999992,50.0,27.382236522677317,0.049999996587198295,0.034914570682718485
166.0,0.9538888888888817,3.9134389268544187,4.144666666666658,50.0,27.395513249850637,0.04999999691196932,0.034977742900272016
167.0,0.9536111111111039,3.9131265390808903,4.144333333333325,50.0,27.408776470736143,0.04999999720583429,0.035040130379935856
168.0,0.953333333333326,3.912814926325045,4.143999999999991,50.0,27.422026193775253,0.049999997471734316,0.03510174286988063
169.0,0.9530555555555482,3.912504078957147,4.143666666666658,50.0,27.435262427404155,0.0499999977123306,0.03516258999718324
170.0,0.9527777777777704,3.9121939874672975,4.143333333333325,50.0,27.448485180053694,0.049999997930031126,0.03522268126933112
171.0,0.9524999999999926,3.9118846424639373,4.142999999999991,50.0,27.461694460149488,0.04999999812701471,0.0352820260757078
172.0,0.9522222222222148,3.9115760346723474,4.142666666666658,50.0,27.47489027611192,0.04999999830525282,0.03534063368906002
173.0,0.9519444444444369,3.9112681549331842,4.142333333333324,50.0,27.488072636356037,0.04999999846652933,0.0353985132669466
174.0,0.9516666666666591,3.910960994201033,4.1419999999999915,50.0,27.50124154929165,0.04999999861245836,0.03545567385316935
175.0,0.9513888888888813,3.9106545435429734,4.141666666666658,50.0,27.51439702332334,0.0499999987445004,0.03551212437918615
176.0,0.9511111111111035,3.910348794137176,4.141333333333324,50.0,27.52753906685041,0.049999998863976984,0.03556787366550654
177.0,0.9508333333333256,3.9100437372715064,4.140999999999991,50.0,27.54066768826698,0.04999999897208387,0.03562293042306994
178.0,0.9505555555555478,3.90973936434215,4.140666666666657,50.0,27.55378289596183,0.04999999906990302,0.035677303254606725
179.0,0.95027777777777,3.9094356668522643,4.1403333333333245,50.0,27.566884698318518,0.049999999158413445,0.03573100065598245
180.0,0.9499999999999922,3.909132636410633,4.139999999999991,50.0,27.579973103715417,0.04999999923850099,0.03578403101752532
181.0,0.9497222222222144,3.908830264730355,4.139666666666657,50.0,27.593048120525623,0.04999999931096721,0.03583640262533723
182.0,0.9494444444444365,3.908528543627534,4.139333333333324,50.0,27.60610975711694,0.049999999376537346,0.03588812366258844
183.0,0.9491666666666587,3.908227465019996,4.1389999999999905,50.0,27.61915802185206,0.04999999943586766,0.03593920221079626
184.0,0.9488888888888809,3.9079270209260204,4.138666666666658,50.0,27.632192923088382,0.049999999489551944,0.035989646251087755
185.0,0.9486111111111031,3.9076272034630857,4.138333333333324,50.0,27.645214469178143,0.0499999995381275,0.03603946366544685
186.0,0.9483333333333253,3.907328004846633,4.13799999999999,50.0,27.658222668468227,0.04999999958208048,0.0360886622379459
187.0,0.9480555555555474,3.907029417388847,4.137666666666657,50.0,27.671217529300407,0.049999999621850776,0.03613724965596195
188.0,0.9477777777777696,3.906731433497445,4.1373333333333235,50.0,27.68419906001128,0.04999999965783643,0.036185233511377916
189.0,0.9474999999999918,3.9064340456744935,4.136999999999991,50.0,27.697167268932105,0.0499999996903976,0.03623262130176883
190.0,0.947222222222214,3.9061372465152253,4.136666666666657,50.0,27.71012216438902,0.04999999971986016,0.03627942043157336
191.0,0.9469444444444362,3.905841028706889,4.136333333333323,50.0,27.723063754702935,0.04999999974651899,0.036325638213250744
192.0,0.9466666666666583,3.905545385027595,4.13599999999999,50.0,27.735992048189587,0.049999999770640895,0.0363712818684234
193.0,0.9463888888888805,3.905250308345187,4.135666666666657,50.0,27.748907053159485,0.049999999792467296,0.036416358529005315
194.0,0.9461111111111027,3.9049557916161266,4.135333333333324,50.0,27.761808777917906,0.049999999812216644,0.03646087523831641
195.0,0.9458333333333249,3.90466182788439,4.13499999999999,50.0,27.774697230765014,0.04999999983008659,0.03650483895218309
196.0,0.945555555555547,3.9043684102803775,4.134666666666656,50.0,27.787572419995797,0.04999999984625599,0.03654825654002508
197.0,0.9452777777777692,3.904075532019844,4.134333333333323,50.0,27.80043435389996,0.04999999986088667,0.036591134785928826
198.0,0.9449999999999914,3.9037831864028263,4.13399999999999,50.0,27.813283040762087,0.04999999987412505,0.036633480389707485
199.0,0.9447222222222136,3.903491366812608,4.133666666666657,50.0,27.826118488861596,0.04999999988610364,0.0366752999679478
200.0,0.9444444444444358,3.9032000667146725,4.133333333333323,50.0,27.838940706472727,0.04999999989694231,0.03671660005504395
201.0,0.9441666666666579,3.9029092796556903,4.132999999999989,50.0,27.85174970186449,0.04999999990674954,0.036757387104218574
202.0,0.9438888888888801,3.9026189992625047,4.1326666666666565,50.0,27.864545483300844,0.04999999991562349,0.03679766748853108
203.0,0.9436111111111023,3.9023292192411323,4.132333333333323,50.0,27.87732805904045,0.04999999992365298,0.036837447501873476
204.0,0.9433333333333245,3.9020399333757876,4.13199999999999,50.0,27.890097437336863,0.04999999993091835,0.03687673335995378
205.0,0.9430555555555467,3.901751135527899,4.131666666666656,50.0,27.902853626438514,0.04999999993749234,0.036915531201267233
206.0,0.9427777777777688,3.901462819635162,4.131333333333322,50.0,27.915596634588667,0.049999999943440725,0.03695384708805549
207.0,0.942499999999991,3.901174979710582,4.13099999999999,50.0,27.928326470025354,0.04999999994882305,0.03699168700725381
208.0,0.9422222222222132,3.9008876098415386,4.130666666666656,50.0,27.941043140981606,0.04999999995369318,0.037029056871426554
209.0,0.9419444444444354,3.900600704188868,4.130333333333323,50.0,27.953746655685165,0.04999999995809986,0.03706596251969102
210.0,0.9416666666666575,3.9003142569859417,4.129999999999989,50.0,27.96643702235872,0.049999999962087184,0.037102409718629846
211.0,0.9413888888888797,3.900028262537771,4.1296666666666555,50.0,27.97911424921972,0.04999999996569506,0.037138404163192015
212.0,0.9411111111111019,3.8997427152201163,4.129333333333323,50.0,27.991778344480622,0.04999999996895961,0.03717395147758272
213.0,0.9408333333333241,3.8994576094786026,4.128999999999989,50.0,28.00442931634865,0.04999999997191349,0.037209057216142156
214.0,0.9405555555555463,3.899172939827859,4.128666666666656,50.0,28.017067173025907,0.049999999974586276,0.0372437268642134
215.0,0.9402777777777684,3.8988887008506543,4.128333333333322,50.0,28.029691922709446,0.04999999997700471,0.0372779658389995
216.0,0.9399999999999906,3.898604887197055,4.127999999999989,50.0,28.042303573591084,0.049999999979193,0.03731177949040992
217.0,0.9397222222222128,3.898321493583589,4.127666666666656,50.0,28.05490213385758,0.04999999998117305,0.03734517310189649
218.0,0.939444444444435,3.8980385147924146,4.127333333333322,50.0,28.06748761169058,0.04999999998296467,0.03737815189127894
219.0,0.9391666666666572,3.8977559456705126,4.126999999999989,50.0,28.08006001526661,0.0499999999845858,0.03741072101156021
220.0,0.9388888888888793,3.8974737811288738,4.126666666666655,50.0,28.092619352757083,0.04999999998605265,0.037442885551731614
221.0,0.9386111111111015,3.89719201614171,4.126333333333322,50.0,28.105165632328294,0.04999999998737992,0.03747465053756798
222.0,0.9383333333333237,3.896910645745664,4.125999999999989,50.0,28.117698862141424,0.04999999998858087,0.03750602093241298
223.0,0.9380555555555459,3.8966296650390357,4.125666666666655,50.0,28.130219050352594,0.049999999989667546,0.03753700163795463
224.0,0.937777777777768,3.8963490691810163,4.125333333333322,50.0,28.142726205112808,0.04999999999065081,0.037567597494991195
225.0,0.9374999999999902,3.8960688533909305,4.1249999999999885,50.0,28.155220334567957,0.0499999999915405,0.0375978132841876
226.0,0.9372222222222124,3.8957890129474895,4.124666666666655,50.0,28.16770144685887,0.04999999999234553,0.03762765372682236
227.0,0.9369444444444346,3.895509543188059,4.124333333333322,50.0,28.180169550121263,0.049999999993073946,0.03765712348552537
228.0,0.9366666666666568,3.8952304395079187,4.123999999999988,50.0,28.19262465248579,0.049999999993733044,0.03768622716500637
229.0,0.936388888888879,3.894951697359554,4.123666666666654,50.0,28.20506676207799,0.04999999999432942,0.0377149693127745
230.0,0.9361111111111011,3.8946733122519395,4.1233333333333215,50.0,28.217495887018345,0.049999999994869045,0.037743354419848815
231.0,0.9358333333333233,3.89439527974984,4.122999999999988,50.0,28.229912035422274,0.04999999999535732,0.03777138692146005
232.0,0.9355555555555455,3.894117595473115,4.122666666666655,50.0,28.24231521540014,0.04999999999579913,0.03779907119774362
233.0,0.9352777777777677,3.893840255096035,4.122333333333321,50.0,28.25470543505719,0.04999999999619889,0.037826411574424006
234.0,0.9349999999999898,3.893563254346606,4.1219999999999875,50.0,28.26708270249361,0.049999999996560615,0.0378534123234907
235.0,0.934722222222212,3.8932865890059043,4.121666666666655,50.0,28.27944702580453,0.049999999996887916,0.037880077663865676
236.0,0.9344444444444342,3.8930102549074106,4.121333333333321,50.0,28.291798413080073,0.04999999999718407,0.037906411762062615
237.0,0.9341666666666564,3.892734247936368,4.120999999999988,50.0,28.304136872405252,0.04999999999745204,0.03793241873283794
238.0,0.9338888888888786,3.892458564029129,4.120666666666654,50.0,28.316462411860016,0.04999999999769451,0.037958102639833735
239.0,0.9336111111111007,3.89218319917253,4.1203333333333205,50.0,28.328775039519257,0.0499999999979139,0.03798346749621274
240.0,0.9333333333333229,3.8919081494032595,4.119999999999988,50.0,28.341074763452866,0.049999999998112415,0.038008517265285355
241.0,0.9330555555555451,3.891633410807236,4.119666666666654,50.0,28.35336159172573,0.04999999999829204,0.03803325586112897
242.0,0.9327777777777673,3.8913589795190036,4.119333333333321,50.0,28.36563553239756,0.04999999999845457,0.038057687149199514
243.0,0.9324999999999894,3.89108485172112,4.118999999999987,50.0,28.377896593523133,0.049999999998601635,0.03808181494693545
244.0,0.9322222222222116,3.890811023643568,4.118666666666654,50.0,28.390144783152152,0.0499999999987347,0.03810564302435427
245.0,0.9319444444444338,3.890537491563161,4.118333333333321,50.0,28.40238010932933,0.04999999999885511,0.03812917510464155
246.0,0.931666666666656,3.89026425180296,4.117999999999987,50.0,28.41460258009431,0.04999999999896406,0.038152414864732705
247.0,0.9313888888888782,3.889991300731707,4.117666666666654,50.0,28.426812203481745,0.04999999999906264,0.03817536593588753
248.0,0.9311111111111003,3.8897186347632475,4.11733333333332,50.0,28.43900898752122,0.04999999999915184,0.03819803190425759
249.0,0.9308333333333225,3.8894462503559777,4.116999999999987,50.0,28.451192940237377,0.049999999999232554,0.03822041631144656
250.0,0.9305555555555447,3.8891741440122876,4.116666666666654,50.0,28.463364069649742,0.049999999999305586,0.03824252265506361
251.0,0.9302777777777669,3.888902312278015,4.11633333333332,50.0,28.475522383772898,0.049999999999371665,0.03826435438926989
252.0,0.9299999999999891,3.8886307517419074,4.115999999999987,50.0,28.487667890616365,0.04999999999943146,0.03828591492531829
253.0,0.9297222222222112,3.888359459035085,4.1156666666666535,50.0,28.49980059818472,0.04999999999948556,0.03830720763208645
254.0,0.9294444444444334,3.888088430830519,4.11533333333332,50.0,28.511920514477538,0.049999999999534514,0.0383282358366031
255.0,0.9291666666666556,3.8878176638425104,4.114999999999987,50.0,28.524027647489334,0.04999999999957881,0.038349002824568
256.0,0.9288888888888778,3.8875471548261724,4.114666666666653,50.0,28.536122005209677,0.04999999999961889,0.03836951184086525
257.0,0.9286111111111,3.887276900576931,4.11433333333332,50.0,28.54820359562308,0.049999999999655154,0.03838976609007038
258.0,0.9283333333333221,3.8870068979300174,4.113999999999987,50.0,28.56027242670916,0.04999999999968797,0.03840976873695104
259.0,0.9280555555555443,3.886737143759977,4.113666666666653,50.0,28.57232850644249,0.04999999999971766,0.0384295229069615
260.0,0.9277777777777665,3.886467634980181,4.11333333333332,50.0,28.58437184279262,0.04999999999974453,0.038449031686731014
261.0,0.9274999999999887,3.886198368542341,4.112999999999986,50.0,28.59640244372423,0.049999999999768834,0.03846829812454611
262.0,0.9272222222222108,3.885929341436039,4.112666666666653,50.0,28.60842031719693,0.04999999999979083,0.03848732523082689
263.0,0.926944444444433,3.8856605506882484,4.11233333333332,50.0,28.620425471165333,0.04999999999981073,0.038506115978597426
264.0,0.9266666666666552,3.885391993362877,4.111999999999986,50.0,28.63241791357916,0.049999999999828744,0.03852467330395029
265.0,0.9263888888888774,3.8851236665603066,4.111666666666653,50.0,28.64439765238319,0.049999999999845036,0.03854300010650532
266.0,0.9261111111110996,3.8848555674169334,4.111333333333319,50.0,28.65636469551714,0.04999999999985978,0.0385610992498627
267.0,0.9258333333333217,3.884587693104733,4.110999999999986,50.0,28.668319050915784,0.049999999999873125,0.03857897356205041
268.0,0.9255555555555439,3.8843200408308047,4.110666666666653,50.0,28.680260726508948,0.0499999999998852,0.038596625835966084
269.0,0.9252777777777661,3.8840526078369466,4.110333333333319,50.0,28.69218973022157,0.04999999999989612,0.03861405882981345
270.0,0.9249999999999883,3.8837853913992166,4.109999999999986,50.0,28.704106069973534,0.049999999999906,0.038631275267533245
271.0,0.9247222222222105,3.883518388827512,4.109666666666652,50.0,28.716009753679828,0.049999999999914946,0.0386482778392289
272.0,0.9244444444444326,3.8832515974651467,4.1093333333333195,50.0,28.72790078925044,0.04999999999992304,0.03866506920158684
273.0,0.9241666666666548,3.8829850146884337,4.108999999999986,50.0,28.739779184590475,0.04999999999993036,0.03868165197829159
274.0,0.923888888888877,3.882718637906283,4.108666666666652,50.0,28.751644947600084,0.049999999999936984,0.03869802876043575
275.0,0.9236111111110992,3.8824524645597887,4.108333333333319,50.0,28.76349808617448,0.04999999999994298,0.03871420210692485
276.0,0.9233333333333213,3.88218649212183,4.107999999999985,50.0,28.77533860820398,0.049999999999948405,0.03873017454487717
277.0,0.9230555555555435,3.8819207180966844,4.107666666666653,50.0,28.78716652157385,0.04999999999995331,0.03874594857001865
278.0,0.9227777777777657,3.8816551400196255,4.107333333333319,50.0,28.798981834164522,0.04999999999995775,0.03876152664707281
279.0,0.9224999999999879,3.881389755456548,4.106999999999985,50.0,28.810784553851477,0.04999999999996177,0.038776911210145884
280.0,0.9222222222222101,3.8811245620035835,4.106666666666652,50.0,28.822574688505313,0.049999999999965405,0.038792104663107146
281.0,0.9219444444444322,3.880859557286722,4.1063333333333185,50.0,28.83435224599168,0.049999999999968694,0.03880710937996454
282.0,0.9216666666666544,3.8805947389614484,4.105999999999986,50.0,28.846117234171288,0.04999999999997167,0.0388219277052356
283.0,0.9213888888888766,3.8803301047123675,4.105666666666652,50.0,28.85786966089995,0.049999999999974364,0.03883656195431379
284.0,0.9211111111110988,3.8800656522528483,4.105333333333318,50.0,28.86960953402854,0.0499999999999768,0.03885101441383031
285.0,0.920833333333321,3.8798013793246655,4.104999999999985,50.0,28.8813368614031,0.049999999999979006,0.03886528734201137
286.0,0.9205555555555431,3.879537283697643,4.104666666666652,50.0,28.89305165086472,0.049999999999981004,0.03887938296903102
287.0,0.9202777777777653,3.8792733631693133,4.104333333333319,50.0,28.90475391024961,0.04999999999998281,0.03889330349735967
288.0,0.9199999999999875,3.879009615564563,4.103999999999985,50.0,28.91644364738903,0.049999999999984446,0.038907051102108195
289.0,0.9197222222222097,3.878746038735301,4.103666666666651,50.0,28.92812087010941,0.049999999999985924,0.038920627931367795
290.0,0.9194444444444319,3.8784826305601223,4.103333333333318,50.0,28.939785586232233,0.04999999999998726,0.03893403610654567
291.0,0.919166666666654,3.87821938894397,4.102999999999985,50.0,28.95143780357415,0.04999999999998847,0.03894727772269648
292.0,0.9188888888888762,3.877956311817816,4.102666666666652,50.0,28.96307752994693,0.04999999999998957,0.03896035484884968
293.0,0.9186111111110984,3.877693397138332,4.102333333333318,50.0,28.974704773157384,0.04999999999999056,0.03897326952833284
294.0,0.9183333333333206,3.8774306428875724,4.101999999999984,50.0,28.986319541007504,0.049999999999991454,0.0389860237790909
295.0,0.9180555555555427,3.877168047072662,4.1016666666666515,50.0,28.997921841294385,0.049999999999992266,0.03899861959400149
296.0,0.9177777777777649,3.876905607725475,4.101333333333318,50.0,29.00951168181024,0.049999999999993,0.039011058941186325
297.0,0.9174999999999871,3.876643322902343,4.100999999999985,50.0,29.02108907034244,0.04999999999999367,0.0390233437643187
298.0,0.9172222222222093,3.876381190683734,4.100666666666651,50.0,29.032654014673483,0.04999999999999427,0.039035475982927226
299.0,0.9169444444444315,3.876119209173964,4.100333333333317,50.0,29.044206522580964,0.04999999999999481,0.039047457492695746
300.0,0.9166666666666536,3.8758573765009,4.0999999999999845,50.0,29.05574660183771,0.049999999999995305,0.039059290165759535
301.0,0.9163888888888758,3.875595690815661,4.099666666666651,50.0,29.067274260211548,0.04999999999999575,0.039070975850997836
302.0,0.916111111111098,3.875334150292336,4.099333333333318,50.0,29.07878950546558,0.04999999999999615,0.039082516374322744
303.0,0.9158333333333202,3.875072753127694,4.098999999999984,50.0,29.090292345358023,0.04999999999999652,0.039093913538964506
304.0,0.9155555555555424,3.8748114975409047,4.0986666666666505,50.0,29.10178278764215,0.04999999999999685,0.03910516912575328
305.0,0.9152777777777645,3.8745503817732607,4.098333333333318,50.0,29.113260840066516,0.04999999999999715,0.039116284893397406
306.0,0.9149999999999867,3.874289404087899,4.097999999999984,50.0,29.124726510374785,0.04999999999999742,0.03912726257875819
307.0,0.9147222222222089,3.874028562769536,4.097666666666651,50.0,29.13617980630579,0.049999999999997664,0.03913810389712131
308.0,0.9144444444444311,3.873767856124192,4.097333333333317,50.0,29.147620735593534,0.049999999999997886,0.039148810542464815
309.0,0.9141666666666532,3.8735072824789323,4.0969999999999835,50.0,29.15904930596713,0.04999999999999809,0.03915938418772382
310.0,0.9138888888888754,3.8732468401816047,4.096666666666651,50.0,29.170465525150917,0.04999999999999827,0.03916982648505191
311.0,0.9136111111110976,3.8729865276005766,4.096333333333317,50.0,29.181869400864343,0.049999999999998435,0.03918013906607929
312.0,0.9133333333333198,3.8727263431244885,4.095999999999984,50.0,29.193260940822142,0.04999999999999858,0.039190323542167727
313.0,0.913055555555542,3.8724662851619933,4.09566666666665,50.0,29.2046401527341,0.04999999999999871,0.039200381504662325
314.0,0.9127777777777641,3.872206352141515,4.095333333333317,50.0,29.216007044305286,0.04999999999999883,0.03921031452514019
315.0,0.9124999999999863,3.871946542511,4.094999999999984,50.0,29.227361623235936,0.04999999999999894,0.03922012415565598
316.0,0.9122222222222085,3.871686854737671,4.09466666666665,50.0,29.2387038972214,0.04999999999999904,0.03922981192898443
317.0,0.9119444444444307,3.871427287307796,4.094333333333317,50.0,29.250033873952304,0.04999999999999913,0.039239379358859815
318.0,0.9116666666666529,3.8711678387264423,4.093999999999983,50.0,29.261351561114395,0.04999999999999921,0.039248827940212526
319.0,0.911388888888875,3.870908507517252,4.09366666666665,50.0,29.272656966388695,0.04999999999999929,0.03925815914940263
320.0,0.9111111111110972,3.870649292222204,4.093333333333317,50.0,29.283950097451395,0.04999999999999936,0.03926737444445054
321.0,0.9108333333333194,3.8703901914013894,4.092999999999983,50.0,29.2952309619738,0.04999999999999942,0.03927647526526486
322.0,0.9105555555555416,3.8701312036327877,4.09266666666665,50.0,29.306499567622552,0.049999999999999475,0.039285463033867346
323.0,0.9102777777777638,3.8698723275120397,4.0923333333333165,50.0,29.31775592205946,0.049999999999999524,0.039294339154615145
324.0,0.9099999999999859,3.8696135616522342,4.091999999999983,50.0,29.329000032941508,0.049999999999999566,0.03930310501442017
325.0,0.9097222222222081,3.869354904683689,4.09166666666665,50.0,29.340231907920895,0.04999999999999961,0.039311761982965855
326.0,0.9094444444444303,3.8690963552537325,4.091333333333316,50.0,29.35145155464511,0.04999999999999964,0.039320311412921145
327.0,0.9091666666666525,3.8688379120265024,4.090999999999983,50.0,29.362658980756805,0.04999999999999968,0.03932875464015187
328.0,0.9088888888888746,3.8685795736827244,4.09066666666665,50.0,29.373854193893806,0.049999999999999704,0.039337092983929456
329.0,0.9086111111110968,3.868321338919517,4.090333333333316,50.0,29.385037201689272,0.04999999999999973,0.03934532774713709
330.0,0.908333333333319,3.8680632064501808,4.089999999999983,50.0,29.396208011771535,0.04999999999999975,0.03935346021647327
331.0,0.9080555555555412,3.867805175004001,4.089666666666649,50.0,29.407366631764205,0.049999999999999774,0.03936149166265288
332.0,0.9077777777777634,3.8675472433260483,4.089333333333316,50.0,29.418513069286007,0.049999999999999795,0.039369423340605725
333.0,0.9074999999999855,3.8672894101769812,4.088999999999983,50.0,29.42964733195106,0.049999999999999815,0.03937725648967262
334.0,0.9072222222222077,3.8670316743328543,4.088666666666649,50.0,29.440769427368593,0.04999999999999983,0.039384992333799045
335.0,0.9069444444444299,3.8667740345849277,4.088333333333316,50.0,29.451879363143178,0.04999999999999984,0.039392632081726386
336.0,0.9066666666666521,3.8665164897394724,4.087999999999982,50.0,29.46297714687455,0.04999999999999986,0.03940017692718079
337.0,0.9063888888888743,3.8662590386175943,4.0876666666666495,50.0,29.47406278615773,0.04999999999999987,0.03940762804905972
338.0,0.9061111111110964,3.8660016800550374,4.087333333333316,50.0,29.48513628858302,0.049999999999999885,0.03941498661161613
339.0,0.9058333333333186,3.865744412902013,4.086999999999982,50.0,29.496197661736005,0.04999999999999989,0.03942225376464038
340.0,0.9055555555555408,3.8654872360230135,4.086666666666649,50.0,29.507246913197434,0.0499999999999999,0.03942943064363993
341.0,0.905277777777763,3.8652301482966367,4.086333333333315,50.0,29.518284050543343,0.049999999999999906,0.03943651837001671
342.0,0.9049999999999851,3.8649731486154115,4.0859999999999825,50.0,29.529309081345104,0.04999999999999991,0.03944351805124239
343.0,0.9047222222222073,3.864716235885622,4.085666666666649,50.0,29.54032201316926,0.04999999999999992,0.03945043078103141
344.0,0.9044444444444295,3.864459409027141,4.085333333333315,50.0,29.551322853577688,0.049999999999999926,0.039457257639511856
345.0,0.9041666666666517,3.8642026669732594,4.084999999999982,50.0,29.56231161012755,0.04999999999999993,0.03946399969339426
346.0,0.9038888888888739,3.863946008670515,4.0846666666666485,50.0,29.573288290371238,0.04999999999999994,0.039470657996138254
347.0,0.903611111111096,3.8636894330785365,4.084333333333316,50.0,29.584252901856416,0.04999999999999995,0.039477233588117194
348.0,0.9033333333333182,3.8634329391698725,4.083999999999982,50.0,29.595205452126095,0.049999999999999954,0.039483727496780696
349.0,0.9030555555555404,3.8631765259298376,4.083666666666648,50.0,29.606145948718506,0.049999999999999954,0.039490140736815206
350.0,0.9027777777777626,3.8629201923563508,4.083333333333315,50.0,29.617074399167223,0.049999999999999954,0.03949647431030253
351.0,0.9024999999999848,3.8626639374597764,4.0829999999999815,50.0,29.627990811001098,0.049999999999999954,0.039502729206876405
352.0,0.9022222222222069,3.8624077602627764,4.082666666666649,50.0,29.63889519174421,0.049999999999999954,0.03950890640387715
353.0,0.9019444444444291,3.8621516598001486,4.082333333333315,50.0,29.649787548916038,0.049999999999999954,0.03951500686650437
354.0,0.9016666666666513,3.861895635118685,4.081999999999981,50.0,29.660667890031277,0.049999999999999954,0.039521031547967746
355.0,0.9013888888888735,3.861639685277017,4.081666666666648,50.0,29.671536222600025,0.049999999999999954,0.03952698138963603
356.0,0.9011111111110957,3.8613838093454684,4.081333333333315,50.0,29.682392554127546,0.049999999999999954,0.03953285732118408
357.0,0.9008333333333178,3.8611280064059152,4.080999999999982,50.0,29.693236892114555,0.049999999999999954,0.03953866026073815
358.0,0.90055555555554,3.8608722755516336,4.080666666666648,50.0,29.704069244056996,0.049999999999999954,0.03954439111501936
359.0,0.9002777777777622,3.8606166158871673,4.080333333333314,50.0,29.714889617446147,0.049999999999999954,0.03955005077948535
360.0,0.8999999999999844,3.8603610265281842,4.079999999999983,50.0,29.725698019768572,0.049999999999999954,0.039555640138470204
361.0,0.8997222222222065,3.8601332843791067,4.079694444444427,50.0,29.73649445850623,0.049999999999999954,0.039561160065322634
362.0,0.8994444444444287,3.8598639441329983,4.079388888888872,50.0,29.747281545302997,0.049999999999999954,0.03956661142254245
363.0,0.8991666666666509,3.859594671604737,4.079083333333316,50.0,29.758059286003856,0.049999999999999954,0.0395719950619153
364.0,0.8988888888888731,3.859325465953117,4.07877777777776,50.0,29.768827686450095,0.049999999999999954,0.039577311824645786
365.0,0.8986111111110953,3.8590563263473854,4.078472222222205,50.0,29.779586752479418,0.049999999999999954,0.03958256254148891
366.0,0.8983333333333174,3.858787251967106,4.078166666666649,50.0,29.790336489925778,0.049999999999999954,0.039587748032879864
367.0,0.8980555555555396,3.858518242002034,4.077861111111094,50.0,29.80107690461955,0.049999999999999954,0.03959286910906222
368.0,0.8977777777777618,3.8582492956519925,4.077555555555538,50.0,29.811808002387522,0.049999999999999954,0.039597926570214555
369.0,0.897499999999984,3.857980412126743,4.0772499999999825,50.0,29.82252978905268,0.049999999999999954,0.03960292120657546
370.0,0.8972222222222062,3.8577115906458626,4.076944444444427,50.0,29.83324227043454,0.049999999999999954,0.03960785379856702
371.0,0.8969444444444283,3.8574428304386235,4.076638888888871,50.0,29.843945452348862,0.049999999999999954,0.03961272511691679
372.0,0.8966666666666505,3.8571741307438736,4.076333333333316,50.0,29.854639340607832,0.049999999999999954,0.039617535922778155
373.0,0.8963888888888727,3.8569054908099134,4.07602777777776,50.0,29.865323941019938,0.049999999999999954,0.03962228696784933
374.0,0.8961111111110949,3.8566369098943825,4.075722222222204,50.0,29.87599925939014,0.049999999999999954,0.03962697899449076
375.0,0.895833333333317,3.8563683872641437,4.075416666666649,50.0,29.886665301519713,0.049999999999999954,0.03963161273584117
376.0,0.8955555555555392,3.856099922195164,4.075111111111093,50.0,29.897322073206283,0.049999999999999954,0.03963618891593206
377.0,0.8952777777777614,3.855831513972406,4.074805555555538,50.0,29.907969580243844,0.049999999999999954,0.03964070824980089
378.0,0.8949999999999836,3.855563161889715,4.074499999999982,50.0,29.918607828422864,0.049999999999999954,0.039645171443602766
379.0,0.8947222222222058,3.855294865249708,4.0741944444444265,50.0,29.92923682353012,0.049999999999999954,0.0396495791947208
380.0,0.8944444444444279,3.855026623363665,4.073888888888871,50.0,29.93985657134874,0.049999999999999954,0.039653932191875074
381.0,0.8941666666666501,3.8547584355514206,4.073583333333315,50.0,29.95046707765829,0.049999999999999954,0.039658231115230244
382.0,0.8938888888888723,3.8544903011412606,4.07327777777776,50.0,29.961068348234733,0.049999999999999954,0.03966247663650184
383.0,0.8936111111110945,3.8542222194698126,4.072972222222204,50.0,29.97166038885041,0.049999999999999954,0.03966666941906119
384.0,0.8933333333333167,3.853954189881945,4.072666666666648,50.0,29.982243205274017,0.049999999999999954,0.0396708101180391
385.0,0.8930555555555388,3.8536862117306674,4.072361111111093,50.0,29.992816803270728,0.049999999999999954,0.03967489938042821
386.0,0.892777777777761,3.853418284377023,4.072055555555537,50.0,30.00338118860202,0.049999999999999954,0.039678937845184094
387.0,0.8924999999999832,3.8531504071899927,4.071749999999982,50.0,30.013936367025792,0.049999999999999954,0.03968292614332508
388.0,0.8922222222222054,3.8528825795463972,4.071444444444426,50.0,30.024482344296416,0.049999999999999954,0.03968686489803087
389.0,0.8919444444444276,3.8526148008308,4.07113888888887,50.0,30.03501912616457,0.049999999999999954,0.039690754724739895
390.0,0.8916666666666497,3.8523470704354055,4.070833333333315,50.0,30.04554671837741,0.049999999999999954,0.0396945962312455
391.0,0.8913888888888719,3.8520793877599706,4.070527777777759,50.0,30.056065126678448,0.049999999999999954,0.03969839001779089
392.0,0.8911111111110941,3.85181175221171,4.0702222222222035,50.0,30.06657435680762,0.049999999999999954,0.03970213667716292
393.0,0.8908333333333163,3.8515441632051997,4.069916666666648,50.0,30.077074414501283,0.049999999999999954,0.03970583679478476
394.0,0.8905555555555384,3.8512766201622877,4.069611111111092,50.0,30.087565305492205,0.049999999999999954,0.039709490948807304
395.0,0.8902777777777606,3.8510091225120067,4.069305555555537,50.0,30.09804703550958,0.049999999999999954,0.039713099710199554
396.0,0.8899999999999828,3.8507416696904797,4.068999999999981,50.0,30.108519610279075,0.049999999999999954,0.03971666364283782
397.0,0.889722222222205,3.850474261140835,4.068694444444426,50.0,30.11898303552266,0.049999999999999954,0.03972018330359382
398.0,0.8894444444444272,3.850206896313117,4.06838888888887,50.0,30.129437316958786,0.049999999999999954,0.03972365924242172
399.0,0.8891666666666493,3.8499395746642064,4.068083333333314,50.0,30.139882460302374,0.049999999999999954,0.03972709200244403
400.0,0.8888888888888715,3.8496722956577254,4.067777777777759,50.0,30.15031847126471,0.049999999999999954,0.039730482120036485
401.0,0.8886111111110937,3.8494050587639603,4.067472222222203,50.0,30.1607453555535,0.049999999999999954,0.039733830124911856
402.0,0.8883333333333159,3.849137863459781,4.0671666666666475,50.0,30.171163118872926,0.049999999999999954,0.039737136540202715
403.0,0.8880555555555381,3.8488707092285517,4.066861111111092,50.0,30.18157176692364,0.049999999999999954,0.039740401882543186
404.0,0.8877777777777602,3.8486035955600557,4.066555555555536,50.0,30.19197130540266,0.049999999999999954,0.039743626662149645
405.0,0.8874999999999824,3.8483365219504164,4.066249999999981,50.0,30.202361740003425,0.049999999999999954,0.03974681138290047
406.0,0.8872222222222046,3.8480694879020136,4.065944444444425,50.0,30.212743076415904,0.049999999999999954,0.039749956542414755
407.0,0.8869444444444268,3.8478024929234094,4.06563888888887,50.0,30.223115320326485,0.049999999999999954,0.039753062632130076
408.0,0.886666666666649,3.8475355365292705,4.065333333333314,50.0,30.233478477417975,0.049999999999999954,0.03975613013737927
409.0,0.8863888888888711,3.8472686182402946,4.065027777777758,50.0,30.2438325533696,0.049999999999999954,0.03975915953746627
410.0,0.8861111111110933,3.8470017375831316,4.064722222222203,50.0,30.254177553857062,0.049999999999999954,0.039762151305741004
411.0,0.8858333333333155,3.8467348940903094,4.064416666666647,50.0,30.264513484552594,0.049999999999999954,0.03976510590967336
412.0,0.8855555555555377,3.846468087300168,4.0641111111110915,50.0,30.274840351124737,0.049999999999999954,0.0397680238109262
413.0,0.8852777777777598,3.8462013167567783,4.063805555555536,50.0,30.28515815923862,0.049999999999999954,0.039770905465427546
414.0,0.884999999999982,3.8459345820098743,4.06349999999998,50.0,30.29546691455579,0.049999999999999954,0.03977375132344176
415.0,0.8847222222222042,3.8456678826147876,4.063194444444425,50.0,30.30576662273421,0.049999999999999954,0.03977656182963996
416.0,0.8844444444444264,3.8454012181323693,4.062888888888869,50.0,30.31605728942833,0.049999999999999954,0.039779337423169456
417.0,0.8841666666666486,3.8451345881289276,4.062583333333314,50.0,30.326338920289118,0.049999999999999954,0.03978207853772238
418.0,0.8838888888888707,3.844867992176157,4.062277777777758,50.0,30.336611520963913,0.049999999999999954,0.03978478560160346
419.0,0.8836111111110929,3.8446014298510747,4.061972222222202,50.0,30.346875097096643,0.049999999999999954,0.03978745903779693
420.0,0.8833333333333151,3.8443349007359506,4.061666666666647,50.0,30.35712965432765,0.049999999999999954,0.03979009926403264
421.0,0.8830555555555373,3.8440684044182425,4.061361111111091,50.0,30.3673751982937,0.049999999999999954,0.0397927066928513
422.0,0.8827777777777595,3.843801940490536,4.061055555555535,50.0,30.37761173462809,0.049999999999999954,0.039795281731668984
423.0,0.8824999999999816,3.8435355085504757,4.06074999999998,50.0,30.38783926896059,0.049999999999999954,0.03979782478284074
424.0,0.8822222222222038,3.8432691082007033,4.060444444444424,50.0,30.398057806917507,0.049999999999999954,0.039800336243723484
425.0,0.881944444444426,3.8430027390488,4.0601388888888685,50.0,30.408267354121506,0.049999999999999954,0.039802816506738094
426.0,0.8816666666666482,3.842736400707219,4.059833333333313,50.0,30.418467916191844,0.049999999999999954,0.03980526595943071
427.0,0.8813888888888703,3.8424700927932274,4.059527777777758,50.0,30.428659498744196,0.049999999999999954,0.03980768498453329
428.0,0.8811111111110925,3.8422038149288475,4.059222222222202,50.0,30.438842107390826,0.049999999999999954,0.03981007396002344
429.0,0.8808333333333147,3.841937566740799,4.058916666666646,50.0,30.44901574774036,0.049999999999999954,0.03981243325918343
430.0,0.8805555555555369,3.8416713478604354,4.058611111111091,50.0,30.459180425398017,0.049999999999999954,0.039814763250658566
431.0,0.8802777777777591,3.8414051579236896,4.058305555555535,50.0,30.469336145965485,0.049999999999999954,0.03981706429851475
432.0,0.8799999999999812,3.8411389965710203,4.057999999999979,50.0,30.479482915040933,0.049999999999999954,0.03981933676229539
433.0,0.8797222222222034,3.8408728634473497,4.057694444444424,50.0,30.48962073821906,0.049999999999999954,0.039821580997077576
434.0,0.8794444444444256,3.8406067582020103,4.057388888888868,50.0,30.499749621090984,0.049999999999999954,0.03982379735352756
435.0,0.8791666666666478,3.8403406804886933,4.0570833333333125,50.0,30.509869569244472,0.049999999999999954,0.03982598617795555
436.0,0.87888888888887,3.84007462996539,4.056777777777757,50.0,30.519980588263707,0.049999999999999954,0.039828147812369805
437.0,0.8786111111110921,3.839808606294341,4.056472222222202,50.0,30.530082683729347,0.049999999999999954,0.03983028259453011
438.0,0.8783333333333143,3.839542609141981,4.056166666666646,50.0,30.5401758612187,0.049999999999999954,0.03983239085800051
439.0,0.8780555555555365,3.839276638178892,4.05586111111109,50.0,30.55026012630543,0.049999999999999954,0.03983447293220148
440.0,0.8777777777777587,3.8390106930797434,4.055555555555535,50.0,30.5603354845598,0.049999999999999954,0.03983652914246133
441.0,0.8774999999999809,3.838744773523248,4.055249999999979,50.0,30.570401941548596,0.049999999999999954,0.03983855981006711
442.0,0.877222222222203,3.838478879192112,4.054944444444423,50.0,30.58045950283514,0.049999999999999954,0.03984056525231476
443.0,0.8769444444444252,3.838213009772979,4.054638888888868,50.0,30.590508173979174,0.049999999999999954,0.03984254578255871
444.0,0.8766666666666474,3.8379471649563874,4.054333333333312,50.0,30.600547960537085,0.049999999999999954,0.03984450171026085
445.0,0.8763888888888696,3.837681344436721,4.0540277777777565,50.0,30.610578868061737,0.049999999999999954,0.039846433341038844
446.0,0.8761111111110917,3.837415547912157,4.053722222222201,50.0,30.620600902102524,0.049999999999999954,0.03984834097671395
447.0,0.8758333333333139,3.8371497750846237,4.053416666666646,50.0,30.630614068205375,0.049999999999999954,0.03985022491535811
448.0,0.8755555555555361,3.836884025659752,4.05311111111109,50.0,30.64061837191275,0.049999999999999954,0.03985208545134058
449.0,0.8752777777777583,3.83661829934683,4.052805555555534,50.0,30.650613818763645,0.049999999999999954,0.039853922875373884
450.0,0.8749999999999805,3.836352595858756,4.052499999999979,50.0,30.660600414293583,0.049999999999999954,0.03985573747455927
451.0,0.8747222222222026,3.836086914911994,4.052194444444423,50.0,30.670578164034623,0.049999999999999954,0.039857529532431546
452.0,0.8744444444444248,3.835821256226534,4.051888888888867,50.0,30.680547073515413,0.049999999999999954,0.03985929932900341
453.0,0.874166666666647,3.8355556195258393,4.051583333333312,50.0,30.690507148261133,0.049999999999999954,0.039861047140809173
454.0,0.8738888888888692,3.835290004536811,4.051277777777756,50.0,30.700458393793497,0.049999999999999954,0.03986277324094799
455.0,0.8736111111110914,3.835024410989744,4.0509722222222,50.0,30.710400815630692,0.049999999999999954,0.03986447789912651
456.0,0.8733333333333135,3.834758838618281,4.050666666666645,50.0,30.72033441928761,0.049999999999999954,0.03986616138170105
457.0,0.8730555555555357,3.8344932871593733,4.05036111111109,50.0,30.730259210275563,0.049999999999999954,0.03986782395171918
458.0,0.8727777777777579,3.8342277563532425,4.0500555555555335,50.0,30.74017519410245,0.049999999999999954,0.039869465868960854
459.0,0.8724999999999801,3.8339622459433356,4.049749999999978,50.0,30.750082376272815,0.049999999999999954,0.03987108738997898
460.0,0.8722222222222022,3.8336967556762866,4.049444444444423,50.0,30.759980762287626,0.049999999999999954,0.039872688768139514
461.0,0.8719444444444244,3.8334312853018755,4.049138888888867,50.0,30.76987035764455,0.049999999999999954,0.039874270253661054
462.0,0.8716666666666466,3.833165834572994,4.048833333333311,50.0,30.779751167837674,0.049999999999999954,0.03987583209365393
463.0,0.8713888888888688,3.8329004032456004,4.048527777777756,50.0,30.789623198357788,0.049999999999999954,0.03987737453215882
464.0,0.871111111111091,3.832634991078685,4.0482222222222,50.0,30.799486454692158,0.049999999999999954,0.03987889781018487
465.0,0.8708333333333131,3.8323695978342336,4.047916666666644,50.0,30.80934094232464,0.049999999999999954,0.039880402165747376
466.0,0.8705555555555353,3.8321042232771876,4.047611111111089,50.0,30.819186666735675,0.049999999999999954,0.039881887833904964
467.0,0.8702777777777575,3.8318388671754073,4.047305555555534,50.0,30.8290236334023,0.049999999999999954,0.03988335504679629
468.0,0.8699999999999797,3.8315735292996376,4.0469999999999775,50.0,30.838851847798082,0.049999999999999954,0.03988480403367637
469.0,0.8697222222222019,3.831308209423473,4.046694444444422,50.0,30.848671315393233,0.049999999999999954,0.03988623502095234
470.0,0.869444444444424,3.831042907323318,4.046388888888867,50.0,30.85848204165444,0.049999999999999954,0.03988764823221888
471.0,0.8691666666666462,3.830777622778354,4.046083333333311,50.0,30.868284032045096,0.049999999999999954,0.03988904388829312
472.0,0.8688888888888684,3.830512355570509,4.045777777777755,50.0,30.87807729202507,0.049999999999999954,0.039890422207249164
473.0,0.8686111111110906,3.8302471054844176,4.0454722222222,50.0,30.88786182705087,0.049999999999999954,0.03989178340445215
474.0,0.8683333333333128,3.8299818723073886,4.045166666666644,50.0,30.897637642575603,0.049999999999999954,0.03989312769259192
475.0,0.8680555555555349,3.8297166558293756,4.044861111111088,50.0,30.907404744049018,0.049999999999999954,0.03989445528171622
476.0,0.8677777777777571,3.8294514558429396,4.044555555555533,50.0,30.91716313691734,0.049999999999999954,0.03989576637926356
477.0,0.8674999999999793,3.8291862721432186,4.044249999999978,50.0,30.926912826623436,0.049999999999999954,0.03989706119009559
478.0,0.8672222222222015,3.8289211045278955,4.0439444444444215,50.0,30.93665381860677,0.049999999999999954,0.03989833991652914
479.0,0.8669444444444236,3.828655952797168,4.043638888888866,50.0,30.94638611830345,0.049999999999999954,0.039899602758367826
480.0,0.8666666666666458,3.828390816753714,4.043333333333311,50.0,30.95610973114617,0.049999999999999954,0.039900849912933245
481.0,0.866388888888868,3.828125696202662,4.043027777777755,50.0,30.965824662564216,0.049999999999999954,0.03990208157509584
482.0,0.8661111111110902,3.827860590951564,4.042722222222199,50.0,30.975530917983463,0.049999999999999954,0.03990329793730532
483.0,0.8658333333333124,3.82759550081036,4.042416666666644,50.0,30.985228502826374,0.049999999999999954,0.039904499189620767
484.0,0.8655555555555345,3.827330425591351,4.042111111111088,50.0,30.994917422512117,0.049999999999999954,0.03990568551974029
485.0,0.8652777777777567,3.827065365109172,4.041805555555532,50.0,31.004597682456392,0.049999999999999954,0.03990685711303039
486.0,0.8649999999999789,3.826800319180759,4.041499999999977,50.0,31.014269288071546,0.049999999999999954,0.0399080141525549
487.0,0.8647222222222011,3.826535287625321,4.041194444444422,50.0,31.023932244766513,0.049999999999999954,0.0399091568191036
488.0,0.8644444444444233,3.826270270264315,4.040888888888865,50.0,31.033586557946876,0.049999999999999954,0.03991028529122046
489.0,0.8641666666666454,3.826005266921415,4.04058333333331,50.0,31.043232233014805,0.049999999999999954,0.03991139974523155
490.0,0.8638888888888676,3.8257402774224856,4.040277777777755,50.0,31.052869275369176,0.049999999999999954,0.03991250035527258
491.0,0.8636111111110898,3.8254753015955525,4.0399722222221985,50.0,31.062497690405394,0.049999999999999954,0.039913587293316094
492.0,0.863333333333312,3.8252103392707815,4.039666666666643,50.0,31.07211748351557,0.049999999999999954,0.03991466072919839
493.0,0.8630555555555341,3.8249453902804453,4.039361111111088,50.0,31.081728660088345,0.049999999999999954,0.03991572083064599
494.0,0.8627777777777563,3.8246804544588997,4.039055555555532,50.0,31.091331225509123,0.049999999999999954,0.039916767763301914
495.0,0.8624999999999785,3.8244155316425616,4.038749999999976,50.0,31.100925185159838,0.049999999999999954,0.039917801690751514
496.0,0.8622222222222007,3.8241506216698764,4.038444444444421,50.0,31.110510544419128,0.049999999999999954,0.039918822774548064
497.0,0.8619444444444229,3.8238857243812974,4.038138888888866,50.0,31.12008730866222,0.049999999999999954,0.03991983117423798
498.0,0.861666666666645,3.8236208396192604,4.037833333333309,50.0,31.12965548326099,0.049999999999999954,0.03992082704738577
499.0,0.8613888888888672,3.8233559672281587,4.037527777777754,50.0,31.139215073583955,0.049999999999999954,0.039921810549598626
500.0,0.8611111111110894,3.823091107054318,4.037222222222199,50.0,31.148766084996282,0.049999999999999954,0.03992278183455079
501.0,0.8608333333333116,3.822826258945972,4.0369166666666425,50.0,31.15830852285984,0.049999999999999954,0.03992374105400749
502.0,0.8605555555555338,3.822561422753242,4.036611111111087,50.0,31.167842392533032,0.049999999999999954,0.03992468835784874
503.0,0.8602777777777559,3.8222965983281094,4.036305555555532,50.0,31.17736769937102,0.049999999999999954,0.03992562389409267
504.0,0.8599999999999781,3.822031785524394,4.035999999999976,50.0,31.18688444872555,0.049999999999999954,0.03992654780891874
505.0,0.8597222222222003,3.8217669841977333,4.03569444444442,50.0,31.19639264594508,0.049999999999999954,0.039927460246690506
506.0,0.8594444444444225,3.821502194205557,4.035388888888865,50.0,31.205892296374714,0.049999999999999954,0.03992836134997824
507.0,0.8591666666666447,3.821237415407065,4.03508333333331,50.0,31.215383405356135,0.049999999999999954,0.03992925125958116
508.0,0.8588888888888668,3.8209726476632073,4.034777777777753,50.0,31.224865978227797,0.049999999999999954,0.03993013011454945
509.0,0.858611111111089,3.8207078908366623,4.034472222222198,50.0,31.234340020324737,0.049999999999999954,0.039930998052205985
510.0,0.8583333333333112,3.8204431447918115,4.034166666666643,50.0,31.243805536978698,0.049999999999999954,0.03993185520816779
511.0,0.8580555555555334,3.820178409394723,4.0338611111110865,50.0,31.25326253351807,0.049999999999999954,0.03993270171636723
512.0,0.8577777777777555,3.8199136845131285,4.033555555555531,50.0,31.26271101526794,0.049999999999999954,0.03993353770907294
513.0,0.8574999999999777,3.8196489700164022,4.033249999999976,50.0,31.27215098755005,0.049999999999999954,0.039934363316910464
514.0,0.8572222222221999,3.8193842657755406,4.03294444444442,50.0,31.281582455682837,0.049999999999999954,0.03993517866888272
515.0,0.8569444444444221,3.8191195716631445,4.032638888888864,50.0,31.291005424981392,0.049999999999999954,0.039935983892390114
516.0,0.8566666666666443,3.8188548875533956,4.032333333333309,50.0,31.300419900757447,0.049999999999999954,0.03993677911325045
517.0,0.8563888888888664,3.818590213322038,4.032027777777754,50.0,31.309825888319494,0.049999999999999954,0.039937564455718604
518.0,0.8561111111110886,3.8183255488463614,4.031722222222197,50.0,31.319223392972617,0.049999999999999954,0.03993834004250594
519.0,0.8558333333333108,3.8180608940051792,4.031416666666642,50.0,31.328612420018658,0.049999999999999954,0.03993910599479947
520.0,0.855555555555533,3.8177962486788095,4.031111111111087,50.0,31.337992974756162,0.049999999999999954,0.039939862432280794
521.0,0.8552777777777552,3.8175316127490557,4.03080555555553,50.0,31.347365062480264,0.049999999999999954,0.03994060947314481
522.0,0.8549999999999773,3.817266986099194,4.030499999999975,50.0,31.35672868848286,0.049999999999999954,0.03994134723411818
523.0,0.8547222222221995,3.817002368613946,4.03019444444442,50.0,31.366083858052548,0.049999999999999954,0.03994207583047755
524.0,0.8544444444444217,3.8167377601794663,4.0298888888888635,50.0,31.37543057647457,0.049999999999999954,0.03994279537606758
525.0,0.8541666666666439,3.8164731606833264,4.029583333333308,50.0,31.384768849030934,0.049999999999999954,0.03994350598331874
526.0,0.853888888888866,3.8162085700144917,4.029277777777753,50.0,31.394098681000287,0.049999999999999954,0.039944207763264857
527.0,0.8536111111110882,3.815943988063307,4.0289722222221975,50.0,31.403420077657984,0.049999999999999954,0.03994490082556047
528.0,0.8533333333333104,3.81567941472148,4.028666666666641,50.0,31.412733044276138,0.049999999999999954,0.03994558527849798
529.0,0.8530555555555326,3.815414849882065,4.028361111111086,50.0,31.42203758612345,0.049999999999999954,0.039946261229024546
530.0,0.8527777777777548,3.815150293439442,4.028055555555531,50.0,31.431333708465445,0.049999999999999954,0.039946928782758816
531.0,0.8524999999999769,3.814885745289304,4.027749999999974,50.0,31.44062141656434,0.049999999999999954,0.039947588044007415
532.0,0.8522222222221991,3.8146212053286415,4.027444444444419,50.0,31.449900715679007,0.049999999999999954,0.039948239115781256
533.0,0.8519444444444213,3.8143566734557224,4.027138888888864,50.0,31.459171611065017,0.049999999999999954,0.039948882099811636
534.0,0.8516666666666435,3.8140921495700786,4.0268333333333075,50.0,31.46843410797476,0.049999999999999954,0.039949517096566106
535.0,0.8513888888888657,3.8138276335724917,4.026527777777752,50.0,31.477688211657266,0.049999999999999954,0.03995014420526421
536.0,0.8511111111110878,3.813563125364974,4.026222222222197,50.0,31.486933927358336,0.049999999999999954,0.03995076352389295
537.0,0.85083333333331,3.813298624850756,4.0259166666666415,50.0,31.49617126032041,0.049999999999999954,0.03995137514922213
538.0,0.8505555555555322,3.8130341319342693,4.025611111111085,50.0,31.505400215782686,0.049999999999999954,0.03995197917681945
539.0,0.8502777777777544,3.8127696465211347,4.02530555555553,50.0,31.514620798981127,0.049999999999999954,0.03995257570106544
540.0,0.8499999999999766,3.8125051685181433,4.024999999999975,50.0,31.523833015148455,0.049999999999999954,0.03995316481516824
541.0,0.8497222222221987,3.8122406978332437,4.024694444444418,50.0,31.533036869513978,0.049999999999999954,0.03995374661117812
542.0,0.8494444444444209,3.8119762343755315,4.024388888888863,50.0,31.542232367303882,0.049999999999999954,0.039954321180001896
543.0,0.8491666666666431,3.8117117780552277,4.024083333333308,50.0,31.551419513740996,0.049999999999999954,0.03995488861141711
544.0,0.8488888888888653,3.8114473287836694,4.0237777777777515,50.0,31.56059831404491,0.049999999999999954,0.03995544899408609
545.0,0.8486111111110874,3.811182886473297,4.023472222222196,50.0,31.569768773431974,0.049999999999999954,0.03995600241556975
546.0,0.8483333333333096,3.8109184510376366,4.023166666666641,50.0,31.578930897115242,0.049999999999999954,0.039956548962341326
547.0,0.8480555555555318,3.8106540223912893,4.0228611111110855,50.0,31.588084690304527,0.049999999999999954,0.03995708871979987
548.0,0.847777777777754,3.810389600449916,4.022555555555529,50.0,31.5972301582064,0.049999999999999954,0.039957621772283576
549.0,0.8474999999999762,3.810125185130228,4.022249999999974,50.0,31.606367306024197,0.049999999999999954,0.03995814820308299
550.0,0.8472222222221983,3.8098607763499683,4.021944444444419,50.0,31.61549613895795,0.049999999999999954,0.039958668094453975
551.0,0.8469444444444205,3.809596374027902,4.021638888888862,50.0,31.62461666220446,0.049999999999999954,0.03995918152763064
552.0,0.8466666666666427,3.809331978083806,4.021333333333307,50.0,31.63372888095722,0.049999999999999954,0.039959688582837945
553.0,0.8463888888888649,3.809067588438451,4.021027777777752,50.0,31.64283280040661,0.049999999999999954,0.03996018933930431
554.0,0.846111111111087,3.808803205013592,4.020722222222195,50.0,31.651928425739698,0.049999999999999954,0.03996068387527394
555.0,0.8458333333333092,3.808538827731958,4.02041666666664,50.0,31.661015762140266,0.049999999999999954,0.039961172268019096
556.0,0.8455555555555314,3.808274456517237,4.020111111111085,50.0,31.67009481478891,0.049999999999999954,0.03996165459385213
557.0,0.8452777777777536,3.8080100912940624,4.019805555555529,50.0,31.679165588862986,0.049999999999999954,0.03996213092813745
558.0,0.8449999999999758,3.807745731988007,4.019499999999973,50.0,31.688228089536608,0.049999999999999954,0.03996260134530323
559.0,0.844722222222198,3.8074813785255683,4.019194444444418,50.0,31.69728232198065,0.049999999999999954,0.03996306591885313
560.0,0.8444444444444201,3.8072170308341553,4.0188888888888625,50.0,31.70632829136275,0.049999999999999954,0.039963524721377715
561.0,0.8441666666666423,3.8069526888420775,4.018583333333306,50.0,31.715366002847304,0.049999999999999954,0.0399639778245658
562.0,0.8438888888888645,3.806688352478539,4.018277777777751,50.0,31.72439546159552,0.049999999999999954,0.03996442529921569
563.0,0.8436111111110867,3.80642402167362,4.017972222222196,50.0,31.733416672765372,0.049999999999999954,0.039964867215246204
564.0,0.8433333333333088,3.806159696358269,4.017666666666639,50.0,31.742429641511535,0.049999999999999954,0.03996530364170762
565.0,0.843055555555531,3.8058953764642958,4.017361111111084,50.0,31.751434372985614,0.049999999999999954,0.03996573464679246
566.0,0.8427777777777532,3.805631061924353,4.017055555555529,50.0,31.760430872335803,0.049999999999999954,0.03996616029784615
567.0,0.8424999999999754,3.805366752671933,4.016749999999973,50.0,31.769419144707285,0.049999999999999954,0.03996658066137753
568.0,0.8422222222221976,3.805102448641352,4.016444444444417,50.0,31.778399195241832,0.049999999999999954,0.03996699580306926
569.0,0.8419444444444197,3.804838149767744,4.016138888888862,50.0,31.787371029078145,0.049999999999999954,0.039967405787788075
570.0,0.8416666666666419,3.804573855987049,4.0158333333333065,50.0,31.79633465135163,0.049999999999999954,0.039967810679594915
571.0,0.8413888888888641,3.804309567235999,4.01552777777775,50.0,31.805290067194505,0.049999999999999954,0.03996821054175495
572.0,0.8411111111110863,3.804045283452118,4.015222222222195,50.0,31.814237281735814,0.049999999999999954,0.03996860543674746
573.0,0.8408333333333085,3.8037810045737013,4.01491666666664,50.0,31.82317630010141,0.049999999999999954,0.03996899542627559
574.0,0.8405555555555306,3.8035167305398114,4.014611111111083,50.0,31.83210712741385,0.049999999999999954,0.039969380571276
575.0,0.8402777777777528,3.8032524612902705,4.014305555555528,50.0,31.841029768792566,0.049999999999999954,0.03996976093192837
576.0,0.839999999999975,3.802988196765645,4.013999999999973,50.0,31.849944229353753,0.049999999999999954,0.03997013656766483
577.0,0.8397222222221972,3.802723936907242,4.013694444444417,50.0,31.858850514210417,0.049999999999999954,0.039970507537179234
578.0,0.8394444444444193,3.8024596816570955,4.013388888888861,50.0,31.867748628472384,0.049999999999999954,0.03997087389843632
579.0,0.8391666666666415,3.802195430957962,4.013083333333306,50.0,31.87663857724624,0.049999999999999954,0.03997123570868078
580.0,0.8388888888888637,3.801931184753308,4.0127777777777505,50.0,31.885520365635443,0.049999999999999954,0.0399715930244462
581.0,0.8386111111110859,3.801666942987301,4.012472222222194,50.0,31.89439399874027,0.049999999999999954,0.039971945901563895
582.0,0.8383333333333081,3.8014027056048048,4.012166666666639,50.0,31.9032594816577,0.049999999999999954,0.03997229439517163
583.0,0.8380555555555302,3.8011384725513655,4.011861111111084,50.0,31.91211681948164,0.049999999999999954,0.039972638559722246
584.0,0.8377777777777524,3.800874243773206,4.011555555555527,50.0,31.920966017302817,0.049999999999999954,0.03997297844899215
585.0,0.8374999999999746,3.8006100192172196,4.011249999999972,50.0,31.92980708020866,0.049999999999999954,0.03997331411608973
586.0,0.8372222222221968,3.800345798830957,4.010944444444417,50.0,31.938640013283532,0.049999999999999954,0.03997364561346366
587.0,0.836944444444419,3.800081582562621,4.010638888888861,50.0,31.94746482160855,0.049999999999999954,0.03997397299291107
588.0,0.8366666666666411,3.7998173703610565,4.010333333333305,50.0,31.956281510261704,0.049999999999999954,0.039974296305585674
589.0,0.8363888888888633,3.799553162175748,4.01002777777775,50.0,31.965090084317808,0.049999999999999954,0.039974615602005735
590.0,0.8361111111110855,3.799288957956803,4.009722222222194,50.0,31.97389054884843,0.049999999999999954,0.03997493093206196
591.0,0.8358333333333077,3.79902475765495,4.009416666666638,50.0,31.982682908922072,0.049999999999999954,0.03997524234502532
592.0,0.8355555555555298,3.798760561221532,4.009111111111083,50.0,31.991467169603993,0.049999999999999954,0.03997554988955472
593.0,0.835277777777752,3.7984963686084936,4.0088055555555275,50.0,32.00024333595633,0.049999999999999954,0.03997585361370462
594.0,0.8349999999999742,3.7982321797683762,4.008499999999971,50.0,32.009011413038024,0.049999999999999954,0.03997615356493253
595.0,0.8347222222221964,3.797967994654314,4.008194444444416,50.0,32.01777140590485,0.049999999999999954,0.03997644979010645
596.0,0.8344444444444186,3.7977038132200196,4.007888888888861,50.0,32.02652331960951,0.049999999999999954,0.039976742335512155
597.0,0.8341666666666407,3.797439635419782,4.007583333333305,50.0,32.035267159201396,0.049999999999999954,0.039977031246860466
598.0,0.8338888888888629,3.7971754612084587,4.007277777777749,50.0,32.0440029297269,0.049999999999999954,0.03997731656929437
599.0,0.8336111111110851,3.7969112905414684,4.006972222222194,50.0,32.05273063622917,0.049999999999999954,0.03997759834739607
600.0,0.8333333333333073,3.7966471233747816,4.006666666666638,50.0,32.06145028374817,0.049999999999999954,0.03997787662519398
601.0,0.8330555555555295,3.796382959664917,4.006361111111082,50.0,32.07016187732086,0.049999999999999954,0.03997815144616957
602.0,0.8327777777777516,3.7961187993689336,4.006055555555527,50.0,32.07886542198088,0.049999999999999954,0.03997842285326417
603.0,0.8324999999999738,3.7958546424444233,4.0057499999999715,50.0,32.087560922758826,0.049999999999999954,0.03997869088888569
604.0,0.832222222222196,3.7955904888495042,4.005444444444415,50.0,32.0962483846821,0.049999999999999954,0.03997895559491525
605.0,0.8319444444444182,3.795326338542817,4.00513888888886,50.0,32.10492781277503,0.049999999999999954,0.0399792170127137
606.0,0.8316666666666404,3.795062191483514,4.004833333333305,50.0,32.113599212058716,0.049999999999999954,0.0399794751831281
607.0,0.8313888888888625,3.794798047631255,4.004527777777749,50.0,32.12226258755118,0.049999999999999954,0.03997973014649811
608.0,0.8311111111110847,3.7945339069462016,4.004222222222193,50.0,32.13091794426731,0.049999999999999954,0.03997998194266227
609.0,0.8308333333333069,3.7942697693890106,4.003916666666638,50.0,32.13956528721883,0.049999999999999954,0.03998023061096424
610.0,0.8305555555555291,3.7940056349208273,4.003611111111082,50.0,32.14820462141432,0.049999999999999954,0.039980476190258955
611.0,0.8302777777777512,3.7937415035032784,4.003305555555526,50.0,32.15683595185925,0.049999999999999954,0.03998071871891868
612.0,0.8299999999999734,3.7934773750984694,4.002999999999971,50.0,32.165459283556004,0.049999999999999954,0.039980958234839006
613.0,0.8297222222221956,3.793213249668975,4.0026944444444155,50.0,32.17407462150379,0.049999999999999954,0.03998119477544478
614.0,0.8294444444444178,3.792949127177834,4.002388888888859,50.0,32.182681970698695,0.049999999999999954,0.039981428377695964
615.0,0.82916666666664,3.792685007588548,4.002083333333304,50.0,32.19128133613367,0.049999999999999954,0.039981659078093375
616.0,0.8288888888888621,3.7924208908650687,4.001777777777749,50.0,32.1998727227986,0.049999999999999954,0.03998188691268442
617.0,0.8286111111110843,3.792156776971795,4.001472222222193,50.0,32.208456135680194,0.049999999999999954,0.03998211191706873
618.0,0.8283333333333065,3.7918926658735708,4.001166666666637,50.0,32.21703157976208,0.049999999999999954,0.03998233412640368
619.0,0.8280555555555287,3.7916285575356756,4.000861111111082,50.0,32.225599060024706,0.049999999999999954,0.039982553575409946
620.0,0.8277777777777509,3.7913644519238203,4.000555555555526,50.0,32.23415858144551,0.049999999999999954,0.03998277029837687
621.0,0.827499999999973,3.79110034900414,4.00024999999997,50.0,32.24271014899875,0.049999999999999954,0.039982984329167866
622.0,0.8272222222221952,3.7908362487431932,3.9999444444444148,50.0,32.25125376765561,0.049999999999999954,0.039983195701225674
623.0,0.8269444444444174,3.790572151107953,3.9996388888888594,50.0,32.25978944238415,0.049999999999999954,0.03998340444757761
624.0,0.8266666666666396,3.7903080560658005,3.9993333333333037,50.0,32.268317178149346,0.049999999999999954,0.03998361060084071
625.0,0.8263888888888618,3.7900439635845253,3.999027777777748,50.0,32.276836979913014,0.049999999999999954,0.03998381419322685
626.0,0.8261111111110839,3.789779873632316,3.9987222222221925,50.0,32.28534885263389,0.049999999999999954,0.03998401525654775
627.0,0.8258333333333061,3.789515786177754,3.9984166666666368,50.0,32.29385280126763,0.049999999999999954,0.03998421382221997
628.0,0.8255555555555283,3.7892517011898157,3.9981111111110814,50.0,32.302348830766846,0.049999999999999954,0.03998440992126979
629.0,0.8252777777777505,3.7889876186378584,3.9978055555555256,50.0,32.31083694608094,0.049999999999999954,0.03998460358433809
630.0,0.8249999999999726,3.7887235384916225,3.99749999999997,50.0,32.319317152156316,0.049999999999999954,0.03998479484168512
631.0,0.8247222222221948,3.7884594607212234,3.9971944444444145,50.0,32.32778945393619,0.049999999999999954,0.03998498372319523
632.0,0.824444444444417,3.7881953852971484,3.9968888888888587,50.0,32.33625385636083,0.049999999999999954,0.03998517025838153
633.0,0.8241666666666392,3.7879313121902505,3.9965833333333034,50.0,32.344710364367245,0.049999999999999954,0.03998535447639054
634.0,0.8238888888888614,3.787667241371745,3.9962777777777476,50.0,32.35315898288951,0.049999999999999954,0.03998553640600669
635.0,0.8236111111110835,3.7874031728132063,3.995972222222192,50.0,32.361599716858564,0.049999999999999954,0.039985716075656846
636.0,0.8233333333333057,3.7871391064865594,3.9956666666666365,50.0,32.370032571202216,0.049999999999999954,0.039985893513414764
637.0,0.8230555555555279,3.7868750423640796,3.9953611111110807,50.0,32.37845755084521,0.049999999999999954,0.03998606874700546
638.0,0.8227777777777501,3.7866109804183865,3.9950555555555254,50.0,32.38687466070928,0.049999999999999954,0.039986241803809525
639.0,0.8224999999999723,3.7863469206224396,3.9947499999999696,50.0,32.39528390571303,0.049999999999999954,0.03998641271086745
640.0,0.8222222222221944,3.7860828629495344,3.994444444444414,50.0,32.40368529077193,0.049999999999999954,0.0399865814948838
641.0,0.8219444444444166,3.785818807373298,3.9941388888888585,50.0,32.41207882079851,0.049999999999999954,0.03998674818223143
642.0,0.8216666666666388,3.785554753867685,3.9938333333333027,50.0,32.42046450070217,0.049999999999999954,0.03998691279895557
643.0,0.821388888888861,3.7852907024069737,3.9935277777777474,50.0,32.42884233538922,0.049999999999999954,0.03998707537077792
644.0,0.8211111111110831,3.785026652965762,3.9932222222221916,50.0,32.43721232976293,0.049999999999999954,0.039987235923100654
645.0,0.8208333333333053,3.784762605518963,3.992916666666636,50.0,32.44557448872348,0.049999999999999954,0.03998739448101041
646.0,0.8205555555555275,3.784498560041803,3.9926111111110805,50.0,32.45392881716805,0.049999999999999954,0.03998755106928217
647.0,0.8202777777777497,3.7842345165098124,3.9923055555555247,50.0,32.462275319990624,0.049999999999999954,0.039987705712383186
648.0,0.8199999999999719,3.78397047489883,3.9919999999999694,50.0,32.4706140020823,0.049999999999999954,0.03998785843447675
649.0,0.819722222222194,3.783706435184992,3.9916944444444136,50.0,32.478944868330984,0.049999999999999954,0.03998800925942599
650.0,0.8194444444444162,3.7834423973447313,3.991388888888858,50.0,32.48726792362163,0.049999999999999954,0.039988158210797625
651.0,0.8191666666666384,3.7831783613547745,3.9910833333333025,50.0,32.49558317283601,0.049999999999999954,0.039988305311865605
652.0,0.8188888888888606,3.7829143271921364,3.9907777777777467,50.0,32.503890620852985,0.049999999999999954,0.039988450585614774
653.0,0.8186111111110828,3.782650294834118,3.9904722222221913,50.0,32.51219027254831,0.049999999999999954,0.03998859405474445
654.0,0.8183333333333049,3.7823862642583013,3.9901666666666356,50.0,32.520482132794655,0.049999999999999954,0.039988735741671964
655.0,0.8180555555555271,3.7821222354425483,3.9898611111110798,50.0,32.52876620646168,0.049999999999999954,0.039988875668536206
656.0,0.8177777777777493,3.7818582083649948,3.9895555555555244,50.0,32.537042498415985,0.049999999999999954,0.03998901385720102
657.0,0.8174999999999715,3.7815941830040476,3.9892499999999687,50.0,32.54531101352114,0.049999999999999954,0.03998915032925867
658.0,0.8172222222221937,3.7813301593383843,3.9889444444444133,50.0,32.553571756637666,0.049999999999999954,0.039989285106033196
659.0,0.8169444444444158,3.781066137346945,3.9886388888888575,50.0,32.56182473262311,0.049999999999999954,0.03998941820858374
660.0,0.816666666666638,3.780802117008932,3.9883333333333018,50.0,32.5700699463319,0.049999999999999954,0.039989549657707846
661.0,0.8163888888888602,3.7805380983038064,3.9880277777777464,50.0,32.57830740261545,0.049999999999999954,0.0399896794739447
662.0,0.8161111111110824,3.7802740812112834,3.9877222222221906,50.0,32.58653710632217,0.049999999999999954,0.03998980767757837
663.0,0.8158333333333045,3.7800100657113322,3.9874166666666353,50.0,32.594759062297385,0.049999999999999954,0.03998993428864092
664.0,0.8155555555555267,3.7797460517841683,3.9871111111110795,50.0,32.60297327538348,0.049999999999999954,0.03999005932691559
665.0,0.8152777777777489,3.7794820394102553,3.9868055555555237,50.0,32.611179750419694,0.049999999999999954,0.03999018281193987
666.0,0.8149999999999711,3.779218028570298,3.9864999999999684,50.0,32.61937849224233,0.049999999999999954,0.03999030476300854
667.0,0.8147222222221933,3.77895401924524,3.9861944444444126,50.0,32.627569505684676,0.049999999999999954,0.039990425199176706
668.0,0.8144444444444154,3.7786900114162654,3.9858888888888573,50.0,32.635752795576934,0.049999999999999954,0.039990544139262764
669.0,0.8141666666666376,3.7784260050647878,3.9855833333333015,50.0,32.643928366746366,0.049999999999999954,0.03999066160185134
670.0,0.8138888888888598,3.778162000172454,3.9852777777777457,50.0,32.65209622401716,0.049999999999999954,0.039990777605296214
671.0,0.813611111111082,3.7778979967211384,3.9849722222221904,50.0,32.66025637221048,0.049999999999999954,0.03999089216772315
672.0,0.8133333333333042,3.77763399469294,3.9846666666666346,50.0,32.668408816144506,0.049999999999999954,0.039991005307032756
673.0,0.8130555555555263,3.7773699940701806,3.9843611111110793,50.0,32.67655356063443,0.049999999999999954,0.03999111704090329
674.0,0.8127777777777485,3.7771059948354013,3.9840555555555235,50.0,32.684690610492396,0.049999999999999954,0.03999122738679339
675.0,0.8124999999999707,3.776841996971361,3.9837499999999677,50.0,32.69281997052752,0.049999999999999954,0.03999133636194484
676.0,0.8122222222221929,3.776578000461032,3.9834444444444124,50.0,32.700941645545925,0.049999999999999954,0.03999144398338521
677.0,0.811944444444415,3.776314005287597,3.9831388888888566,50.0,32.70905564035081,0.049999999999999954,0.039991550267930574
678.0,0.8116666666666372,3.776050011434451,3.9828333333333013,50.0,32.71716195974227,0.049999999999999954,0.03999165523218811
679.0,0.8113888888888594,3.7757860188851913,3.9825277777777455,50.0,32.72526060851743,0.049999999999999954,0.0399917588925587
680.0,0.8111111111110816,3.775522027623621,3.9822222222221897,50.0,32.733351591470466,0.049999999999999954,0.03999186126523949
681.0,0.8108333333333038,3.775258037633746,3.9819166666666344,50.0,32.74143491339248,0.049999999999999954,0.03999196236622641
682.0,0.8105555555555259,3.7749940488997664,3.9816111111110786,50.0,32.749510579071625,0.049999999999999954,0.0399920622113167
683.0,0.8102777777777481,3.7747300614060832,3.9813055555555232,50.0,32.75757859329303,0.049999999999999954,0.039992160816111365
684.0,0.8099999999999703,3.774466075137288,3.9809999999999675,50.0,32.765638960838885,0.049999999999999954,0.039992258196017594
685.0,0.8097222222221925,3.774202090078165,3.9806944444444117,50.0,32.77369168648835,0.049999999999999954,0.0399923543662512
686.0,0.8094444444444147,3.7739381062136887,3.9803888888888563,50.0,32.781736775017634,0.049999999999999954,0.03999244934183897
687.0,0.8091666666666368,3.7736741235290174,3.9800833333333006,50.0,32.78977423119994,0.049999999999999954,0.03999254313762105
688.0,0.808888888888859,3.7734101420094963,3.979777777777745,50.0,32.79780405980546,0.049999999999999954,0.03999263576825321
689.0,0.8086111111110812,3.7731461616406516,3.9794722222221894,50.0,32.80582626560141,0.049999999999999954,0.039992727248209174
690.0,0.8083333333333034,3.7728821824081886,3.9791666666666337,50.0,32.813840853352076,0.049999999999999954,0.03999281759178288
691.0,0.8080555555555256,3.7726182042979923,3.9788611111110783,50.0,32.821847827818715,0.049999999999999954,0.03999290681309069
692.0,0.8077777777777477,3.77235422729612,3.9785555555555225,50.0,32.82984719375963,0.049999999999999954,0.039992994926073604
693.0,0.8074999999999699,3.7720902513888057,3.978249999999967,50.0,32.83783895593018,0.049999999999999954,0.03999308194449947
694.0,0.8072222222221921,3.771826276562451,3.9779444444444114,50.0,32.84582311908275,0.049999999999999954,0.039993167881965094
695.0,0.8069444444444143,3.7715623028036287,3.9776388888888556,50.0,32.85379968796667,0.049999999999999954,0.03999325275189837
696.0,0.8066666666666364,3.771298330099078,3.9773333333333003,50.0,32.86176866732836,0.049999999999999954,0.039993336567560406
697.0,0.8063888888888586,3.7710343584357013,3.9770277777777445,50.0,32.8697300619113,0.049999999999999954,0.039993419342047566
698.0,0.8061111111110808,3.770770387800567,3.976722222222189,50.0,32.87768387645593,0.049999999999999954,0.03999350108829353
699.0,0.805833333333303,3.7705064181809,3.9764166666666334,50.0,32.885630115699826,0.049999999999999954,0.039993581819071325
700.0,0.8055555555555252,3.770242449564087,3.9761111111110776,50.0,32.89356878437752,0.049999999999999954,0.03999366154699529
701.0,0.8052777777777473,3.7699784819376707,3.9758055555555223,50.0,32.90149988722061,0.049999999999999954,0.03999374028452307
702.0,0.8049999999999695,3.769714515289347,3.9754999999999665,50.0,32.90942342895778,0.049999999999999954,0.039993818043957574
703.0,0.8047222222221917,3.769450549606967,3.975194444444411,50.0,32.917339414314654,0.049999999999999954,0.03999389483744887
704.0,0.8044444444444139,3.769186584878531,3.9748888888888554,50.0,32.92524784801407,0.049999999999999954,0.039993970676996095
705.0,0.804166666666636,3.7689226210921887,3.9745833333332996,50.0,32.93314873477573,0.049999999999999954,0.039994045574449334
706.0,0.8038888888888582,3.768658658236238,3.9742777777777443,50.0,32.9410420793165,0.049999999999999954,0.03999411954151147
707.0,0.8036111111110804,3.76839469629912,3.9739722222221885,50.0,32.94892788635025,0.049999999999999954,0.03999419258974
708.0,0.8033333333333026,3.7681307352694224,3.973666666666633,50.0,32.95680616058797,0.049999999999999954,0.03999426473054886
709.0,0.8030555555555248,3.7678667751358716,3.9733611111110774,50.0,32.96467690673762,0.049999999999999954,0.0399943359752102
710.0,0.802777777777747,3.767602815887337,3.9730555555555216,50.0,32.97254012950424,0.049999999999999954,0.039994406334856146
711.0,0.8024999999999691,3.767338857512824,3.9727499999999663,50.0,32.98039583358997,0.049999999999999954,0.03999447582048053
712.0,0.8022222222221913,3.7670749000014747,3.9724444444444105,50.0,32.988244023693994,0.049999999999999954,0.03999454444294063
713.0,0.8019444444444135,3.766810943342568,3.972138888888855,50.0,32.9960847045125,0.049999999999999954,0.03999461221295884
714.0,0.8016666666666357,3.7665469875255133,3.9718333333332994,50.0,33.00391788073887,0.049999999999999954,0.03999467914112436
715.0,0.8013888888888578,3.7662830325398535,3.9715277777777436,50.0,33.011743557063426,0.049999999999999954,0.039994745237894855
716.0,0.80111111111108,3.766019078375262,3.9712222222221882,50.0,33.01956173817359,0.049999999999999954,0.03999481051359808
717.0,0.8008333333333022,3.765755125021537,3.9709166666666325,50.0,33.02737242875389,0.049999999999999954,0.039994874978433494
718.0,0.8005555555555244,3.7654911724686078,3.970611111111077,50.0,33.03517563348595,0.049999999999999954,0.039994938642473866
719.0,0.8002777777777466,3.765227220706526,3.9703055555555213,50.0,33.04297135704837,0.049999999999999954,0.039995001515666824
720.0,0.7999999999999687,3.764963269725477,3.9699999999999753,50.0,33.05075960411688,0.049999999999999954,0.03999506360783644
721.0,0.7997222222221909,3.76478265284907,3.969777777777753,50.0,33.05854037936433,0.049999999999999954,0.03999512492868473
722.0,0.7994444444444131,3.764574258956628,3.9695555555555306,50.0,33.066315423571666,0.049999999999999954,0.03999518548779322
723.0,0.7991666666666353,3.7643658658164636,3.9693333333333083,50.0,33.074084740320814,0.049999999999999954,0.03999524529462437
724.0,0.7988888888888575,3.7641574734192313,3.969111111111086,50.0,33.08184833319143,0.049999999999999954,0.03999530435852314
725.0,0.7986111111110796,3.763949081755703,3.968888888888864,50.0,33.08960620576096,0.049999999999999954,0.039995362688718374
726.0,0.7983333333333018,3.763740690816763,3.9686666666666417,50.0,33.09735836160456,0.049999999999999954,0.039995420294324284
727.0,0.798055555555524,3.7635323005934125,3.9684444444444194,50.0,33.10510480429525,0.049999999999999954,0.03999547718434186
728.0,0.7977777777777462,3.7633239110767605,3.968222222222197,50.0,33.1128455374037,0.049999999999999954,0.0399955333676603
729.0,0.7974999999999683,3.763115522258029,3.9679999999999747,50.0,33.12058056449837,0.049999999999999954,0.03999558885305834
730.0,0.7972222222221905,3.762907134128549,3.9677777777777528,50.0,33.128309889145555,0.049999999999999954,0.039995643649205694
731.0,0.7969444444444127,3.7626987466797566,3.9675555555555304,50.0,33.136033514909286,0.049999999999999954,0.03999569776466438
732.0,0.7966666666666349,3.7624903599031976,3.967333333333308,50.0,33.14375144535137,0.049999999999999954,0.039995751207890035
733.0,0.7963888888888571,3.762281973790521,3.9671111111110857,50.0,33.15146368403134,0.049999999999999954,0.039995803987233285
734.0,0.7961111111110792,3.7620735883334797,3.9668888888888634,50.0,33.159170234506576,0.049999999999999954,0.039995856110941
735.0,0.7958333333333014,3.76186520352393,3.9666666666666415,50.0,33.16687110033223,0.049999999999999954,0.039995907587157625
736.0,0.7955555555555236,3.761656819353828,3.966444444444419,50.0,33.17456628506119,0.049999999999999954,0.03999595842392641
737.0,0.7952777777777458,3.7614484358152303,3.966222222222197,50.0,33.18225579224412,0.049999999999999954,0.03999600862919072
738.0,0.794999999999968,3.761240052900292,3.9659999999999744,50.0,33.18993962542953,0.049999999999999954,0.039996058210795216
739.0,0.7947222222221901,3.7610316706012665,3.965777777777752,50.0,33.197617788163654,0.049999999999999954,0.039996107176487126
740.0,0.7944444444444123,3.7608232889105038,3.96555555555553,50.0,33.20529028399051,0.049999999999999954,0.039996155533917443
741.0,0.7941666666666345,3.7606149078204454,3.965333333333308,50.0,33.21295711645189,0.049999999999999954,0.039996203290642116
742.0,0.7938888888888567,3.7604065273236307,3.9651111111110855,50.0,33.22061828908744,0.049999999999999954,0.03999625045412322
743.0,0.7936111111110788,3.7601981474126904,3.964888888888863,50.0,33.228273805434526,0.049999999999999954,0.03999629703173016
744.0,0.793333333333301,3.7599897680803465,3.964666666666641,50.0,33.23592366902835,0.049999999999999954,0.039996343030740775
745.0,0.7930555555555232,3.7597813893194116,3.964444444444419,50.0,33.24356788340185,0.049999999999999954,0.0399963884583425
746.0,0.7927777777777454,3.7595730111227867,3.9642222222221966,50.0,33.25120645208585,0.049999999999999954,0.03999643332163349
747.0,0.7924999999999676,3.7593646334834636,3.963999999999974,50.0,33.258839378608855,0.049999999999999954,0.03999647762762373
748.0,0.7922222222221897,3.7591562563945176,3.963777777777752,50.0,33.26646666649725,0.049999999999999954,0.039996521383236124
749.0,0.7919444444444119,3.7589478798491123,3.9635555555555295,50.0,33.27408831927511,0.049999999999999954,0.039996564595307565
750.0,0.7916666666666341,3.758739503840497,3.9633333333333076,50.0,33.281704340464444,0.049999999999999954,0.03999660727059004
751.0,0.7913888888888563,3.758531128362002,3.9631111111110853,50.0,33.289314733585,0.049999999999999954,0.03999664941575164
752.0,0.7911111111110785,3.7583227534070427,3.962888888888863,50.0,33.29691950215431,0.049999999999999954,0.03999669103737763
753.0,0.7908333333333006,3.7581143789691156,3.9626666666666406,50.0,33.30451864968768,0.049999999999999954,0.03999673214197148
754.0,0.7905555555555228,3.7579060050417974,3.9624444444444182,50.0,33.31211217969832,0.049999999999999954,0.03999677273595587
755.0,0.790277777777745,3.7576976316187465,3.9622222222221963,50.0,33.3197000956971,0.049999999999999954,0.03999681282567369
756.0,0.7899999999999672,3.757489258693698,3.961999999999974,50.0,33.32728240119286,0.049999999999999954,0.03999685241738903
757.0,0.7897222222221894,3.757280886260465,3.9617777777777516,50.0,33.334859099692096,0.049999999999999954,0.039996891517288184
758.0,0.7894444444444115,3.7570725143129393,3.9615555555555293,50.0,33.342430194699205,0.049999999999999954,0.03999693013148059
759.0,0.7891666666666337,3.7568641428450866,3.961333333333307,50.0,33.34999568971642,0.049999999999999954,0.03999696826599979
760.0,0.7888888888888559,3.7566557718509492,3.961111111111085,50.0,33.357555588243656,0.049999999999999954,0.03999700592680439
761.0,0.7886111111110781,3.756447401324641,3.9608888888888627,50.0,33.365109893778765,0.049999999999999954,0.03999704311977896
762.0,0.7883333333333002,3.7562390312603515,3.9606666666666404,50.0,33.37265860981739,0.049999999999999954,0.03999707985073498
763.0,0.7880555555555224,3.756030661652342,3.960444444444418,50.0,33.38020173985291,0.049999999999999954,0.039997116125411736
764.0,0.7877777777777446,3.7558222924949427,3.9602222222221957,50.0,33.38773928737663,0.049999999999999954,0.03999715194947722
765.0,0.7874999999999668,3.7556139237825574,3.9599999999999738,50.0,33.39527125587756,0.049999999999999954,0.03999718732852902
766.0,0.787222222222189,3.7554055555096584,3.9597777777777514,50.0,33.402797648842636,0.049999999999999954,0.03999722226809518
767.0,0.7869444444444111,3.755197187670785,3.959555555555529,50.0,33.41031846975653,0.049999999999999954,0.039997256773635075
768.0,0.7866666666666333,3.754988820260546,3.9593333333333067,50.0,33.41783372210182,0.049999999999999954,0.03999729085054027
769.0,0.7863888888888555,3.7547804532736175,3.9591111111110844,50.0,33.425343409358845,0.049999999999999954,0.039997324504135345
770.0,0.7861111111110777,3.754572086704741,3.9588888888888625,50.0,33.43284753500575,0.049999999999999954,0.03999735773967875
771.0,0.7858333333332999,3.754363720548723,3.95866666666664,50.0,33.44034610251862,0.049999999999999954,0.03999739056236361
772.0,0.785555555555522,3.7541553548004343,3.958444444444418,50.0,33.44783911537121,0.049999999999999954,0.03999742297731852
773.0,0.7852777777777442,3.7539469894548114,3.9582222222221954,50.0,33.45532657703524,0.049999999999999954,0.039997454989608404
774.0,0.7849999999999664,3.753738624506851,3.957999999999973,50.0,33.46280849098014,0.049999999999999954,0.03999748660423523
775.0,0.7847222222221886,3.753530259951614,3.957777777777751,50.0,33.4702848606733,0.049999999999999954,0.039997517826138855
776.0,0.7844444444444107,3.7533218957842216,3.957555555555529,50.0,33.47775568957985,0.049999999999999954,0.039997548660197765
777.0,0.7841666666666329,3.7531135319998565,3.9573333333333065,50.0,33.48522098116274,0.049999999999999954,0.03999757911122984
778.0,0.7838888888888551,3.7529051685937596,3.957111111111084,50.0,33.492680738882825,0.049999999999999954,0.03999760918399313
779.0,0.7836111111110773,3.7526968055612326,3.956888888888862,50.0,33.5001349661988,0.049999999999999954,0.03999763888318655
780.0,0.7833333333332995,3.7524884428976355,3.95666666666664,50.0,33.50758366656714,0.049999999999999954,0.03999766821345066
781.0,0.7830555555555216,3.7522800805983842,3.9564444444444176,50.0,33.51502684344223,0.049999999999999954,0.03999769717936838
782.0,0.7827777777777438,3.7520717186589536,3.956222222222195,50.0,33.522464500276214,0.049999999999999954,0.03999772578546569
783.0,0.782499999999966,3.751863357074874,3.955999999999973,50.0,33.5298966405191,0.049999999999999954,0.039997754036212356
784.0,0.7822222222221882,3.75165499584173,3.9557777777777505,50.0,33.537323267618774,0.049999999999999954,0.03999778193602261
785.0,0.7819444444444104,3.7514466349551636,3.9555555555555286,50.0,33.54474438502098,0.049999999999999954,0.03999780948925585
786.0,0.7816666666666325,3.751238274410869,3.9553333333333063,50.0,33.55215999616922,0.049999999999999954,0.03999783670021734
787.0,0.7813888888888547,3.7510299142045938,3.955111111111084,50.0,33.55957010450493,0.049999999999999954,0.03999786357315883
788.0,0.7811111111110769,3.7508215543321395,3.9548888888888616,50.0,33.5669747134674,0.049999999999999954,0.03999789011227928
789.0,0.7808333333332991,3.7506131947893597,3.9546666666666392,50.0,33.574373826493684,0.049999999999999954,0.03999791632172548
790.0,0.7805555555555213,3.75040483557216,3.9544444444444173,50.0,33.58176744701882,0.049999999999999954,0.03999794220559271
791.0,0.7802777777777434,3.7501964766764937,3.954222222222195,50.0,33.58915557847553,0.049999999999999954,0.03999796776792538
792.0,0.7799999999999656,3.749988118098368,3.9539999999999726,50.0,33.596538224294534,0.049999999999999954,0.03999799301271765
793.0,0.7797222222221878,3.7497797598338383,3.9537777777777503,50.0,33.60391538790435,0.049999999999999954,0.039998017943914076
794.0,0.77944444444441,3.7495714018790087,3.953555555555528,50.0,33.61128707273133,0.049999999999999954,0.03999804256541021
795.0,0.7791666666666321,3.7493630442300323,3.953333333333306,50.0,33.61865328219977,0.049999999999999954,0.0399980668810532
796.0,0.7788888888888543,3.74915468688311,3.9531111111110837,50.0,33.62601401973171,0.049999999999999954,0.03999809089464243
797.0,0.7786111111110765,3.7489463298344887,3.9528888888888614,50.0,33.63336928874713,0.049999999999999954,0.03999811460993006
798.0,0.7783333333332987,3.7487379730804635,3.952666666666639,50.0,33.640719092663915,0.049999999999999954,0.039998138030621654
799.0,0.7780555555555209,3.748529616617375,3.9524444444444167,50.0,33.648063434897665,0.049999999999999954,0.039998161160376744
800.0,0.777777777777743,3.74832126044161,3.9522222222221948,50.0,33.655402318861945,0.049999999999999954,0.039998184002809405
801.0,0.7774999999999652,3.7481129045495964,3.9519999999999724,50.0,33.66273574796821,0.049999999999999954,0.03999820656148881
802.0,0.7772222222221874,3.747904548937812,3.95177777777775,50.0,33.67006372562571,0.049999999999999954,0.039998228839939795
803.0,0.7769444444444096,3.7476961936027755,3.9515555555555277,50.0,33.67738625524163,0.049999999999999954,0.03999825084164342
804.0,0.7766666666666318,3.7474878385410477,3.9513333333333054,50.0,33.684703340221006,0.049999999999999954,0.03999827257003749
805.0,0.7763888888888539,3.7472794837492347,3.9511111111110835,50.0,33.692014983966715,0.049999999999999954,0.039998294028517116
806.0,0.7761111111110761,3.7470711292239836,3.950888888888861,50.0,33.69932118987953,0.049999999999999954,0.039998315220435225
807.0,0.7758333333332983,3.7468627749619823,3.950666666666639,50.0,33.70662196135805,0.049999999999999954,0.0399983361491031
808.0,0.7755555555555205,3.7466544209599606,3.9504444444444164,50.0,33.71391730179886,0.049999999999999954,0.03999835681779089
809.0,0.7752777777777426,3.74644606721469,3.950222222222194,50.0,33.72120721459635,0.049999999999999954,0.03999837722972811
810.0,0.7749999999999648,3.746237713722981,3.949999999999972,50.0,33.728491703142765,0.049999999999999954,0.03999839738810418
811.0,0.774722222222187,3.746029360481683,3.94977777777775,50.0,33.73577077082831,0.049999999999999954,0.03999841729606888
812.0,0.7744444444444092,3.7458210074876854,3.9495555555555275,50.0,33.74304442104096,0.049999999999999954,0.03999843695673287
813.0,0.7741666666666314,3.7456126547379167,3.949333333333305,50.0,33.75031265716672,0.049999999999999954,0.03999845637316817
814.0,0.7738888888888535,3.7454043022293426,3.949111111111083,50.0,33.757575482589345,0.049999999999999954,0.03999847554840864
815.0,0.7736111111110757,3.7451959499589678,3.948888888888861,50.0,33.76483290069052,0.049999999999999954,0.03999849448545044
816.0,0.7733333333332979,3.7449875979238323,3.9486666666666386,50.0,33.77208491484981,0.049999999999999954,0.03999851318725253
817.0,0.7730555555555201,3.7447792461210145,3.9484444444444162,50.0,33.779331528444686,0.049999999999999954,0.039998531656737106
818.0,0.7727777777777423,3.744570894547628,3.948222222222194,50.0,33.7865727448505,0.049999999999999954,0.03999854989679006
819.0,0.7724999999999644,3.744362543200823,3.9479999999999715,50.0,33.79380856744052,0.049999999999999954,0.039998567910261434
820.0,0.7722222222221866,3.7441541920777857,3.9477777777777496,50.0,33.8010389995859,0.049999999999999954,0.03999858569996587
821.0,0.7719444444444088,3.743945841175735,3.9475555555555273,50.0,33.80826404465563,0.049999999999999954,0.039998603268683056
822.0,0.771666666666631,3.7437374904919265,3.947333333333305,50.0,33.81548370601661,0.049999999999999954,0.03999862061915813
823.0,0.7713888888888532,3.7435291400236492,3.9471111111110826,50.0,33.82269798703368,0.049999999999999954,0.039998637754102145
824.0,0.7711111111110753,3.7433207897682252,3.9468888888888602,50.0,33.829906891069584,0.049999999999999954,0.039998654676192465
825.0,0.7708333333332975,3.7431124397230113,3.9466666666666383,50.0,33.83711042148491,0.049999999999999954,0.0399986713880732
826.0,0.7705555555555197,3.742904089885396,3.946444444444416,50.0,33.84430858163813,0.049999999999999954,0.03999868789235562
827.0,0.7702777777777419,3.7426957402527994,3.9462222222221937,50.0,33.85150137488574,0.049999999999999954,0.03999870419161855
828.0,0.769999999999964,3.7424873908226757,3.9459999999999713,50.0,33.858688804582016,0.049999999999999954,0.039998720288408784
829.0,0.7697222222221862,3.7422790415925093,3.945777777777749,50.0,33.86587087407918,0.049999999999999954,0.03999873618524148
830.0,0.7694444444444084,3.7420706925598175,3.945555555555527,50.0,33.873047586727296,0.049999999999999954,0.03999875188460055
831.0,0.7691666666666306,3.741862343722145,3.9453333333333047,50.0,33.8802189458745,0.049999999999999954,0.03999876738893905
832.0,0.7688888888888528,3.7416539950770713,3.9451111111110824,50.0,33.88738495486666,0.049999999999999954,0.03999878270067957
833.0,0.7686111111110749,3.741445646622203,3.94488888888886,50.0,33.89454561704764,0.049999999999999954,0.039998797822214584
834.0,0.7683333333332971,3.7412372983551774,3.9446666666666377,50.0,33.90170093575921,0.049999999999999954,0.03999881275590687
835.0,0.7680555555555193,3.741028950273661,3.9444444444444158,50.0,33.90885091434103,0.049999999999999954,0.03999882750408986
836.0,0.7677777777777415,3.7408206023753494,3.9442222222221934,50.0,33.91599555613067,0.049999999999999954,0.03999884206906797
837.0,0.7674999999999637,3.740612254657967,3.943999999999971,50.0,33.923134864463634,0.049999999999999954,0.03999885645311702
838.0,0.7672222222221858,3.740403907119266,3.9437777777777487,50.0,33.93026884267334,0.049999999999999954,0.039998870658484544
839.0,0.766944444444408,3.740195559757027,3.9435555555555264,50.0,33.9373974940911,0.049999999999999954,0.03999888468739016
840.0,0.7666666666666302,3.7399872125690585,3.9433333333333045,50.0,33.94452082204617,0.049999999999999954,0.03999889854202591
841.0,0.7663888888888524,3.7397788655531943,3.943111111111082,50.0,33.951638829865715,0.049999999999999954,0.03999891222455661
842.0,0.7661111111110745,3.739570518707297,3.94288888888886,50.0,33.95875152087484,0.049999999999999954,0.03999892573712018
843.0,0.7658333333332967,3.739362172029256,3.9426666666666375,50.0,33.965858898396505,0.049999999999999954,0.03999893908182799
844.0,0.7655555555555189,3.7391538255169854,3.942444444444415,50.0,33.97296096575167,0.049999999999999954,0.039998952260765185
845.0,0.7652777777777411,3.7389454791684265,3.942222222222193,50.0,33.98005772625919,0.049999999999999954,0.03999896527599099
846.0,0.7649999999999633,3.7387371329815453,3.941999999999971,50.0,33.98714918323583,0.049999999999999954,0.039998978129539065
847.0,0.7647222222221854,3.738528786954333,3.9417777777777485,50.0,33.994235339996294,0.049999999999999954,0.0399989908234178
848.0,0.7644444444444076,3.7383204410848063,3.941555555555526,50.0,34.00131619985325,0.049999999999999954,0.03999900335961064
849.0,0.7641666666666298,3.738112095371007,3.941333333333304,50.0,34.008391766117256,0.049999999999999954,0.03999901574007639
850.0,0.763888888888852,3.737903749811001,3.941111111111082,50.0,34.01546204209677,0.049999999999999954,0.03999902796674952
851.0,0.7636111111110742,3.7376954044028765,3.9408888888888596,50.0,34.022527031098264,0.049999999999999954,0.039999040041540486
852.0,0.7633333333332963,3.7374870591447475,3.9406666666666372,50.0,34.02958673642604,0.049999999999999954,0.039999051966335984
853.0,0.7630555555555185,3.737278714034751,3.940444444444415,50.0,34.03664116138242,0.049999999999999954,0.039999063742999295
854.0,0.7627777777777407,3.7370703690710463,3.9402222222221925,50.0,34.043690309267674,0.049999999999999954,0.039999075373370545
855.0,0.7624999999999629,3.736862024251817,3.9399999999999706,50.0,34.050734183379916,0.049999999999999954,0.039999086859267
856.0,0.762222222222185,3.7366536795752667,3.9397777777777483,50.0,34.057772787015324,0.049999999999999954,0.03999909820248336
857.0,0.7619444444444072,3.7364453350396247,3.939555555555526,50.0,34.06480612346786,0.049999999999999954,0.039999109404792024
858.0,0.7616666666666294,3.73623699064314,3.9393333333333036,50.0,34.071834196029556,0.049999999999999954,0.03999912046794338
859.0,0.7613888888888516,3.7360286463840837,3.9391111111110813,50.0,34.07885700799039,0.049999999999999954,0.03999913139366606
860.0,0.7611111111110738,3.7358203022607497,3.9388888888888594,50.0,34.085874562638196,0.049999999999999954,0.03999914218366723
861.0,0.760833333333296,3.7356119582714506,3.938666666666637,50.0,34.09288686325874,0.049999999999999954,0.03999915283963285
862.0,0.7605555555555181,3.735403614414522,3.9384444444444147,50.0,34.09989391313587,0.049999999999999954,0.039999163363227945
863.0,0.7602777777777403,3.73519527068832,3.9382222222221923,50.0,34.106895715551275,0.049999999999999954,0.03999917375609684
864.0,0.7599999999999625,3.73498692709122,3.93799999999997,50.0,34.113892273784586,0.049999999999999954,0.039999184019863444
865.0,0.7597222222221847,3.7347785836216185,3.937777777777748,50.0,34.120883591113454,0.049999999999999954,0.03999919415613149
866.0,0.7594444444444068,3.734570240277932,3.9375555555555257,50.0,34.127869670813425,0.049999999999999954,0.039999204166484795
867.0,0.759166666666629,3.7343618970585957,3.9373333333333034,50.0,34.13485051615805,0.049999999999999954,0.03999921405248749
868.0,0.7588888888888512,3.7341535539620656,3.937111111111081,50.0,34.14182613041879,0.049999999999999954,0.03999922381568429
869.0,0.7586111111110734,3.7339452109868154,3.9368888888888587,50.0,34.14879651686505,0.049999999999999954,0.039999233457600716
870.0,0.7583333333332956,3.73373686813134,3.936666666666637,50.0,34.155761678764236,0.049999999999999954,0.039999242979743325
871.0,0.7580555555555177,3.7335285253941497,3.9364444444444144,50.0,34.16272161938167,0.049999999999999954,0.039999252383599984
872.0,0.7577777777777399,3.733320182773776,3.936222222222192,50.0,34.169676341980676,0.049999999999999954,0.03999926167064006
873.0,0.7574999999999621,3.7331118402687684,3.9359999999999697,50.0,34.17662584982247,0.049999999999999954,0.039999270842314666
874.0,0.7572222222221843,3.7329034978776927,3.9357777777777474,50.0,34.183570146166346,0.049999999999999954,0.0399992799000569
875.0,0.7569444444444065,3.732695155599134,3.9355555555555255,50.0,34.19050923426943,0.049999999999999954,0.03999928884528206
876.0,0.7566666666666286,3.732486813431695,3.935333333333303,50.0,34.19744311738691,0.049999999999999954,0.03999929767938785
877.0,0.7563888888888508,3.732278471373995,3.935111111111081,50.0,34.20437179877189,0.049999999999999954,0.039999306403754604
878.0,0.756111111111073,3.7320701294246703,3.9348888888888585,50.0,34.21129528167546,0.049999999999999954,0.03999931501974554
879.0,0.7558333333332952,3.7318617875823756,3.934666666666636,50.0,34.21821356934663,0.049999999999999954,0.039999323528706915
880.0,0.7555555555555173,3.7316534458457813,3.934444444444414,50.0,34.22512666503246,0.049999999999999954,0.03999933193196828
881.0,0.7552777777777395,3.7314451042135737,3.934222222222192,50.0,34.23203457197792,0.049999999999999954,0.03999934023084265
882.0,0.7549999999999617,3.731236762684456,3.9339999999999695,50.0,34.23893729342598,0.049999999999999954,0.03999934842662675
883.0,0.7547222222221839,3.731028421257148,3.933777777777747,50.0,34.24583483261756,0.049999999999999954,0.03999935652060119
884.0,0.7544444444444061,3.730820079930385,3.933555555555525,50.0,34.25272719279161,0.049999999999999954,0.039999364514030654
885.0,0.7541666666666282,3.7306117387029185,3.933333333333303,50.0,34.25961437718502,0.049999999999999954,0.03999937240816415
886.0,0.7538888888888504,3.7304033975735145,3.9331111111110806,50.0,34.266496389032625,0.049999999999999954,0.03999938020423514
887.0,0.7536111111110726,3.7301950565409543,3.9328888888888582,50.0,34.273373231567234,0.049999999999999954,0.03999938790346178
888.0,0.7533333333332948,3.7299867156040354,3.932666666666636,50.0,34.28024490801971,0.049999999999999954,0.03999939550704709
889.0,0.753055555555517,3.72977837476157,3.9324444444444135,50.0,34.287111421618874,0.049999999999999954,0.03999940301617915
890.0,0.7527777777777391,3.7295700340123847,3.9322222222221916,50.0,34.2939727755915,0.049999999999999954,0.03999941043203127
891.0,0.7524999999999613,3.72936169335532,3.9319999999999693,50.0,34.30082897316231,0.049999999999999954,0.0399994177557622
892.0,0.7522222222221835,3.7291533527892327,3.931777777777747,50.0,34.307680017554105,0.049999999999999954,0.03999942498851628
893.0,0.7519444444444057,3.728945012312992,3.9315555555555246,50.0,34.31452591198757,0.049999999999999954,0.03999943213142365
894.0,0.7516666666666278,3.728736671925482,3.9313333333333023,50.0,34.32136665968147,0.049999999999999954,0.0399994391856004
895.0,0.75138888888885,3.7285283316256,3.9311111111110804,50.0,34.32820226385252,0.049999999999999954,0.03999944615214876
896.0,0.7511111111110722,3.728319991412258,3.930888888888858,50.0,34.33503272771537,0.049999999999999954,0.03999945303215726
897.0,0.7508333333332944,3.7281116512843813,3.9306666666666357,50.0,34.34185805448277,0.049999999999999954,0.039999459826700924
898.0,0.7505555555555166,3.7279033112409072,3.9304444444444133,50.0,34.3486782473654,0.049999999999999954,0.03999946653684141
899.0,0.7502777777777387,3.727694971280788,3.930222222222191,50.0,34.3554933095719,0.049999999999999954,0.039999473163627196
900.0,0.7499999999999609,3.727486631402989,3.929999999999969,50.0,34.362303244308976,0.049999999999999954,0.03999947970809373
901.0,0.7497222222221831,3.7272782916064853,3.9297777777777467,50.0,34.36910805478129,0.049999999999999954,0.03999948617126359
902.0,0.7494444444444053,3.7270699518902686,3.9295555555555244,50.0,34.37590774419152,0.049999999999999954,0.039999492554146664
903.0,0.7491666666666275,3.726861612253342,3.929333333333302,50.0,34.38270231574029,0.049999999999999954,0.03999949885774029
904.0,0.7488888888888496,3.726653272694719,3.9291111111110797,50.0,34.389491772626286,0.049999999999999954,0.03999950508302942
905.0,0.7486111111110718,3.7264449332134286,3.928888888888858,50.0,34.39627611804616,0.049999999999999954,0.039999511230986766
906.0,0.748333333333294,3.726236593808509,3.9286666666666354,50.0,34.403055355194624,0.049999999999999954,0.03999951730257296
907.0,0.7480555555555162,3.726028254479012,3.928444444444413,50.0,34.40982948726429,0.049999999999999954,0.0399995232987367
908.0,0.7477777777777384,3.725819915224,3.9282222222221908,50.0,34.416598517445834,0.049999999999999954,0.039999529220414894
909.0,0.7474999999999605,3.7256115760425486,3.9279999999999684,50.0,34.423362448928,0.049999999999999954,0.03999953506853282
910.0,0.7472222222221827,3.7254032369337446,3.9277777777777465,50.0,34.43012128489744,0.049999999999999954,0.03999954084400426
911.0,0.7469444444444049,3.7251948978966833,3.927555555555524,50.0,34.43687502853885,0.049999999999999954,0.03999954654773164
912.0,0.7466666666666271,3.7249865589304756,3.927333333333302,50.0,34.4436236830349,0.049999999999999954,0.039999552180606184
913.0,0.7463888888888492,3.7247782200342403,3.9271111111110795,50.0,34.45036725156632,0.049999999999999954,0.03999955774350804
914.0,0.7461111111110714,3.7245698812071084,3.926888888888857,50.0,34.45710573731185,0.049999999999999954,0.03999956323730641
915.0,0.7458333333332936,3.724361542448222,3.926666666666635,50.0,34.46383914344824,0.049999999999999954,0.039999568662859725
916.0,0.7455555555555158,3.724153203756732,3.926444444444413,50.0,34.470567473150254,0.049999999999999954,0.039999574021015734
917.0,0.745277777777738,3.7239448651318034,3.9262222222221905,50.0,34.47729072959066,0.049999999999999954,0.03999957931261166
918.0,0.7449999999999601,3.723736526572607,3.925999999999968,50.0,34.48400891594025,0.049999999999999954,0.039999584538474325
919.0,0.7447222222221823,3.7235281880783275,3.925777777777746,50.0,34.49072203536781,0.049999999999999954,0.03999958969942028
920.0,0.7444444444444045,3.723319849648159,3.925555555555524,50.0,34.497430091040144,0.049999999999999954,0.039999594796255936
921.0,0.7441666666666267,3.723111511281304,3.9253333333333016,50.0,34.504133086122124,0.049999999999999954,0.03999959982977768
922.0,0.7438888888888489,3.722903172976976,3.9251111111110792,50.0,34.51083102377663,0.049999999999999954,0.03999960480077202
923.0,0.743611111111071,3.722694834734399,3.924888888888857,50.0,34.51752390716456,0.049999999999999954,0.03999960971001567
924.0,0.7433333333332932,3.7224864965528055,3.9246666666666346,50.0,34.52421173944481,0.049999999999999954,0.03999961455827572
925.0,0.7430555555555154,3.7222781584314384,3.9244444444444126,50.0,34.53089452377435,0.049999999999999954,0.03999961934630972
926.0,0.7427777777777376,3.722069820369549,3.9242222222221903,50.0,34.53757226330811,0.049999999999999954,0.0399996240748658
927.0,0.7424999999999597,3.7218614823663985,3.923999999999968,50.0,34.54424496119907,0.049999999999999954,0.03999962874468281
928.0,0.7422222222221819,3.7216531444212575,3.9237777777777456,50.0,34.5509126205983,0.049999999999999954,0.03999963335649043
929.0,0.7419444444444041,3.721444806533405,3.9235555555555233,50.0,34.557575244654856,0.049999999999999954,0.03999963791100925
930.0,0.7416666666666263,3.7212364687021307,3.9233333333333014,50.0,34.56423283651583,0.049999999999999954,0.03999964240895093
931.0,0.7413888888888485,3.7210281309267295,3.923111111111079,50.0,34.57088539932636,0.049999999999999954,0.03999964685101828
932.0,0.7411111111110706,3.720819793206509,3.9228888888888567,50.0,34.577532936229545,0.049999999999999954,0.03999965123790539
933.0,0.7408333333332928,3.7206114555407837,3.9226666666666343,50.0,34.584175450366615,0.049999999999999954,0.03999965557029771
934.0,0.740555555555515,3.7204031179288752,3.922444444444412,50.0,34.5908129448768,0.049999999999999954,0.03999965984887218
935.0,0.7402777777777372,3.720194780370117,3.92222222222219,50.0,34.59744542289735,0.049999999999999954,0.03999966407429735
936.0,0.7399999999999594,3.7199864428638474,3.9219999999999677,50.0,34.604072887563575,0.049999999999999954,0.039999668247233444
937.0,0.7397222222221815,3.7197781054094152,3.9217777777777454,50.0,34.61069534200885,0.049999999999999954,0.039999672368332496
938.0,0.7394444444444037,3.7195697680061754,3.921555555555523,50.0,34.61731278936452,0.049999999999999954,0.039999676438238436
939.0,0.7391666666666259,3.7193614306534934,3.9213333333333007,50.0,34.62392523276003,0.049999999999999954,0.03999968045758719
940.0,0.7388888888888481,3.719153093350741,3.921111111111079,50.0,34.63053267532291,0.049999999999999954,0.03999968442700679
941.0,0.7386111111110703,3.718944756097297,3.9208888888888564,50.0,34.637135120178584,0.049999999999999954,0.03999968834711747
942.0,0.7383333333332924,3.718736418892549,3.920666666666634,50.0,34.64373257045071,0.049999999999999954,0.03999969221853175
943.0,0.7380555555555146,3.7185280817358928,3.9204444444444118,50.0,34.65032502926084,0.049999999999999954,0.039999696041854556
944.0,0.7377777777777368,3.7183197446267306,3.9202222222221894,50.0,34.65691249972866,0.049999999999999954,0.03999969981768328
945.0,0.737499999999959,3.718111407564473,3.9199999999999675,50.0,34.66349498497186,0.049999999999999954,0.03999970354660791
946.0,0.7372222222221811,3.717903070548536,3.919777777777745,50.0,34.67007248810626,0.049999999999999954,0.03999970722921109
947.0,0.7369444444444033,3.717694733578346,3.919555555555523,50.0,34.676645012245615,0.049999999999999954,0.03999971086606824
948.0,0.7366666666666255,3.717486396653333,3.9193333333333005,50.0,34.68321256050183,0.049999999999999954,0.03999971445774762
949.0,0.7363888888888477,3.7172780597729362,3.919111111111078,50.0,34.68977513598486,0.049999999999999954,0.03999971800481045
950.0,0.7361111111110699,3.7170697229366034,3.9188888888888562,50.0,34.69633274180262,0.049999999999999954,0.03999972150781095
951.0,0.735833333333292,3.7168613861437843,3.918666666666634,50.0,34.70288538106121,0.049999999999999954,0.03999972496729648
952.0,0.7355555555555142,3.7166530493939396,3.9184444444444115,50.0,34.709433056864725,0.049999999999999954,0.039999728383807595
953.0,0.7352777777777364,3.7164447126865356,3.918222222222189,50.0,34.71597577231529,0.049999999999999954,0.039999731757878125
954.0,0.7349999999999586,3.716236376021045,3.917999999999967,50.0,34.72251353051314,0.049999999999999954,0.03999973509003528
955.0,0.7347222222221808,3.7160280393969476,3.917777777777745,50.0,34.729046334556585,0.049999999999999954,0.03999973838079971
956.0,0.7344444444444029,3.715819702813728,3.9175555555555226,50.0,34.73557418754194,0.049999999999999954,0.03999974163068561
957.0,0.7341666666666251,3.7156113662708794,3.9173333333333002,50.0,34.7420970925636,0.049999999999999954,0.03999974484020078
958.0,0.7338888888888473,3.7154030297679,3.917111111111078,50.0,34.74861505271406,0.049999999999999954,0.03999974800984671
959.0,0.7336111111110695,3.7151946933042943,3.9168888888888556,50.0,34.7551280710839,0.049999999999999954,0.03999975114011867
960.0,0.7333333333332916,3.714986356879575,3.9166666666666337,50.0,34.76163615076172,0.049999999999999954,0.03999975423150576
961.0,0.7330555555555138,3.714778020493256,3.9164444444444113,50.0,34.76813929483416,0.049999999999999954,0.039999757284491025
962.0,0.732777777777736,3.7145696841448617,3.916222222222189,50.0,34.774637506386,0.049999999999999954,0.0399997602995515
963.0,0.7324999999999582,3.714361347833922,3.9159999999999666,50.0,34.781130788500036,0.049999999999999954,0.03999976327715829
964.0,0.7322222222221804,3.71415301155997,3.9157777777777443,50.0,34.787619144257235,0.049999999999999954,0.03999976621777666
965.0,0.7319444444444025,3.7139446753225474,3.9155555555555224,50.0,34.79410257673652,0.049999999999999954,0.03999976912186608
966.0,0.7316666666666247,3.7137363391211995,3.9153333333333,50.0,34.80058108901494,0.049999999999999954,0.03999977198988032
967.0,0.7313888888888469,3.713528002955479,3.9151111111110777,50.0,34.80705468416767,0.049999999999999954,0.03999977482226751
968.0,0.7311111111110691,3.713319666824943,3.9148888888888553,50.0,34.81352336526783,0.049999999999999954,0.039999777619470225
969.0,0.7308333333332913,3.713111330729154,3.914666666666633,50.0,34.81998713538678,0.049999999999999954,0.03999978038192553
970.0,0.7305555555555134,3.7129029946676817,3.914444444444411,50.0,34.82644599759385,0.049999999999999954,0.039999783110065065
971.0,0.7302777777777356,3.712694658640098,3.9142222222221887,50.0,34.832899954956474,0.049999999999999954,0.039999785804315104
972.0,0.7299999999999578,3.712486322645983,3.9139999999999664,50.0,34.83934901054016,0.049999999999999954,0.039999788465096636
973.0,0.72972222222218,3.712277986684921,3.913777777777744,50.0,34.8457931674086,0.049999999999999954,0.03999979109282541
974.0,0.7294444444444022,3.7120696507565007,3.9135555555555217,50.0,34.85223242862344,0.049999999999999954,0.039999793687912004
975.0,0.7291666666666243,3.7118613148603177,3.9133333333333,50.0,34.85866679724444,0.049999999999999954,0.03999979625076192
976.0,0.7288888888888465,3.7116529789959705,3.9131111111110775,50.0,34.865096276329496,0.049999999999999954,0.039999798781775606
977.0,0.7286111111110687,3.7114446431630643,3.912888888888855,50.0,34.87152086893457,0.049999999999999954,0.03999980128134853
978.0,0.7283333333332909,3.711236307361208,3.9126666666666328,50.0,34.87794057811368,0.049999999999999954,0.03999980374987126
979.0,0.728055555555513,3.7110279715900165,3.9124444444444104,50.0,34.88435540691904,0.049999999999999954,0.03999980618772951
980.0,0.7277777777777352,3.710819635849109,3.9122222222221885,50.0,34.89076535840081,0.049999999999999954,0.0399998085953042
981.0,0.7274999999999574,3.7106113001381082,3.911999999999966,50.0,34.89717043560739,0.049999999999999954,0.03999981097297151
982.0,0.7272222222221796,3.710402964456643,3.911777777777744,50.0,34.903570641585134,0.049999999999999954,0.03999981332110297
983.0,0.7269444444444018,3.7101946288043472,3.9115555555555215,50.0,34.90996597937857,0.049999999999999954,0.039999815640065474
984.0,0.7266666666666239,3.709986293180858,3.911333333333299,50.0,34.91635645203036,0.049999999999999954,0.03999981793022136
985.0,0.7263888888888461,3.7097779575858176,3.9111111111110772,50.0,34.922742062581165,0.049999999999999954,0.03999982019192847
986.0,0.7261111111110683,3.7095696220188725,3.910888888888855,50.0,34.92912281406984,0.049999999999999954,0.039999822425540205
987.0,0.7258333333332905,3.7093612864796737,3.9106666666666325,50.0,34.93549870953325,0.049999999999999954,0.03999982463140557
988.0,0.7255555555555127,3.7091529509678764,3.91044444444441,50.0,34.94186975200648,0.049999999999999954,0.039999826809869236
989.0,0.7252777777777348,3.7089446154831407,3.910222222222188,50.0,34.948235944522594,0.049999999999999954,0.03999982896127159
990.0,0.724999999999957,3.7087362800251307,3.909999999999966,50.0,34.954597290112815,0.049999999999999954,0.039999831085948796
991.0,0.7247222222221792,3.708527944593513,3.9097777777777436,50.0,34.9609537918065,0.049999999999999954,0.039999833184232836
992.0,0.7244444444444014,3.708319609187961,3.9095555555555213,50.0,34.96730545263108,0.049999999999999954,0.03999983525645157
993.0,0.7241666666666235,3.7081112738081505,3.909333333333299,50.0,34.973652275612096,0.049999999999999954,0.039999837302928797
994.0,0.7238888888888457,3.707902938453761,3.9091111111110766,50.0,34.979994263773165,0.049999999999999954,0.03999983932398427
995.0,0.7236111111110679,3.707694603124479,3.9088888888888547,50.0,34.98633142013608,0.049999999999999954,0.039999841319933796
996.0,0.7233333333332901,3.7074862678199896,3.9086666666666323,50.0,34.99266374772071,0.049999999999999954,0.039999843291089236
997.0,0.7230555555555123,3.707277932539987,3.90844444444441,50.0,34.99899124954504,0.049999999999999954,0.03999984523775859
998.0,0.7227777777777344,3.7070695972841663,3.9082222222221876,50.0,35.005313928625185,0.049999999999999954,0.03999984716024603
999.0,0.7224999999999566,3.7068612620522265,3.9079999999999653,50.0,35.011631787975375,0.049999999999999954,0.03999984905885195
1000.0,0.7222222222221788,3.706652926843873,3.9077777777777434,50.0,35.01794483060792,0.049999999999999954,0.039999850933873
1001.0,0.721944444444401,3.7064445916588102,3.907555555555521,50.0,35.02425305953324,0.049999999999999954,0.03999985278560217
1002.0,0.7216666666666232,3.7062362564967497,3.9073333333332987,50.0,35.030556477759944,0.049999999999999954,0.03999985461432879
1003.0,0.7213888888888453,3.706027921357407,3.9071111111110763,50.0,35.03685508829466,0.049999999999999954,0.039999856420338605
1004.0,0.7211111111110675,3.7058195862404983,3.906888888888854,50.0,35.043148894142234,0.049999999999999954,0.0399998582039138
1005.0,0.7208333333332897,3.7056112511457457,3.906666666666632,50.0,35.0494378983056,0.049999999999999954,0.03999985996533307
1006.0,0.7205555555555119,3.705402916072874,3.9064444444444097,50.0,35.0557221037858,0.049999999999999954,0.03999986170487164
1007.0,0.720277777777734,3.705194581021611,3.9062222222221874,50.0,35.06200151358206,0.049999999999999954,0.03999986342280131
1008.0,0.7199999999999562,3.704986245991688,3.905999999999965,50.0,35.06827613069163,0.049999999999999954,0.03999986511939052
1009.0,0.7197222222221784,3.7047779109828407,3.9057777777777427,50.0,35.07454595810992,0.049999999999999954,0.03999986679490436
1010.0,0.7194444444444006,3.7045695759948076,3.905555555555521,50.0,35.08081099883054,0.049999999999999954,0.03999986844960463
1011.0,0.7191666666666228,3.7043612410273288,3.9053333333332985,50.0,35.08707125584516,0.049999999999999954,0.03999987008374989
1012.0,0.718888888888845,3.7041529060801497,3.905111111111076,50.0,35.09332673214357,0.049999999999999954,0.03999987169759547
1013.0,0.7186111111110671,3.7039445711530186,3.9048888888888538,50.0,35.09957743071374,0.049999999999999954,0.03999987329139353
1014.0,0.7183333333332893,3.7037362362456854,3.9046666666666314,50.0,35.10582335454177,0.049999999999999954,0.03999987486539312
1015.0,0.7180555555555115,3.703527901357905,3.9044444444444095,50.0,35.11206450661183,0.049999999999999954,0.03999987641984017
1016.0,0.7177777777777337,3.703319566489434,3.904222222222187,50.0,35.11830088990632,0.049999999999999954,0.03999987795497757
1017.0,0.7174999999999558,3.703111231640033,3.903999999999965,50.0,35.12453250740566,0.049999999999999954,0.03999987947104519
1018.0,0.717222222222178,3.702902896809465,3.9037777777777425,50.0,35.130759362088554,0.049999999999999954,0.03999988096827991
1019.0,0.7169444444444002,3.7026945619974954,3.90355555555552,50.0,35.13698145693172,0.049999999999999954,0.039999882446915686
1020.0,0.7166666666666224,3.702486227203895,3.9033333333332982,50.0,35.143198794910006,0.049999999999999954,0.03999988390718355
1021.0,0.7163888888888446,3.7022778924284334,3.903111111111076,50.0,35.14941137899655,0.049999999999999954,0.039999885349311676
1022.0,0.7161111111110667,3.702069557670886,3.9028888888888535,50.0,35.155619212162435,0.049999999999999954,0.039999886773525395
1023.0,0.7158333333332889,3.701861222931031,3.902666666666631,50.0,35.16182229737706,0.049999999999999954,0.03999988818004725
1024.0,0.7155555555555111,3.7016528882086477,3.902444444444409,50.0,35.16802063760787,0.049999999999999954,0.03999988956909701
1025.0,0.7152777777777333,3.70144455350352,3.902222222222187,50.0,35.1742142358205,0.049999999999999954,0.039999890940891715
1026.0,0.7149999999999554,3.7012362188154326,3.9019999999999646,50.0,35.18040309497866,0.049999999999999954,0.03999989229564571
1027.0,0.7147222222221776,3.701027884144174,3.9017777777777423,50.0,35.18658721804428,0.049999999999999954,0.039999893633570684
1028.0,0.7144444444443998,3.7008195494895353,3.90155555555552,50.0,35.19276660797743,0.049999999999999954,0.03999989495487569
1029.0,0.714166666666622,3.7006112148513104,3.9013333333332976,50.0,35.19894126773636,0.049999999999999954,0.03999989625976717
1030.0,0.7138888888888442,3.7004028802292956,3.9011111111110757,50.0,35.20511120027737,0.049999999999999954,0.03999989754844904
1031.0,0.7136111111110663,3.7001945456232885,3.9008888888888533,50.0,35.211276408554966,0.049999999999999954,0.03999989882112265
1032.0,0.7133333333332885,3.699986211033091,3.900666666666631,50.0,35.217436895521814,0.049999999999999954,0.039999900077986844
1033.0,0.7130555555555107,3.6997778764585068,3.9004444444444086,50.0,35.22359266412877,0.049999999999999954,0.03999990131923802
1034.0,0.7127777777777329,3.699569541899341,3.9002222222221863,50.0,35.22974371732482,0.049999999999999954,0.03999990254507013
1035.0,0.7124999999999551,3.699361207355403,3.8999999999999644,50.0,35.235890058057066,0.049999999999999954,0.039999903755674714
1036.0,0.7122222222221772,3.6991528728265033,3.899777777777742,50.0,35.24203168927079,0.049999999999999954,0.03999990495124092
1037.0,0.7119444444443994,3.6989445383124555,3.8995555555555197,50.0,35.248168613909456,0.049999999999999954,0.039999906131955566
1038.0,0.7116666666666216,3.698736203813074,3.8993333333332973,50.0,35.25430083491466,0.049999999999999954,0.03999990729800314
1039.0,0.7113888888888438,3.6985278693281782,3.899111111111075,50.0,35.26042835522617,0.049999999999999954,0.03999990844956584
1040.0,0.711111111111066,3.6983195348575877,3.898888888888853,50.0,35.266551177781935,0.049999999999999954,0.03999990958682359
1041.0,0.7108333333332881,3.6981112004011236,3.8986666666666308,50.0,35.272669305518036,0.049999999999999954,0.0399999107099541
1042.0,0.7105555555555103,3.697902865958611,3.8984444444444084,50.0,35.27878274136873,0.049999999999999954,0.039999911819132865
1043.0,0.7102777777777325,3.6976945315298777,3.898222222222186,50.0,35.28489148826651,0.049999999999999954,0.03999991291453319
1044.0,0.7099999999999547,3.6974861971147512,3.8979999999999637,50.0,35.29099554914188,0.049999999999999954,0.039999913996326235
1045.0,0.7097222222221768,3.6972778627130634,3.897777777777742,50.0,35.29709492692365,0.049999999999999954,0.03999991506468103
1046.0,0.709444444444399,3.6970695283246466,3.8975555555555195,50.0,35.30318962453879,0.049999999999999954,0.03999991611976451
1047.0,0.7091666666666212,3.696861193949336,3.897333333333297,50.0,35.30927964491235,0.049999999999999954,0.039999917161741526
1048.0,0.7088888888888434,3.696652859586969,3.8971111111110748,50.0,35.31536499096762,0.049999999999999954,0.0399999181907749
1049.0,0.7086111111110656,3.6964445252373848,3.8968888888888524,50.0,35.32144566562607,0.049999999999999954,0.03999991920702541
1050.0,0.7083333333332877,3.6962361909004255,3.8966666666666305,50.0,35.32752167180729,0.049999999999999954,0.03999992021065186
1051.0,0.7080555555555099,3.696027856575933,3.896444444444408,50.0,35.33359301242905,0.049999999999999954,0.039999921201811055
1052.0,0.7077777777777321,3.6958195222637524,3.896222222222186,50.0,35.339659690407416,0.049999999999999954,0.03999992218065788
1053.0,0.7074999999999543,3.695611187963732,3.8959999999999635,50.0,35.34572170865647,0.049999999999999954,0.03999992314734527
1054.0,0.7072222222221765,3.6954028536757195,3.895777777777741,50.0,35.35177907008858,0.049999999999999954,0.03999992410202428
1055.0,0.7069444444443986,3.6951945193995663,3.8955555555555192,50.0,35.357831777614194,0.049999999999999954,0.03999992504484407
1056.0,0.7066666666666208,3.694986185135125,3.895333333333297,50.0,35.3638798341421,0.049999999999999954,0.03999992597595197
1057.0,0.706388888888843,3.69477785088225,3.8951111111110746,50.0,35.36992324257909,0.049999999999999954,0.03999992689549346
1058.0,0.7061111111110652,3.694569516640798,3.894888888888852,50.0,35.375962005830274,0.049999999999999954,0.03999992780361222
1059.0,0.7058333333332873,3.6943611824106264,3.89466666666663,50.0,35.38199612679887,0.049999999999999954,0.03999992870045015
1060.0,0.7055555555555095,3.6941528481915964,3.894444444444408,50.0,35.38802560838627,0.049999999999999954,0.039999929586147384
1061.0,0.7052777777777317,3.693944513983568,3.8942222222221856,50.0,35.39405045349213,0.049999999999999954,0.039999930460842305
1062.0,0.7049999999999539,3.6937361797864052,3.8939999999999633,50.0,35.400070665014255,0.049999999999999954,0.03999993132467159
1063.0,0.7047222222221761,3.693527845599973,3.893777777777741,50.0,35.4060862458486,0.049999999999999954,0.03999993217777022
1064.0,0.7044444444443982,3.6933195114241384,3.8935555555555186,50.0,35.4120971988894,0.049999999999999954,0.03999993302027149
1065.0,0.7041666666666204,3.69311117725877,3.8933333333332967,50.0,35.41810352702896,0.049999999999999954,0.03999993385230704
1066.0,0.7038888888888426,3.6929028431037367,3.8931111111110743,50.0,35.42410523315789,0.049999999999999954,0.03999993467400688
1067.0,0.7036111111110648,3.692694508958911,3.892888888888852,50.0,35.43010232016496,0.049999999999999954,0.0399999354854994
1068.0,0.703333333333287,3.692486174824165,3.8926666666666296,50.0,35.43609479093709,0.049999999999999954,0.0399999362869114
1069.0,0.7030555555555091,3.692277840699375,3.8924444444444073,50.0,35.44208264835942,0.049999999999999954,0.039999937078368096
1070.0,0.7027777777777313,3.692069506584417,3.8922222222221854,50.0,35.448065895315324,0.049999999999999954,0.03999993785999316
1071.0,0.7024999999999535,3.691861172479168,3.891999999999963,50.0,35.45404453468632,0.049999999999999954,0.03999993863190872
1072.0,0.7022222222221757,3.691652838383508,3.8917777777777407,50.0,35.460018569352144,0.049999999999999954,0.03999993939423539
1073.0,0.7019444444443979,3.691444504297318,3.8915555555555184,50.0,35.46598800219073,0.049999999999999954,0.03999994014709229
1074.0,0.70166666666662,3.6912361702204795,3.891333333333296,50.0,35.47195283607823,0.049999999999999954,0.039999940890597045
1075.0,0.7013888888888422,3.691027836152877,3.891111111111074,50.0,35.477913073889,0.049999999999999954,0.03999994162486584
1076.0,0.7011111111110644,3.690819502094396,3.8908888888888518,50.0,35.483868718495614,0.049999999999999954,0.0399999423500134
1077.0,0.7008333333332866,3.6906111680449234,3.8906666666666294,50.0,35.48981977276878,0.049999999999999954,0.03999994306615303
1078.0,0.7005555555555087,3.690402834004346,3.890444444444407,50.0,35.49576623957745,0.049999999999999954,0.039999943773396635
1079.0,0.7002777777777309,3.6901944999725544,3.8902222222221847,50.0,35.50170812178885,0.049999999999999954,0.03999994447185472
1080.0,0.6999999999999531,3.6899861659494446,3.8899999999999673,50.0,35.5076454222683,0.049999999999999954,0.039999945161636415
1081.0,0.6997222222221753,3.6898056097126757,3.889805555555523,50.0,35.513578143879386,0.049999999999999954,0.03999994584284951
1082.0,0.6994444444443975,3.6896250534843693,3.8896111111110785,50.0,35.5195062894839,0.049999999999999954,0.03999994651560043
1083.0,0.6991666666666196,3.6894444972644203,3.889416666666634,50.0,35.52542986194186,0.049999999999999954,0.03999994717999431
1084.0,0.6988888888888418,3.6892639410527237,3.8892222222221893,50.0,35.531348864111465,0.049999999999999954,0.03999994783613496
1085.0,0.698611111111064,3.689083384849178,3.889027777777745,50.0,35.537263298849155,0.049999999999999954,0.0399999484841249
1086.0,0.6983333333332862,3.6889028286536822,3.8888333333333005,50.0,35.543173169009606,0.049999999999999954,0.039999949124065376
1087.0,0.6980555555555084,3.6887222724661357,3.888638888888856,50.0,35.54907847744562,0.049999999999999954,0.039999949756056384
1088.0,0.6977777777777305,3.68854171628644,3.8884444444444117,50.0,35.554979227008346,0.049999999999999954,0.03999995038019667
1089.0,0.6974999999999527,3.6883611601144968,3.888249999999967,50.0,35.560875420547006,0.049999999999999954,0.039999950996583766
1090.0,0.6972222222221749,3.688180603950211,3.8880555555555225,50.0,35.56676706090917,0.049999999999999954,0.03999995160531398
1091.0,0.6969444444443971,3.688000047793487,3.887861111111078,50.0,35.57265415094054,0.049999999999999954,0.03999995220648242
1092.0,0.6966666666666192,3.687819491644231,3.8876666666666337,50.0,35.57853669348509,0.049999999999999954,0.03999995280018303
1093.0,0.6963888888888414,3.68763893550235,3.8874722222221894,50.0,35.58441469138501,0.049999999999999954,0.03999995338650857
1094.0,0.6961111111110636,3.6874583793677522,3.8872777777777445,50.0,35.59028814748069,0.049999999999999954,0.039999953965550665
1095.0,0.6958333333332858,3.6872778232403474,3.8870833333333,50.0,35.596157064610736,0.049999999999999954,0.039999954537399775
1096.0,0.695555555555508,3.687097267120046,3.8868888888888558,50.0,35.602021445612024,0.049999999999999954,0.03999995510214526
1097.0,0.6952777777777301,3.6869167110067607,3.8866944444444114,50.0,35.60788129331962,0.049999999999999954,0.039999955659875366
1098.0,0.6949999999999523,3.6867361549004034,3.886499999999967,50.0,35.61373661056683,0.049999999999999954,0.03999995621067724
1099.0,0.6947222222221745,3.686555598800888,3.886305555555522,50.0,35.61958740018525,0.049999999999999954,0.039999956754636946
1100.0,0.6944444444443967,3.68637504270813,3.8861111111110778,50.0,35.62543366500461,0.049999999999999954,0.03999995729183947
1101.0,0.6941666666666189,3.686194486622045,3.8859166666666334,50.0,35.631275407852854,0.049999999999999954,0.03999995782236876
1102.0,0.693888888888841,3.6860139305425506,3.885722222222189,50.0,35.637112631556306,0.049999999999999954,0.03999995834630771
1103.0,0.6936111111110632,3.6858333744695644,3.885527777777744,50.0,35.64294533893934,0.049999999999999954,0.03999995886373818
1104.0,0.6933333333332854,3.685652818403006,3.8853333333332998,50.0,35.64877353282475,0.049999999999999954,0.03999995937474103
1105.0,0.6930555555555076,3.685472262342795,3.8851388888888554,50.0,35.65459721603338,0.049999999999999954,0.0399999598793961
1106.0,0.6927777777777298,3.685291706288854,3.884944444444411,50.0,35.660416391384445,0.049999999999999954,0.039999960377782244
1107.0,0.6924999999999519,3.685111150241103,3.8847499999999666,50.0,35.666231061695385,0.049999999999999954,0.039999960869977334
1108.0,0.6922222222221741,3.6849305941994666,3.8845555555555222,50.0,35.672041229781826,0.049999999999999954,0.03999996135605828
1109.0,0.6919444444443963,3.684750038163868,3.8843611111110774,50.0,35.67784689845763,0.049999999999999954,0.039999961836101036
1110.0,0.6916666666666185,3.6845694821342327,3.884166666666633,50.0,35.68364807053496,0.049999999999999954,0.0399999623101806
1111.0,0.6913888888888406,3.6843889261104867,3.8839722222221886,50.0,35.6894447488242,0.049999999999999954,0.039999962778371055
1112.0,0.6911111111110628,3.6842083700925565,3.8837777777777442,50.0,35.69523693613394,0.049999999999999954,0.039999963240745555
1113.0,0.690833333333285,3.68402781408037,3.8835833333332994,50.0,35.7010246352711,0.049999999999999954,0.039999963697376344
1114.0,0.6905555555555072,3.683847258073856,3.883388888888855,50.0,35.70680784904073,0.049999999999999954,0.039999964148334774
1115.0,0.6902777777777294,3.683666702072944,3.8831944444444106,50.0,35.71258658024618,0.049999999999999954,0.03999996459369131
1116.0,0.6899999999999515,3.683486146077564,3.8829999999999663,50.0,35.7183608316891,0.049999999999999954,0.039999965033515536
1117.0,0.6897222222221737,3.6833055900876484,3.882805555555522,50.0,35.7241306061693,0.049999999999999954,0.03999996546787618
1118.0,0.6894444444443959,3.6831250341031274,3.882611111111077,50.0,35.7298959064849,0.049999999999999954,0.039999965896841114
1119.0,0.6891666666666181,3.6829444781239355,3.8824166666666327,50.0,35.73565673543226,0.049999999999999954,0.03999996632047736
1120.0,0.6888888888888403,3.6827639221500066,3.8822222222221883,50.0,35.74141309580597,0.049999999999999954,0.0399999667388511
1121.0,0.6886111111110624,3.6825833661812744,3.882027777777744,50.0,35.74716499039886,0.049999999999999954,0.03999996715202773
1122.0,0.6883333333332846,3.6824028102176745,3.8818333333332995,50.0,35.752912422002055,0.049999999999999954,0.03999996756007179
1123.0,0.6880555555555068,3.682222254259144,3.8816388888888547,50.0,35.75865539340498,0.049999999999999954,0.03999996796304705
1124.0,0.687777777777729,3.6820416983056186,3.8814444444444103,50.0,35.76439390739523,0.049999999999999954,0.03999996836101647
1125.0,0.6874999999999512,3.6818611423570373,3.881249999999966,50.0,35.77012796675865,0.049999999999999954,0.039999968754042235
1126.0,0.6872222222221733,3.6816805864133384,3.8810555555555215,50.0,35.77585757427943,0.049999999999999954,0.03999996914218575
1127.0,0.6869444444443955,3.681500030474461,3.880861111111077,50.0,35.781582732739935,0.049999999999999954,0.039999969525507675
1128.0,0.6866666666666177,3.6813194745403446,3.8806666666666323,50.0,35.78730344492084,0.049999999999999954,0.0399999699040679
1129.0,0.6863888888888399,3.6811389186109316,3.880472222222188,50.0,35.7930197136011,0.049999999999999954,0.039999970277925574
1130.0,0.686111111111062,3.680958362686163,3.8802777777777435,50.0,35.798731541557856,0.049999999999999954,0.03999997064713911
1131.0,0.6858333333332842,3.68077780676598,3.880083333333299,50.0,35.80443893156661,0.049999999999999954,0.0399999710117662
1132.0,0.6855555555555064,3.680597250850327,3.8798888888888547,50.0,35.81014188640103,0.049999999999999954,0.03999997137186383
1133.0,0.6852777777777286,3.680416694939147,3.87969444444441,50.0,35.81584040883314,0.049999999999999954,0.039999971727488245
1134.0,0.6849999999999508,3.680236139032384,3.8794999999999655,50.0,35.82153450163315,0.049999999999999954,0.039999972078695024
1135.0,0.6847222222221729,3.6800555831299846,3.879305555555521,50.0,35.827224167569625,0.049999999999999954,0.03999997242553904
1136.0,0.6844444444443951,3.6798750272318936,3.8791111111110768,50.0,35.83290940940935,0.049999999999999954,0.039999972768074495
1137.0,0.6841666666666173,3.679694471338058,3.8789166666666324,50.0,35.83859022991737,0.049999999999999954,0.039999973106354905
1138.0,0.6838888888888395,3.6795139154484238,3.8787222222221875,50.0,35.84426663185701,0.049999999999999954,0.03999997344043313
1139.0,0.6836111111110617,3.6793333595629396,3.878527777777743,50.0,35.84993861798989,0.049999999999999954,0.039999973770361366
1140.0,0.6833333333332838,3.679152803681555,3.8783333333332988,50.0,35.85560619107588,0.049999999999999954,0.03999997409619117
1141.0,0.683055555555506,3.678972247804217,3.8781388888888544,50.0,35.861269353873126,0.049999999999999954,0.03999997441797345
1142.0,0.6827777777777282,3.678791691930876,3.87794444444441,50.0,35.86692810913809,0.049999999999999954,0.03999997473575848
1143.0,0.6824999999999504,3.678611136061483,3.877749999999965,50.0,35.87258245962545,0.049999999999999954,0.03999997504959593
1144.0,0.6822222222221725,3.6784305801959887,3.877555555555521,50.0,35.878232408088195,0.049999999999999954,0.039999975359534826
1145.0,0.6819444444443947,3.678250024334344,3.8773611111110764,50.0,35.883877957277605,0.049999999999999954,0.0399999756656236
1146.0,0.6816666666666169,3.6780694684765027,3.877166666666632,50.0,35.889519109943194,0.049999999999999954,0.03999997596791008
1147.0,0.6813888888888391,3.6778889126224157,3.8769722222221876,50.0,35.89515586883283,0.049999999999999954,0.03999997626644149
1148.0,0.6811111111110613,3.6777083567720363,3.876777777777743,50.0,35.90078823669256,0.049999999999999954,0.03999997656126449
1149.0,0.6808333333332834,3.6775278009253203,3.8765833333332984,50.0,35.90641621626685,0.049999999999999954,0.03999997685242514
1150.0,0.6805555555555056,3.6773472450822213,3.876388888888854,50.0,35.912039810298324,0.049999999999999954,0.03999997713996893
1151.0,0.6802777777777278,3.6771666892426937,3.8761944444444096,50.0,35.91765902152798,0.049999999999999954,0.0399999774239408
1152.0,0.67999999999995,3.676986133406694,3.8759999999999653,50.0,35.923273852695104,0.049999999999999954,0.039999977704385105
1153.0,0.6797222222221722,3.6768055775741777,3.8758055555555204,50.0,35.92888430653716,0.049999999999999954,0.03999997798134568
1154.0,0.6794444444443943,3.6766250217451018,3.875611111111076,50.0,35.93449038579001,0.049999999999999954,0.039999978254865794
1155.0,0.6791666666666165,3.676444465919424,3.8754166666666316,50.0,35.940092093187786,0.049999999999999954,0.03999997852498819
1156.0,0.6788888888888387,3.6762639100971013,3.8752222222221873,50.0,35.94568943146288,0.049999999999999954,0.03999997879175507
1157.0,0.6786111111110609,3.6760833542780933,3.875027777777743,50.0,35.951282403346,0.049999999999999954,0.03999997905520812
1158.0,0.678333333333283,3.6759027984623565,3.874833333333298,50.0,35.956871011566136,0.049999999999999954,0.039999979315388505
1159.0,0.6780555555555052,3.6757222426498526,3.8746388888888537,50.0,35.96245525885058,0.049999999999999954,0.03999997957233688
1160.0,0.6777777777777274,3.675541686840541,3.8744444444444093,50.0,35.96803514792492,0.049999999999999954,0.03999997982609338
1161.0,0.6774999999999496,3.6753611310343812,3.874249999999965,50.0,35.97361068151304,0.049999999999999954,0.039999980076697673
1162.0,0.6772222222221718,3.6751805752313342,3.8740555555555205,50.0,35.9791818623371,0.049999999999999954,0.03999998032418891
1163.0,0.676944444444394,3.6750000194313617,3.8738611111110757,50.0,35.98474869311758,0.049999999999999954,0.03999998056860576
1164.0,0.6766666666666161,3.6748194636344254,3.8736666666666313,50.0,35.99031117657324,0.049999999999999954,0.03999998080998641
1165.0,0.6763888888888383,3.6746389078404875,3.873472222222187,50.0,35.9958693154212,0.049999999999999954,0.039999981048368584
1166.0,0.6761111111110605,3.6744583520495113,3.8732777777777425,50.0,36.00142311237687,0.049999999999999954,0.03999998128378953
1167.0,0.6758333333332827,3.6742777962614595,3.873083333333298,50.0,36.006972570153835,0.049999999999999954,0.03999998151628603
1168.0,0.6755555555555048,3.674097240476295,3.8728888888888533,50.0,36.012517691464154,0.049999999999999954,0.03999998174589441
1169.0,0.675277777777727,3.673916684693983,3.872694444444409,50.0,36.01805847901812,0.049999999999999954,0.039999981972650554
1170.0,0.6749999999999492,3.6737361289144888,3.8724999999999645,50.0,36.02359493552427,0.049999999999999954,0.03999998219658989
1171.0,0.6747222222221714,3.6735555731377754,3.87230555555552,50.0,36.02912706368954,0.049999999999999954,0.039999982417747396
1172.0,0.6744444444443936,3.6733750173638096,3.8721111111110758,50.0,36.03465486621917,0.049999999999999954,0.039999982636157644
1173.0,0.6741666666666157,3.6731944615925567,3.871916666666631,50.0,36.040178345816685,0.049999999999999954,0.03999998285185476
1174.0,0.6738888888888379,3.6730139058239835,3.8717222222221865,50.0,36.04569750518391,0.049999999999999954,0.03999998306487244
1175.0,0.6736111111110601,3.6728333500580566,3.871527777777742,50.0,36.051212347020964,0.049999999999999954,0.03999998327524397
1176.0,0.6733333333332823,3.6726527942947427,3.8713333333332978,50.0,36.05672287402632,0.049999999999999954,0.039999983483002224
1177.0,0.6730555555555044,3.67247223853401,3.8711388888888534,50.0,36.06222908889674,0.049999999999999954,0.03999998368817966
1178.0,0.6727777777777266,3.672291682775825,3.8709444444444085,50.0,36.06773099432729,0.049999999999999954,0.03999998389080835
1179.0,0.6724999999999488,3.672111127020158,3.870749999999964,50.0,36.07322859301138,0.049999999999999954,0.03999998409091994
1180.0,0.672222222222171,3.671930571266977,3.8705555555555198,50.0,36.07872188764077,0.049999999999999954,0.039999984288545704
1181.0,0.6719444444443932,3.6717500155162504,3.8703611111110754,50.0,36.08421088090546,0.049999999999999954,0.03999998448371652
1182.0,0.6716666666666153,3.6715694597679485,3.870166666666631,50.0,36.089695575493806,0.049999999999999954,0.03999998467646289
1183.0,0.6713888888888375,3.6713889040220407,3.869972222222186,50.0,36.095175974092456,0.049999999999999954,0.03999998486681492
1184.0,0.6711111111110597,3.6712083482784976,3.869777777777742,50.0,36.10065207938641,0.049999999999999954,0.039999985054802366
1185.0,0.6708333333332819,3.67102779253729,3.8695833333332974,50.0,36.10612389405901,0.049999999999999954,0.03999998524045459
1186.0,0.6705555555555041,3.670847236798388,3.869388888888853,50.0,36.11159142079191,0.049999999999999954,0.03999998542380061
1187.0,0.6702777777777262,3.6706666810617645,3.8691944444444086,50.0,36.11705466226505,0.049999999999999954,0.039999985604869066
1188.0,0.6699999999999484,3.6704861253273893,3.868999999999964,50.0,36.12251362115671,0.049999999999999954,0.039999985783688255
1189.0,0.6697222222221706,3.670305569595236,3.8688055555555194,50.0,36.12796830014349,0.049999999999999954,0.039999985960286116
1190.0,0.6694444444443928,3.6701250138652766,3.868611111111075,50.0,36.133418701900325,0.049999999999999954,0.03999998613469024
1191.0,0.669166666666615,3.669944458137483,3.8684166666666306,50.0,36.1388648291005,0.049999999999999954,0.03999998630692788
1192.0,0.6688888888888371,3.66976390241183,3.8682222222221863,50.0,36.14430668441565,0.049999999999999954,0.039999986477025955
1193.0,0.6686111111110593,3.669583346688289,3.8680277777777414,50.0,36.14974427051567,0.049999999999999954,0.03999998664501103
1194.0,0.6683333333332815,3.669402790966835,3.867833333333297,50.0,36.15517759006883,0.049999999999999954,0.03999998681090937
1195.0,0.6680555555555037,3.669222235247442,3.8676388888888527,50.0,36.16060664574172,0.049999999999999954,0.03999998697474688
1196.0,0.6677777777777258,3.6690416795300838,3.8674444444444083,50.0,36.16603144019922,0.049999999999999954,0.039999987136549175
1197.0,0.667499999999948,3.6688611238147364,3.867249999999964,50.0,36.17145197610466,0.049999999999999954,0.03999998729634153
1198.0,0.6672222222221702,3.6686805681013728,3.867055555555519,50.0,36.176868256119576,0.049999999999999954,0.03999998745414891
1199.0,0.6669444444443924,3.6685000123899703,3.8668611111110747,50.0,36.182280282903946,0.049999999999999954,0.03999998760999597
1200.0,0.6666666666666146,3.668319456680504,3.8666666666666303,50.0,36.187688059116,0.049999999999999954,0.03999998776390707
1201.0,0.6663888888888367,3.668138900972949,3.866472222222186,50.0,36.19309158741237,0.049999999999999954,0.039999987915906254
1202.0,0.6661111111110589,3.6679583452672824,3.8662777777777415,50.0,36.19849087044804,0.049999999999999954,0.039999988066017275
1203.0,0.6658333333332811,3.6677777895634804,3.8660833333332967,50.0,36.20388591087624,0.049999999999999954,0.039999988214263586
1204.0,0.6655555555555033,3.66759723386152,3.8658888888888523,50.0,36.20927671134859,0.049999999999999954,0.039999988360668357
1205.0,0.6652777777777255,3.6674166781613784,3.865694444444408,50.0,36.21466327451509,0.049999999999999954,0.03999998850525446
1206.0,0.6649999999999476,3.6672361224630325,3.8654999999999635,50.0,36.22004560302406,0.049999999999999954,0.03999998864804448
1207.0,0.6647222222221698,3.6670555667664613,3.865305555555519,50.0,36.225423699522196,0.049999999999999954,0.039999988789060734
1208.0,0.664444444444392,3.6668750110716406,3.8651111111110743,50.0,36.23079756665442,0.049999999999999954,0.03999998892832526
1209.0,0.6641666666666142,3.6666944553785505,3.86491666666663,50.0,36.23616720706417,0.049999999999999954,0.03999998906585981
1210.0,0.6638888888888363,3.6665138996871693,3.8647222222221855,50.0,36.241532623393084,0.049999999999999954,0.03999998920168588
1211.0,0.6636111111110585,3.666333343997475,3.864527777777741,50.0,36.24689381828125,0.049999999999999954,0.039999989335824694
1212.0,0.6633333333332807,3.666152788309446,3.8643333333332963,50.0,36.25225079436706,0.049999999999999954,0.039999989468297206
1213.0,0.6630555555555029,3.665972232623064,3.864138888888852,50.0,36.25760355428724,0.049999999999999954,0.03999998959912412
1214.0,0.6627777777777251,3.6657916769383068,3.8639444444444075,50.0,36.2629521006769,0.049999999999999954,0.03999998972832587
1215.0,0.6624999999999472,3.6656111212551545,3.863749999999963,50.0,36.26829643616952,0.049999999999999954,0.03999998985592266
1216.0,0.6622222222221694,3.665430565573587,3.8635555555555188,50.0,36.273636563396906,0.049999999999999954,0.03999998998193441
1217.0,0.6619444444443916,3.665250009893585,3.863361111111074,50.0,36.278972484989254,0.049999999999999954,0.03999999010638082
1218.0,0.6616666666666138,3.665069454215129,3.8631666666666296,50.0,36.284304203575005,0.049999999999999954,0.03999999022928133
1219.0,0.661388888888836,3.6648888985381993,3.862972222222185,50.0,36.28963172178112,0.049999999999999954,0.03999999035065514
1220.0,0.6611111111110581,3.6647083428627782,3.862777777777741,50.0,36.2949550422328,0.049999999999999954,0.039999990470521225
1221.0,0.6608333333332803,3.6645277871888453,3.8625833333332964,50.0,36.30027416755365,0.049999999999999954,0.03999999058889831
1222.0,0.6605555555555025,3.6643472315163828,3.8623888888888516,50.0,36.30558910036558,0.049999999999999954,0.03999999070580489
1223.0,0.6602777777777247,3.6641666758453733,3.862194444444407,50.0,36.31089984328895,0.049999999999999954,0.03999999082125924
1224.0,0.6599999999999469,3.6639861201757973,3.861999999999963,50.0,36.31620639894243,0.049999999999999954,0.03999999093527939
1225.0,0.659722222222169,3.663805564507638,3.8618055555555184,50.0,36.32150876994308,0.049999999999999954,0.039999991047883154
1226.0,0.6594444444443912,3.6636250088408775,3.861611111111074,50.0,36.32680695890633,0.049999999999999954,0.03999999115908814
1227.0,0.6591666666666134,3.663444453175498,3.861416666666629,50.0,36.3321009684459,0.049999999999999954,0.039999991268911704
1228.0,0.6588888888888356,3.663263897511483,3.861222222222185,50.0,36.33739080117397,0.049999999999999954,0.03999999137737102
1229.0,0.6586111111110577,3.663083341848816,3.8610277777777404,50.0,36.34267645970101,0.049999999999999954,0.039999991484483036
1230.0,0.6583333333332799,3.662902786187479,3.860833333333296,50.0,36.347957946635916,0.049999999999999954,0.03999999159026448
1231.0,0.6580555555555021,3.662722230527456,3.8606388888888516,50.0,36.35323526458592,0.049999999999999954,0.039999991694731896
1232.0,0.6577777777777243,3.6625416748687303,3.860444444444407,50.0,36.35850841615667,0.049999999999999954,0.03999999179790159
1233.0,0.6574999999999465,3.662361119211287,3.8602499999999624,50.0,36.3637774039521,0.049999999999999954,0.03999999189978969
1234.0,0.6572222222221686,3.662180563555109,3.860055555555518,50.0,36.36904223057462,0.049999999999999954,0.03999999200041212
1235.0,0.6569444444443908,3.662000007900181,3.8598611111110737,50.0,36.37430289862493,0.049999999999999954,0.039999992099784595
1236.0,0.656666666666613,3.661819452246487,3.8596666666666293,50.0,36.3795594107022,0.049999999999999954,0.03999999219792265
1237.0,0.6563888888888352,3.6616388965940123,3.8594722222221844,50.0,36.384811769403825,0.049999999999999954,0.03999999229484161
1238.0,0.6561111111110574,3.6614583409427417,3.85927777777774,50.0,36.390059977325734,0.049999999999999954,0.03999999239055662
1239.0,0.6558333333332795,3.6612777852926603,3.8590833333332957,50.0,36.39530403706215,0.049999999999999954,0.03999999248508264
1240.0,0.6555555555555017,3.661097229643753,3.8588888888888513,50.0,36.400543951205634,0.049999999999999954,0.03999999257843444
1241.0,0.6552777777777239,3.6609166739960055,3.858694444444407,50.0,36.40577972234723,0.049999999999999954,0.0399999926706266
1242.0,0.6549999999999461,3.6607361183494023,3.858499999999962,50.0,36.41101135307633,0.049999999999999954,0.039999992761673535
1243.0,0.6547222222221682,3.6605555627039315,3.8583055555555177,50.0,36.41623884598067,0.049999999999999954,0.03999999285158947
1244.0,0.6544444444443904,3.6603750070595766,3.8581111111110733,50.0,36.4214622036464,0.049999999999999954,0.03999999294038845
1245.0,0.6541666666666126,3.660194451416325,3.857916666666629,50.0,36.426681428658014,0.049999999999999954,0.03999999302808435
1246.0,0.6538888888888348,3.660013895774163,3.8577222222221845,50.0,36.431896523598425,0.049999999999999954,0.03999999311469088
1247.0,0.653611111111057,3.6598333401330767,3.8575277777777397,50.0,36.43710749104895,0.049999999999999954,0.03999999320022156
1248.0,0.6533333333332791,3.6596527844930526,3.8573333333332953,50.0,36.44231433358925,0.049999999999999954,0.03999999328468976
1249.0,0.6530555555555013,3.6594722288540784,3.857138888888851,50.0,36.44751705379741,0.049999999999999954,0.03999999336810869
1250.0,0.6527777777777235,3.6592916732161402,3.8569444444444065,50.0,36.452715654249914,0.049999999999999954,0.039999993450491364
1251.0,0.6524999999999457,3.6591111175792257,3.856749999999962,50.0,36.45791013752154,0.049999999999999954,0.039999993531850665
1252.0,0.6522222222221679,3.658930561943321,3.8565555555555173,50.0,36.46310050618558,0.049999999999999954,0.0399999936121993
1253.0,0.65194444444439,3.658750006308415,3.856361111111073,50.0,36.46828676281365,0.049999999999999954,0.039999993691549836
1254.0,0.6516666666666122,3.6585694506744946,3.8561666666666286,50.0,36.47346890997579,0.049999999999999954,0.039999993769914664
1255.0,0.6513888888888344,3.6583888950415475,3.855972222222184,50.0,36.478646950240375,0.049999999999999954,0.03999999384730603
1256.0,0.6511111111110566,3.6582083394095624,3.85577777777774,50.0,36.48382088617427,0.049999999999999954,0.039999993923736016
1257.0,0.6508333333332788,3.6580277837785258,3.855583333333295,50.0,36.488990720342656,0.049999999999999954,0.039999993999216575
1258.0,0.6505555555555009,3.657847228148427,3.8553888888888506,50.0,36.49415645530911,0.049999999999999954,0.0399999940737595
1259.0,0.6502777777777231,3.657666672519255,3.855194444444406,50.0,36.49931809363568,0.049999999999999954,0.03999999414737644
1260.0,0.6499999999999453,3.657486116890997,3.854999999999962,50.0,36.504475637882706,0.049999999999999954,0.0399999942200789
1261.0,0.6497222222221675,3.6573055612636423,3.8548055555555174,50.0,36.50962909060905,0.049999999999999954,0.03999999429187823
1262.0,0.6494444444443896,3.6571250056371785,3.8546111111110726,50.0,36.51477845437188,0.049999999999999954,0.03999999436278565
1263.0,0.6491666666666118,3.6569444500115966,3.854416666666628,50.0,36.519923731726806,0.049999999999999954,0.039999994432812255
1264.0,0.648888888888834,3.6567638943868843,3.854222222222184,50.0,36.52506492522781,0.049999999999999954,0.03999999450196897
1265.0,0.6486111111110562,3.6565833387630313,3.8540277777777394,50.0,36.53020203742733,0.049999999999999954,0.03999999457026661
1266.0,0.6483333333332784,3.656402783140027,3.853833333333295,50.0,36.53533507087616,0.049999999999999954,0.039999994637715836
1267.0,0.6480555555555005,3.6562222275178593,3.85363888888885,50.0,36.54046402812355,0.049999999999999954,0.0399999947043272
1268.0,0.6477777777777227,3.65604167189652,3.853444444444406,50.0,36.54558891171706,0.049999999999999954,0.039999994770111104
1269.0,0.6474999999999449,3.6558611162759975,3.8532499999999614,50.0,36.55070972420282,0.049999999999999954,0.03999999483507782
1270.0,0.6472222222221671,3.6556805606562826,3.853055555555517,50.0,36.55582646812519,0.049999999999999954,0.039999994899237515
1271.0,0.6469444444443893,3.6555000050373643,3.8528611111110727,50.0,36.56093914602707,0.049999999999999954,0.039999994962600205
1272.0,0.6466666666666114,3.6553194494192325,3.852666666666628,50.0,36.56604776044969,0.049999999999999954,0.03999999502517579
1273.0,0.6463888888888336,3.655138893801879,3.8524722222221834,50.0,36.57115231393277,0.049999999999999954,0.03999999508697404
1274.0,0.6461111111110558,3.654958338185293,3.852277777777739,50.0,36.57625280901436,0.049999999999999954,0.03999999514800463
1275.0,0.645833333333278,3.654777782569465,3.8520833333332947,50.0,36.581349248230936,0.049999999999999954,0.03999999520827709
1276.0,0.6455555555555001,3.6545972269543854,3.8518888888888503,50.0,36.58644163411748,0.049999999999999954,0.03999999526780082
1277.0,0.6452777777777223,3.6544166713400457,3.8516944444444055,50.0,36.59152996920727,0.049999999999999954,0.03999999532658514
1278.0,0.6449999999999445,3.654236115726436,3.851499999999961,50.0,36.59661425603207,0.049999999999999954,0.03999999538463923
1279.0,0.6447222222221667,3.654055560113547,3.8513055555555167,50.0,36.601694497122025,0.049999999999999954,0.03999999544197216
1280.0,0.6444444444443889,3.6538750045013715,3.8511111111110723,50.0,36.606770695005764,0.049999999999999954,0.039999995498592886
1281.0,0.644166666666611,3.6536944488898984,3.850916666666628,50.0,36.61184285221026,0.049999999999999954,0.03999999555451026
1282.0,0.6438888888888332,3.6535138932791194,3.850722222222183,50.0,36.61691097126095,0.049999999999999954,0.03999999560973302
1283.0,0.6436111111110554,3.653333337669028,3.8505277777777387,50.0,36.621975054681684,0.049999999999999954,0.03999999566426979
1284.0,0.6433333333332776,3.6531527820596126,3.8503333333332943,50.0,36.62703510499472,0.049999999999999954,0.039999995718129094
1285.0,0.6430555555554998,3.6529722264508666,3.85013888888885,50.0,36.63209112472077,0.049999999999999954,0.039999995771319345
1286.0,0.6427777777777219,3.652791670842782,3.8499444444444055,50.0,36.63714311637892,0.049999999999999954,0.03999999582384886
1287.0,0.6424999999999441,3.652611115235349,3.8497499999999607,50.0,36.64219108248676,0.049999999999999954,0.03999999587572584
1288.0,0.6422222222221663,3.6524305596285607,3.8495555555555163,50.0,36.64723502556018,0.049999999999999954,0.039999995926958395
1289.0,0.6419444444443885,3.652250004022409,3.849361111111072,50.0,36.65227494811364,0.049999999999999954,0.03999999597755453
1290.0,0.6416666666666107,3.6520694484168863,3.8491666666666275,50.0,36.657310852659975,0.049999999999999954,0.03999999602752215
1291.0,0.6413888888888328,3.651888892811984,3.848972222222183,50.0,36.662342741710404,0.049999999999999954,0.039999996076869056
1292.0,0.641111111111055,3.651708337207694,3.8487777777777383,50.0,36.66737061777462,0.049999999999999954,0.03999999612560297
1293.0,0.6408333333332772,3.65152778160401,3.848583333333294,50.0,36.67239448336073,0.049999999999999954,0.0399999961737315
1294.0,0.6405555555554994,3.6513472260009237,3.8483888888888496,50.0,36.677414340975304,0.049999999999999954,0.039999996221262164
1295.0,0.6402777777777215,3.651166670398428,3.848194444444405,50.0,36.68243019312331,0.049999999999999954,0.0399999962682024
1296.0,0.6399999999999437,3.650986114796515,3.847999999999961,50.0,36.687442042308135,0.049999999999999954,0.039999996314559534
1297.0,0.6397222222221659,3.6508055591951782,3.847805555555516,50.0,36.692449891031686,0.049999999999999954,0.03999999636034081
1298.0,0.6394444444443881,3.65062500359441,3.8476111111110716,50.0,36.69745374179422,0.049999999999999954,0.03999999640555338
1299.0,0.6391666666666103,3.6504444479942033,3.847416666666627,50.0,36.70245359709446,0.049999999999999954,0.03999999645020431
1300.0,0.6388888888888324,3.650263892394552,3.847222222222183,50.0,36.7074494594296,0.049999999999999954,0.039999996494300576
1301.0,0.6386111111110546,3.650083336795448,3.8470277777777384,50.0,36.712441331295224,0.049999999999999954,0.039999996537849074
1302.0,0.6383333333332768,3.6499027811968845,3.8468333333332936,50.0,36.717429215185405,0.049999999999999954,0.0399999965808566
1303.0,0.638055555555499,3.6497222255988557,3.846638888888849,50.0,36.72241311359261,0.049999999999999954,0.039999996623329884
1304.0,0.6377777777777212,3.6495416700013545,3.846444444444405,50.0,36.727393029007715,0.049999999999999954,0.03999999666527555
1305.0,0.6374999999999433,3.6493611144043743,3.8462499999999604,50.0,36.73236896392012,0.049999999999999954,0.03999999670670017
1306.0,0.6372222222221655,3.649180558807909,3.846055555555516,50.0,36.7373409208177,0.049999999999999954,0.03999999674761019
1307.0,0.6369444444443877,3.649000003211951,3.845861111111071,50.0,36.74230890218661,0.049999999999999954,0.03999999678801203
1308.0,0.6366666666666099,3.6488194476164955,3.845666666666627,50.0,36.74727291051164,0.049999999999999954,0.03999999682791198
1309.0,0.636388888888832,3.648638892021536,3.8454722222221824,50.0,36.75223294827589,0.049999999999999954,0.039999996867316284
1310.0,0.6361111111110542,3.6484583364270655,3.845277777777738,50.0,36.75718901796097,0.049999999999999954,0.03999999690623111
1311.0,0.6358333333332764,3.6482777808330784,3.8450833333332937,50.0,36.762141122046955,0.049999999999999954,0.03999999694466252
1312.0,0.6355555555554986,3.6480972252395687,3.844888888888849,50.0,36.76708926301234,0.049999999999999954,0.039999996982616526
1313.0,0.6352777777777208,3.6479166696465306,3.8446944444444044,50.0,36.77203344333407,0.049999999999999954,0.039999997020099064
1314.0,0.6349999999999429,3.6477361140539584,3.84449999999996,50.0,36.77697366548756,0.049999999999999954,0.03999999705711599
1315.0,0.6347222222221651,3.6475555584618453,3.8443055555555157,50.0,36.78190993194664,0.049999999999999954,0.03999999709367308
1316.0,0.6344444444443873,3.647375002870187,3.8441111111110713,50.0,36.78684224518361,0.049999999999999954,0.03999999712977605
1317.0,0.6341666666666095,3.647194447278977,3.8439166666666265,50.0,36.791770607669264,0.049999999999999954,0.03999999716543055
1318.0,0.6338888888888317,3.6470138916882098,3.843722222222182,50.0,36.79669502187278,0.049999999999999954,0.03999999720064213
1319.0,0.6336111111110538,3.6468333360978797,3.8435277777777377,50.0,36.801615490261895,0.049999999999999954,0.039999997235416314
1320.0,0.633333333333276,3.6466527805079822,3.8433333333332933,50.0,36.80653201530271,0.049999999999999954,0.039999997269758523
1321.0,0.6330555555554982,3.6464722249185106,3.8431388888888485,50.0,36.81144459945983,0.049999999999999954,0.03999999730367412
1322.0,0.6327777777777204,3.646291669329461,3.842944444444404,50.0,36.8163532451963,0.049999999999999954,0.03999999733716842
1323.0,0.6324999999999426,3.6461111137408273,3.8427499999999597,50.0,36.82125795497359,0.049999999999999954,0.03999999737024664
1324.0,0.6322222222221647,3.6459305581526045,3.8425555555555153,50.0,36.826158731251724,0.049999999999999954,0.03999999740291396
1325.0,0.6319444444443869,3.645750002564787,3.842361111111071,50.0,36.83105557648912,0.049999999999999954,0.03999999743517548
1326.0,0.6316666666666091,3.6455694469773703,3.842166666666626,50.0,36.83594849314272,0.049999999999999954,0.03999999746703624
1327.0,0.6313888888888313,3.6453888913903505,3.8419722222221817,50.0,36.840837483667826,0.049999999999999954,0.039999997498501215
1328.0,0.6311111111110534,3.6452083358037206,3.8417777777777373,50.0,36.8457225505183,0.049999999999999954,0.03999999752957533
1329.0,0.6308333333332756,3.6450277802174766,3.841583333333293,50.0,36.850603696146436,0.049999999999999954,0.039999997560263435
1330.0,0.6305555555554978,3.6448472246316146,3.8413888888888486,50.0,36.85548092300303,0.049999999999999954,0.03999999759057033
1331.0,0.63027777777772,3.6446666690461282,3.8411944444444037,50.0,36.86035423353724,0.049999999999999954,0.039999997620500743
1332.0,0.6299999999999422,3.644486113461014,3.8409999999999593,50.0,36.86522363019685,0.049999999999999954,0.039999997650059356
1333.0,0.6297222222221643,3.6443055578762675,3.840805555555515,50.0,36.87008911542796,0.049999999999999954,0.03999999767925078
1334.0,0.6294444444443865,3.644125002291883,3.8406111111110706,50.0,36.87495069167528,0.049999999999999954,0.03999999770807959
1335.0,0.6291666666666087,3.6439444467078568,3.840416666666626,50.0,36.87980836138189,0.049999999999999954,0.03999999773655028
1336.0,0.6288888888888309,3.643763891124184,3.8402222222221813,50.0,36.88466212698938,0.049999999999999954,0.039999997764667304
1337.0,0.6286111111110531,3.6435833355408604,3.840027777777737,50.0,36.88951199093782,0.049999999999999954,0.03999999779243505
1338.0,0.6283333333332752,3.6434027799578823,3.8398333333332926,50.0,36.894357955665726,0.049999999999999954,0.039999997819857865
1339.0,0.6280555555554974,3.6432222243752443,3.839638888888848,50.0,36.89920002361009,0.049999999999999954,0.03999999784694002
1340.0,0.6277777777777196,3.6430416687929434,3.839444444444404,50.0,36.90403819720643,0.049999999999999954,0.03999999787368576
1341.0,0.6274999999999418,3.642861113210974,3.839249999999959,50.0,36.908872478888725,0.049999999999999954,0.039999997900099254
1342.0,0.627222222222164,3.642680557629333,3.8390555555555146,50.0,36.91370287108941,0.049999999999999954,0.03999999792618464
1343.0,0.6269444444443861,3.6425000020480165,3.83886111111107,50.0,36.918529376239405,0.049999999999999954,0.03999999795194598
1344.0,0.6266666666666083,3.6423194464670194,3.838666666666626,50.0,36.92335199676813,0.049999999999999954,0.03999999797738732
1345.0,0.6263888888888305,3.6421388908863386,3.8384722222221814,50.0,36.92817073510349,0.049999999999999954,0.03999999800251262
1346.0,0.6261111111110527,3.641958335305969,3.8382777777777366,50.0,36.932985593671845,0.049999999999999954,0.0399999980273258
1347.0,0.6258333333332748,3.641777779725909,3.838083333333292,50.0,36.937796574898016,0.049999999999999954,0.03999999805183076
1348.0,0.625555555555497,3.6415972241461527,3.837888888888848,50.0,36.942603681205355,0.049999999999999954,0.0399999980760313
1349.0,0.6252777777777192,3.6414166685666975,3.8376944444444034,50.0,36.94740691501573,0.049999999999999954,0.039999998099931225
1350.0,0.6249999999999414,3.641236112987539,3.837499999999959,50.0,36.95220627874943,0.049999999999999954,0.039999998123534254
1351.0,0.6247222222221636,3.641055557408673,3.8373055555555142,50.0,36.95700177482519,0.049999999999999954,0.03999999814684409
1352.0,0.6244444444443857,3.6408750018300973,3.83711111111107,50.0,36.96179340566039,0.049999999999999954,0.03999999816986436
1353.0,0.6241666666666079,3.640694446251808,3.8369166666666255,50.0,36.96658117367076,0.049999999999999954,0.03999999819259867
1354.0,0.6238888888888301,3.6405138906738004,3.836722222222181,50.0,36.97136508127056,0.049999999999999954,0.03999999821505057
1355.0,0.6236111111110523,3.640333335096072,3.8365277777777367,50.0,36.97614513087257,0.049999999999999954,0.03999999823722357
1356.0,0.6233333333332745,3.6401527795186186,3.836333333333292,50.0,36.980921324888016,0.049999999999999954,0.03999999825912113
1357.0,0.6230555555554966,3.639972223941437,3.8361388888888475,50.0,36.985693665726615,0.049999999999999954,0.03999999828074667
1358.0,0.6227777777777188,3.639791668364525,3.835944444444403,50.0,36.99046215579665,0.049999999999999954,0.03999999830210358
1359.0,0.622499999999941,3.6396111127878776,3.8357499999999587,50.0,36.99522679750481,0.049999999999999954,0.03999999832319519
1360.0,0.6222222222221632,3.639430557211493,3.8355555555555143,50.0,36.99998759325638,0.049999999999999954,0.03999999834402479
1361.0,0.6219444444443853,3.6392500016353657,3.8353611111110695,50.0,37.004744545455026,0.049999999999999954,0.03999999836459564
1362.0,0.6216666666666075,3.639069446059495,3.835166666666625,50.0,37.009497656503015,0.049999999999999954,0.03999999838491096
1363.0,0.6213888888888297,3.638888890483877,3.8349722222221807,50.0,37.014246928801015,0.049999999999999954,0.03999999840497392
1364.0,0.6211111111110519,3.6387083349085074,3.8347777777777363,50.0,37.01899236474827,0.049999999999999954,0.03999999842478765
1365.0,0.6208333333332741,3.6385277793333843,3.834583333333292,50.0,37.0237339667425,0.049999999999999954,0.03999999844435525
1366.0,0.6205555555554962,3.6383472237585037,3.834388888888847,50.0,37.02847173717993,0.049999999999999954,0.03999999846367978
1367.0,0.6202777777777184,3.638166668183864,3.8341944444444027,50.0,37.03320567845532,0.049999999999999954,0.039999998482764254
1368.0,0.6199999999999406,3.637986112609461,3.8339999999999583,50.0,37.03793579296183,0.049999999999999954,0.03999999850161166
1369.0,0.6197222222221628,3.637805557035292,3.833805555555514,50.0,37.042662083091216,0.049999999999999954,0.039999998520224934
1370.0,0.619444444444385,3.637625001461355,3.8336111111110696,50.0,37.04738455123373,0.049999999999999954,0.039999998538606994
1371.0,0.6191666666666071,3.637444445887645,3.8334166666666247,50.0,37.05210319977812,0.049999999999999954,0.03999999855676071
1372.0,0.6188888888888293,3.637263890314161,3.8332222222221803,50.0,37.05681803111156,0.049999999999999954,0.039999998574688916
1373.0,0.6186111111110515,3.6370833347409004,3.833027777777736,50.0,37.0615290476199,0.049999999999999954,0.03999999859239441
1374.0,0.6183333333332737,3.636902779167859,3.8328333333332916,50.0,37.06623625168737,0.049999999999999954,0.03999999860987997
1375.0,0.6180555555554959,3.636722223595035,3.832638888888847,50.0,37.07093964569674,0.049999999999999954,0.039999998627148314
1376.0,0.617777777777718,3.6365416680224256,3.8324444444444024,50.0,37.07563923202929,0.049999999999999954,0.03999999864420215
1377.0,0.6174999999999402,3.6363611124500284,3.832249999999958,50.0,37.080335013064825,0.049999999999999954,0.039999998661044145
1378.0,0.6172222222221624,3.63618055687784,3.8320555555555136,50.0,37.08502699118168,0.049999999999999954,0.03999999867767692
1379.0,0.6169444444443846,3.636000001305858,3.831861111111069,50.0,37.08971516875664,0.049999999999999954,0.03999999869410308
1380.0,0.6166666666666067,3.635819445734081,3.831666666666625,50.0,37.09439954816503,0.049999999999999954,0.039999998710325196
1381.0,0.6163888888888289,3.635638890162504,3.83147222222218,50.0,37.09908013178074,0.049999999999999954,0.03999999872634579
1382.0,0.6161111111110511,3.6354583345911267,3.8312777777777356,50.0,37.10375692197613,0.049999999999999954,0.03999999874216738
1383.0,0.6158333333332733,3.6352777790199466,3.831083333333291,50.0,37.10842992112214,0.049999999999999954,0.03999999875779242
1384.0,0.6155555555554955,3.63509722344896,3.830888888888847,50.0,37.113099131588115,0.049999999999999954,0.03999999877322337
1385.0,0.6152777777777176,3.6349166678781653,3.8306944444444024,50.0,37.117764555741985,0.049999999999999954,0.03999999878846263
1386.0,0.6149999999999398,3.634736112307559,3.8304999999999576,50.0,37.1224261959502,0.049999999999999954,0.039999998803512585
1387.0,0.614722222222162,3.634555556737141,3.830305555555513,50.0,37.12708405457772,0.049999999999999954,0.03999999881837559
1388.0,0.6144444444443842,3.634375001166907,3.830111111111069,50.0,37.13173813398805,0.049999999999999954,0.03999999883305396
1389.0,0.6141666666666064,3.6341944455968553,3.8299166666666244,50.0,37.1363884365432,0.049999999999999954,0.03999999884755
1390.0,0.6138888888888285,3.634013890026984,3.82972222222218,50.0,37.141034964603705,0.049999999999999954,0.03999999886186596
1391.0,0.6136111111110507,3.63383333445729,3.8295277777777352,50.0,37.145677720528624,0.049999999999999954,0.03999999887600409
1392.0,0.6133333333332729,3.6336527788877717,3.829333333333291,50.0,37.15031670667554,0.049999999999999954,0.03999999888996659
1393.0,0.6130555555554951,3.6334722233184276,3.8291388888888465,50.0,37.15495192540055,0.049999999999999954,0.03999999890375564
1394.0,0.6127777777777172,3.633291667749254,3.828944444444402,50.0,37.15958337905829,0.049999999999999954,0.03999999891737341
1395.0,0.6124999999999394,3.63311111218025,3.8287499999999577,50.0,37.164211070001954,0.049999999999999954,0.03999999893082201
1396.0,0.6122222222221616,3.632930556611413,3.828555555555513,50.0,37.168835000583215,0.049999999999999954,0.039999998944103554
1397.0,0.6119444444443838,3.6327500010427407,3.8283611111110685,50.0,37.17345517315232,0.049999999999999954,0.03999999895722011
1398.0,0.611666666666606,3.6325694454742314,3.828166666666624,50.0,37.17807159005798,0.049999999999999954,0.03999999897017373
1399.0,0.6113888888888281,3.632388889905883,3.8279722222221797,50.0,37.18268425364755,0.049999999999999954,0.03999999898296643
1400.0,0.6111111111110503,3.632208334337694,3.8277777777777353,50.0,37.187293166266784,0.049999999999999954,0.03999999899560022
1401.0,0.6108333333332725,3.632027778769661,3.8275833333332905,50.0,37.191898330260074,0.049999999999999954,0.039999999008077075
1402.0,0.6105555555554947,3.6318472232017838,3.827388888888846,50.0,37.196499747970336,0.049999999999999954,0.03999999902039894
1403.0,0.6102777777777169,3.6316666676340597,3.8271944444444017,50.0,37.20109742173895,0.049999999999999954,0.03999999903256774
1404.0,0.609999999999939,3.6314861120664865,3.8269999999999573,50.0,37.205691353905934,0.049999999999999954,0.03999999904458538
1405.0,0.6097222222221612,3.631305556499062,3.826805555555513,50.0,37.21028154680977,0.049999999999999954,0.039999999056453725
1406.0,0.6094444444443834,3.6311250009317853,3.826611111111068,50.0,37.214868002787455,0.049999999999999954,0.03999999906817464
1407.0,0.6091666666666056,3.630944445364655,3.8264166666666237,50.0,37.21945072417458,0.049999999999999954,0.03999999907974996
1408.0,0.6088888888888278,3.6307638897976675,3.8262222222221793,50.0,37.2240297133053,0.049999999999999954,0.03999999909118149
1409.0,0.6086111111110499,3.6305833342308227,3.826027777777735,50.0,37.228604972512244,0.049999999999999954,0.03999999910247101
1410.0,0.6083333333332721,3.630402778664118,3.8258333333332906,50.0,37.23317650412662,0.049999999999999954,0.039999999113620295
1411.0,0.6080555555554943,3.6302222230975514,3.8256388888888457,50.0,37.237744310478206,0.049999999999999954,0.03999999912463108
1412.0,0.6077777777777165,3.630041667531122,3.8254444444444013,50.0,37.24230839389526,0.049999999999999954,0.03999999913550508
1413.0,0.6074999999999386,3.6298611119648276,3.825249999999957,50.0,37.2468687567046,0.049999999999999954,0.039999999146244004
1414.0,0.6072222222221608,3.6296805563986663,3.8250555555555126,50.0,37.25142540123164,0.049999999999999954,0.03999999915684953
1415.0,0.606944444444383,3.629500000832637,3.824861111111068,50.0,37.255978329800314,0.049999999999999954,0.03999999916732331
1416.0,0.6066666666666052,3.6293194452667374,3.8246666666666234,50.0,37.260527544733065,0.049999999999999954,0.03999999917766699
1417.0,0.6063888888888274,3.629138889700967,3.824472222222179,50.0,37.26507304835093,0.049999999999999954,0.03999999918788217
1418.0,0.6061111111110495,3.628958334135323,3.8242777777777346,50.0,37.26961484297351,0.049999999999999954,0.03999999919797046
1419.0,0.6058333333332717,3.628777778569804,3.82408333333329,50.0,37.27415293091889,0.049999999999999954,0.03999999920793343
1420.0,0.6055555555554939,3.62859722300441,3.823888888888846,50.0,37.27868731450371,0.049999999999999954,0.039999999217772635
1421.0,0.6052777777777161,3.628416667439137,3.823694444444401,50.0,37.28321799604328,0.049999999999999954,0.03999999922748962
1422.0,0.6049999999999383,3.628236111873985,3.8234999999999566,50.0,37.28774497785133,0.049999999999999954,0.039999999237085894
1423.0,0.6047222222221604,3.6280555563089525,3.823305555555512,50.0,37.29226826224016,0.049999999999999954,0.039999999246562966
1424.0,0.6044444444443826,3.6278750007440377,3.823111111111068,50.0,37.29678785152072,0.049999999999999954,0.03999999925592231
1425.0,0.6041666666666048,3.6276944451792392,3.8229166666666234,50.0,37.3013037480024,0.049999999999999954,0.03999999926516539
1426.0,0.603888888888827,3.627513889614555,3.8227222222221786,50.0,37.3058159539932,0.049999999999999954,0.03999999927429365
1427.0,0.6036111111110491,3.6273333340499847,3.8225277777777342,50.0,37.31032447179973,0.049999999999999954,0.03999999928330852
1428.0,0.6033333333332713,3.627152778485526,3.82233333333329,50.0,37.314829303727095,0.049999999999999954,0.0399999992922114
1429.0,0.6030555555554935,3.6269722229211783,3.8221388888888455,50.0,37.31933045207893,0.049999999999999954,0.03999999930100369
1430.0,0.6027777777777157,3.6267916673569394,3.8219444444444006,50.0,37.32382791915751,0.049999999999999954,0.03999999930968676
1431.0,0.6024999999999379,3.626611111792809,3.8217499999999562,50.0,37.32832170726357,0.049999999999999954,0.03999999931826197
1432.0,0.60222222222216,3.6264305562287844,3.821555555555512,50.0,37.33281181869654,0.049999999999999954,0.03999999932673065
1433.0,0.6019444444443822,3.6262500006648657,3.8213611111110675,50.0,37.33729825575432,0.049999999999999954,0.039999999335094134
1434.0,0.6016666666666044,3.6260694451010504,3.821166666666623,50.0,37.34178102073338,0.049999999999999954,0.03999999934335373
1435.0,0.6013888888888266,3.6258888895373373,3.8209722222221782,50.0,37.34626011592877,0.049999999999999954,0.03999999935151072
1436.0,0.6011111111110488,3.625708333973726,3.820777777777734,50.0,37.35073554363407,0.049999999999999954,0.03999999935956638
1437.0,0.6008333333332709,3.6255277784102153,3.8205833333332895,50.0,37.35520730614155,0.049999999999999954,0.03999999936752197
1438.0,0.6005555555554931,3.625347222846803,3.820388888888845,50.0,37.35967540574188,0.049999999999999954,0.039999999375378736
1439.0,0.6002777777777153,3.625166667283488,3.8201944444444007,50.0,37.36413984472438,0.049999999999999954,0.039999999383137905
1440.0,0.5999999999999375,3.6249861117202764,3.8199999999999625,50.0,37.368600625376985,0.049999999999999954,0.039999999390800685
1441.0,0.5997222222221597,3.6248333339349306,3.8198333333332957,50.0,37.37305774998612,0.049999999999999954,0.03999999939836828
1442.0,0.5994444444443818,3.624680556149679,3.819666666666629,50.0,37.37751122083682,0.049999999999999954,0.03999999940584187
1443.0,0.599166666666604,3.624527778364521,3.8194999999999624,50.0,37.38196104021267,0.049999999999999954,0.03999999941322262
1444.0,0.5988888888888262,3.624375000579454,3.8193333333332955,50.0,37.38640721039587,0.049999999999999954,0.03999999942051168
1445.0,0.5986111111110484,3.6242222227944776,3.819166666666629,50.0,37.39084973366715,0.049999999999999954,0.0399999994277102
1446.0,0.5983333333332705,3.6240694450095905,3.818999999999962,50.0,37.39528861230582,0.049999999999999954,0.0399999994348193
1447.0,0.5980555555554927,3.6239166672247918,3.8188333333332953,50.0,37.399723848589815,0.049999999999999954,0.03999999944184009
1448.0,0.5977777777777149,3.6237638894400805,3.818666666666629,50.0,37.40415544479555,0.049999999999999954,0.03999999944877366
1449.0,0.5974999999999371,3.623611111655455,3.818499999999962,50.0,37.40858340319812,0.049999999999999954,0.0399999994556211
1450.0,0.5972222222221593,3.6234583338709156,3.8183333333332956,50.0,37.4130077260711,0.049999999999999954,0.03999999946238348
1451.0,0.5969444444443814,3.623305556086459,3.8181666666666287,50.0,37.41742841568674,0.049999999999999954,0.03999999946906186
1452.0,0.5966666666666036,3.6231527783020856,3.817999999999962,50.0,37.42184547431583,0.049999999999999954,0.03999999947565728
1453.0,0.5963888888888258,3.623000000517795,3.8178333333332954,50.0,37.42625890422772,0.049999999999999954,0.03999999948217077
1454.0,0.596111111111048,3.622847222733584,3.8176666666666286,50.0,37.43066870769036,0.049999999999999954,0.03999999948860335
1455.0,0.5958333333332702,3.622694444949454,3.817499999999962,50.0,37.435074886970256,0.049999999999999954,0.039999999494956015
1456.0,0.5955555555554923,3.622541667165402,3.8173333333332953,50.0,37.43947744433257,0.049999999999999954,0.03999999950122977
1457.0,0.5952777777777145,3.6223888893814284,3.8171666666666284,50.0,37.44387638204097,0.049999999999999954,0.03999999950742559
1458.0,0.5949999999999367,3.622236111597532,3.816999999999962,50.0,37.44827170235777,0.049999999999999954,0.039999999513544444
1459.0,0.5947222222221589,3.622083333813711,3.816833333333295,50.0,37.45266340754381,0.049999999999999954,0.03999999951958729
1460.0,0.594444444444381,3.621930556029966,3.8166666666666287,50.0,37.45705149985855,0.049999999999999954,0.03999999952555507
1461.0,0.5941666666666032,3.6217777782462943,3.816499999999962,50.0,37.461435981560044,0.049999999999999954,0.03999999953144872
1462.0,0.5938888888888254,3.6216250004626955,3.816333333333295,50.0,37.465816854904915,0.049999999999999954,0.039999999537269154
1463.0,0.5936111111110476,3.6214722226791705,3.8161666666666285,50.0,37.47019412214837,0.049999999999999954,0.039999999543017285
1464.0,0.5933333333332698,3.6213194448957156,3.8159999999999616,50.0,37.47456778554425,0.049999999999999954,0.039999999548694015
1465.0,0.5930555555554919,3.6211666671123317,3.815833333333295,50.0,37.47893784734498,0.049999999999999954,0.039999999554300225
1466.0,0.5927777777777141,3.621013889329017,3.8156666666666283,50.0,37.4833043098015,0.049999999999999954,0.039999999559836796
1467.0,0.5924999999999363,3.6208611115457714,3.8154999999999615,50.0,37.48766717516344,0.049999999999999954,0.03999999956530459
1468.0,0.5922222222221585,3.620708333762594,3.815333333333295,50.0,37.49202644567896,0.049999999999999954,0.039999999570704464
1469.0,0.5919444444443807,3.620555555979483,3.815166666666628,50.0,37.496382123594856,0.049999999999999954,0.03999999957603726
1470.0,0.5916666666666028,3.620402778196439,3.8149999999999618,50.0,37.5007342111565,0.049999999999999954,0.03999999958130381
1471.0,0.591388888888825,3.62025000041346,3.814833333333295,50.0,37.50508271060784,0.049999999999999954,0.039999999586504936
1472.0,0.5911111111110472,3.6200972226305455,3.814666666666628,50.0,37.50942762419146,0.049999999999999954,0.03999999959164145
1473.0,0.5908333333332694,3.6199444448476954,3.8144999999999616,50.0,37.51376895414859,0.049999999999999954,0.039999999596714166
1474.0,0.5905555555554916,3.6197916670649075,3.8143333333332947,50.0,37.51810670271891,0.049999999999999954,0.03999999960172386
1475.0,0.5902777777777137,3.6196388892821827,3.8141666666666283,50.0,37.522440872140805,0.049999999999999954,0.039999999606671326
1476.0,0.5899999999999359,3.6194861114995183,3.8139999999999614,50.0,37.52677146465129,0.049999999999999954,0.039999999611557334
1477.0,0.5897222222221581,3.6193333337169156,3.8138333333332946,50.0,37.5310984824859,0.049999999999999954,0.03999999961638265
1478.0,0.5894444444443803,3.6191805559343724,3.813666666666628,50.0,37.535421927878815,0.049999999999999954,0.039999999621148016
1479.0,0.5891666666666024,3.6190277781518883,3.8134999999999613,50.0,37.53974180306278,0.049999999999999954,0.03999999962585419
1480.0,0.5888888888888246,3.618875000369463,3.813333333333295,50.0,37.54405811026919,0.049999999999999954,0.0399999996305019
1481.0,0.5886111111110468,3.618722222587095,3.813166666666628,50.0,37.548370851728066,0.049999999999999954,0.039999999635091876
1482.0,0.588333333333269,3.618569444804784,3.812999999999961,50.0,37.552680029667954,0.049999999999999954,0.039999999639624834
1483.0,0.5880555555554912,3.61841666702253,3.8128333333332947,50.0,37.55698564631609,0.049999999999999954,0.03999999964410148
1484.0,0.5877777777777133,3.618263889240331,3.812666666666628,50.0,37.561287703898245,0.049999999999999954,0.03999999964852252
1485.0,0.5874999999999355,3.618111111458187,3.8124999999999614,50.0,37.56558620463886,0.049999999999999954,0.03999999965288864
1486.0,0.5872222222221577,3.617958333676097,3.8123333333332945,50.0,37.56988115076098,0.049999999999999954,0.039999999657200525
1487.0,0.5869444444443799,3.617805555894061,3.8121666666666276,50.0,37.5741725444862,0.049999999999999954,0.03999999966145885
1488.0,0.586666666666602,3.617652778112078,3.811999999999961,50.0,37.578460388034785,0.049999999999999954,0.039999999665664275
1489.0,0.5863888888888242,3.6175000003301467,3.8118333333332943,50.0,37.582744683625606,0.049999999999999954,0.03999999966981746
1490.0,0.5861111111110464,3.617347222548268,3.811666666666628,50.0,37.58702543347613,0.049999999999999954,0.039999999673919054
1491.0,0.5858333333332686,3.6171944447664393,3.811499999999961,50.0,37.59130263980245,0.049999999999999954,0.039999999677969696
1492.0,0.5855555555554908,3.617041666984661,3.811333333333294,50.0,37.59557630481925,0.049999999999999954,0.03999999968197002
1493.0,0.585277777777713,3.616888889202933,3.8111666666666277,50.0,37.59984643073983,0.049999999999999954,0.03999999968592065
1494.0,0.5849999999999351,3.616736111421253,3.810999999999961,50.0,37.60411301977615,0.049999999999999954,0.0399999996898222
1495.0,0.5847222222221573,3.6165833336396225,3.8108333333332944,50.0,37.60837607413879,0.049999999999999954,0.03999999969367529
1496.0,0.5844444444443795,3.616430555858039,3.8106666666666276,50.0,37.61263559603691,0.049999999999999954,0.03999999969748052
1497.0,0.5841666666666017,3.6162777780765034,3.8104999999999607,50.0,37.61689158767825,0.049999999999999954,0.03999999970123848
1498.0,0.5838888888888238,3.6161250002950145,3.8103333333332943,50.0,37.62114405126931,0.049999999999999954,0.03999999970494975
1499.0,0.583611111111046,3.6159722225135713,3.8101666666666274,50.0,37.62539298901504,0.049999999999999954,0.039999999708614925
1500.0,0.5833333333332682,3.6158194447321743,3.809999999999961,50.0,37.629638403119145,0.049999999999999954,0.039999999712234564
1501.0,0.5830555555554904,3.6156666669508217,3.809833333333294,50.0,37.633880295783854,0.049999999999999954,0.03999999971580924
1502.0,0.5827777777777126,3.615513889169513,3.8096666666666272,50.0,37.63811866921009,0.049999999999999954,0.03999999971933951
1503.0,0.5824999999999347,3.61536111138825,3.809499999999961,50.0,37.6423535255974,0.049999999999999954,0.03999999972282593
1504.0,0.5822222222221569,3.615208333607028,3.809333333333294,50.0,37.64658486714393,0.049999999999999954,0.03999999972626904
1505.0,0.5819444444443791,3.6150555558258506,3.8091666666666275,50.0,37.65081269604639,0.049999999999999954,0.03999999972966938
1506.0,0.5816666666666013,3.6149027780447147,3.8089999999999606,50.0,37.65503701450024,0.049999999999999954,0.03999999973302748
1507.0,0.5813888888888235,3.61475000026362,3.8088333333332938,50.0,37.65925782469952,0.049999999999999954,0.03999999973634386
1508.0,0.5811111111110456,3.6145972224825673,3.8086666666666273,50.0,37.663475128836865,0.049999999999999954,0.03999999973961905
1509.0,0.5808333333332678,3.6144444447015545,3.8084999999999605,50.0,37.667688929103576,0.049999999999999954,0.03999999974285355
1510.0,0.58055555555549,3.614291666920583,3.808333333333294,50.0,37.67189922768955,0.049999999999999954,0.03999999974604787
1511.0,0.5802777777777122,3.6141388891396504,3.808166666666627,50.0,37.67610602678337,0.049999999999999954,0.039999999749202514
1512.0,0.5799999999999343,3.6139861113587566,3.8079999999999603,50.0,37.68030932857221,0.049999999999999954,0.039999999752317966
1513.0,0.5797222222221565,3.6138333335779027,3.807833333333294,50.0,37.68450913524185,0.049999999999999954,0.03999999975539472
1514.0,0.5794444444443787,3.613680555797086,3.807666666666627,50.0,37.68870544897675,0.049999999999999954,0.039999999758433255
1515.0,0.5791666666666009,3.6135277780163078,3.8074999999999606,50.0,37.69289827196002,0.049999999999999954,0.03999999976143404
1516.0,0.5788888888888231,3.6133750002355667,3.8073333333332937,50.0,37.69708760637337,0.049999999999999954,0.039999999764397554
1517.0,0.5786111111110452,3.6132222224548616,3.807166666666627,50.0,37.70127345439715,0.049999999999999954,0.039999999767324254
1518.0,0.5783333333332674,3.6130694446741938,3.8069999999999604,50.0,37.705455818210396,0.049999999999999954,0.039999999770214595
1519.0,0.5780555555554896,3.612916666893561,3.8068333333332935,50.0,37.70963469999066,0.049999999999999954,0.039999999773069034
1520.0,0.5777777777777118,3.6127638891129648,3.806666666666627,50.0,37.71381010191425,0.049999999999999954,0.039999999775888015
1521.0,0.577499999999934,3.6126111113324026,3.8064999999999602,50.0,37.71798202615611,0.049999999999999954,0.039999999778671975
1522.0,0.5772222222221561,3.612458333551875,3.8063333333332934,50.0,37.72215047488976,0.049999999999999954,0.03999999978142135
1523.0,0.5769444444443783,3.612305555771383,3.806166666666627,50.0,37.726315450287416,0.049999999999999954,0.039999999784136576
1524.0,0.5766666666666005,3.6121527779909233,3.80599999999996,50.0,37.73047695451987,0.049999999999999954,0.03999999978681807
1525.0,0.5763888888888227,3.6120000002104975,3.8058333333332937,50.0,37.734634989756614,0.049999999999999954,0.03999999978946626
1526.0,0.5761111111110448,3.611847222430104,3.805666666666627,50.0,37.73878955816582,0.049999999999999954,0.03999999979208155
1527.0,0.575833333333267,3.6116944446497437,3.80549999999996,50.0,37.74294066191419,0.049999999999999954,0.03999999979466435
1528.0,0.5755555555554892,3.611541666869415,3.8053333333332935,50.0,37.747088303167175,0.049999999999999954,0.039999999797215066
1529.0,0.5752777777777114,3.611388889089118,3.8051666666666266,50.0,37.7512324840888,0.049999999999999954,0.0399999997997341
1530.0,0.5749999999999336,3.611236111308853,3.80499999999996,50.0,37.755373206841796,0.049999999999999954,0.03999999980222184
1531.0,0.5747222222221557,3.6110833335286183,3.8048333333332933,50.0,37.75951047358751,0.049999999999999954,0.03999999980467868
1532.0,0.5744444444443779,3.6109305557484137,3.8046666666666265,50.0,37.76364428648594,0.049999999999999954,0.039999999807104995
1533.0,0.5741666666666001,3.61077777796824,3.80449999999996,50.0,37.767774647695774,0.049999999999999954,0.039999999809501176
1534.0,0.5738888888888223,3.610625000188096,3.804333333333293,50.0,37.77190155937427,0.049999999999999954,0.03999999981186759
1535.0,0.5736111111110445,3.6104722224079806,3.8041666666666263,50.0,37.77602502367745,0.049999999999999954,0.03999999981420461
1536.0,0.5733333333332666,3.6103194446278954,3.80399999999996,50.0,37.7801450427599,0.049999999999999954,0.039999999816512595
1537.0,0.5730555555554888,3.610166666847838,3.803833333333293,50.0,37.78426161877485,0.049999999999999954,0.03999999981879191
1538.0,0.572777777777711,3.6100138890678095,3.8036666666666266,50.0,37.78837475387422,0.049999999999999954,0.039999999821042916
1539.0,0.5724999999999332,3.6098611112878083,3.8034999999999597,50.0,37.79248445020863,0.049999999999999954,0.03999999982326596
1540.0,0.5722222222221554,3.609708333507835,3.803333333333293,50.0,37.79659070992727,0.049999999999999954,0.03999999982546138
1541.0,0.5719444444443775,3.6095555557278893,3.8031666666666264,50.0,37.80069353517803,0.049999999999999954,0.039999999827629536
1542.0,0.5716666666665997,3.60940277794797,3.8029999999999595,50.0,37.80479292810742,0.049999999999999954,0.03999999982977075
1543.0,0.5713888888888219,3.6092500001680783,3.802833333333293,50.0,37.80888889086066,0.049999999999999954,0.039999999831885374
1544.0,0.5711111111110441,3.6090972223882116,3.8026666666666262,50.0,37.812981425581654,0.049999999999999954,0.039999999833973725
1545.0,0.5708333333332662,3.608944444608371,3.8024999999999594,50.0,37.81707053441289,0.049999999999999954,0.03999999983603614
1546.0,0.5705555555554884,3.6087916668285565,3.802333333333293,50.0,37.82115621949555,0.049999999999999954,0.039999999838072925
1547.0,0.5702777777777106,3.6086388890487675,3.802166666666626,50.0,37.825238482969496,0.049999999999999954,0.03999999984008441
1548.0,0.5699999999999328,3.6084861112690034,3.8019999999999596,50.0,37.82931732697318,0.049999999999999954,0.039999999842070914
1549.0,0.569722222222155,3.6083333334892633,3.8018333333332928,50.0,37.83339275364381,0.049999999999999954,0.03999999984403274
1550.0,0.5694444444443771,3.608180555709548,3.801666666666626,50.0,37.837464765117204,0.049999999999999954,0.0399999998459702
1551.0,0.5691666666665993,3.6080277779298573,3.8014999999999595,50.0,37.8415333635279,0.049999999999999954,0.039999999847883584
1552.0,0.5688888888888215,3.6078750001501896,3.8013333333332926,50.0,37.845598551009004,0.049999999999999954,0.039999999849773205
1553.0,0.5686111111110437,3.6077222223705463,3.801166666666626,50.0,37.849660329692426,0.049999999999999954,0.03999999985163935
1554.0,0.5683333333332659,3.607569444590925,3.8009999999999593,50.0,37.8537187017086,0.049999999999999954,0.039999999853482314
1555.0,0.568055555555488,3.6074166668113268,3.8008333333332924,50.0,37.85777366918671,0.049999999999999954,0.039999999855302386
1556.0,0.5677777777777102,3.6072638890317523,3.800666666666626,50.0,37.86182523425458,0.049999999999999954,0.039999999857099844
1557.0,0.5674999999999324,3.6071111112521987,3.800499999999959,50.0,37.86587339903872,0.049999999999999954,0.03999999985887498
1558.0,0.5672222222221546,3.6069583334726683,3.8003333333332927,50.0,37.86991816566433,0.049999999999999954,0.03999999986062806
1559.0,0.5669444444443767,3.6068055556931586,3.800166666666626,50.0,37.873959536255256,0.049999999999999954,0.039999999862359366
1560.0,0.5666666666665989,3.6066527779136712,3.799999999999959,50.0,37.87799751293397,0.049999999999999954,0.039999999864069165
1561.0,0.5663888888888211,3.606500000134205,3.7998333333332925,50.0,37.88203209782171,0.049999999999999954,0.039999999865757724
1562.0,0.5661111111110433,3.6063472223547595,3.7996666666666257,50.0,37.88606329303832,0.049999999999999954,0.03999999986742531
1563.0,0.5658333333332655,3.606194444575335,3.7994999999999592,50.0,37.890091100702364,0.049999999999999954,0.03999999986907218
1564.0,0.5655555555554876,3.6060416667959307,3.7993333333332924,50.0,37.89411552293109,0.049999999999999954,0.039999999870698584
1565.0,0.5652777777777098,3.6058888890165464,3.7991666666666255,50.0,37.898136561840374,0.049999999999999954,0.03999999987230479
1566.0,0.564999999999932,3.6057361112371824,3.798999999999959,50.0,37.9021542195448,0.049999999999999954,0.039999999873891044
1567.0,0.5647222222221542,3.6055833334578384,3.798833333333292,50.0,37.90616849815757,0.049999999999999954,0.0399999998754576
1568.0,0.5644444444443764,3.6054305556785136,3.798666666666626,50.0,37.91017939979065,0.049999999999999954,0.039999999877004686
1569.0,0.5641666666665985,3.6052777778992073,3.798499999999959,50.0,37.91418692655469,0.049999999999999954,0.039999999878532554
1570.0,0.5638888888888207,3.605125000119921,3.798333333333292,50.0,37.91819108055893,0.049999999999999954,0.039999999880041444
1571.0,0.5636111111110429,3.604972222340653,3.7981666666666256,50.0,37.92219186391134,0.049999999999999954,0.03999999988153159
1572.0,0.5633333333332651,3.6048194445614032,3.7979999999999587,50.0,37.926189278718596,0.049999999999999954,0.03999999988300323
1573.0,0.5630555555554873,3.604666666782173,3.7978333333332923,50.0,37.93018332708607,0.049999999999999954,0.039999999884456586
1574.0,0.5627777777777094,3.6045138890029595,3.7976666666666254,50.0,37.93417401111776,0.049999999999999954,0.03999999988589189
1575.0,0.5624999999999316,3.604361111223764,3.7974999999999586,50.0,37.938161332916366,0.049999999999999954,0.03999999988730936
1576.0,0.5622222222221538,3.604208333444587,3.797333333333292,50.0,37.94214529458327,0.049999999999999954,0.039999999888709226
1577.0,0.561944444444376,3.6040555556654263,3.7971666666666253,50.0,37.94612589821861,0.049999999999999954,0.0399999998900917
1578.0,0.5616666666665981,3.603902777886283,3.796999999999959,50.0,37.950103145921105,0.049999999999999954,0.03999999989145701
1579.0,0.5613888888888203,3.6037500001071567,3.796833333333292,50.0,37.95407703978822,0.049999999999999954,0.039999999892805345
1580.0,0.5611111111110425,3.6035972223280472,3.796666666666625,50.0,37.958047581916105,0.049999999999999954,0.03999999989413694
1581.0,0.5608333333332647,3.6034444445489546,3.7964999999999587,50.0,37.96201477439962,0.049999999999999954,0.03999999989545199
1582.0,0.5605555555554869,3.603291666769878,3.796333333333292,50.0,37.965978619332304,0.049999999999999954,0.03999999989675071
1583.0,0.560277777777709,3.6031388889908182,3.7961666666666254,50.0,37.96993911880634,0.049999999999999954,0.039999999898033295
1584.0,0.5599999999999312,3.602986111211773,3.7959999999999585,50.0,37.97389627491265,0.049999999999999954,0.03999999989929994
1585.0,0.5597222222221534,3.6028333334327445,3.7958333333332916,50.0,37.977850089740855,0.049999999999999954,0.03999999990055086
1586.0,0.5594444444443756,3.6026805556537314,3.795666666666625,50.0,37.98180056537922,0.049999999999999954,0.03999999990178623
1587.0,0.5591666666665978,3.6025277778747338,3.7954999999999584,50.0,37.98574770391474,0.049999999999999954,0.03999999990300626
1588.0,0.5588888888888199,3.602375000095751,3.795333333333292,50.0,37.98969150743312,0.049999999999999954,0.03999999990421114
1589.0,0.5586111111110421,3.602222222316783,3.795166666666625,50.0,37.993631978018755,0.049999999999999954,0.03999999990540105
1590.0,0.5583333333332643,3.6020694445378303,3.794999999999958,50.0,37.99756911775472,0.049999999999999954,0.03999999990657617
1591.0,0.5580555555554865,3.601916666758892,3.7948333333332918,50.0,38.0015029287228,0.049999999999999954,0.0399999999077367
1592.0,0.5577777777777086,3.601763888979968,3.794666666666625,50.0,38.00543341300346,0.049999999999999954,0.03999999990888281
1593.0,0.5574999999999308,3.6016111112010587,3.7944999999999585,50.0,38.00936057267586,0.049999999999999954,0.03999999991001468
1594.0,0.557222222222153,3.601458333422163,3.7943333333332916,50.0,38.01328440981791,0.049999999999999954,0.0399999999111325
1595.0,0.5569444444443752,3.6013055556432807,3.7941666666666247,50.0,38.017204926506224,0.049999999999999954,0.03999999991223643
1596.0,0.5566666666665974,3.6011527778644132,3.7939999999999583,50.0,38.02112212481603,0.049999999999999954,0.039999999913326645
1597.0,0.5563888888888195,3.6010000000855586,3.7938333333332914,50.0,38.02503600682138,0.049999999999999954,0.03999999991440332
1598.0,0.5561111111110417,3.6008472223067174,3.793666666666625,50.0,38.0289465745949,0.049999999999999954,0.039999999915466614
1599.0,0.5558333333332639,3.6006944445278894,3.793499999999958,50.0,38.03285383020801,0.049999999999999954,0.039999999916516704
1600.0,0.5555555555554861,3.600541666749075,3.7933333333332913,50.0,38.03675777573079,0.049999999999999954,0.03999999991755375
1601.0,0.5552777777777083,3.6003888889702726,3.793166666666625,50.0,38.04065841323205,0.049999999999999954,0.03999999991857791
1602.0,0.5549999999999304,3.6002361111914833,3.792999999999958,50.0,38.04455574477936,0.049999999999999954,0.03999999991958935
1603.0,0.5547222222221526,3.600083333412707,3.7928333333332915,50.0,38.04844977243886,0.049999999999999954,0.039999999920588225
1604.0,0.5544444444443748,3.5999305556339425,3.7926666666666247,50.0,38.052340498275555,0.049999999999999954,0.03999999992157469
1605.0,0.554166666666597,3.59977777785519,3.792499999999958,50.0,38.05622792435304,0.049999999999999954,0.03999999992254891
1606.0,0.5538888888888192,3.5996250000764505,3.7923333333332914,50.0,38.06011205273364,0.049999999999999954,0.03999999992351102
1607.0,0.5536111111110413,3.5994722222977225,3.7921666666666245,50.0,38.063992885478456,0.049999999999999954,0.039999999924461176
1608.0,0.5533333333332635,3.5993194445190064,3.791999999999958,50.0,38.06787042464725,0.049999999999999954,0.03999999992539953
1609.0,0.5530555555554857,3.599166666740302,3.791833333333291,50.0,38.07174467229851,0.049999999999999954,0.03999999992632623
1610.0,0.5527777777777079,3.599013888961609,3.7916666666666243,50.0,38.07561563048944,0.049999999999999954,0.039999999927241424
1611.0,0.55249999999993,3.5988611111829276,3.791499999999958,50.0,38.07948330127596,0.049999999999999954,0.03999999992814524
1612.0,0.5522222222221522,3.598708333404257,3.791333333333291,50.0,38.08334768671267,0.049999999999999954,0.039999999929037834
1613.0,0.5519444444443744,3.598555555625598,3.7911666666666246,50.0,38.087208788852934,0.049999999999999954,0.03999999992991934
1614.0,0.5516666666665966,3.598402777846949,3.7909999999999577,50.0,38.09106660974879,0.049999999999999954,0.03999999993078989
1615.0,0.5513888888888188,3.5982500000683113,3.790833333333291,50.0,38.09492115145105,0.049999999999999954,0.039999999931649634
1616.0,0.5511111111110409,3.5980972222896854,3.7906666666666244,50.0,38.09877241600918,0.049999999999999954,0.0399999999324987
1617.0,0.5508333333332631,3.5979444445110684,3.7904999999999576,50.0,38.102620405471384,0.049999999999999954,0.03999999993333721
1618.0,0.5505555555554853,3.597791666732463,3.790333333333291,50.0,38.10646512188464,0.049999999999999954,0.0399999999341653
1619.0,0.5502777777777075,3.597638888953867,3.7901666666666243,50.0,38.11030656729457,0.049999999999999954,0.03999999993498311
1620.0,0.5499999999999297,3.5974861111752814,3.7899999999999574,50.0,38.114144743745555,0.049999999999999954,0.039999999935790766
1621.0,0.5497222222221518,3.597333333396706,3.789833333333291,50.0,38.11797965328071,0.049999999999999954,0.039999999936588385
1622.0,0.549444444444374,3.5971805556181407,3.789666666666624,50.0,38.12181129794186,0.049999999999999954,0.039999999937376095
1623.0,0.5491666666665962,3.5970277778395854,3.7894999999999577,50.0,38.12563967976956,0.049999999999999954,0.03999999993815402
1624.0,0.5488888888888184,3.596875000061039,3.789333333333291,50.0,38.12946480080302,0.049999999999999954,0.03999999993892228
1625.0,0.5486111111110406,3.596722222282502,3.789166666666624,50.0,38.1332866630803,0.049999999999999954,0.039999999939681
1626.0,0.5483333333332627,3.596569444503975,3.7889999999999575,50.0,38.137105268638095,0.049999999999999954,0.0399999999404303
1627.0,0.5480555555554849,3.5964166667254576,3.7888333333332906,50.0,38.14092061951186,0.049999999999999954,0.03999999994117028
1628.0,0.5477777777777071,3.596263888946949,3.788666666666624,50.0,38.14473271773579,0.049999999999999954,0.03999999994190107
1629.0,0.5474999999999293,3.596111111168449,3.7884999999999573,50.0,38.14854156534278,0.049999999999999954,0.03999999994262279
1630.0,0.5472222222221514,3.5959583333899587,3.7883333333332905,50.0,38.152347164364414,0.049999999999999954,0.039999999943335536
1631.0,0.5469444444443736,3.595805555611477,3.788166666666624,50.0,38.156149516831135,0.049999999999999954,0.03999999994403943
1632.0,0.5466666666665958,3.595652777833004,3.787999999999957,50.0,38.15994862477203,0.049999999999999954,0.039999999944734584
1633.0,0.546388888888818,3.5955000000545403,3.7878333333332908,50.0,38.16374449021487,0.049999999999999954,0.0399999999454211
1634.0,0.5461111111110402,3.595347222276084,3.787666666666624,50.0,38.167537115186235,0.049999999999999954,0.03999999994609908
1635.0,0.5458333333332623,3.5951944444976363,3.787499999999957,50.0,38.17132650171146,0.049999999999999954,0.03999999994676865
1636.0,0.5455555555554845,3.595041666719198,3.7873333333332906,50.0,38.17511265181457,0.049999999999999954,0.0399999999474299
1637.0,0.5452777777777067,3.594888888940767,3.7871666666666237,50.0,38.17889556751828,0.049999999999999954,0.03999999994808293
1638.0,0.5449999999999289,3.5947361111623444,3.7869999999999573,50.0,38.18267525084411,0.049999999999999954,0.039999999948727855
1639.0,0.544722222222151,3.594583333383929,3.7868333333332904,50.0,38.18645170381234,0.049999999999999954,0.03999999994936477
1640.0,0.5444444444443732,3.5944305556055225,3.7866666666666235,50.0,38.19022492844192,0.049999999999999954,0.039999999949993766
1641.0,0.5441666666665954,3.5942777778271235,3.786499999999957,50.0,38.19399492675052,0.049999999999999954,0.03999999995061495
1642.0,0.5438888888888176,3.594125000048732,3.7863333333332903,50.0,38.197761700754654,0.049999999999999954,0.03999999995122842
1643.0,0.5436111111110398,3.593972222270349,3.786166666666624,50.0,38.20152525246948,0.049999999999999954,0.039999999951834266
1644.0,0.543333333333262,3.5938194444919724,3.785999999999957,50.0,38.2052855839089,0.049999999999999954,0.039999999952432586
1645.0,0.5430555555554841,3.5936666667136037,3.78583333333329,50.0,38.209042697085636,0.049999999999999954,0.039999999953023474
1646.0,0.5427777777777063,3.5935138889352425,3.7856666666666237,50.0,38.21279659401108,0.049999999999999954,0.03999999995360702
1647.0,0.5424999999999285,3.5933611111568884,3.785499999999957,50.0,38.216547276695394,0.049999999999999954,0.039999999954183324
1648.0,0.5422222222221507,3.5932083333785414,3.7853333333332904,50.0,38.22029474714748,0.049999999999999954,0.039999999954752466
1649.0,0.5419444444443728,3.5930555556002015,3.7851666666666235,50.0,38.22403900737493,0.049999999999999954,0.03999999995531454
1650.0,0.541666666666595,3.5929027778218687,3.7849999999999566,50.0,38.2277800593842,0.049999999999999954,0.03999999995586963
1651.0,0.5413888888888172,3.5927500000435426,3.78483333333329,50.0,38.2315179051804,0.049999999999999954,0.03999999995641782
1652.0,0.5411111111110394,3.592597222265223,3.7846666666666233,50.0,38.23525254676741,0.049999999999999954,0.03999999995695921
1653.0,0.5408333333332616,3.5924444444869112,3.784499999999957,50.0,38.2389839861479,0.049999999999999954,0.03999999995749387
1654.0,0.5405555555554837,3.592291666708605,3.78433333333329,50.0,38.2427122253232,0.049999999999999954,0.039999999958021885
1655.0,0.5402777777777059,3.5921388889303056,3.784166666666623,50.0,38.24643726629347,0.049999999999999954,0.03999999995854334
1656.0,0.5399999999999281,3.5919861111520137,3.7839999999999567,50.0,38.2501591110576,0.049999999999999954,0.03999999995905833
1657.0,0.5397222222221503,3.5918333333737267,3.78383333333329,50.0,38.25387776161318,0.049999999999999954,0.03999999995956691
1658.0,0.5394444444443725,3.5916805555954467,3.7836666666666234,50.0,38.25759321995662,0.049999999999999954,0.03999999996006918
1659.0,0.5391666666665946,3.5915277778171726,3.7834999999999566,50.0,38.26130548808305,0.049999999999999954,0.039999999960565205
1660.0,0.5388888888888168,3.591375000038905,3.7833333333332897,50.0,38.26501456798633,0.049999999999999954,0.03999999996105507
1661.0,0.538611111111039,3.591222222260644,3.7831666666666233,50.0,38.268720461659086,0.049999999999999954,0.03999999996153885
1662.0,0.5383333333332612,3.591069444482388,3.7829999999999564,50.0,38.27242317109278,0.049999999999999954,0.03999999996201662
1663.0,0.5380555555554833,3.590916666704139,3.78283333333329,50.0,38.276122698277504,0.049999999999999954,0.03999999996248846
1664.0,0.5377777777777055,3.5907638889258946,3.782666666666623,50.0,38.2798190452022,0.049999999999999954,0.03999999996295443
1665.0,0.5374999999999277,3.5906111111476564,3.7824999999999562,50.0,38.28351221385452,0.049999999999999954,0.03999999996341462
1666.0,0.5372222222221499,3.5904583333694244,3.78233333333329,50.0,38.287202206220854,0.049999999999999954,0.03999999996386909
1667.0,0.5369444444443721,3.590305555591198,3.782166666666623,50.0,38.2908890242864,0.049999999999999954,0.03999999996431791
1668.0,0.5366666666665942,3.590152777812977,3.7819999999999565,50.0,38.29457267003511,0.049999999999999954,0.03999999996476116
1669.0,0.5363888888888164,3.590000000034761,3.7818333333332896,50.0,38.29825314544968,0.049999999999999954,0.0399999999651989
1670.0,0.5361111111110386,3.589847222256551,3.7816666666666228,50.0,38.301930452511556,0.049999999999999954,0.03999999996563121
1671.0,0.5358333333332608,3.5896944444783463,3.7814999999999563,50.0,38.30560459320094,0.049999999999999954,0.039999999966058145
1672.0,0.535555555555483,3.5895416667001467,3.7813333333332895,50.0,38.30927556949683,0.049999999999999954,0.03999999996647977
1673.0,0.5352777777777051,3.589388888921953,3.781166666666623,50.0,38.31294338337699,0.049999999999999954,0.03999999996689617
1674.0,0.5349999999999273,3.5892361111437636,3.780999999999956,50.0,38.31660803681791,0.049999999999999954,0.03999999996730739
1675.0,0.5347222222221495,3.5890833333655796,3.7808333333332893,50.0,38.32026953179491,0.049999999999999954,0.0399999999677135
1676.0,0.5344444444443717,3.5889305555874014,3.780666666666623,50.0,38.32392787028198,0.049999999999999954,0.03999999996811457
1677.0,0.5341666666665938,3.588777777809227,3.780499999999956,50.0,38.32758305425193,0.049999999999999954,0.039999999968510655
1678.0,0.533888888888816,3.588625000031058,3.7803333333332896,50.0,38.33123508567638,0.049999999999999954,0.03999999996890182
1679.0,0.5336111111110382,3.5884722222528938,3.7801666666666227,50.0,38.33488396652564,0.049999999999999954,0.03999999996928813
1680.0,0.5333333333332604,3.5883194444747346,3.779999999999956,50.0,38.33852969876881,0.049999999999999954,0.03999999996966964
1681.0,0.5330555555554826,3.5881666666965804,3.7798333333332894,50.0,38.34217228437376,0.049999999999999954,0.039999999970046406
1682.0,0.5327777777777047,3.58801388891843,3.7796666666666225,50.0,38.34581172530716,0.049999999999999954,0.0399999999704185
1683.0,0.5324999999999269,3.587861111140285,3.779499999999956,50.0,38.34944802353442,0.049999999999999954,0.03999999997078596
1684.0,0.5322222222221491,3.5877083333621442,3.7793333333332892,50.0,38.35308118101972,0.049999999999999954,0.039999999971148864
1685.0,0.5319444444443713,3.5875555555840077,3.7791666666666224,50.0,38.35671119972602,0.049999999999999954,0.03999999997150726
1686.0,0.5316666666665935,3.587402777805876,3.778999999999956,50.0,38.360338081615055,0.049999999999999954,0.0399999999718612
1687.0,0.5313888888888156,3.587250000027749,3.778833333333289,50.0,38.363961828647405,0.049999999999999954,0.039999999972210744
1688.0,0.5311111111110378,3.5870972222496262,3.7786666666666227,50.0,38.36758244278229,0.049999999999999954,0.03999999997255595
1689.0,0.53083333333326,3.586944444471507,3.778499999999956,50.0,38.37119992597775,0.049999999999999954,0.03999999997289686
1690.0,0.5305555555554822,3.5867916666933928,3.778333333333289,50.0,38.37481428019066,0.049999999999999954,0.039999999973233544
1691.0,0.5302777777777044,3.5866388889152825,3.7781666666666225,50.0,38.378425507376676,0.049999999999999954,0.03999999997356604
1692.0,0.5299999999999265,3.586486111137176,3.7779999999999556,50.0,38.38203360949012,0.049999999999999954,0.03999999997389441
1693.0,0.5297222222221487,3.5863333333590743,3.777833333333289,50.0,38.3856385884842,0.049999999999999954,0.0399999999742187
1694.0,0.5294444444443709,3.586180555580976,3.7776666666666223,50.0,38.38924044631085,0.049999999999999954,0.03999999997453896
1695.0,0.5291666666665931,3.5860277778028817,3.7774999999999554,50.0,38.392839184920774,0.049999999999999954,0.03999999997485524
1696.0,0.5288888888888152,3.585875000024792,3.777333333333289,50.0,38.39643480626353,0.049999999999999954,0.039999999975167594
1697.0,0.5286111111110374,3.5857222222467056,3.777166666666622,50.0,38.400027312287364,0.049999999999999954,0.03999999997547606
1698.0,0.5283333333332596,3.5855694444686232,3.7769999999999557,50.0,38.403616704939395,0.049999999999999954,0.0399999999757807
1699.0,0.5280555555554818,3.5854166666905445,3.776833333333289,50.0,38.40720298616549,0.049999999999999954,0.03999999997608156
1700.0,0.527777777777704,3.5852638889124697,3.776666666666622,50.0,38.41078615791025,0.049999999999999954,0.039999999976378674
1701.0,0.5274999999999261,3.5851111111343985,3.7764999999999556,50.0,38.41436622211711,0.049999999999999954,0.0399999999766721
1702.0,0.5272222222221483,3.5849583333563304,3.7763333333332887,50.0,38.41794318072829,0.049999999999999954,0.03999999997696188
1703.0,0.5269444444443705,3.584805555578267,3.7761666666666223,50.0,38.42151703568476,0.049999999999999954,0.03999999997724806
1704.0,0.5266666666665927,3.584652777800206,3.7759999999999554,50.0,38.42508778892636,0.049999999999999954,0.03999999997753069
1705.0,0.5263888888888149,3.584500000022149,3.7758333333332885,50.0,38.42865544239163,0.049999999999999954,0.03999999997780981
1706.0,0.526111111111037,3.5843472222440957,3.775666666666622,50.0,38.4322199980179,0.049999999999999954,0.039999999978085454
1707.0,0.5258333333332592,3.584194444466046,3.7754999999999552,50.0,38.43578145774137,0.049999999999999954,0.03999999997835768
1708.0,0.5255555555554814,3.5840416666879995,3.775333333333289,50.0,38.43933982349694,0.049999999999999954,0.03999999997862652
1709.0,0.5252777777777036,3.583888888909956,3.775166666666622,50.0,38.442895097218354,0.049999999999999954,0.039999999978892024
1710.0,0.5249999999999257,3.583736111131916,3.774999999999955,50.0,38.44644728083813,0.049999999999999954,0.03999999997915423
1711.0,0.5247222222221479,3.583583333353879,3.7748333333332886,50.0,38.44999637628763,0.049999999999999954,0.03999999997941318
1712.0,0.5244444444443701,3.5834305555758457,3.7746666666666218,50.0,38.45354238549692,0.049999999999999954,0.03999999997966891
1713.0,0.5241666666665923,3.5832777777978158,3.7744999999999553,50.0,38.45708531039486,0.049999999999999954,0.039999999979921465
1714.0,0.5238888888888145,3.583125000019788,3.7743333333332885,50.0,38.46062515290919,0.049999999999999954,0.03999999998017088
1715.0,0.5236111111110366,3.582972222241764,3.7741666666666216,50.0,38.46416191496638,0.049999999999999954,0.0399999999804172
1716.0,0.5233333333332588,3.582819444463743,3.773999999999955,50.0,38.46769559849173,0.049999999999999954,0.03999999998066046
1717.0,0.523055555555481,3.582666666685725,3.7738333333332883,50.0,38.47122620540932,0.049999999999999954,0.039999999980900695
1718.0,0.5227777777777032,3.58251388890771,3.773666666666622,50.0,38.47475373764206,0.049999999999999954,0.03999999998113795
1719.0,0.5224999999999254,3.5823611111296976,3.773499999999955,50.0,38.47827819711159,0.049999999999999954,0.039999999981372256
1720.0,0.5222222222221475,3.5822083333516885,3.773333333333288,50.0,38.48179958573837,0.049999999999999954,0.039999999981603654
1721.0,0.5219444444443697,3.582055555573682,3.7731666666666217,50.0,38.48531790544172,0.049999999999999954,0.03999999998183217
1722.0,0.5216666666665919,3.5819027777956784,3.772999999999955,50.0,38.4888331581397,0.049999999999999954,0.03999999998205785
1723.0,0.5213888888888141,3.5817500000176783,3.7728333333332884,50.0,38.492345345749186,0.049999999999999954,0.03999999998228073
1724.0,0.5211111111110363,3.5815972222396804,3.7726666666666215,50.0,38.49585447018586,0.049999999999999954,0.03999999998250084
1725.0,0.5208333333332584,3.5814444444616846,3.7724999999999547,50.0,38.49936053336421,0.049999999999999954,0.039999999982718214
1726.0,0.5205555555554806,3.5812916666836925,3.7723333333332882,50.0,38.50286353719753,0.049999999999999954,0.03999999998293289
1727.0,0.5202777777777028,3.5811388889057025,3.7721666666666214,50.0,38.50636348359791,0.049999999999999954,0.0399999999831449
1728.0,0.519999999999925,3.5809861111277157,3.771999999999955,50.0,38.509860374476204,0.049999999999999954,0.039999999983354274
1729.0,0.5197222222221471,3.5808333333497306,3.771833333333288,50.0,38.51335421174218,0.049999999999999954,0.039999999983561046
1730.0,0.5194444444443693,3.5806805555717487,3.771666666666621,50.0,38.516844997304304,0.049999999999999954,0.03999999998376525
1731.0,0.5191666666665915,3.5805277777937694,3.7714999999999548,50.0,38.52033273306989,0.049999999999999954,0.03999999998396692
1732.0,0.5188888888888137,3.5803750000157923,3.771333333333288,50.0,38.52381742094508,0.049999999999999954,0.03999999998416609
1733.0,0.5186111111110359,3.5802222222378184,3.7711666666666215,50.0,38.52729906283474,0.049999999999999954,0.03999999998436278
1734.0,0.518333333333258,3.580069444459846,3.7709999999999546,50.0,38.530777660642684,0.049999999999999954,0.03999999998455703
1735.0,0.5180555555554802,3.5799166666818762,3.7708333333332877,50.0,38.53425321627145,0.049999999999999954,0.03999999998474886
1736.0,0.5177777777777024,3.579763888903909,3.7706666666666213,50.0,38.5377257316224,0.049999999999999954,0.03999999998493831
1737.0,0.5174999999999246,3.5796111111259443,3.7704999999999544,50.0,38.541195208595695,0.049999999999999954,0.03999999998512541
1738.0,0.5172222222221468,3.579458333347982,3.770333333333288,50.0,38.5446616490903,0.049999999999999954,0.03999999998531019
1739.0,0.5169444444443689,3.5793055555700213,3.770166666666621,50.0,38.54812505500405,0.049999999999999954,0.03999999998549267
1740.0,0.5166666666665911,3.5791527777920633,3.7699999999999543,50.0,38.55158542823358,0.049999999999999954,0.03999999998567288
1741.0,0.5163888888888133,3.5790000000141076,3.769833333333288,50.0,38.55504277067428,0.049999999999999954,0.039999999985850854
1742.0,0.5161111111110355,3.5788472222361536,3.769666666666621,50.0,38.55849708422039,0.049999999999999954,0.039999999986026616
1743.0,0.5158333333332576,3.5786944444582027,3.7694999999999546,50.0,38.56194837076498,0.049999999999999954,0.03999999998620019
1744.0,0.5155555555554798,3.578541666680253,3.7693333333332877,50.0,38.565396632199906,0.049999999999999954,0.03999999998637162
1745.0,0.515277777777702,3.578388888902306,3.769166666666621,50.0,38.568841870415895,0.049999999999999954,0.03999999998654091
1746.0,0.5149999999999242,3.5782361111243617,3.7689999999999544,50.0,38.57228408730242,0.049999999999999954,0.039999999986708105
1747.0,0.5147222222221464,3.5780833333464184,3.7688333333332875,50.0,38.57572328474788,0.049999999999999954,0.039999999986873216
1748.0,0.5144444444443685,3.5779305555684777,3.768666666666621,50.0,38.57915946463936,0.049999999999999954,0.03999999998703628
1749.0,0.5141666666665907,3.5777777777905384,3.768499999999954,50.0,38.58259262886287,0.049999999999999954,0.03999999998719732
1750.0,0.5138888888888129,3.5776250000126018,3.7683333333332873,50.0,38.586022779303164,0.049999999999999954,0.03999999998735636
1751.0,0.5136111111110351,3.577472222234667,3.768166666666621,50.0,38.589449917843865,0.049999999999999954,0.03999999998751342
1752.0,0.5133333333332573,3.5773194444567338,3.767999999999954,50.0,38.592874046367456,0.049999999999999954,0.03999999998766853
1753.0,0.5130555555554794,3.5771666666788033,3.7678333333332876,50.0,38.59629516675517,0.049999999999999954,0.039999999987821715
1754.0,0.5127777777777016,3.577013888900874,3.7676666666666208,50.0,38.599713280887045,0.049999999999999954,0.039999999987972996
1755.0,0.5124999999999238,3.5768611111229465,3.767499999999954,50.0,38.60312839064204,0.049999999999999954,0.0399999999881224
1756.0,0.512222222222146,3.576708333345022,3.7673333333332875,50.0,38.60654049789787,0.049999999999999954,0.03999999998826994
1757.0,0.5119444444443682,3.576555555567098,3.7671666666666206,50.0,38.60994960453115,0.049999999999999954,0.03999999998841565
1758.0,0.5116666666665903,3.5764027777891765,3.766999999999954,50.0,38.61335571241722,0.049999999999999954,0.03999999998855955
1759.0,0.5113888888888125,3.5762500000112563,3.7668333333332873,50.0,38.6167588234303,0.049999999999999954,0.039999999988701664
1760.0,0.5111111111110347,3.5760972222333383,3.7666666666666204,50.0,38.620158939443456,0.049999999999999954,0.03999999998884201
1761.0,0.5108333333332569,3.575944444455422,3.766499999999954,50.0,38.62355606232853,0.049999999999999954,0.039999999988980614
1762.0,0.510555555555479,3.5757916666775067,3.766333333333287,50.0,38.62695019395625,0.049999999999999954,0.0399999999891175
1763.0,0.5102777777777012,3.5756388888995945,3.7661666666666207,50.0,38.630341336196125,0.049999999999999954,0.03999999998925268
1764.0,0.5099999999999234,3.5754861111216827,3.765999999999954,50.0,38.63372949091655,0.049999999999999954,0.039999999989386185
1765.0,0.5097222222221456,3.5753333333437727,3.765833333333287,50.0,38.63711465998472,0.049999999999999954,0.03999999998951803
1766.0,0.5094444444443678,3.575180555565865,3.7656666666666205,50.0,38.64049684526668,0.049999999999999954,0.03999999998964824
1767.0,0.5091666666665899,3.575027777787959,3.7654999999999537,50.0,38.643876048627305,0.049999999999999954,0.03999999998977683
1768.0,0.5088888888888121,3.574875000010054,3.7653333333332872,50.0,38.647252271930256,0.049999999999999954,0.03999999998990383
1769.0,0.5086111111110343,3.5747222222321504,3.7651666666666204,50.0,38.650625517038065,0.049999999999999954,0.03999999999002924
1770.0,0.5083333333332565,3.574569444454249,3.7649999999999535,50.0,38.65399578581213,0.049999999999999954,0.0399999999901531
1771.0,0.5080555555554787,3.574416666676349,3.764833333333287,50.0,38.657363080112646,0.049999999999999954,0.03999999999027542
1772.0,0.5077777777777008,3.57426388889845,3.76466666666662,50.0,38.66072740179868,0.049999999999999954,0.03999999999039622
1773.0,0.507499999999923,3.5741111111205535,3.7644999999999538,50.0,38.664088752728105,0.049999999999999954,0.03999999999051552
1774.0,0.5072222222221452,3.5739583333426577,3.764333333333287,50.0,38.66744713475765,0.049999999999999954,0.039999999990633334
1775.0,0.5069444444443674,3.573805555564763,3.76416666666662,50.0,38.67080254974286,0.049999999999999954,0.039999999990749685
1776.0,0.5066666666665895,3.573652777786871,3.7639999999999536,50.0,38.67415499953813,0.049999999999999954,0.03999999999086459
1777.0,0.5063888888888117,3.5735000000089796,3.7638333333332867,50.0,38.677504485996735,0.049999999999999954,0.03999999999097807
1778.0,0.5061111111110339,3.5733472222310896,3.7636666666666203,50.0,38.68085101097074,0.049999999999999954,0.03999999999109014
1779.0,0.5058333333332561,3.573194444453201,3.7634999999999534,50.0,38.684194576311086,0.049999999999999954,0.03999999999120082
1780.0,0.5055555555554783,3.573041666675314,3.7633333333332866,50.0,38.68753518386757,0.049999999999999954,0.03999999999131012
1781.0,0.5052777777777004,3.5728888888974284,3.76316666666662,50.0,38.69087283548873,0.049999999999999954,0.03999999999141807
1782.0,0.5049999999999226,3.5727361111195437,3.7629999999999533,50.0,38.69420753302211,0.049999999999999954,0.03999999999152467
1783.0,0.5047222222221448,3.5725833333416612,3.762833333333287,50.0,38.69753927831397,0.049999999999999954,0.03999999999162995
1784.0,0.504444444444367,3.572430555563779,3.76266666666662,50.0,38.70086807320945,0.049999999999999954,0.039999999991733926
1785.0,0.5041666666665892,3.572277777785898,3.762499999999953,50.0,38.70419391955261,0.049999999999999954,0.03999999999183661
1786.0,0.5038888888888113,3.572125000008019,3.7623333333332867,50.0,38.707516819186196,0.049999999999999954,0.03999999999193801
1787.0,0.5036111111110335,3.5719722222301415,3.76216666666662,50.0,38.710836773951996,0.049999999999999954,0.03999999999203816
1788.0,0.5033333333332557,3.571819444452265,3.7619999999999534,50.0,38.714153785690485,0.049999999999999954,0.03999999999213706
1789.0,0.5030555555554779,3.571666666674389,3.7618333333332865,50.0,38.717467856241115,0.049999999999999954,0.03999999999223473
1790.0,0.5027777777777,3.571513888896515,3.7616666666666196,50.0,38.72077898744209,0.049999999999999954,0.03999999999233119
1791.0,0.5024999999999222,3.571361111118642,3.761499999999953,50.0,38.72408718113047,0.049999999999999954,0.039999999992426455
1792.0,0.5022222222221444,3.5712083333407696,3.7613333333332863,50.0,38.72739243914225,0.049999999999999954,0.03999999999252053
1793.0,0.5019444444443666,3.5710555555628996,3.76116666666662,50.0,38.730694763312215,0.049999999999999954,0.039999999992613444
1794.0,0.5016666666665888,3.57090277778503,3.760999999999953,50.0,38.73399415547402,0.049999999999999954,0.0399999999927052
1795.0,0.501388888888811,3.570750000007161,3.760833333333286,50.0,38.73729061746019,0.049999999999999954,0.03999999999279581
1796.0,0.5011111111110331,3.5705972222292943,3.7606666666666198,50.0,38.74058415110204,0.049999999999999954,0.0399999999928853
1797.0,0.5008333333332553,3.570444444451428,3.760499999999953,50.0,38.74387475822982,0.049999999999999954,0.039999999992973684
1798.0,0.5005555555554775,3.5702916666735627,3.7603333333332865,50.0,38.74716244067258,0.049999999999999954,0.03999999999306097
1799.0,0.5002777777776997,3.5701388888956984,3.7601666666666196,50.0,38.75044720025829,0.049999999999999954,0.03999999999314716
1800.0,0.4999999999999219,3.569986111117844,3.7599999999999607,50.0,38.753729038813674,0.049999999999999954,0.03999999999323229
1801.0,0.49972222222214413,3.5698611111177554,3.759861111111072,50.0,38.75700795816442,0.049999999999999954,0.03999999999331636
1802.0,0.49944444444436636,3.5697222222287834,3.759722222222183,50.0,38.76028482819055,0.049999999999999954,0.039999999993399385
1803.0,0.4991666666665886,3.569583333339813,3.759583333333294,50.0,38.76355965017291,0.049999999999999954,0.039999999993481375
1804.0,0.49888888888881083,3.5694444444508426,3.759444444444405,50.0,38.766832425391556,0.049999999999999954,0.03999999999356235
1805.0,0.49861111111103307,3.569305555561874,3.759305555555516,50.0,38.770103155125696,0.049999999999999954,0.03999999999364232
1806.0,0.4983333333332553,3.569166666672906,3.7591666666666272,50.0,38.77337184065374,0.049999999999999954,0.039999999993721294
1807.0,0.49805555555547754,3.5690277777839396,3.7590277777777388,50.0,38.77663848325335,0.049999999999999954,0.03999999999379929
1808.0,0.49777777777769977,3.5688888888949735,3.75888888888885,50.0,38.779903084201294,0.049999999999999954,0.03999999999387631
1809.0,0.497499999999922,3.5687500000060086,3.758749999999961,50.0,38.783165644773646,0.049999999999999954,0.03999999999395238
1810.0,0.49722222222214424,3.5686111111170447,3.758611111111072,50.0,38.78642616624569,0.049999999999999954,0.0399999999940275
1811.0,0.4969444444443665,3.5684722222280816,3.758472222222183,50.0,38.7896846498918,0.049999999999999954,0.03999999999410169
1812.0,0.4966666666665887,3.5683333333391194,3.7583333333332942,50.0,38.7929410969856,0.049999999999999954,0.03999999999417496
1813.0,0.49638888888881094,3.568194444450158,3.7581944444444053,50.0,38.7961955088,0.049999999999999954,0.03999999999424732
1814.0,0.4961111111110332,3.5680555555611977,3.7580555555555164,50.0,38.79944788660697,0.049999999999999954,0.039999999994318775
1815.0,0.4958333333332554,3.567916666672238,3.7579166666666275,50.0,38.80269823167782,0.049999999999999954,0.03999999999438934
1816.0,0.49555555555547764,3.5677777777832795,3.7577777777777386,50.0,38.80594654528301,0.049999999999999954,0.03999999999445904
1817.0,0.4952777777776999,3.567638888894322,3.7576388888888497,50.0,38.80919282869223,0.049999999999999954,0.039999999994527864
1818.0,0.4949999999999221,3.567500000005365,3.7574999999999608,50.0,38.8124370831743,0.049999999999999954,0.03999999999459584
1819.0,0.49472222222214435,3.567361111116409,3.757361111111072,50.0,38.815679309997336,0.049999999999999954,0.039999999994662964
1820.0,0.4944444444443666,3.567222222227454,3.757222222222183,50.0,38.8189195104286,0.049999999999999954,0.03999999999472926
1821.0,0.4941666666665888,3.5670833333384993,3.757083333333294,50.0,38.82215768573457,0.049999999999999954,0.039999999994794734
1822.0,0.49388888888881105,3.566944444449546,3.756944444444405,50.0,38.82539383718097,0.049999999999999954,0.03999999999485939
1823.0,0.4936111111110333,3.5668055555605935,3.7568055555555167,50.0,38.82862796603274,0.049999999999999954,0.03999999999492325
1824.0,0.4933333333332555,3.5666666666716416,3.7566666666666277,50.0,38.83186007355397,0.049999999999999954,0.03999999999498631
1825.0,0.49305555555547775,3.5665277777826905,3.756527777777739,50.0,38.835090161008,0.049999999999999954,0.03999999999504859
1826.0,0.4927777777777,3.56638888889374,3.75638888888885,50.0,38.838318229657375,0.049999999999999954,0.03999999999511009
1827.0,0.4924999999999222,3.56625000000479,3.756249999999961,50.0,38.841544280763856,0.049999999999999954,0.039999999995170836
1828.0,0.49222222222214446,3.5661111111158412,3.756111111111072,50.0,38.8447683155884,0.049999999999999954,0.03999999999523082
1829.0,0.4919444444443667,3.5659722222268933,3.755972222222183,50.0,38.84799033539116,0.049999999999999954,0.03999999999529007
1830.0,0.4916666666665889,3.5658333333379457,3.7558333333332943,50.0,38.85121034143157,0.049999999999999954,0.039999999995348576
1831.0,0.49138888888881116,3.565694444448999,3.7556944444444054,50.0,38.85442833496819,0.049999999999999954,0.039999999995406356
1832.0,0.4911111111110334,3.5655555555600533,3.7555555555555165,50.0,38.85764431725886,0.049999999999999954,0.039999999995463414
1833.0,0.49083333333325563,3.565416666671108,3.7554166666666275,50.0,38.860858289560554,0.049999999999999954,0.039999999995519765
1834.0,0.49055555555547786,3.565277777782163,3.7552777777777386,50.0,38.86407025312957,0.049999999999999954,0.039999999995575415
1835.0,0.4902777777777001,3.5651388888932196,3.7551388888888497,50.0,38.86728020922135,0.049999999999999954,0.03999999999563038
1836.0,0.48999999999992233,3.565000000004276,3.754999999999961,50.0,38.8704881590906,0.049999999999999954,0.039999999995684654
1837.0,0.48972222222214457,3.564861111115334,3.754861111111072,50.0,38.87369410399117,0.049999999999999954,0.03999999999573826
1838.0,0.4894444444443668,3.5647222222263917,3.754722222222183,50.0,38.876898045176176,0.049999999999999954,0.039999999995791194
1839.0,0.48916666666658903,3.5645833333374513,3.7545833333332945,50.0,38.880099983897935,0.049999999999999954,0.03999999999584348
1840.0,0.48888888888881127,3.5644444444485104,3.7544444444444056,50.0,38.883299921408025,0.049999999999999954,0.03999999999589511
1841.0,0.4886111111110335,3.564305555559571,3.7543055555555167,50.0,38.88649785895717,0.049999999999999954,0.0399999999959461
1842.0,0.48833333333325574,3.5641666666706313,3.754166666666628,50.0,38.8896937977953,0.049999999999999954,0.03999999999599645
1843.0,0.48805555555547797,3.5640277777816927,3.754027777777739,50.0,38.89288773917167,0.049999999999999954,0.039999999996046184
1844.0,0.4877777777777002,3.563888888892755,3.75388888888885,50.0,38.896079684334666,0.049999999999999954,0.0399999999960953
1845.0,0.48749999999992244,3.563750000003817,3.753749999999961,50.0,38.89926963453195,0.049999999999999954,0.0399999999961438
1846.0,0.4872222222221447,3.5636111111148807,3.753611111111072,50.0,38.902457591010375,0.049999999999999954,0.0399999999961917
1847.0,0.4869444444443669,3.5634722222259443,3.7534722222221832,50.0,38.90564355501601,0.049999999999999954,0.03999999999623901
1848.0,0.48666666666658914,3.5633333333370087,3.7533333333332943,50.0,38.90882752779413,0.049999999999999954,0.03999999999628573
1849.0,0.4863888888888114,3.5631944444480737,3.7531944444444054,50.0,38.91200951058926,0.049999999999999954,0.039999999996331866
1850.0,0.4861111111110336,3.563055555559139,3.7530555555555165,50.0,38.91518950464513,0.049999999999999954,0.03999999999637743
1851.0,0.48583333333325585,3.5629166666702052,3.7529166666666276,50.0,38.918367511204735,0.049999999999999954,0.03999999999642243
1852.0,0.4855555555554781,3.562777777781272,3.7527777777777387,50.0,38.921543531510224,0.049999999999999954,0.03999999999646687
1853.0,0.4852777777777003,3.562638888892339,3.7526388888888498,50.0,38.924717566803054,0.049999999999999954,0.03999999999651076
1854.0,0.48499999999992255,3.5625000000034075,3.7524999999999613,50.0,38.927889618323775,0.049999999999999954,0.0399999999965541
1855.0,0.4847222222221448,3.5623611111144755,3.7523611111110724,50.0,38.93105968731231,0.049999999999999954,0.039999999996596904
1856.0,0.484444444444367,3.5622222222255444,3.7522222222221835,50.0,38.93422777500774,0.049999999999999954,0.039999999996639175
1857.0,0.48416666666658925,3.5620833333366138,3.7520833333332946,50.0,38.93739388264834,0.049999999999999954,0.03999999999668092
1858.0,0.4838888888888115,3.5619444444476835,3.7519444444444057,50.0,38.940558011471694,0.049999999999999954,0.03999999999672215
1859.0,0.4836111111110337,3.5618055555587538,3.7518055555555168,50.0,38.9437201627145,0.049999999999999954,0.03999999999676287
1860.0,0.48333333333325595,3.561666666669825,3.751666666666628,50.0,38.94688033761281,0.049999999999999954,0.03999999999680308
1861.0,0.4830555555554782,3.561527777780896,3.751527777777739,50.0,38.95003853740178,0.049999999999999954,0.03999999999684279
1862.0,0.4827777777777004,3.561388888891968,3.75138888888885,50.0,38.95319476331588,0.049999999999999954,0.03999999999688201
1863.0,0.48249999999992266,3.5612500000030405,3.751249999999961,50.0,38.95634901658883,0.049999999999999954,0.03999999999692074
1864.0,0.4822222222221449,3.5611111111141134,3.751111111111072,50.0,38.95950129845346,0.049999999999999954,0.03999999999695899
1865.0,0.4819444444443671,3.5609722222251867,3.7509722222221833,50.0,38.962651610141904,0.049999999999999954,0.039999999996996764
1866.0,0.48166666666658936,3.5608333333362605,3.7508333333332944,50.0,38.96579995288556,0.049999999999999954,0.03999999999703407
1867.0,0.4813888888888116,3.5606944444473347,3.7506944444444055,50.0,38.968946327915035,0.049999999999999954,0.039999999997070906
1868.0,0.48111111111103383,3.5605555555584094,3.7505555555555166,50.0,38.972090736460075,0.049999999999999954,0.039999999997107294
1869.0,0.48083333333325606,3.5604166666694845,3.7504166666666277,50.0,38.97523317974981,0.049999999999999954,0.039999999997143224
1870.0,0.4805555555554783,3.5602777777805605,3.750277777777739,50.0,38.97837365901245,0.049999999999999954,0.03999999999717871
1871.0,0.48027777777770053,3.5601388888916365,3.7501388888888503,50.0,38.981512175475586,0.049999999999999954,0.03999999999721376
1872.0,0.47999999999992277,3.560000000002713,3.7499999999999614,50.0,38.984648730365905,0.049999999999999954,0.03999999999724837
1873.0,0.479722222222145,3.55986111111379,3.7498611111110725,50.0,38.9877833249094,0.049999999999999954,0.03999999999728255
1874.0,0.47944444444436723,3.5597222222248672,3.7497222222221835,50.0,38.990915960331336,0.049999999999999954,0.03999999999731631
1875.0,0.47916666666658947,3.559583333335945,3.7495833333332946,50.0,38.994046637856115,0.049999999999999954,0.03999999999734964
1876.0,0.4788888888888117,3.5594444444470232,3.7494444444444057,50.0,38.997175358707466,0.049999999999999954,0.03999999999738257
1877.0,0.47861111111103394,3.559305555558102,3.749305555555517,50.0,39.00030212410826,0.049999999999999954,0.03999999999741508
1878.0,0.47833333333325617,3.5591666666691806,3.749166666666628,50.0,39.003426935280686,0.049999999999999954,0.03999999999744719
1879.0,0.4780555555554784,3.55902777778026,3.749027777777739,50.0,39.00654979344614,0.049999999999999954,0.0399999999974789
1880.0,0.47777777777770064,3.55888888889134,3.74888888888885,50.0,39.00967069982522,0.049999999999999954,0.039999999997510215
1881.0,0.4774999999999229,3.55875000000242,3.748749999999961,50.0,39.012789655637846,0.049999999999999954,0.03999999999754114
1882.0,0.4772222222221451,3.5586111111135006,3.7486111111110723,50.0,39.01590666210308,0.049999999999999954,0.039999999997571686
1883.0,0.47694444444436734,3.5584722222245815,3.7484722222221833,50.0,39.01902172043924,0.049999999999999954,0.03999999999760185
1884.0,0.4766666666665896,3.558333333335663,3.7483333333332944,50.0,39.02213483186398,0.049999999999999954,0.03999999999763164
1885.0,0.4763888888888118,3.5581944444467446,3.7481944444444055,50.0,39.025245997594084,0.049999999999999954,0.03999999999766106
1886.0,0.47611111111103405,3.558055555557827,3.748055555555517,50.0,39.028355218845604,0.049999999999999954,0.03999999999769011
1887.0,0.4758333333332563,3.5579166666689095,3.747916666666628,50.0,39.03146249683385,0.049999999999999954,0.039999999997718805
1888.0,0.4755555555554785,3.557777777779992,3.7477777777777392,50.0,39.03456783277335,0.049999999999999954,0.03999999999774714
1889.0,0.47527777777770075,3.5576388888910753,3.7476388888888503,50.0,39.037671227877865,0.049999999999999954,0.03999999999777513
1890.0,0.474999999999923,3.557500000002159,3.7474999999999614,50.0,39.040772683360444,0.049999999999999954,0.039999999997802765
1891.0,0.4747222222221452,3.5573611111132424,3.7473611111110725,50.0,39.04387220043333,0.049999999999999954,0.039999999997830056
1892.0,0.47444444444436745,3.557222222224327,3.7472222222221836,50.0,39.046969780308075,0.049999999999999954,0.03999999999785701
1893.0,0.4741666666665897,3.5570833333354113,3.7470833333332947,50.0,39.050065424195395,0.049999999999999954,0.039999999997883624
1894.0,0.4738888888888119,3.556944444446496,3.7469444444444058,50.0,39.05315913330526,0.049999999999999954,0.039999999997909916
1895.0,0.47361111111103416,3.556805555557581,3.746805555555517,50.0,39.05625090884695,0.049999999999999954,0.03999999999793588
1896.0,0.4733333333332564,3.5566666666686664,3.746666666666628,50.0,39.0593407520289,0.049999999999999954,0.03999999999796152
1897.0,0.4730555555554786,3.556527777779752,3.746527777777739,50.0,39.06242866405887,0.049999999999999954,0.03999999999798684
1898.0,0.47277777777770086,3.5563888888908384,3.74638888888885,50.0,39.06551464614381,0.049999999999999954,0.03999999999801185
1899.0,0.4724999999999231,3.5562500000019246,3.7462499999999612,50.0,39.068598699489996,0.049999999999999954,0.039999999998036544
1900.0,0.4722222222221453,3.5561111111130113,3.7461111111110723,50.0,39.07168082530279,0.049999999999999954,0.039999999998060934
1901.0,0.47194444444436756,3.5559722222240984,3.7459722222221834,50.0,39.074761024786994,0.049999999999999954,0.03999999999808502
1902.0,0.4716666666665898,3.5558333333351864,3.745833333333295,50.0,39.07783929914649,0.049999999999999954,0.039999999998108805
1903.0,0.47138888888881203,3.555694444446274,3.745694444444406,50.0,39.08091564958454,0.049999999999999954,0.03999999999813229
1904.0,0.47111111111103426,3.555555555557362,3.745555555555517,50.0,39.083990077303554,0.049999999999999954,0.03999999999815549
1905.0,0.4708333333332565,3.55541666666845,3.745416666666628,50.0,39.08706258350526,0.049999999999999954,0.0399999999981784
1906.0,0.47055555555547873,3.5552777777795384,3.7452777777777393,50.0,39.09013316939058,0.049999999999999954,0.03999999999820103
1907.0,0.47027777777770097,3.5551388888906272,3.7451388888888504,50.0,39.09320183615972,0.049999999999999954,0.03999999999822337
1908.0,0.4699999999999232,3.555000000001716,3.7449999999999615,50.0,39.096268585012126,0.049999999999999954,0.03999999999824544
1909.0,0.46972222222214544,3.5548611111128054,3.7448611111110726,50.0,39.09933341714651,0.049999999999999954,0.039999999998267234
1910.0,0.46944444444436767,3.554722222223895,3.7447222222221836,50.0,39.102396333760794,0.049999999999999954,0.03999999999828876
1911.0,0.4691666666665899,3.554583333334985,3.7445833333332947,50.0,39.10545733605221,0.049999999999999954,0.03999999999831001
1912.0,0.46888888888881214,3.5544444444460748,3.744444444444406,50.0,39.1085164252172,0.049999999999999954,0.039999999998331
1913.0,0.4686111111110344,3.5543055555571654,3.744305555555517,50.0,39.111573602451415,0.049999999999999954,0.039999999998351736
1914.0,0.4683333333332566,3.554166666668256,3.744166666666628,50.0,39.114628868949865,0.049999999999999954,0.03999999999837221
1915.0,0.46805555555547884,3.5540277777793468,3.744027777777739,50.0,39.117682225906776,0.049999999999999954,0.03999999999839243
1916.0,0.4677777777777011,3.553888888890438,3.74388888888885,50.0,39.12073367451558,0.049999999999999954,0.0399999999984124
1917.0,0.4674999999999233,3.5537500000015294,3.7437499999999613,50.0,39.12378321596901,0.049999999999999954,0.03999999999843212
1918.0,0.46722222222214554,3.5536111111126214,3.743611111111073,50.0,39.12683085145903,0.049999999999999954,0.0399999999984516
1919.0,0.4669444444443678,3.553472222223713,3.743472222222184,50.0,39.12987658217685,0.049999999999999954,0.039999999998470835
1920.0,0.46666666666659,3.5533333333348054,3.743333333333295,50.0,39.13292040931299,0.049999999999999954,0.03999999999848983
1921.0,0.46638888888881225,3.5531944444458974,3.743194444444406,50.0,39.13596233405718,0.049999999999999954,0.03999999999850858
1922.0,0.4661111111110345,3.5530555555569903,3.743055555555517,50.0,39.13900235759837,0.049999999999999954,0.03999999999852711
1923.0,0.4658333333332567,3.552916666668083,3.7429166666666283,50.0,39.142040481124866,0.049999999999999954,0.03999999999854541
1924.0,0.46555555555547895,3.552777777779176,3.7427777777777393,50.0,39.14507670582418,0.049999999999999954,0.039999999998563476
1925.0,0.4652777777777012,3.5526388888902694,3.7426388888888504,50.0,39.14811103288304,0.049999999999999954,0.03999999999858132
1926.0,0.4649999999999234,3.5525000000013627,3.7424999999999615,50.0,39.15114346348747,0.049999999999999954,0.03999999999859895
1927.0,0.46472222222214565,3.5523611111124564,3.7423611111110726,50.0,39.154173998822785,0.049999999999999954,0.03999999999861635
1928.0,0.4644444444443679,3.55222222222355,3.7422222222221837,50.0,39.157202640073535,0.049999999999999954,0.03999999999863354
1929.0,0.4641666666665901,3.5520833333346444,3.742083333333295,50.0,39.16022938842349,0.049999999999999954,0.03999999999865051
1930.0,0.46388888888881236,3.5519444444457386,3.741944444444406,50.0,39.163254245055725,0.049999999999999954,0.039999999998667275
1931.0,0.4636111111110346,3.5518055555568333,3.741805555555517,50.0,39.16627721115259,0.049999999999999954,0.03999999999868383
1932.0,0.4633333333332568,3.551666666667928,3.741666666666628,50.0,39.16929828789563,0.049999999999999954,0.03999999999870018
1933.0,0.46305555555547906,3.5515277777790235,3.7415277777777396,50.0,39.17231747646571,0.049999999999999954,0.039999999998716326
1934.0,0.4627777777777013,3.5513888888901186,3.7413888888888507,50.0,39.175334778042895,0.049999999999999954,0.03999999999873227
1935.0,0.46249999999992353,3.5512500000012137,3.7412499999999618,50.0,39.17835019380664,0.049999999999999954,0.039999999998748016
1936.0,0.46222222222214576,3.5511111111123093,3.741111111111073,50.0,39.18136372493552,0.049999999999999954,0.039999999998763566
1937.0,0.461944444444368,3.5509722222234053,3.740972222222184,50.0,39.18437537260746,0.049999999999999954,0.03999999999877892
1938.0,0.46166666666659023,3.5508333333345012,3.740833333333295,50.0,39.18738513799957,0.049999999999999954,0.03999999999879409
1939.0,0.46138888888881247,3.5506944444455972,3.740694444444406,50.0,39.19039302228833,0.049999999999999954,0.03999999999880907
1940.0,0.4611111111110347,3.550555555556693,3.740555555555517,50.0,39.19339902664939,0.049999999999999954,0.039999999998823865
1941.0,0.46083333333325693,3.55041666666779,3.7404166666666283,50.0,39.196403152257744,0.049999999999999954,0.03999999999883847
1942.0,0.46055555555547917,3.5502777777788865,3.7402777777777394,50.0,39.19940540028756,0.049999999999999954,0.0399999999988529
1943.0,0.4602777777777014,3.5501388888899834,3.7401388888888505,50.0,39.20240577191237,0.049999999999999954,0.03999999999886714
1944.0,0.45999999999992364,3.5500000000010803,3.7399999999999616,50.0,39.2054042683049,0.049999999999999954,0.039999999998881215
1945.0,0.45972222222214587,3.5498611111121776,3.7398611111110727,50.0,39.20840089063722,0.049999999999999954,0.039999999998895114
1946.0,0.4594444444443681,3.549722222223275,3.7397222222221838,50.0,39.21139564008058,0.049999999999999954,0.03999999999890884
1947.0,0.45916666666659034,3.5495833333343727,3.739583333333295,50.0,39.21438851780556,0.049999999999999954,0.03999999999892239
1948.0,0.4588888888888126,3.54944444444547,3.739444444444406,50.0,39.217379524981936,0.049999999999999954,0.039999999998935776
1949.0,0.4586111111110348,3.5493055555565687,3.7393055555555175,50.0,39.22036866277881,0.049999999999999954,0.039999999998948994
1950.0,0.45833333333325704,3.5491666666676664,3.7391666666666286,50.0,39.2233559323646,0.049999999999999954,0.039999999998962046
1951.0,0.4580555555554793,3.5490277777787647,3.7390277777777396,50.0,39.22634133490686,0.049999999999999954,0.03999999999897494
1952.0,0.4577777777777015,3.5488888888898633,3.7388888888888507,50.0,39.229324871572544,0.049999999999999954,0.03999999999898767
1953.0,0.45749999999992375,3.5487500000009615,3.738749999999962,50.0,39.232306543527784,0.049999999999999954,0.039999999999000245
1954.0,0.457222222222146,3.54861111111206,3.738611111111073,50.0,39.2352863519381,0.049999999999999954,0.039999999999012666
1955.0,0.4569444444443682,3.5484722222231593,3.738472222222184,50.0,39.23826429796816,0.049999999999999954,0.03999999999902493
1956.0,0.45666666666659045,3.548333333334258,3.738333333333295,50.0,39.24124038278194,0.049999999999999954,0.039999999999037035
1957.0,0.4563888888888127,3.5481944444453575,3.738194444444406,50.0,39.24421460754269,0.049999999999999954,0.039999999999049
1958.0,0.4561111111110349,3.5480555555564566,3.7380555555555173,50.0,39.247186973412965,0.049999999999999954,0.03999999999906081
1959.0,0.45583333333325715,3.547916666667556,3.7379166666666284,50.0,39.250157481554595,0.049999999999999954,0.03999999999907247
1960.0,0.4555555555554794,3.5477777777786557,3.7377777777777395,50.0,39.2531261331286,0.049999999999999954,0.03999999999908399
1961.0,0.4552777777777016,3.547638888889755,3.7376388888888505,50.0,39.25609292929539,0.049999999999999954,0.03999999999909537
1962.0,0.45499999999992385,3.547500000000855,3.7374999999999616,50.0,39.259057871214566,0.049999999999999954,0.039999999999106604
1963.0,0.4547222222221461,3.547361111111955,3.7373611111110727,50.0,39.26202096004505,0.049999999999999954,0.0399999999991177
1964.0,0.4544444444443683,3.547222222223055,3.737222222222184,50.0,39.26498219694503,0.049999999999999954,0.039999999999128656
1965.0,0.45416666666659056,3.547083333334156,3.7370833333332953,50.0,39.267941583071945,0.049999999999999954,0.03999999999913948
1966.0,0.4538888888888128,3.5469444444452565,3.7369444444444064,50.0,39.27089911958251,0.049999999999999954,0.03999999999915017
1967.0,0.453611111111035,3.546805555556357,3.7368055555555175,50.0,39.273854807632745,0.049999999999999954,0.03999999999916072
1968.0,0.45333333333325726,3.5466666666674573,3.7366666666666286,50.0,39.276808648377994,0.049999999999999954,0.03999999999917114
1969.0,0.4530555555554795,3.546527777778558,3.7365277777777397,50.0,39.27976064297275,0.049999999999999954,0.03999999999918144
1970.0,0.45277777777770173,3.546388888889659,3.736388888888851,50.0,39.28271079257087,0.049999999999999954,0.039999999999191606
1971.0,0.45249999999992396,3.5462500000007604,3.736249999999962,50.0,39.28565909832554,0.049999999999999954,0.039999999999201646
1972.0,0.4522222222221462,3.5461111111118613,3.736111111111073,50.0,39.28860556138909,0.049999999999999954,0.03999999999921156
1973.0,0.45194444444436843,3.5459722222229626,3.735972222222184,50.0,39.29155018291323,0.049999999999999954,0.03999999999922135
1974.0,0.45166666666659067,3.5458333333340644,3.735833333333295,50.0,39.294492964048914,0.049999999999999954,0.039999999999231026
1975.0,0.4513888888888129,3.5456944444451657,3.7356944444444062,50.0,39.29743390594638,0.049999999999999954,0.039999999999240574
1976.0,0.45111111111103513,3.5455555555562674,3.7355555555555173,50.0,39.30037300975516,0.049999999999999954,0.039999999999250004
1977.0,0.45083333333325737,3.545416666667369,3.7354166666666284,50.0,39.303310276624075,0.049999999999999954,0.039999999999259316
1978.0,0.4505555555554796,3.545277777778471,3.7352777777777395,50.0,39.30624570770118,0.049999999999999954,0.039999999999268517
1979.0,0.45027777777770184,3.545138888889573,3.7351388888888506,50.0,39.30917930413386,0.049999999999999954,0.0399999999992776
1980.0,0.44999999999992407,3.545000000000676,3.734999999999962,50.0,39.31211106706877,0.049999999999999954,0.03999999999928657
1981.0,0.4497222222221463,3.544861111111778,3.734861111111073,50.0,39.31504099765186,0.049999999999999954,0.03999999999929543
1982.0,0.44944444444436854,3.5447222222228802,3.7347222222221843,50.0,39.31796909702831,0.049999999999999954,0.03999999999930418
1983.0,0.4491666666665908,3.5445833333339825,3.7345833333332954,50.0,39.320895366342654,0.049999999999999954,0.03999999999931282
1984.0,0.448888888888813,3.544444444445085,3.7344444444444065,50.0,39.3238198067387,0.049999999999999954,0.039999999999321356
1985.0,0.44861111111103524,3.5443055555561878,3.7343055555555176,50.0,39.326742419359505,0.049999999999999954,0.03999999999932979
1986.0,0.4483333333332575,3.544166666667291,3.7341666666666287,50.0,39.3296632053474,0.049999999999999954,0.039999999999338114
1987.0,0.4480555555554797,3.5440277777783935,3.7340277777777398,50.0,39.33258216584409,0.049999999999999954,0.039999999999346336
1988.0,0.44777777777770195,3.5438888888894966,3.733888888888851,50.0,39.33549930199041,0.049999999999999954,0.039999999999354455
1989.0,0.4474999999999242,3.5437500000005997,3.733749999999962,50.0,39.33841461492665,0.049999999999999954,0.03999999999936247
1990.0,0.4472222222221464,3.543611111111703,3.733611111111073,50.0,39.34132810579234,0.049999999999999954,0.039999999999370386
1991.0,0.44694444444436865,3.543472222222806,3.733472222222184,50.0,39.34423977572624,0.049999999999999954,0.03999999999937821
1992.0,0.4466666666665909,3.5433333333339094,3.733333333333295,50.0,39.34714962586639,0.049999999999999954,0.03999999999938593
1993.0,0.4463888888888131,3.543194444445013,3.7331944444444063,50.0,39.35005765735025,0.049999999999999954,0.039999999999393555
1994.0,0.44611111111103535,3.5430555555561165,3.7330555555555174,50.0,39.35296387131439,0.049999999999999954,0.039999999999401084
1995.0,0.4458333333332576,3.54291666666722,3.7329166666666285,50.0,39.355868268894824,0.049999999999999954,0.03999999999940852
1996.0,0.4455555555554798,3.542777777778324,3.73277777777774,50.0,39.35877085122678,0.049999999999999954,0.03999999999941587
1997.0,0.44527777777770206,3.542638888889428,3.732638888888851,50.0,39.361671619444735,0.049999999999999954,0.03999999999942313
1998.0,0.4449999999999243,3.542500000000532,3.732499999999962,50.0,39.3645705746826,0.049999999999999954,0.0399999999994303
1999.0,0.4447222222221465,3.542361111111636,3.7323611111110733,50.0,39.36746771807344,0.049999999999999954,0.039999999999437374
2000.0,0.44444444444436876,3.54222222222274,3.7322222222221844,50.0,39.37036305074963,0.049999999999999954,0.03999999999944436
2001.0,0.444166666666591,3.5420833333338444,3.7320833333332954,50.0,39.37325657384292,0.049999999999999954,0.039999999999451266
2002.0,0.4438888888888132,3.5419444444449484,3.7319444444444065,50.0,39.37614828848427,0.049999999999999954,0.03999999999945808
2003.0,0.44361111111103546,3.541805555556053,3.7318055555555176,50.0,39.37903819580396,0.049999999999999954,0.03999999999946481
2004.0,0.4433333333332577,3.5416666666671572,3.7316666666666287,50.0,39.38192629693157,0.049999999999999954,0.03999999999947146
2005.0,0.44305555555547993,3.5415277777782617,3.73152777777774,50.0,39.38481259299601,0.049999999999999954,0.03999999999947802
2006.0,0.44277777777770216,3.5413888888893665,3.731388888888851,50.0,39.38769708512541,0.049999999999999954,0.0399999999994845
2007.0,0.4424999999999244,3.541250000000471,3.731249999999962,50.0,39.39057977444719,0.049999999999999954,0.03999999999949091
2008.0,0.44222222222214663,3.541111111111576,3.731111111111073,50.0,39.39346066208816,0.049999999999999954,0.03999999999949723
2009.0,0.44194444444436887,3.5409722222226807,3.730972222222184,50.0,39.39633974917433,0.049999999999999954,0.039999999999503474
2010.0,0.4416666666665911,3.5408333333337856,3.7308333333332953,50.0,39.39921703683109,0.049999999999999954,0.03999999999950964
2011.0,0.44138888888881334,3.540694444444891,3.7306944444444063,50.0,39.40209252618308,0.049999999999999954,0.039999999999515735
2012.0,0.44111111111103557,3.540555555555996,3.730555555555518,50.0,39.40496621835422,0.049999999999999954,0.03999999999952175
2013.0,0.4408333333332578,3.5404166666671015,3.730416666666629,50.0,39.40783811446772,0.049999999999999954,0.03999999999952769
2014.0,0.44055555555548004,3.5402777777782064,3.73027777777774,50.0,39.410708215646196,0.049999999999999954,0.039999999999533555
2015.0,0.4402777777777023,3.5401388888893117,3.730138888888851,50.0,39.41357652301144,0.049999999999999954,0.03999999999953935
2016.0,0.4399999999999245,3.5400000000004175,3.7299999999999622,50.0,39.41644303768459,0.049999999999999954,0.039999999999545066
2017.0,0.43972222222214674,3.539861111111523,3.7298611111110733,50.0,39.41930776078601,0.049999999999999954,0.039999999999550714
2018.0,0.439444444444369,3.539722222222628,3.7297222222221844,50.0,39.42217069343553,0.049999999999999954,0.03999999999955629
2019.0,0.4391666666665912,3.539583333333734,3.7295833333332955,50.0,39.42503183675211,0.049999999999999954,0.0399999999995618
2020.0,0.43888888888881344,3.5394444444448396,3.7294444444444066,50.0,39.427891191854144,0.049999999999999954,0.03999999999956724
2021.0,0.4386111111110357,3.539305555555945,3.7293055555555177,50.0,39.43074875985923,0.049999999999999954,0.03999999999957262
2022.0,0.4383333333332579,3.539166666667051,3.7291666666666288,50.0,39.433604541884336,0.049999999999999954,0.03999999999957793
2023.0,0.43805555555548015,3.539027777778157,3.72902777777774,50.0,39.436458539045645,0.049999999999999954,0.03999999999958317
2024.0,0.4377777777777024,3.5388888888892627,3.728888888888851,50.0,39.439310752458766,0.049999999999999954,0.039999999999588344
2025.0,0.4374999999999246,3.538750000000369,3.728749999999962,50.0,39.442161183238454,0.049999999999999954,0.03999999999959346
2026.0,0.43722222222214685,3.5386111111114746,3.728611111111073,50.0,39.445009832498954,0.049999999999999954,0.03999999999959851
2027.0,0.4369444444443691,3.538472222222581,3.728472222222184,50.0,39.44785670135366,0.049999999999999954,0.0399999999996035
2028.0,0.4366666666665913,3.5383333333336875,3.7283333333332958,50.0,39.45070179091533,0.049999999999999954,0.039999999999608425
2029.0,0.43638888888881355,3.5381944444447937,3.728194444444407,50.0,39.453545102296005,0.049999999999999954,0.03999999999961329
2030.0,0.4361111111110358,3.5380555555559,3.728055555555518,50.0,39.45638663660708,0.049999999999999954,0.03999999999961809
2031.0,0.435833333333258,3.537916666667006,3.727916666666629,50.0,39.45922639495922,0.049999999999999954,0.03999999999962284
2032.0,0.43555555555548026,3.5377777777781128,3.72777777777774,50.0,39.462064378462344,0.049999999999999954,0.03999999999962752
2033.0,0.4352777777777025,3.537638888889219,3.727638888888851,50.0,39.46490058822582,0.049999999999999954,0.03999999999963215
2034.0,0.4349999999999247,3.5375000000003256,3.7274999999999623,50.0,39.467735025358195,0.049999999999999954,0.039999999999636715
2035.0,0.43472222222214696,3.5373611111114323,3.7273611111110734,50.0,39.47056769096736,0.049999999999999954,0.039999999999641225
2036.0,0.4344444444443692,3.537222222222539,3.7272222222221845,50.0,39.4733985861605,0.049999999999999954,0.03999999999964568
2037.0,0.4341666666665914,3.5370833333336456,3.7270833333332956,50.0,39.476227712044135,0.049999999999999954,0.03999999999965008
2038.0,0.43388888888881366,3.536944444444752,3.7269444444444066,50.0,39.4790550697241,0.049999999999999954,0.03999999999965442
2039.0,0.4336111111110359,3.5368055555558593,3.7268055555555177,50.0,39.481880660305535,0.049999999999999954,0.03999999999965871
2040.0,0.43333333333325813,3.536666666666966,3.726666666666629,50.0,39.48470448489286,0.049999999999999954,0.03999999999966295
2041.0,0.43305555555548036,3.536527777778073,3.72652777777774,50.0,39.4875265445898,0.049999999999999954,0.039999999999667135
2042.0,0.4327777777777026,3.5363888888891797,3.726388888888851,50.0,39.490346840499456,0.049999999999999954,0.03999999999967127
2043.0,0.43249999999992483,3.5362500000002868,3.726249999999962,50.0,39.49316537372414,0.049999999999999954,0.03999999999967535
2044.0,0.43222222222214707,3.5361111111113943,3.7261111111110736,50.0,39.49598214536559,0.049999999999999954,0.03999999999967938
2045.0,0.4319444444443693,3.5359722222225014,3.7259722222221847,50.0,39.498797156524745,0.049999999999999954,0.039999999999683365
2046.0,0.43166666666659154,3.5358333333336085,3.725833333333296,50.0,39.50161040830193,0.049999999999999954,0.0399999999996873
2047.0,0.43138888888881377,3.5356944444447156,3.725694444444407,50.0,39.50442190179672,0.049999999999999954,0.039999999999691185
2048.0,0.431111111111036,3.535555555555823,3.725555555555518,50.0,39.50723163810807,0.049999999999999954,0.03999999999969502
2049.0,0.43083333333325824,3.53541666666693,3.725416666666629,50.0,39.51003961833425,0.049999999999999954,0.03999999999969881
2050.0,0.4305555555554805,3.5352777777780378,3.72527777777774,50.0,39.51284584357279,0.049999999999999954,0.03999999999970255
2051.0,0.4302777777777027,3.5351388888891453,3.7251388888888513,50.0,39.51565031492055,0.049999999999999954,0.03999999999970624
2052.0,0.42999999999992494,3.5350000000002524,3.7249999999999623,50.0,39.51845303347375,0.049999999999999954,0.03999999999970989
2053.0,0.4297222222221472,3.53486111111136,3.7248611111110734,50.0,39.521254000327815,0.049999999999999954,0.039999999999713494
2054.0,0.4294444444443694,3.5347222222224675,3.7247222222221845,50.0,39.52405321657761,0.049999999999999954,0.039999999999717054
2055.0,0.42916666666659165,3.534583333333575,3.7245833333332956,50.0,39.526850683317264,0.049999999999999954,0.039999999999720565
2056.0,0.4288888888888139,3.5344444444446825,3.7244444444444067,50.0,39.52964640164021,0.049999999999999954,0.039999999999724034
2057.0,0.4286111111110361,3.5343055555557905,3.724305555555518,50.0,39.5324403726392,0.049999999999999954,0.03999999999972746
2058.0,0.42833333333325835,3.534166666666898,3.724166666666629,50.0,39.53523259740632,0.049999999999999954,0.03999999999973085
2059.0,0.4280555555554806,3.5340277777780065,3.7240277777777404,50.0,39.53802307703296,0.049999999999999954,0.03999999999973419
2060.0,0.4277777777777028,3.533888888889114,3.7238888888888515,50.0,39.54081181260983,0.049999999999999954,0.039999999999737496
2061.0,0.42749999999992505,3.533750000000222,3.7237499999999626,50.0,39.543598805226964,0.049999999999999954,0.03999999999974076
2062.0,0.4272222222221473,3.53361111111133,3.7236111111110737,50.0,39.546384055973704,0.049999999999999954,0.039999999999743976
2063.0,0.4269444444443695,3.5334722222224375,3.7234722222221848,50.0,39.54916756593872,0.049999999999999954,0.039999999999747154
2064.0,0.42666666666659175,3.5333333333335455,3.723333333333296,50.0,39.55194933620999,0.049999999999999954,0.03999999999975029
2065.0,0.426388888888814,3.5331944444446535,3.723194444444407,50.0,39.55472936787487,0.049999999999999954,0.03999999999975339
2066.0,0.4261111111110362,3.5330555555557615,3.723055555555518,50.0,39.55750766201993,0.049999999999999954,0.03999999999975645
2067.0,0.42583333333325846,3.53291666666687,3.722916666666629,50.0,39.56028421973116,0.049999999999999954,0.03999999999975948
2068.0,0.4255555555554807,3.532777777777978,3.72277777777774,50.0,39.56305904209381,0.049999999999999954,0.03999999999976246
2069.0,0.4252777777777029,3.532638888889086,3.7226388888888513,50.0,39.56583213019252,0.049999999999999954,0.03999999999976541
2070.0,0.42499999999992516,3.5325000000001943,3.7224999999999624,50.0,39.56860348511117,0.049999999999999954,0.039999999999768325
2071.0,0.4247222222221474,3.5323611111113022,3.7223611111110735,50.0,39.57137310793297,0.049999999999999954,0.039999999999771205
2072.0,0.42444444444436963,3.5322222222224107,3.7222222222221846,50.0,39.57414099974051,0.049999999999999954,0.03999999999977404
2073.0,0.42416666666659186,3.532083333333519,3.7220833333332957,50.0,39.57690716161568,0.049999999999999954,0.039999999999776846
2074.0,0.4238888888888141,3.531944444444627,3.7219444444444068,50.0,39.57967159463965,0.049999999999999954,0.039999999999779615
2075.0,0.42361111111103633,3.531805555555736,3.7218055555555183,50.0,39.58243429989301,0.049999999999999954,0.03999999999978235
2076.0,0.42333333333325857,3.5316666666668444,3.7216666666666294,50.0,39.58519527845556,0.049999999999999954,0.03999999999978505
2077.0,0.4230555555554808,3.531527777777953,3.7215277777777405,50.0,39.587954531406524,0.049999999999999954,0.03999999999978772
2078.0,0.42277777777770303,3.531388888889061,3.7213888888888516,50.0,39.5907120598244,0.049999999999999954,0.039999999999790356
2079.0,0.42249999999992527,3.5312500000001696,3.7212499999999626,50.0,39.59346786478699,0.049999999999999954,0.03999999999979296
2080.0,0.4222222222221475,3.5311111111112785,3.7211111111110737,50.0,39.596221947371475,0.049999999999999954,0.039999999999795526
2081.0,0.42194444444436974,3.530972222222387,3.720972222222185,50.0,39.59897430865436,0.049999999999999954,0.039999999999798065
2082.0,0.42166666666659197,3.5308333333334954,3.720833333333296,50.0,39.60172494971147,0.049999999999999954,0.03999999999980057
2083.0,0.4213888888888142,3.5306944444446042,3.720694444444407,50.0,39.60447387161787,0.049999999999999954,0.03999999999980305
2084.0,0.42111111111103644,3.5305555555557127,3.720555555555518,50.0,39.60722107544808,0.049999999999999954,0.03999999999980549
2085.0,0.4208333333332587,3.5304166666668215,3.720416666666629,50.0,39.60996656227593,0.049999999999999954,0.039999999999807904
2086.0,0.4205555555554809,3.53027777777793,3.7202777777777403,50.0,39.612710333174505,0.049999999999999954,0.03999999999981029
2087.0,0.42027777777770314,3.530138888889039,3.7201388888888514,50.0,39.61545238921627,0.049999999999999954,0.039999999999812644
2088.0,0.4199999999999254,3.5300000000001477,3.7199999999999624,50.0,39.618192731473016,0.049999999999999954,0.03999999999981497
2089.0,0.4197222222221476,3.5298611111112566,3.7198611111110735,50.0,39.620931361015835,0.049999999999999954,0.039999999999817265
2090.0,0.41944444444436985,3.529722222222365,3.7197222222221846,50.0,39.623668278915204,0.049999999999999954,0.039999999999819534
2091.0,0.4191666666665921,3.5295833333334743,3.719583333333296,50.0,39.62640348624086,0.049999999999999954,0.039999999999821775
2092.0,0.4188888888888143,3.529444444444583,3.7194444444444072,50.0,39.62913698406197,0.049999999999999954,0.03999999999982399
2093.0,0.41861111111103655,3.529305555555692,3.7193055555555183,50.0,39.63186877344691,0.049999999999999954,0.039999999999826175
2094.0,0.4183333333332588,3.5291666666668013,3.7191666666666294,50.0,39.63459885546348,0.049999999999999954,0.03999999999982833
2095.0,0.418055555555481,3.52902777777791,3.7190277777777405,50.0,39.6373272311788,0.049999999999999954,0.03999999999983046
2096.0,0.41777777777770325,3.528888888889019,3.7188888888888516,50.0,39.640053901659314,0.049999999999999954,0.039999999999832565
2097.0,0.4174999999999255,3.528750000000128,3.7187499999999627,50.0,39.642778867970776,0.049999999999999954,0.03999999999983465
2098.0,0.4172222222221477,3.5286111111112373,3.718611111111074,50.0,39.64550213117832,0.049999999999999954,0.0399999999998367
2099.0,0.41694444444436995,3.528472222222346,3.718472222222185,50.0,39.648223692346335,0.049999999999999954,0.03999999999983873
2100.0,0.4166666666665922,3.5283333333334554,3.718333333333296,50.0,39.65094355253859,0.049999999999999954,0.03999999999984073
2101.0,0.4163888888888144,3.5281944444445643,3.718194444444407,50.0,39.653661712818234,0.049999999999999954,0.03999999999984271
2102.0,0.41611111111103666,3.5280555555556736,3.718055555555518,50.0,39.65637817424772,0.049999999999999954,0.03999999999984466
2103.0,0.4158333333332589,3.527916666666783,3.7179166666666292,50.0,39.65909293788883,0.049999999999999954,0.03999999999984659
2104.0,0.4155555555554811,3.527777777777892,3.7177777777777403,50.0,39.661806004802656,0.049999999999999954,0.03999999999984849
2105.0,0.41527777777770336,3.527638888889001,3.7176388888888514,50.0,39.66451737604967,0.049999999999999954,0.03999999999985037
2106.0,0.4149999999999256,3.527500000000111,3.717499999999963,50.0,39.66722705268967,0.049999999999999954,0.03999999999985223
2107.0,0.41472222222214783,3.52736111111122,3.717361111111074,50.0,39.66993503578175,0.049999999999999954,0.03999999999985406
2108.0,0.41444444444437006,3.5272222222223295,3.717222222222185,50.0,39.672641326384394,0.049999999999999954,0.03999999999985587
2109.0,0.4141666666665923,3.527083333333439,3.717083333333296,50.0,39.675345925555405,0.049999999999999954,0.03999999999985766
2110.0,0.41388888888881453,3.526944444444548,3.7169444444444073,50.0,39.678048834351955,0.049999999999999954,0.03999999999985943
2111.0,0.41361111111103677,3.5268055555556574,3.7168055555555184,50.0,39.68075005383048,0.049999999999999954,0.039999999999861174
2112.0,0.413333333333259,3.5266666666667668,3.7166666666666295,50.0,39.683449585046844,0.049999999999999954,0.039999999999862895
2113.0,0.41305555555548124,3.526527777777876,3.7165277777777406,50.0,39.68614742905618,0.049999999999999954,0.039999999999864595
2114.0,0.41277777777770347,3.5263888888889854,3.7163888888888517,50.0,39.68884358691304,0.049999999999999954,0.039999999999866274
2115.0,0.4124999999999257,3.5262500000000947,3.7162499999999627,50.0,39.691538059671245,0.049999999999999954,0.03999999999986793
2116.0,0.41222222222214794,3.5261111111112045,3.716111111111074,50.0,39.69423084838394,0.049999999999999954,0.03999999999986957
2117.0,0.4119444444443702,3.5259722222223138,3.715972222222185,50.0,39.696921954103686,0.049999999999999954,0.03999999999987119
2118.0,0.4116666666665924,3.5258333333334235,3.715833333333296,50.0,39.69961137788238,0.049999999999999954,0.03999999999987278
2119.0,0.41138888888881464,3.525694444444533,3.715694444444407,50.0,39.702299120771215,0.049999999999999954,0.039999999999874365
2120.0,0.4111111111110369,3.525555555555642,3.715555555555518,50.0,39.704985183820725,0.049999999999999954,0.039999999999875926
2121.0,0.4108333333332591,3.525416666666752,3.7154166666666293,50.0,39.70766956808086,0.049999999999999954,0.03999999999987747
2122.0,0.41055555555548134,3.525277777777862,3.715277777777741,50.0,39.71035227460084,0.049999999999999954,0.039999999999878987
2123.0,0.4102777777777036,3.5251388888889714,3.715138888888852,50.0,39.71303330442919,0.049999999999999954,0.039999999999880485
2124.0,0.4099999999999258,3.525000000000081,3.714999999999963,50.0,39.71571265861394,0.049999999999999954,0.03999999999988197
2125.0,0.40972222222214805,3.524861111111191,3.714861111111074,50.0,39.71839033820231,0.049999999999999954,0.039999999999883434
2126.0,0.4094444444443703,3.5247222222223002,3.714722222222185,50.0,39.72106634424091,0.049999999999999954,0.03999999999988488
2127.0,0.4091666666665925,3.52458333333341,3.7145833333332963,50.0,39.723740677775766,0.049999999999999954,0.03999999999988631
2128.0,0.40888888888881475,3.5244444444445198,3.7144444444444074,50.0,39.72641333985217,0.049999999999999954,0.039999999999887716
2129.0,0.408611111111037,3.5243055555556295,3.7143055555555184,50.0,39.72908433151474,0.049999999999999954,0.03999999999988911
2130.0,0.4083333333332592,3.5241666666667393,3.7141666666666295,50.0,39.73175365380757,0.049999999999999954,0.039999999999890484
2131.0,0.40805555555548145,3.524027777777849,3.7140277777777406,50.0,39.73442130777397,0.049999999999999954,0.039999999999891844
2132.0,0.4077777777777037,3.523888888888959,3.7138888888888517,50.0,39.737087294456614,0.049999999999999954,0.039999999999893183
2133.0,0.4074999999999259,3.5237500000000685,3.713749999999963,50.0,39.73975161489756,0.049999999999999954,0.03999999999989451
2134.0,0.40722222222214816,3.5236111111111783,3.713611111111074,50.0,39.74241427013823,0.049999999999999954,0.03999999999989582
2135.0,0.4069444444443704,3.523472222222288,3.713472222222185,50.0,39.74507526121937,0.049999999999999954,0.03999999999989711
2136.0,0.4066666666665926,3.523333333333398,3.713333333333296,50.0,39.74773458918111,0.049999999999999954,0.03999999999989839
2137.0,0.40638888888881486,3.5231944444445076,3.713194444444407,50.0,39.75039225506288,0.049999999999999954,0.03999999999989965
2138.0,0.4061111111110371,3.523055555555618,3.7130555555555187,50.0,39.75304825990344,0.049999999999999954,0.03999999999990089
2139.0,0.4058333333332593,3.5229166666667275,3.71291666666663,50.0,39.755702604740975,0.049999999999999954,0.03999999999990212
2140.0,0.40555555555548156,3.5227777777778377,3.712777777777741,50.0,39.758355290613,0.049999999999999954,0.039999999999903335
2141.0,0.4052777777777038,3.5226388888889475,3.712638888888852,50.0,39.76100631855638,0.049999999999999954,0.039999999999904536
2142.0,0.40499999999992603,3.5225000000000573,3.712499999999963,50.0,39.763655689607276,0.049999999999999954,0.03999999999990572
2143.0,0.40472222222214826,3.5223611111111675,3.712361111111074,50.0,39.76630340480125,0.049999999999999954,0.039999999999906895
2144.0,0.4044444444443705,3.522222222222277,3.7122222222221852,50.0,39.76894946517325,0.049999999999999954,0.03999999999990805
2145.0,0.40416666666659273,3.5220833333333874,3.7120833333332963,50.0,39.77159387175749,0.049999999999999954,0.039999999999909185
2146.0,0.40388888888881497,3.521944444444497,3.7119444444444074,50.0,39.77423662558766,0.049999999999999954,0.03999999999991031
2147.0,0.4036111111110372,3.5218055555556074,3.7118055555555185,50.0,39.77687772769667,0.049999999999999954,0.03999999999991142
2148.0,0.40333333333325944,3.521666666666717,3.7116666666666296,50.0,39.77951717911685,0.049999999999999954,0.039999999999912515
2149.0,0.40305555555548167,3.5215277777778273,3.7115277777777407,50.0,39.78215498087991,0.049999999999999954,0.0399999999999136
2150.0,0.4027777777777039,3.521388888888937,3.7113888888888518,50.0,39.78479113401687,0.049999999999999954,0.039999999999914666
2151.0,0.40249999999992614,3.5212500000000473,3.711249999999963,50.0,39.78742563955814,0.049999999999999954,0.03999999999991573
2152.0,0.4022222222221484,3.521111111111157,3.711111111111074,50.0,39.790058498533426,0.049999999999999954,0.039999999999916776
2153.0,0.4019444444443706,3.5209722222222672,3.710972222222185,50.0,39.79268971197183,0.049999999999999954,0.03999999999991781
2154.0,0.40166666666659284,3.520833333333378,3.7108333333332966,50.0,39.79531928090182,0.049999999999999954,0.03999999999991883
2155.0,0.4013888888888151,3.520694444444488,3.7106944444444077,50.0,39.79794720635124,0.049999999999999954,0.039999999999919836
2156.0,0.4011111111110373,3.520555555555598,3.7105555555555187,50.0,39.800573489347244,0.049999999999999954,0.03999999999992083
2157.0,0.40083333333325954,3.520416666666708,3.71041666666663,50.0,39.80319813091643,0.049999999999999954,0.03999999999992181
2158.0,0.4005555555554818,3.5202777777778183,3.710277777777741,50.0,39.80582113208459,0.049999999999999954,0.039999999999922785
2159.0,0.400277777777704,3.5201388888889285,3.710138888888852,50.0,39.80844249387701,0.049999999999999954,0.03999999999992374
2160.0,0.39999999999992625,3.520000000000031,3.7099999999999556,50.0,39.81106221731835,0.049999999999999954,0.039999999999924686
2161.0,0.3997222222221485,3.5198333333333567,3.709833333333289,50.0,39.813680303432534,0.049999999999999954,0.03999999999992562
2162.0,0.3994444444443707,3.5196388888889105,3.7096666666666223,50.0,39.81629848935398,0.049999999999999954,0.039999999999926546
2163.0,0.39916666666659295,3.5194444444444652,3.709499999999956,50.0,39.81891677502034,0.049999999999999954,0.039999999999927455
2164.0,0.3988888888888152,3.51925000000002,3.709333333333289,50.0,39.82153516036931,0.049999999999999954,0.03999999999992836
2165.0,0.3986111111110374,3.5190555555555747,3.7091666666666225,50.0,39.82415364533853,0.049999999999999954,0.039999999999929245
2166.0,0.39833333333325965,3.5188611111111294,3.7089999999999557,50.0,39.82677222986575,0.049999999999999954,0.03999999999993012
2167.0,0.3980555555554819,3.518666666666684,3.7088333333332892,50.0,39.829390913888744,0.049999999999999954,0.03999999999993099
2168.0,0.3977777777777041,3.518472222222239,3.7086666666666224,50.0,39.83200969734537,0.049999999999999954,0.03999999999993184
2169.0,0.39749999999992636,3.518277777777794,3.708499999999956,50.0,39.834628580173444,0.049999999999999954,0.03999999999993269
2170.0,0.3972222222221486,3.5180833333333483,3.708333333333289,50.0,39.837247562310836,0.049999999999999954,0.03999999999993352
2171.0,0.3969444444443708,3.5178888888889035,3.7081666666666226,50.0,39.83986664369553,0.049999999999999954,0.039999999999934345
2172.0,0.39666666666659306,3.517694444444458,3.7079999999999558,50.0,39.84248582426545,0.049999999999999954,0.03999999999993516
2173.0,0.3963888888888153,3.5175000000000125,3.707833333333289,50.0,39.845105103958645,0.049999999999999954,0.03999999999993596
2174.0,0.39611111111103753,3.5173055555555672,3.7076666666666225,50.0,39.84772448271309,0.049999999999999954,0.03999999999993675
2175.0,0.39583333333325976,3.517111111111122,3.7074999999999556,50.0,39.850343960466944,0.049999999999999954,0.03999999999993754
2176.0,0.395555555555482,3.516916666666677,3.707333333333289,50.0,39.8529635371583,0.049999999999999954,0.039999999999938314
2177.0,0.39527777777770423,3.5167222222222314,3.7071666666666223,50.0,39.85558321272538,0.049999999999999954,0.03999999999993908
2178.0,0.39499999999992647,3.516527777777787,3.706999999999956,50.0,39.858202987106324,0.049999999999999954,0.039999999999939834
2179.0,0.3947222222221487,3.5163333333333413,3.706833333333289,50.0,39.86082286023941,0.049999999999999954,0.03999999999994058
2180.0,0.39444444444437093,3.516138888888896,3.7066666666666226,50.0,39.863442832062844,0.049999999999999954,0.03999999999994132
2181.0,0.39416666666659317,3.515944444444451,3.7064999999999557,50.0,39.86606290251501,0.049999999999999954,0.03999999999994205
2182.0,0.3938888888888154,3.515750000000006,3.7063333333332893,50.0,39.86868307153429,0.049999999999999954,0.03999999999994277
2183.0,0.39361111111103764,3.5155555555555607,3.7061666666666224,50.0,39.87130333905901,0.049999999999999954,0.03999999999994348
2184.0,0.39333333333325987,3.515361111111116,3.705999999999956,50.0,39.873923705027664,0.049999999999999954,0.03999999999994418
2185.0,0.3930555555554821,3.51516666666667,3.705833333333289,50.0,39.87654416937869,0.049999999999999954,0.03999999999994487
2186.0,0.39277777777770434,3.5149722222222257,3.7056666666666227,50.0,39.87916473205058,0.049999999999999954,0.03999999999994555
2187.0,0.3924999999999266,3.51477777777778,3.705499999999956,50.0,39.88178539298195,0.049999999999999954,0.039999999999946224
2188.0,0.3922222222221488,3.5145833333333356,3.7053333333332894,50.0,39.88440615211135,0.049999999999999954,0.03999999999994689
2189.0,0.39194444444437104,3.51438888888889,3.7051666666666225,50.0,39.88702700937739,0.049999999999999954,0.03999999999994755
2190.0,0.3916666666665933,3.5141944444444455,3.704999999999956,50.0,39.88964796471873,0.049999999999999954,0.0399999999999482
2191.0,0.3913888888888155,3.514,3.7048333333332892,50.0,39.8922690180741,0.049999999999999954,0.03999999999994885
2192.0,0.39111111111103775,3.513805555555555,3.704666666666623,50.0,39.89489016938228,0.049999999999999954,0.03999999999994948
2193.0,0.39083333333326,3.5136111111111097,3.704499999999956,50.0,39.897511418581985,0.049999999999999954,0.0399999999999501
2194.0,0.3905555555554822,3.5134166666666644,3.704333333333289,50.0,39.90013276561206,0.049999999999999954,0.03999999999995072
2195.0,0.39027777777770445,3.51322222222222,3.7041666666666226,50.0,39.90275421041133,0.049999999999999954,0.03999999999995133
2196.0,0.3899999999999267,3.5130277777777743,3.7039999999999558,50.0,39.9053757529187,0.049999999999999954,0.039999999999951935
2197.0,0.3897222222221489,3.5128333333333295,3.7038333333332893,50.0,39.90799739307312,0.049999999999999954,0.03999999999995253
2198.0,0.38944444444437115,3.5126388888888846,3.7036666666666225,50.0,39.910619130813586,0.049999999999999954,0.03999999999995312
2199.0,0.3891666666665934,3.5124444444444394,3.703499999999956,50.0,39.91324096607906,0.049999999999999954,0.039999999999953705
2200.0,0.3888888888888156,3.5122499999999945,3.703333333333289,50.0,39.9158628988086,0.049999999999999954,0.03999999999995428
2201.0,0.38861111111103785,3.5120555555555497,3.7031666666666228,50.0,39.91848492894127,0.049999999999999954,0.03999999999995485
2202.0,0.3883333333332601,3.511861111111104,3.702999999999956,50.0,39.92110705641625,0.049999999999999954,0.03999999999995541
2203.0,0.3880555555554823,3.5116666666666596,3.7028333333332895,50.0,39.923729281172655,0.049999999999999954,0.03999999999995597
2204.0,0.38777777777770456,3.5114722222222143,3.7026666666666226,50.0,39.926351603149726,0.049999999999999954,0.039999999999956515
2205.0,0.3874999999999268,3.51127777777777,3.702499999999956,50.0,39.92897402228664,0.049999999999999954,0.039999999999957056
2206.0,0.387222222222149,3.5110833333333247,3.7023333333332893,50.0,39.93159653852268,0.049999999999999954,0.03999999999995759
2207.0,0.38694444444437126,3.51088888888888,3.702166666666623,50.0,39.93421915179721,0.049999999999999954,0.03999999999995812
2208.0,0.3866666666665935,3.5106944444444346,3.701999999999956,50.0,39.93684186204956,0.049999999999999954,0.03999999999995864
2209.0,0.38638888888881573,3.5104999999999897,3.7018333333332896,50.0,39.93946466921909,0.049999999999999954,0.03999999999995915
2210.0,0.38611111111103796,3.510305555555545,3.7016666666666227,50.0,39.94208757324526,0.049999999999999954,0.03999999999995966
2211.0,0.3858333333332602,3.5101111111111,3.7014999999999563,50.0,39.94471057406753,0.049999999999999954,0.03999999999996016
2212.0,0.38555555555548243,3.5099166666666552,3.7013333333332894,50.0,39.947333671625415,0.049999999999999954,0.03999999999996065
2213.0,0.38527777777770467,3.50972222222221,3.7011666666666225,50.0,39.94995686585844,0.049999999999999954,0.039999999999961136
2214.0,0.3849999999999269,3.509527777777765,3.700999999999956,50.0,39.952580156706176,0.049999999999999954,0.039999999999961615
2215.0,0.38472222222214914,3.50933333333332,3.7008333333332892,50.0,39.95520354410826,0.049999999999999954,0.039999999999962094
2216.0,0.38444444444437137,3.509138888888875,3.700666666666623,50.0,39.95782702800432,0.049999999999999954,0.039999999999962566
2217.0,0.3841666666665936,3.50894444444443,3.700499999999956,50.0,39.96045060833404,0.049999999999999954,0.03999999999996303
2218.0,0.38388888888881584,3.5087499999999854,3.7003333333332895,50.0,39.96307428503718,0.049999999999999954,0.03999999999996349
2219.0,0.3836111111110381,3.5085555555555406,3.7001666666666226,50.0,39.965698058053476,0.049999999999999954,0.03999999999996394
2220.0,0.3833333333332603,3.5083611111110957,3.699999999999956,50.0,39.968321927322734,0.049999999999999954,0.039999999999964383
2221.0,0.38305555555548254,3.5081666666666504,3.6998333333332893,50.0,39.97094589278481,0.049999999999999954,0.03999999999996483
2222.0,0.3827777777777048,3.507972222222206,3.699666666666623,50.0,39.97356995437963,0.049999999999999954,0.039999999999965265
2223.0,0.382499999999927,3.507777777777761,3.699499999999956,50.0,39.97619411204704,0.049999999999999954,0.039999999999965695
2224.0,0.38222222222214924,3.5075833333333164,3.6993333333332896,50.0,39.97881836572702,0.049999999999999954,0.03999999999996612
2225.0,0.3819444444443715,3.507388888888871,3.6991666666666227,50.0,39.98144271535955,0.049999999999999954,0.039999999999966535
2226.0,0.3816666666665937,3.5071944444444263,3.6989999999999563,50.0,39.98406716088465,0.049999999999999954,0.03999999999996695
2227.0,0.38138888888881595,3.506999999999982,3.6988333333332895,50.0,39.98669170224241,0.049999999999999954,0.03999999999996736
2228.0,0.3811111111110382,3.506805555555537,3.698666666666623,50.0,39.98931633937298,0.049999999999999954,0.03999999999996776
2229.0,0.3808333333332604,3.5066111111110922,3.698499999999956,50.0,39.991941072216434,0.049999999999999954,0.039999999999968165
2230.0,0.38055555555548265,3.5064166666666474,3.6983333333332897,50.0,39.994565900712985,0.049999999999999954,0.03999999999996856
2231.0,0.3802777777777049,3.506222222222202,3.698166666666623,50.0,39.99719082480283,0.049999999999999954,0.03999999999996895
2232.0,0.3799999999999271,3.5060277777777573,3.697999999999956,50.0,39.99981584442622,0.049999999999999954,0.03999999999996933
2233.0,0.37972222222214935,3.5058333333333125,3.6978333333332896,50.0,40.00244095952348,0.049999999999999954,0.03999999999996971
2234.0,0.3794444444443716,3.5056388888888677,3.6976666666666227,50.0,40.005066170034866,0.049999999999999954,0.03999999999997009
2235.0,0.3791666666665938,3.5054444444444233,3.6974999999999563,50.0,40.0076914759008,0.049999999999999954,0.039999999999970455
2236.0,0.37888888888881606,3.505249999999978,3.6973333333332894,50.0,40.01031687706171,0.049999999999999954,0.03999999999997082
2237.0,0.3786111111110383,3.5050555555555336,3.697166666666623,50.0,40.012942373457975,0.049999999999999954,0.039999999999971184
2238.0,0.3783333333332605,3.5048611111110883,3.696999999999956,50.0,40.01556796503013,0.049999999999999954,0.03999999999997154
2239.0,0.37805555555548276,3.504666666666644,3.6968333333332897,50.0,40.01819365171866,0.049999999999999954,0.03999999999997189
2240.0,0.377777777777705,3.504472222222199,3.696666666666623,50.0,40.02081943346411,0.049999999999999954,0.03999999999997224
2241.0,0.3774999999999272,3.5042777777777547,3.6964999999999564,50.0,40.02344531020708,0.049999999999999954,0.03999999999997258
2242.0,0.37722222222214946,3.5040833333333095,3.6963333333332895,50.0,40.02607128188822,0.049999999999999954,0.03999999999997292
2243.0,0.3769444444443717,3.5038888888888646,3.696166666666623,50.0,40.028697348448134,0.049999999999999954,0.03999999999997325
2244.0,0.37666666666659393,3.5036944444444202,3.695999999999956,50.0,40.03132350982759,0.049999999999999954,0.039999999999973584
2245.0,0.37638888888881616,3.5034999999999754,3.69583333333329,50.0,40.03394976596729,0.049999999999999954,0.03999999999997391
2246.0,0.3761111111110384,3.5033055555555306,3.695666666666623,50.0,40.03657611680802,0.049999999999999954,0.03999999999997424
2247.0,0.37583333333326063,3.5031111111110858,3.6954999999999565,50.0,40.0392025622906,0.049999999999999954,0.039999999999974556
2248.0,0.37555555555548287,3.502916666666641,3.6953333333332896,50.0,40.04182910235585,0.049999999999999954,0.03999999999997487
2249.0,0.3752777777777051,3.5027222222221965,3.695166666666623,50.0,40.044455736944656,0.049999999999999954,0.03999999999997518
2250.0,0.37499999999992734,3.5025277777777513,3.6949999999999563,50.0,40.04708246599796,0.049999999999999954,0.039999999999975486
2251.0,0.37472222222214957,3.5023333333333073,3.69483333333329,50.0,40.0497092894567,0.049999999999999954,0.03999999999997579
2252.0,0.3744444444443718,3.502138888888862,3.694666666666623,50.0,40.052336207261874,0.049999999999999954,0.03999999999997609
2253.0,0.37416666666659404,3.501944444444417,3.694499999999956,50.0,40.05496321935453,0.049999999999999954,0.03999999999997639
2254.0,0.3738888888888163,3.501749999999973,3.6943333333332897,50.0,40.05759032567579,0.049999999999999954,0.03999999999997668
2255.0,0.3736111111110385,3.5015555555555276,3.694166666666623,50.0,40.060217526166696,0.049999999999999954,0.03999999999997697
2256.0,0.37333333333326074,3.501361111111083,3.6939999999999564,50.0,40.06284482076842,0.049999999999999954,0.039999999999977255
2257.0,0.373055555555483,3.5011666666666383,3.6938333333332896,50.0,40.065472209422126,0.049999999999999954,0.03999999999997754
2258.0,0.3727777777777052,3.500972222222194,3.693666666666623,50.0,40.06809969206904,0.049999999999999954,0.03999999999997782
2259.0,0.37249999999992744,3.5007777777777487,3.6934999999999563,50.0,40.07072726865039,0.049999999999999954,0.039999999999978095
2260.0,0.3722222222221497,3.5005833333333043,3.69333333333329,50.0,40.0733549391075,0.049999999999999954,0.039999999999978365
2261.0,0.3719444444443719,3.5003888888888595,3.693166666666623,50.0,40.07598270338167,0.049999999999999954,0.039999999999978636
2262.0,0.37166666666659415,3.500194444444415,3.6929999999999565,50.0,40.07861056141428,0.049999999999999954,0.0399999999999789
2263.0,0.3713888888888164,3.4999999999999702,3.6928333333332897,50.0,40.08123851314673,0.049999999999999954,0.03999999999997916
2264.0,0.3711111111110386,3.4998055555555254,3.6926666666666232,50.0,40.08386655852047,0.049999999999999954,0.03999999999997942
2265.0,0.37083333333326085,3.499611111111081,3.6924999999999564,50.0,40.08649469747695,0.049999999999999954,0.03999999999997968
2266.0,0.3705555555554831,3.499416666666636,3.69233333333329,50.0,40.08912292995768,0.049999999999999954,0.03999999999997993
2267.0,0.3702777777777053,3.4992222222221914,3.692166666666623,50.0,40.09175125590423,0.049999999999999954,0.039999999999980176
2268.0,0.36999999999992755,3.499027777777747,3.6919999999999566,50.0,40.09437967525815,0.049999999999999954,0.03999999999998042
2269.0,0.3697222222221498,3.498833333333302,3.69183333333329,50.0,40.09700818796114,0.049999999999999954,0.03999999999998066
2270.0,0.369444444444372,3.4986388888888578,3.6916666666666234,50.0,40.0996367939548,0.049999999999999954,0.0399999999999809
2271.0,0.36916666666659426,3.498444444444413,3.6914999999999565,50.0,40.10226549318082,0.049999999999999954,0.039999999999981134
2272.0,0.3688888888888165,3.498249999999968,3.69133333333329,50.0,40.10489428558094,0.049999999999999954,0.03999999999998137
2273.0,0.3686111111110387,3.4980555555555237,3.691166666666623,50.0,40.10752317109689,0.049999999999999954,0.0399999999999816
2274.0,0.36833333333326096,3.4978611111110784,3.6909999999999563,50.0,40.11015214967051,0.049999999999999954,0.03999999999998183
2275.0,0.3680555555554832,3.4976666666666345,3.69083333333329,50.0,40.11278122124361,0.049999999999999954,0.03999999999998205
2276.0,0.36777777777770543,3.4974722222221892,3.690666666666623,50.0,40.11541038575808,0.049999999999999954,0.03999999999998227
2277.0,0.36749999999992766,3.497277777777745,3.6904999999999566,50.0,40.118039643155896,0.049999999999999954,0.039999999999982494
2278.0,0.3672222222221499,3.4970833333333,3.6903333333332897,50.0,40.1206689933789,0.049999999999999954,0.03999999999998271
2279.0,0.36694444444437213,3.4968888888888556,3.6901666666666233,50.0,40.12329843636917,0.049999999999999954,0.039999999999982924
2280.0,0.36666666666659437,3.496694444444411,3.6899999999999564,50.0,40.125927972068666,0.049999999999999954,0.03999999999998313
2281.0,0.3663888888888166,3.4964999999999664,3.68983333333329,50.0,40.12855760041947,0.049999999999999954,0.03999999999998334
2282.0,0.36611111111103883,3.4963055555555216,3.689666666666623,50.0,40.131187321363655,0.049999999999999954,0.03999999999998355
2283.0,0.36583333333326107,3.496111111111077,3.6894999999999567,50.0,40.133817134843355,0.049999999999999954,0.03999999999998375
2284.0,0.3655555555554833,3.495916666666632,3.68933333333329,50.0,40.13644704080076,0.049999999999999954,0.03999999999998395
2285.0,0.36527777777770554,3.495722222222188,3.6891666666666234,50.0,40.13907703917806,0.049999999999999954,0.03999999999998415
2286.0,0.36499999999992777,3.4955277777777427,3.6889999999999565,50.0,40.14170712991745,0.049999999999999954,0.03999999999998435
2287.0,0.36472222222215,3.4953333333332988,3.68883333333329,50.0,40.14433731296123,0.049999999999999954,0.03999999999998454
2288.0,0.36444444444437224,3.4951388888888535,3.6886666666666232,50.0,40.146967588251755,0.049999999999999954,0.03999999999998473
2289.0,0.3641666666665945,3.494944444444409,3.688499999999957,50.0,40.14959795573134,0.049999999999999954,0.039999999999984916
2290.0,0.3638888888888167,3.4947499999999647,3.68833333333329,50.0,40.152228415342336,0.049999999999999954,0.0399999999999851
2291.0,0.36361111111103894,3.49455555555552,3.6881666666666235,50.0,40.15485896702717,0.049999999999999954,0.03999999999998528
2292.0,0.3633333333332612,3.4943611111110755,3.6879999999999566,50.0,40.157489610728305,0.049999999999999954,0.039999999999985464
2293.0,0.3630555555554834,3.4941666666666302,3.6878333333332898,50.0,40.16012034638828,0.049999999999999954,0.039999999999985644
2294.0,0.36277777777770565,3.493972222222186,3.6876666666666233,50.0,40.16275117394957,0.049999999999999954,0.039999999999985825
2295.0,0.3624999999999279,3.4937777777777415,3.6874999999999565,50.0,40.165382093354765,0.049999999999999954,0.039999999999986
2296.0,0.3622222222221501,3.4935833333332966,3.68733333333329,50.0,40.168013104546446,0.049999999999999954,0.03999999999998617
2297.0,0.36194444444437235,3.4933888888888522,3.687166666666623,50.0,40.170644207467205,0.049999999999999954,0.039999999999986345
2298.0,0.3616666666665946,3.4931944444444074,3.6869999999999568,50.0,40.173275402059744,0.049999999999999954,0.03999999999998651
2299.0,0.3613888888888168,3.4929999999999626,3.68683333333329,50.0,40.175906688266764,0.049999999999999954,0.03999999999998668
2300.0,0.36111111111103905,3.4928055555555186,3.6866666666666235,50.0,40.178538066031024,0.049999999999999954,0.039999999999986845
2301.0,0.3608333333332613,3.4926111111110734,3.6864999999999566,50.0,40.18116953529528,0.049999999999999954,0.039999999999987004
2302.0,0.3605555555554835,3.4924166666666294,3.68633333333329,50.0,40.18380109600241,0.049999999999999954,0.039999999999987164
2303.0,0.36027777777770575,3.4922222222221846,3.6861666666666233,50.0,40.18643274809517,0.049999999999999954,0.039999999999987323
2304.0,0.359999999999928,3.49202777777774,3.685999999999957,50.0,40.18906449151649,0.049999999999999954,0.039999999999987476
2305.0,0.3597222222221502,3.4918333333332954,3.68583333333329,50.0,40.191696326209296,0.049999999999999954,0.03999999999998763
2306.0,0.35944444444437246,3.491638888888851,3.6856666666666236,50.0,40.19432825211652,0.049999999999999954,0.03999999999998778
2307.0,0.3591666666665947,3.491444444444406,3.6854999999999567,50.0,40.19696026918115,0.049999999999999954,0.039999999999987934
2308.0,0.3588888888888169,3.4912499999999618,3.6853333333332903,50.0,40.19959237734622,0.049999999999999954,0.03999999999998808
2309.0,0.35861111111103916,3.4910555555555174,3.6851666666666234,50.0,40.20222457655484,0.049999999999999954,0.039999999999988226
2310.0,0.3583333333332614,3.4908611111110726,3.684999999999957,50.0,40.20485686675005,0.049999999999999954,0.03999999999998837
2311.0,0.35805555555548363,3.4906666666666277,3.68483333333329,50.0,40.207489247875,0.049999999999999954,0.03999999999998852
2312.0,0.35777777777770586,3.4904722222221833,3.6846666666666232,50.0,40.21012171987286,0.049999999999999954,0.039999999999988656
2313.0,0.3574999999999281,3.4902777777777385,3.684499999999957,50.0,40.21275428268683,0.049999999999999954,0.039999999999988795
2314.0,0.35722222222215033,3.490083333333294,3.68433333333329,50.0,40.21538693626013,0.049999999999999954,0.03999999999998893
2315.0,0.35694444444437257,3.4898888888888497,3.6841666666666235,50.0,40.21801968053609,0.049999999999999954,0.03999999999998907
2316.0,0.3566666666665948,3.489694444444405,3.6839999999999566,50.0,40.22065251545797,0.049999999999999954,0.039999999999989204
2317.0,0.35638888888881703,3.4894999999999605,3.68383333333329,50.0,40.223285440969164,0.049999999999999954,0.039999999999989336
2318.0,0.35611111111103927,3.4893055555555157,3.6836666666666233,50.0,40.225918457012995,0.049999999999999954,0.03999999999998947
2319.0,0.3558333333332615,3.4891111111110718,3.683499999999957,50.0,40.2285515635329,0.049999999999999954,0.0399999999999896
2320.0,0.35555555555548374,3.4889166666666265,3.68333333333329,50.0,40.23118476047239,0.049999999999999954,0.039999999999989724
2321.0,0.35527777777770597,3.4887222222221825,3.6831666666666236,50.0,40.23381804777489,0.049999999999999954,0.03999999999998985
2322.0,0.3549999999999282,3.4885277777777377,3.6829999999999568,50.0,40.236451425383905,0.049999999999999954,0.039999999999989974
2323.0,0.35472222222215044,3.488333333333293,3.6828333333332903,50.0,40.239084893243046,0.049999999999999954,0.0399999999999901
2324.0,0.3544444444443727,3.4881388888888485,3.6826666666666235,50.0,40.24171845129587,0.049999999999999954,0.039999999999990224
2325.0,0.3541666666665949,3.487944444444404,3.682499999999957,50.0,40.244352099486036,0.049999999999999954,0.03999999999999034
2326.0,0.35388888888881714,3.4877499999999597,3.68233333333329,50.0,40.246985837757165,0.049999999999999954,0.03999999999999046
2327.0,0.3536111111110394,3.487555555555515,3.6821666666666237,50.0,40.249619666053036,0.049999999999999954,0.03999999999999058
2328.0,0.3533333333332616,3.48736111111107,3.681999999999957,50.0,40.252253584317316,0.049999999999999954,0.039999999999990696
2329.0,0.35305555555548385,3.487166666666626,3.6818333333332904,50.0,40.25488759249379,0.049999999999999954,0.03999999999999081
2330.0,0.3527777777777061,3.4869722222221813,3.6816666666666236,50.0,40.25752169052623,0.049999999999999954,0.03999999999999092
2331.0,0.3524999999999283,3.486777777777737,3.681499999999957,50.0,40.260155878358546,0.049999999999999954,0.03999999999999103
2332.0,0.35222222222215055,3.486583333333292,3.6813333333332903,50.0,40.26279015593457,0.049999999999999954,0.03999999999999114
2333.0,0.3519444444443728,3.4863888888888477,3.6811666666666234,50.0,40.26542452319819,0.049999999999999954,0.03999999999999125
2334.0,0.351666666666595,3.4861944444444033,3.680999999999957,50.0,40.26805898009343,0.049999999999999954,0.039999999999991355
2335.0,0.35138888888881725,3.485999999999958,3.68083333333329,50.0,40.27069352656423,0.049999999999999954,0.03999999999999146
2336.0,0.3511111111110395,3.485805555555514,3.6806666666666237,50.0,40.27332816255455,0.049999999999999954,0.03999999999999156
2337.0,0.3508333333332617,3.4856111111110692,3.680499999999957,50.0,40.27596288800851,0.049999999999999954,0.03999999999999167
2338.0,0.35055555555548396,3.4854166666666253,3.6803333333332904,50.0,40.27859770287017,0.049999999999999954,0.03999999999999177
2339.0,0.3502777777777062,3.48522222222218,3.6801666666666235,50.0,40.281232607083666,0.049999999999999954,0.039999999999991875
2340.0,0.3499999999999284,3.4850277777777356,3.679999999999957,50.0,40.28386760059311,0.049999999999999954,0.03999999999999197
2341.0,0.34972222222215066,3.4848333333332913,3.67983333333329,50.0,40.286502683342746,0.049999999999999954,0.03999999999999207
2342.0,0.3494444444443729,3.484638888888847,3.679666666666624,50.0,40.28913785527675,0.049999999999999954,0.03999999999999217
2343.0,0.3491666666665951,3.484444444444402,3.679499999999957,50.0,40.291773116339414,0.049999999999999954,0.039999999999992264
2344.0,0.34888888888881736,3.4842499999999577,3.6793333333332905,50.0,40.29440846647503,0.049999999999999954,0.03999999999999236
2345.0,0.3486111111110396,3.484055555555513,3.6791666666666236,50.0,40.29704390562796,0.049999999999999954,0.03999999999999245
2346.0,0.34833333333326183,3.483861111111069,3.678999999999957,50.0,40.29967943374248,0.049999999999999954,0.03999999999999254
2347.0,0.34805555555548406,3.483666666666624,3.6788333333332903,50.0,40.30231505076307,0.049999999999999954,0.03999999999999263
2348.0,0.3477777777777063,3.4834722222221797,3.678666666666624,50.0,40.30495075663413,0.049999999999999954,0.03999999999999272
2349.0,0.34749999999992853,3.483277777777735,3.678499999999957,50.0,40.30758655130012,0.049999999999999954,0.03999999999999281
2350.0,0.34722222222215077,3.483083333333291,3.6783333333332906,50.0,40.310222434705565,0.049999999999999954,0.0399999999999929
2351.0,0.346944444444373,3.482888888888846,3.6781666666666237,50.0,40.31285840679499,0.049999999999999954,0.03999999999999299
2352.0,0.34666666666659524,3.4826944444444012,3.677999999999957,50.0,40.31549446751296,0.049999999999999954,0.039999999999993076
2353.0,0.34638888888881747,3.482499999999957,3.6778333333332904,50.0,40.318130616804126,0.049999999999999954,0.03999999999999316
2354.0,0.3461111111110397,3.482305555555512,3.6776666666666236,50.0,40.320766854613055,0.049999999999999954,0.03999999999999324
2355.0,0.34583333333326194,3.482111111111068,3.677499999999957,50.0,40.3234031808845,0.049999999999999954,0.039999999999993326
2356.0,0.3455555555554842,3.4819166666666233,3.6773333333332903,50.0,40.32603959556309,0.049999999999999954,0.03999999999999341
2357.0,0.3452777777777064,3.481722222222179,3.677166666666624,50.0,40.32867609859363,0.049999999999999954,0.03999999999999349
2358.0,0.34499999999992864,3.4815277777777345,3.676999999999957,50.0,40.33131268992088,0.049999999999999954,0.03999999999999357
2359.0,0.3447222222221509,3.4813333333332896,3.6768333333332905,50.0,40.33394936948969,0.049999999999999954,0.039999999999993645
2360.0,0.3444444444443731,3.4811388888888453,3.6766666666666237,50.0,40.336586137244865,0.049999999999999954,0.03999999999999372
2361.0,0.34416666666659534,3.480944444444401,3.6764999999999572,50.0,40.33922299313133,0.049999999999999954,0.0399999999999938
2362.0,0.3438888888888176,3.480749999999956,3.6763333333332904,50.0,40.34185993709394,0.049999999999999954,0.039999999999993874
2363.0,0.3436111111110398,3.480555555555512,3.676166666666624,50.0,40.34449696907768,0.049999999999999954,0.03999999999999395
2364.0,0.34333333333326205,3.4803611111110673,3.675999999999957,50.0,40.34713408902758,0.049999999999999954,0.039999999999994026
2365.0,0.3430555555554843,3.480166666666623,3.6758333333332907,50.0,40.349771296888605,0.049999999999999954,0.039999999999994096
2366.0,0.3427777777777065,3.479972222222178,3.675666666666624,50.0,40.352408592605855,0.049999999999999954,0.039999999999994165
2367.0,0.34249999999992875,3.479777777777734,3.6754999999999574,50.0,40.35504597612436,0.049999999999999954,0.039999999999994235
2368.0,0.342222222222151,3.4795833333332893,3.6753333333332905,50.0,40.35768344738926,0.049999999999999954,0.039999999999994304
2369.0,0.3419444444443732,3.479388888888845,3.675166666666624,50.0,40.36032100634577,0.049999999999999954,0.03999999999999437
2370.0,0.34166666666659545,3.4791944444444005,3.674999999999957,50.0,40.36295865293903,0.049999999999999954,0.03999999999999444
2371.0,0.3413888888888177,3.4789999999999557,3.6748333333332908,50.0,40.365596387114294,0.049999999999999954,0.03999999999999451
2372.0,0.3411111111110399,3.4788055555555113,3.674666666666624,50.0,40.36823420881677,0.049999999999999954,0.03999999999999458
2373.0,0.34083333333326216,3.4786111111110665,3.674499999999957,50.0,40.37087211799184,0.049999999999999954,0.03999999999999465
2374.0,0.3405555555554844,3.478416666666622,3.6743333333332906,50.0,40.37351011458475,0.049999999999999954,0.03999999999999471
2375.0,0.3402777777777066,3.4782222222221777,3.6741666666666237,50.0,40.37614819854093,0.049999999999999954,0.039999999999994776
2376.0,0.33999999999992886,3.4780277777777333,3.6739999999999573,50.0,40.37878636980571,0.049999999999999954,0.03999999999999484
2377.0,0.3397222222221511,3.477833333333289,3.6738333333332904,50.0,40.38142462832457,0.049999999999999954,0.0399999999999949
2378.0,0.3394444444443733,3.477638888888844,3.673666666666624,50.0,40.38406297404299,0.049999999999999954,0.03999999999999496
2379.0,0.33916666666659556,3.4774444444443993,3.673499999999957,50.0,40.38670140690641,0.049999999999999954,0.039999999999995026
2380.0,0.3388888888888178,3.4772499999999553,3.6733333333332907,50.0,40.38933992686043,0.049999999999999954,0.03999999999999509
2381.0,0.33861111111104003,3.4770555555555105,3.673166666666624,50.0,40.39197853385059,0.049999999999999954,0.03999999999999515
2382.0,0.33833333333326226,3.4768611111110665,3.6729999999999574,50.0,40.39461722782249,0.049999999999999954,0.039999999999995206
2383.0,0.3380555555554845,3.4766666666666217,3.6728333333332905,50.0,40.3972560087218,0.049999999999999954,0.03999999999999526
2384.0,0.33777777777770673,3.4764722222221778,3.672666666666624,50.0,40.3998948764941,0.049999999999999954,0.03999999999999532
2385.0,0.33749999999992897,3.4762777777777325,3.6724999999999572,50.0,40.40253383108518,0.049999999999999954,0.03999999999999537
2386.0,0.3372222222221512,3.476083333333288,3.672333333333291,50.0,40.405172872440744,0.049999999999999954,0.03999999999999543
2387.0,0.33694444444437344,3.4758888888888437,3.672166666666624,50.0,40.40781200050657,0.049999999999999954,0.039999999999995484
2388.0,0.33666666666659567,3.4756944444443993,3.6719999999999575,50.0,40.41045121522848,0.049999999999999954,0.03999999999999554
2389.0,0.3363888888888179,3.475499999999955,3.6718333333332906,50.0,40.4130905165523,0.049999999999999954,0.039999999999995595
2390.0,0.33611111111104014,3.4753055555555106,3.6716666666666242,50.0,40.41572990442393,0.049999999999999954,0.03999999999999565
2391.0,0.3358333333332624,3.4751111111110657,3.6714999999999574,50.0,40.41836937878924,0.049999999999999954,0.039999999999995706
2392.0,0.3355555555554846,3.4749166666666214,3.6713333333332905,50.0,40.421008939594174,0.049999999999999954,0.039999999999995754
2393.0,0.33527777777770684,3.474722222222177,3.671166666666624,50.0,40.42364858678468,0.049999999999999954,0.0399999999999958
2394.0,0.3349999999999291,3.474527777777732,3.670999999999957,50.0,40.42628832030681,0.049999999999999954,0.03999999999999585
2395.0,0.3347222222221513,3.4743333333332878,3.6708333333332908,50.0,40.42892814010662,0.049999999999999954,0.0399999999999959
2396.0,0.33444444444437355,3.4741388888888434,3.670666666666624,50.0,40.43156804613017,0.049999999999999954,0.03999999999999595
2397.0,0.3341666666665958,3.473944444444399,3.6704999999999575,50.0,40.43420803832356,0.049999999999999954,0.039999999999996
2398.0,0.333888888888818,3.473749999999954,3.6703333333332906,50.0,40.436848116632916,0.049999999999999954,0.039999999999996046
2399.0,0.33361111111104025,3.47355555555551,3.670166666666624,50.0,40.43948828100446,0.049999999999999954,0.039999999999996094
2400.0,0.3333333333332625,3.4733611111110654,3.6699999999999573,50.0,40.44212853138441,0.049999999999999954,0.03999999999999614
2401.0,0.3330555555554847,3.4731666666666214,3.669833333333291,50.0,40.44476886771895,0.049999999999999954,0.03999999999999619
2402.0,0.33277777777770695,3.4729722222221766,3.669666666666624,50.0,40.44740928995441,0.049999999999999954,0.03999999999999624
2403.0,0.3324999999999292,3.472777777777732,3.6694999999999576,50.0,40.45004979803707,0.049999999999999954,0.03999999999999629
2404.0,0.3322222222221514,3.4725833333332874,3.6693333333332907,50.0,40.45269039191328,0.049999999999999954,0.03999999999999633
2405.0,0.33194444444437365,3.472388888888843,3.6691666666666243,50.0,40.45533107152943,0.049999999999999954,0.03999999999999637
2406.0,0.3316666666665959,3.4721944444443986,3.6689999999999574,50.0,40.45797183683197,0.049999999999999954,0.03999999999999641
2407.0,0.3313888888888181,3.4719999999999542,3.668833333333291,50.0,40.46061268776731,0.049999999999999954,0.039999999999996455
2408.0,0.33111111111104036,3.4718055555555094,3.668666666666624,50.0,40.46325362428189,0.049999999999999954,0.0399999999999965
2409.0,0.3308333333332626,3.4716111111110655,3.6684999999999577,50.0,40.46589464632228,0.049999999999999954,0.03999999999999654
2410.0,0.3305555555554848,3.4714166666666206,3.668333333333291,50.0,40.468535753835,0.049999999999999954,0.03999999999999658
2411.0,0.33027777777770706,3.4712222222221767,3.6681666666666244,50.0,40.471176946766604,0.049999999999999954,0.03999999999999662
2412.0,0.3299999999999293,3.471027777777732,3.6679999999999575,50.0,40.47381822506378,0.049999999999999954,0.03999999999999666
2413.0,0.32972222222215153,3.470833333333287,3.6678333333332906,50.0,40.476459588673094,0.049999999999999954,0.039999999999996705
2414.0,0.32944444444437376,3.4706388888888426,3.667666666666624,50.0,40.479101037541284,0.049999999999999954,0.039999999999996746
2415.0,0.329166666666596,3.470444444444398,3.6674999999999573,50.0,40.48174257161503,0.049999999999999954,0.03999999999999679
2416.0,0.32888888888881823,3.470249999999954,3.667333333333291,50.0,40.484384190841126,0.049999999999999954,0.03999999999999683
2417.0,0.32861111111104047,3.470055555555509,3.667166666666624,50.0,40.48702589516631,0.049999999999999954,0.039999999999996864
2418.0,0.3283333333332627,3.469861111111065,3.6669999999999576,50.0,40.48966768453738,0.049999999999999954,0.0399999999999969
2419.0,0.32805555555548493,3.4696666666666203,3.6668333333332908,50.0,40.492309558901184,0.049999999999999954,0.039999999999996934
2420.0,0.32777777777770717,3.469472222222176,3.6666666666666243,50.0,40.49495151820463,0.049999999999999954,0.03999999999999697
2421.0,0.3274999999999294,3.4692777777777315,3.6664999999999575,50.0,40.49759356239463,0.049999999999999954,0.039999999999997
2422.0,0.32722222222215164,3.469083333333287,3.666333333333291,50.0,40.50023569141814,0.049999999999999954,0.03999999999999704
2423.0,0.32694444444437387,3.4688888888888427,3.666166666666624,50.0,40.502877905222135,0.049999999999999954,0.03999999999999707
2424.0,0.3266666666665961,3.4686944444443983,3.6659999999999577,50.0,40.505520203753576,0.049999999999999954,0.03999999999999711
2425.0,0.32638888888881834,3.4684999999999535,3.665833333333291,50.0,40.50816258695954,0.049999999999999954,0.03999999999999714
2426.0,0.3261111111110406,3.468305555555509,3.6656666666666244,50.0,40.51080505478711,0.049999999999999954,0.03999999999999718
2427.0,0.3258333333332628,3.4681111111110643,3.6654999999999576,50.0,40.51344760718342,0.049999999999999954,0.03999999999999721
2428.0,0.32555555555548504,3.4679166666666204,3.665333333333291,50.0,40.51609024409561,0.049999999999999954,0.039999999999997246
2429.0,0.3252777777777073,3.4677222222221755,3.6651666666666243,50.0,40.518732965470804,0.049999999999999954,0.03999999999999728
2430.0,0.3249999999999295,3.4675277777777316,3.664999999999958,50.0,40.52137577125626,0.049999999999999954,0.039999999999997315
2431.0,0.32472222222215175,3.4673333333332867,3.664833333333291,50.0,40.524018661399225,0.049999999999999954,0.03999999999999735
2432.0,0.324444444444374,3.467138888888842,3.664666666666624,50.0,40.52666163584695,0.049999999999999954,0.039999999999997385
2433.0,0.3241666666665962,3.466944444444398,3.6644999999999577,50.0,40.529304694546795,0.049999999999999954,0.03999999999999741
2434.0,0.32388888888881845,3.466749999999953,3.664333333333291,50.0,40.53194783744601,0.049999999999999954,0.03999999999999744
2435.0,0.3236111111110407,3.466555555555509,3.6641666666666244,50.0,40.534591064492076,0.049999999999999954,0.03999999999999747
2436.0,0.3233333333332629,3.4663611111110644,3.6639999999999575,50.0,40.53723437563235,0.049999999999999954,0.039999999999997496
2437.0,0.32305555555548515,3.46616666666662,3.663833333333291,50.0,40.53987777081426,0.049999999999999954,0.039999999999997524
2438.0,0.3227777777777074,3.4659722222221756,3.663666666666624,50.0,40.54252124998527,0.049999999999999954,0.03999999999999755
2439.0,0.3224999999999296,3.465777777777731,3.663499999999958,50.0,40.545164813092924,0.049999999999999954,0.03999999999999758
2440.0,0.32222222222215186,3.4655833333332864,3.663333333333291,50.0,40.54780846008475,0.049999999999999954,0.03999999999999761
2441.0,0.3219444444443741,3.465388888888842,3.6631666666666245,50.0,40.55045219090829,0.049999999999999954,0.039999999999997635
2442.0,0.3216666666665963,3.4651944444443976,3.6629999999999576,50.0,40.55309600551118,0.049999999999999954,0.03999999999999766
2443.0,0.32138888888881856,3.4649999999999532,3.662833333333291,50.0,40.55573990384107,0.049999999999999954,0.03999999999999769
2444.0,0.3211111111110408,3.4648055555555084,3.6626666666666243,50.0,40.558383885845615,0.049999999999999954,0.03999999999999772
2445.0,0.320833333333263,3.4646111111110645,3.662499999999958,50.0,40.56102795147251,0.049999999999999954,0.039999999999997746
2446.0,0.32055555555548526,3.4644166666666196,3.662333333333291,50.0,40.56367210066952,0.049999999999999954,0.03999999999999777
2447.0,0.3202777777777075,3.4642222222221757,3.6621666666666246,50.0,40.56631633338441,0.049999999999999954,0.0399999999999978
2448.0,0.31999999999992973,3.464027777777731,3.6619999999999577,50.0,40.56896064956493,0.049999999999999954,0.03999999999999783
2449.0,0.31972222222215196,3.4638333333332865,3.6618333333332913,50.0,40.57160504915896,0.049999999999999954,0.03999999999999786
2450.0,0.3194444444443742,3.463638888888842,3.6616666666666244,50.0,40.57424953211432,0.049999999999999954,0.039999999999997884
2451.0,0.31916666666659643,3.4634444444443973,3.6614999999999576,50.0,40.576894098379,0.049999999999999954,0.03999999999999791
2452.0,0.31888888888881867,3.4632499999999533,3.661333333333291,50.0,40.57953874790087,0.049999999999999954,0.03999999999999794
2453.0,0.3186111111110409,3.4630555555555085,3.6611666666666243,50.0,40.58218348062786,0.049999999999999954,0.03999999999999796
2454.0,0.31833333333326314,3.462861111111064,3.660999999999958,50.0,40.58482829650802,0.049999999999999954,0.03999999999999798
2455.0,0.31805555555548537,3.4626666666666197,3.660833333333291,50.0,40.587473195489395,0.049999999999999954,0.039999999999998
2456.0,0.3177777777777076,3.4624722222221753,3.6606666666666245,50.0,40.59011817751997,0.049999999999999954,0.03999999999999802
2457.0,0.31749999999992984,3.4622777777777305,3.6604999999999577,50.0,40.5927632425479,0.049999999999999954,0.039999999999998044
2458.0,0.3172222222221521,3.462083333333286,3.6603333333332913,50.0,40.5954083905213,0.049999999999999954,0.039999999999998065
2459.0,0.3169444444443743,3.4618888888888417,3.6601666666666244,50.0,40.59805362138832,0.049999999999999954,0.039999999999998086
2460.0,0.31666666666659654,3.4616944444443973,3.659999999999958,50.0,40.60069893509717,0.049999999999999954,0.039999999999998107
2461.0,0.3163888888888188,3.4614999999999525,3.659833333333291,50.0,40.60334433159608,0.049999999999999954,0.03999999999999813
2462.0,0.316111111111041,3.4613055555555086,3.6596666666666247,50.0,40.60598981083325,0.049999999999999954,0.03999999999999815
2463.0,0.31583333333326324,3.4611111111110637,3.659499999999958,50.0,40.60863537275702,0.049999999999999954,0.03999999999999817
2464.0,0.3155555555554855,3.46091666666662,3.6593333333332914,50.0,40.61128101731572,0.049999999999999954,0.03999999999999819
2465.0,0.3152777777777077,3.460722222222175,3.6591666666666245,50.0,40.61392674445767,0.049999999999999954,0.03999999999999821
2466.0,0.31499999999992995,3.4605277777777306,3.658999999999958,50.0,40.61657255413127,0.049999999999999954,0.03999999999999823
2467.0,0.3147222222221522,3.460333333333286,3.658833333333291,50.0,40.61921844628495,0.049999999999999954,0.03999999999999825
2468.0,0.3144444444443744,3.460138888888842,3.6586666666666248,50.0,40.621864420867155,0.049999999999999954,0.03999999999999827
2469.0,0.31416666666659665,3.4599444444443974,3.658499999999958,50.0,40.624510477826334,0.049999999999999954,0.039999999999998294
2470.0,0.3138888888888189,3.459749999999953,3.6583333333332915,50.0,40.62715661711104,0.049999999999999954,0.039999999999998315
2471.0,0.3136111111110411,3.459555555555508,3.6581666666666246,50.0,40.629802838669775,0.049999999999999954,0.039999999999998335
2472.0,0.31333333333326335,3.459361111111064,3.6579999999999577,50.0,40.63244914245115,0.049999999999999954,0.039999999999998356
2473.0,0.3130555555554856,3.4591666666666194,3.6578333333332913,50.0,40.63509552840378,0.049999999999999954,0.03999999999999838
2474.0,0.3127777777777078,3.458972222222175,3.6576666666666244,50.0,40.63774199647628,0.049999999999999954,0.0399999999999984
2475.0,0.31249999999993006,3.4587777777777307,3.657499999999958,50.0,40.64038854661737,0.049999999999999954,0.03999999999999842
2476.0,0.3122222222221523,3.458583333333286,3.657333333333291,50.0,40.64303517877573,0.049999999999999954,0.03999999999999844
2477.0,0.3119444444443745,3.458388888888842,3.6571666666666247,50.0,40.645681892900086,0.049999999999999954,0.03999999999999846
2478.0,0.31166666666659676,3.4581944444443966,3.656999999999958,50.0,40.64832868893927,0.049999999999999954,0.03999999999999848
2479.0,0.311388888888819,3.4579999999999527,3.6568333333332914,50.0,40.65097556684202,0.049999999999999954,0.0399999999999985
2480.0,0.3111111111110412,3.457805555555508,3.6566666666666245,50.0,40.65362252655717,0.049999999999999954,0.039999999999998516
2481.0,0.31083333333326346,3.457611111111064,3.656499999999958,50.0,40.65626956803362,0.049999999999999954,0.03999999999999853
2482.0,0.3105555555554857,3.457416666666619,3.6563333333332912,50.0,40.65891669122027,0.049999999999999954,0.039999999999998544
2483.0,0.31027777777770793,3.4572222222221747,3.656166666666625,50.0,40.66156389606601,0.049999999999999954,0.03999999999999856
2484.0,0.30999999999993016,3.4570277777777303,3.655999999999958,50.0,40.664211182519864,0.049999999999999954,0.03999999999999857
2485.0,0.3097222222221524,3.456833333333286,3.6558333333332915,50.0,40.666858550530776,0.049999999999999954,0.039999999999998585
2486.0,0.30944444444437463,3.4566388888888415,3.6556666666666247,50.0,40.66950600004782,0.049999999999999954,0.0399999999999986
2487.0,0.30916666666659687,3.456444444444397,3.6554999999999582,50.0,40.67215353102,0.049999999999999954,0.03999999999999861
2488.0,0.3088888888888191,3.4562499999999523,3.6553333333332914,50.0,40.67480114339645,0.049999999999999954,0.03999999999999863
2489.0,0.30861111111104134,3.4560555555555084,3.655166666666625,50.0,40.67744883712629,0.049999999999999954,0.03999999999999864
2490.0,0.30833333333326357,3.4558611111110635,3.654999999999958,50.0,40.68009661215865,0.049999999999999954,0.039999999999998655
2491.0,0.3080555555554858,3.455666666666619,3.654833333333291,50.0,40.682744468442706,0.049999999999999954,0.03999999999999867
2492.0,0.30777777777770804,3.4554722222221748,3.6546666666666248,50.0,40.6853924059277,0.049999999999999954,0.03999999999999868
2493.0,0.3074999999999303,3.4552777777777304,3.654499999999958,50.0,40.68804042456287,0.049999999999999954,0.039999999999998696
2494.0,0.3072222222221525,3.455083333333286,3.6543333333332915,50.0,40.690688524297514,0.049999999999999954,0.03999999999999871
2495.0,0.30694444444437474,3.454888888888841,3.6541666666666246,50.0,40.693336705080924,0.049999999999999954,0.039999999999998724
2496.0,0.306666666666597,3.454694444444397,3.653999999999958,50.0,40.695984966862454,0.049999999999999954,0.03999999999999874
2497.0,0.3063888888888192,3.4544999999999524,3.6538333333332913,50.0,40.698633309591514,0.049999999999999954,0.03999999999999875
2498.0,0.30611111111104145,3.4543055555555084,3.653666666666625,50.0,40.701281733217456,0.049999999999999954,0.039999999999998766
2499.0,0.3058333333332637,3.4541111111110636,3.653499999999958,50.0,40.70393023768975,0.049999999999999954,0.03999999999999878
2500.0,0.3055555555554859,3.4539166666666192,3.6533333333332916,50.0,40.70657882295785,0.049999999999999954,0.03999999999999879
2501.0,0.30527777777770815,3.453722222222175,3.6531666666666247,50.0,40.709227488971294,0.049999999999999954,0.03999999999999881
2502.0,0.3049999999999304,3.4535277777777305,3.6529999999999583,50.0,40.7118762356796,0.049999999999999954,0.03999999999999882
2503.0,0.3047222222221526,3.453333333333286,3.6528333333332914,50.0,40.71452506303228,0.049999999999999954,0.039999999999998835
2504.0,0.30444444444437485,3.4531388888888417,3.652666666666625,50.0,40.71717397097899,0.049999999999999954,0.03999999999999885
2505.0,0.3041666666665971,3.452944444444397,3.652499999999958,50.0,40.719822959469354,0.049999999999999954,0.03999999999999886
2506.0,0.3038888888888193,3.452749999999953,3.6523333333332917,50.0,40.72247202845301,0.049999999999999954,0.03999999999999888
2507.0,0.30361111111104155,3.452555555555508,3.652166666666625,50.0,40.72512117787966,0.049999999999999954,0.03999999999999889
2508.0,0.3033333333332638,3.452361111111064,3.6519999999999584,50.0,40.72777040769904,0.049999999999999954,0.039999999999998904
2509.0,0.303055555555486,3.4521666666666193,3.6518333333332915,50.0,40.73041971786091,0.049999999999999954,0.03999999999999892
2510.0,0.30277777777770826,3.451972222222175,3.651666666666625,50.0,40.73306910831502,0.049999999999999954,0.03999999999999893
2511.0,0.3024999999999305,3.45177777777773,3.6514999999999582,50.0,40.735718579011234,0.049999999999999954,0.039999999999998946
2512.0,0.3022222222221527,3.4515833333332853,3.6513333333332914,50.0,40.73836812989936,0.049999999999999954,0.03999999999999896
2513.0,0.30194444444437496,3.4513888888888413,3.651166666666625,50.0,40.74101776092925,0.049999999999999954,0.039999999999998974
2514.0,0.3016666666665972,3.4511944444443965,3.650999999999958,50.0,40.7436674720509,0.049999999999999954,0.03999999999999899
2515.0,0.30138888888881943,3.4509999999999525,3.6508333333332916,50.0,40.74631726321422,0.049999999999999954,0.039999999999999
2516.0,0.30111111111104166,3.4508055555555077,3.6506666666666248,50.0,40.74896713436914,0.049999999999999954,0.039999999999999016
2517.0,0.3008333333332639,3.4506111111110633,3.6504999999999583,50.0,40.75161708546574,0.049999999999999954,0.03999999999999903
2518.0,0.30055555555548613,3.450416666666619,3.6503333333332915,50.0,40.754267116454,0.049999999999999954,0.03999999999999904
2519.0,0.30027777777770837,3.4502222222221746,3.650166666666625,50.0,40.75691722728402,0.049999999999999954,0.03999999999999906
2520.0,0.2999999999999306,3.4500277777776818,3.6499999999999098,50.0,40.759567417905885,0.049999999999999954,0.039999999999999064
2521.0,0.29972222222215283,3.4496388888887854,3.6496388888887985,50.0,40.762217688269686,0.049999999999999954,0.03999999999999907
2522.0,0.29944444444437507,3.449222222222119,3.6492777777776877,50.0,40.76486977443676,0.049999999999999954,0.03999999999999908
2523.0,0.2991666666665973,3.4488055555554524,3.6489166666665764,50.0,40.76752367527217,0.049999999999999954,0.039999999999999085
2524.0,0.29888888888881954,3.4483888888887857,3.648555555555465,50.0,40.77017938964178,0.049999999999999954,0.03999999999999909
2525.0,0.29861111111104177,3.4479722222221194,3.6481944444443544,50.0,40.77283691641213,0.049999999999999954,0.0399999999999991
2526.0,0.298333333333264,3.4475555555554527,3.647833333333243,50.0,40.7754962544505,0.049999999999999954,0.039999999999999106
2527.0,0.29805555555548624,3.4471388888887855,3.647472222222132,50.0,40.7781574026248,0.049999999999999954,0.03999999999999911
2528.0,0.2977777777777085,3.446722222222119,3.647111111111021,50.0,40.78082035980373,0.049999999999999954,0.03999999999999912
2529.0,0.2974999999999307,3.4463055555554525,3.64674999999991,50.0,40.78348512485661,0.049999999999999954,0.03999999999999913
2530.0,0.29722222222215294,3.445888888888786,3.646388888888799,50.0,40.786151696653576,0.049999999999999954,0.039999999999999133
2531.0,0.2969444444443752,3.4454722222221195,3.6460277777776877,50.0,40.78882007406537,0.049999999999999954,0.03999999999999914
2532.0,0.2966666666665974,3.4450555555554523,3.6456666666665765,50.0,40.79149025596354,0.049999999999999954,0.03999999999999915
2533.0,0.29638888888881965,3.444638888888786,3.6453055555554656,50.0,40.79416224122025,0.049999999999999954,0.039999999999999154
2534.0,0.2961111111110419,3.4442222222221193,3.6449444444443544,50.0,40.796836028708356,0.049999999999999954,0.03999999999999916
2535.0,0.2958333333332641,3.4438055555554525,3.644583333333243,50.0,40.799511617301505,0.049999999999999954,0.03999999999999917
2536.0,0.29555555555548635,3.4433888888887862,3.6442222222221323,50.0,40.80218900587403,0.049999999999999954,0.039999999999999175
2537.0,0.2952777777777086,3.4429722222221195,3.643861111111021,50.0,40.80486819330093,0.049999999999999954,0.03999999999999918
2538.0,0.2949999999999308,3.442555555555453,3.64349999999991,50.0,40.80754917845792,0.049999999999999954,0.03999999999999919
2539.0,0.29472222222215305,3.442138888888786,3.643138888888799,50.0,40.81023196022136,0.049999999999999954,0.039999999999999196
2540.0,0.2944444444443753,3.4417222222221193,3.6427777777776877,50.0,40.812916537468425,0.049999999999999954,0.0399999999999992
2541.0,0.2941666666665975,3.4413055555554526,3.6424166666665765,50.0,40.81560290907697,0.049999999999999954,0.03999999999999921
2542.0,0.29388888888881975,3.4408888888887863,3.6420555555554657,50.0,40.81829107392548,0.049999999999999954,0.03999999999999922
2543.0,0.293611111111042,3.4404722222221196,3.6416944444443544,50.0,40.820981030893165,0.049999999999999954,0.039999999999999224
2544.0,0.2933333333332642,3.440055555555453,3.6413333333332436,50.0,40.82367277885999,0.049999999999999954,0.03999999999999923
2545.0,0.29305555555548646,3.439638888888786,3.6409722222221323,50.0,40.826366316706526,0.049999999999999954,0.03999999999999924
2546.0,0.2927777777777087,3.4392222222221194,3.640611111111021,50.0,40.82906164331416,0.049999999999999954,0.039999999999999244
2547.0,0.2924999999999309,3.438805555555453,3.6402499999999103,50.0,40.83175875756484,0.049999999999999954,0.03999999999999925
2548.0,0.29222222222215316,3.4383888888887864,3.639888888888799,50.0,40.834457658341364,0.049999999999999954,0.03999999999999926
2549.0,0.2919444444443754,3.4379722222221196,3.6395277777776878,50.0,40.8371583445271,0.049999999999999954,0.039999999999999265
2550.0,0.29166666666659763,3.437555555555453,3.639166666666577,50.0,40.839860815006205,0.049999999999999954,0.03999999999999927
2551.0,0.29138888888881986,3.437138888888786,3.6388055555554657,50.0,40.842565068663475,0.049999999999999954,0.03999999999999928
2552.0,0.2911111111110421,3.4367222222221194,3.6384444444443544,50.0,40.84527110438444,0.049999999999999954,0.039999999999999286
2553.0,0.29083333333326433,3.436305555555453,3.6380833333332436,50.0,40.8479789210553,0.049999999999999954,0.03999999999999929
2554.0,0.29055555555548657,3.4358888888887864,3.6377222222221324,50.0,40.85068851756296,0.049999999999999954,0.0399999999999993
2555.0,0.2902777777777088,3.4354722222221197,3.6373611111110216,50.0,40.85339989279504,0.049999999999999954,0.03999999999999931
2556.0,0.28999999999993104,3.435055555555453,3.6369999999999103,50.0,40.8561130456398,0.049999999999999954,0.039999999999999314
2557.0,0.28972222222215327,3.434638888888786,3.636638888888799,50.0,40.8588279749863,0.049999999999999954,0.03999999999999932
2558.0,0.2894444444443755,3.43422222222212,3.6362777777776882,50.0,40.86154467972415,0.049999999999999954,0.03999999999999933
2559.0,0.28916666666659774,3.433805555555453,3.635916666666577,50.0,40.86426315874377,0.049999999999999954,0.039999999999999335
2560.0,0.28888888888882,3.4333888888887865,3.6355555555554657,50.0,40.8669834109362,0.049999999999999954,0.03999999999999934
2561.0,0.2886111111110422,3.4329722222221197,3.635194444444355,50.0,40.86970543519328,0.049999999999999954,0.03999999999999935
2562.0,0.28833333333326444,3.432555555555453,3.6348333333332437,50.0,40.87242923040742,0.049999999999999954,0.039999999999999356
2563.0,0.2880555555554867,3.4321388888887863,3.6344722222221324,50.0,40.87515479547176,0.049999999999999954,0.03999999999999936
2564.0,0.2877777777777089,3.4317222222221195,3.6341111111110216,50.0,40.877882129280124,0.049999999999999954,0.03999999999999937
2565.0,0.28749999999993114,3.431305555555453,3.6337499999999103,50.0,40.880611230727084,0.049999999999999954,0.039999999999999376
2566.0,0.2872222222221534,3.4308888888887865,3.6333888888887995,50.0,40.883342098707885,0.049999999999999954,0.03999999999999938
2567.0,0.2869444444443756,3.4304722222221193,3.6330277777776883,50.0,40.8860747321184,0.049999999999999954,0.03999999999999939
2568.0,0.28666666666659785,3.4300555555554526,3.632666666666577,50.0,40.88880912985525,0.049999999999999954,0.0399999999999994
2569.0,0.2863888888888201,3.4296388888887863,3.632305555555466,50.0,40.89154529081577,0.049999999999999954,0.039999999999999404
2570.0,0.2861111111110423,3.4292222222221196,3.631944444444355,50.0,40.89428321389789,0.049999999999999954,0.03999999999999941
2571.0,0.28583333333326455,3.428805555555453,3.6315833333332437,50.0,40.89702289800033,0.049999999999999954,0.03999999999999942
2572.0,0.2855555555554868,3.428388888888786,3.631222222222133,50.0,40.89976434202242,0.049999999999999954,0.039999999999999425
2573.0,0.285277777777709,3.4279722222221194,3.6308611111110216,50.0,40.90250754486419,0.049999999999999954,0.03999999999999943
2574.0,0.28499999999993125,3.4275555555554527,3.6304999999999104,50.0,40.905252505426404,0.049999999999999954,0.03999999999999944
2575.0,0.2847222222221535,3.4271388888887864,3.6301388888887995,50.0,40.9079992226105,0.049999999999999954,0.039999999999999446
2576.0,0.2844444444443757,3.4267222222221196,3.6297777777776883,50.0,40.910747695318605,0.049999999999999954,0.03999999999999945
2577.0,0.28416666666659796,3.4263055555554534,3.6294166666665775,50.0,40.91349792245347,0.049999999999999954,0.03999999999999946
2578.0,0.2838888888888202,3.425888888888786,3.629055555555466,50.0,40.916249902918594,0.049999999999999954,0.03999999999999947
2579.0,0.2836111111110424,3.4254722222221194,3.628694444444355,50.0,40.91900363561814,0.049999999999999954,0.039999999999999473
2580.0,0.28333333333326466,3.425055555555453,3.628333333333244,50.0,40.921759119456965,0.049999999999999954,0.03999999999999948
2581.0,0.2830555555554869,3.4246388888887864,3.627972222222133,50.0,40.924516353340664,0.049999999999999954,0.03999999999999949
2582.0,0.2827777777777091,3.4242222222221197,3.6276111111110216,50.0,40.9272753361754,0.049999999999999954,0.039999999999999494
2583.0,0.28249999999993136,3.4238055555554534,3.627249999999911,50.0,40.93003606686807,0.049999999999999954,0.0399999999999995
2584.0,0.2822222222221536,3.4233888888887862,3.6268888888887996,50.0,40.93279854432626,0.049999999999999954,0.03999999999999951
2585.0,0.28194444444437583,3.4229722222221195,3.6265277777776883,50.0,40.93556276745829,0.049999999999999954,0.039999999999999515
2586.0,0.28166666666659806,3.422555555555453,3.6261666666665775,50.0,40.93832873517306,0.049999999999999954,0.03999999999999952
2587.0,0.2813888888888203,3.4221388888887865,3.6258055555554662,50.0,40.94109644638024,0.049999999999999954,0.03999999999999953
2588.0,0.28111111111104253,3.42172222222212,3.6254444444443554,50.0,40.94386589999016,0.049999999999999954,0.039999999999999536
2589.0,0.28083333333326477,3.4213055555554535,3.625083333333244,50.0,40.9466370949138,0.049999999999999954,0.03999999999999954
2590.0,0.280555555555487,3.4208888888887863,3.624722222222133,50.0,40.949410030062836,0.049999999999999954,0.03999999999999955
2591.0,0.28027777777770924,3.42047222222212,3.624361111111022,50.0,40.95218470434958,0.049999999999999954,0.03999999999999956
2592.0,0.27999999999993147,3.4200555555554533,3.623999999999911,50.0,40.954961116687116,0.049999999999999954,0.039999999999999564
2593.0,0.2797222222221537,3.4196388888887865,3.6236388888887996,50.0,40.957739265989176,0.049999999999999954,0.03999999999999957
2594.0,0.27944444444437594,3.4192222222221202,3.623277777777689,50.0,40.96051915117016,0.049999999999999954,0.03999999999999958
2595.0,0.2791666666665982,3.4188055555554535,3.6229166666665775,50.0,40.9633007711451,0.049999999999999954,0.039999999999999584
2596.0,0.2788888888888204,3.4183888888887863,3.6225555555554663,50.0,40.96608412482982,0.049999999999999954,0.03999999999999959
2597.0,0.27861111111104264,3.41797222222212,3.6221944444443555,50.0,40.968869211140714,0.049999999999999954,0.0399999999999996
2598.0,0.2783333333332649,3.4175555555554533,3.621833333333244,50.0,40.97165602899486,0.049999999999999954,0.039999999999999605
2599.0,0.2780555555554871,3.417138888888787,3.6214722222221334,50.0,40.97444457731007,0.049999999999999954,0.03999999999999961
2600.0,0.27777777777770934,3.4167222222221203,3.621111111111022,50.0,40.97723485500478,0.049999999999999954,0.03999999999999961
2601.0,0.2774999999999316,3.416305555555453,3.620749999999911,50.0,40.98002686099818,0.049999999999999954,0.03999999999999961
2602.0,0.2772222222221538,3.415888888888787,3.6203888888888,50.0,40.98282059421007,0.049999999999999954,0.03999999999999961
2603.0,0.27694444444437605,3.41547222222212,3.620027777777689,50.0,40.98561605356093,0.049999999999999954,0.03999999999999961
2604.0,0.2766666666665983,3.4150555555554534,3.6196666666665775,50.0,40.98841323797188,0.049999999999999954,0.03999999999999961
2605.0,0.2763888888888205,3.414638888888787,3.6193055555554667,50.0,40.99121214636483,0.049999999999999954,0.03999999999999961
2606.0,0.27611111111104275,3.4142222222221204,3.6189444444443555,50.0,40.99401277766225,0.049999999999999954,0.03999999999999961
2607.0,0.275833333333265,3.413805555555453,3.6185833333332442,50.0,40.9968151307873,0.049999999999999954,0.03999999999999961
2608.0,0.2755555555554872,3.413388888888787,3.6182222222221334,50.0,40.99961920466387,0.049999999999999954,0.03999999999999961
2609.0,0.27527777777770945,3.41297222222212,3.617861111111022,50.0,41.0024249982165,0.049999999999999954,0.03999999999999961
2610.0,0.2749999999999317,3.412555555555454,3.6174999999999113,50.0,41.00523251037038,0.049999999999999954,0.03999999999999961
2611.0,0.2747222222221539,3.412138888888787,3.6171388888888,50.0,41.0080417400514,0.049999999999999954,0.03999999999999961
2612.0,0.27444444444437616,3.4117222222221204,3.616777777777689,50.0,41.01085268618607,0.049999999999999954,0.03999999999999961
2613.0,0.2741666666665984,3.4113055555554537,3.616416666666578,50.0,41.01366534770165,0.049999999999999954,0.03999999999999961
2614.0,0.2738888888888206,3.410888888888787,3.6160555555554668,50.0,41.016479723526004,0.049999999999999954,0.03999999999999961
2615.0,0.27361111111104286,3.41047222222212,3.6156944444443555,50.0,41.0192958125877,0.049999999999999954,0.03999999999999961
2616.0,0.2733333333332651,3.410055555555454,3.6153333333332447,50.0,41.02211361381592,0.049999999999999954,0.03999999999999961
2617.0,0.27305555555548733,3.409638888888787,3.6149722222221334,50.0,41.02493312614064,0.049999999999999954,0.03999999999999961
2618.0,0.27277777777770956,3.40922222222212,3.614611111111022,50.0,41.02775434849235,0.049999999999999954,0.03999999999999961
2619.0,0.2724999999999318,3.4088055555554537,3.6142499999999114,50.0,41.030577279802344,0.049999999999999954,0.03999999999999961
2620.0,0.27222222222215403,3.408388888888787,3.6138888888888,50.0,41.03340191900247,0.049999999999999954,0.03999999999999961
2621.0,0.27194444444437627,3.4079722222221207,3.6135277777776893,50.0,41.03622826502533,0.049999999999999954,0.03999999999999961
2622.0,0.2716666666665985,3.407555555555454,3.613166666666578,50.0,41.039056316804135,0.049999999999999954,0.03999999999999961
2623.0,0.27138888888882073,3.4071388888887872,3.612805555555467,50.0,41.04188607327279,0.049999999999999954,0.03999999999999961
2624.0,0.27111111111104297,3.4067222222221205,3.612444444444356,50.0,41.04471753336588,0.049999999999999954,0.03999999999999961
2625.0,0.2708333333332652,3.406305555555454,3.6120833333332447,50.0,41.04755069601862,0.049999999999999954,0.03999999999999961
2626.0,0.27055555555548744,3.405888888888787,3.6117222222221335,50.0,41.050385560166944,0.049999999999999954,0.03999999999999961
2627.0,0.27027777777770967,3.4054722222221208,3.6113611111110226,50.0,41.05322212474738,0.049999999999999954,0.03999999999999961
2628.0,0.2699999999999319,3.405055555555454,3.6109999999999114,50.0,41.056060388697176,0.049999999999999954,0.03999999999999961
2629.0,0.26972222222215414,3.4046388888887873,3.6106388888888,50.0,41.05890035095422,0.049999999999999954,0.03999999999999961
2630.0,0.2694444444443764,3.4042222222221206,3.6102777777776893,50.0,41.06174201045707,0.049999999999999954,0.03999999999999961
2631.0,0.2691666666665986,3.403805555555454,3.609916666666578,50.0,41.06458536614497,0.049999999999999954,0.03999999999999961
2632.0,0.26888888888882084,3.4033888888887875,3.6095555555554673,50.0,41.06743041695779,0.049999999999999954,0.03999999999999961
2633.0,0.2686111111110431,3.402972222222121,3.609194444444356,50.0,41.07027716183609,0.049999999999999954,0.03999999999999961
2634.0,0.2683333333332653,3.402555555555454,3.6088333333332447,50.0,41.07312559972104,0.049999999999999954,0.03999999999999961
2635.0,0.26805555555548755,3.402138888888788,3.608472222222134,50.0,41.07597572955456,0.049999999999999954,0.03999999999999961
2636.0,0.2677777777777098,3.4017222222221206,3.6081111111110227,50.0,41.07882755027913,0.049999999999999954,0.03999999999999961
2637.0,0.267499999999932,3.401305555555454,3.6077499999999114,50.0,41.08168106083798,0.049999999999999954,0.03999999999999961
2638.0,0.26722222222215425,3.4008888888887876,3.6073888888888006,50.0,41.08453626017496,0.049999999999999954,0.03999999999999961
2639.0,0.2669444444443765,3.400472222222121,3.6070277777776893,50.0,41.08739314723459,0.049999999999999954,0.03999999999999961
2640.0,0.2666666666665987,3.400055555555454,3.606666666666578,50.0,41.090251720962044,0.049999999999999954,0.03999999999999961
2641.0,0.26638888888882095,3.3996388888887874,3.6063055555554673,50.0,41.09311198030309,0.049999999999999954,0.03999999999999961
2642.0,0.2661111111110432,3.3992222222221207,3.605944444444356,50.0,41.095973924204316,0.049999999999999954,0.03999999999999961
2643.0,0.2658333333332654,3.398805555555454,3.6055833333332448,50.0,41.0988375516128,0.049999999999999954,0.03999999999999961
2644.0,0.26555555555548765,3.3983888888887877,3.605222222222134,50.0,41.10170286147638,0.049999999999999954,0.03999999999999961
2645.0,0.2652777777777099,3.397972222222121,3.6048611111110227,50.0,41.10456985274351,0.049999999999999954,0.03999999999999961
2646.0,0.2649999999999321,3.3975555555554546,3.604499999999912,50.0,41.10743852436332,0.049999999999999954,0.03999999999999961
2647.0,0.26472222222215436,3.3971388888887875,3.6041388888888006,50.0,41.11030887528557,0.049999999999999954,0.03999999999999961
2648.0,0.2644444444443766,3.3967222222221207,3.6037777777776894,50.0,41.11318090446076,0.049999999999999954,0.03999999999999961
2649.0,0.2641666666665988,3.3963055555554544,3.6034166666665786,50.0,41.11605461083991,0.049999999999999954,0.03999999999999961
2650.0,0.26388888888882106,3.3958888888887877,3.6030555555554673,50.0,41.11892999337482,0.049999999999999954,0.03999999999999961
2651.0,0.2636111111110433,3.395472222222121,3.602694444444356,50.0,41.12180705101787,0.049999999999999954,0.03999999999999961
2652.0,0.26333333333326553,3.3950555555554547,3.6023333333332452,50.0,41.12468578272211,0.049999999999999954,0.03999999999999961
2653.0,0.26305555555548776,3.3946388888887875,3.601972222222134,50.0,41.12756618744123,0.049999999999999954,0.03999999999999961
2654.0,0.26277777777771,3.3942222222221208,3.6016111111110227,50.0,41.130448264129654,0.049999999999999954,0.03999999999999961
2655.0,0.26249999999993223,3.3938055555554545,3.601249999999912,50.0,41.13333201174237,0.049999999999999954,0.03999999999999961
2656.0,0.26222222222215447,3.3933888888887878,3.6008888888888007,50.0,41.136217429235046,0.049999999999999954,0.03999999999999961
2657.0,0.2619444444443767,3.3929722222221215,3.60052777777769,50.0,41.139104515563986,0.049999999999999954,0.03999999999999961
2658.0,0.26166666666659893,3.3925555555554543,3.6001666666665786,50.0,41.141993269686225,0.049999999999999954,0.03999999999999961
2659.0,0.26138888888882117,3.3921388888887876,3.5998055555554673,50.0,41.14488369055931,0.049999999999999954,0.03999999999999961
2660.0,0.2611111111110434,3.3917222222221213,3.5994444444443565,50.0,41.14777577714159,0.049999999999999954,0.03999999999999961
2661.0,0.26083333333326564,3.3913055555554545,3.5990833333332453,50.0,41.15066952839197,0.049999999999999954,0.03999999999999961
2662.0,0.26055555555548787,3.390888888888788,3.598722222222134,50.0,41.153564943270055,0.049999999999999954,0.03999999999999961
2663.0,0.2602777777777101,3.3904722222221215,3.598361111111023,50.0,41.15646202073606,0.049999999999999954,0.03999999999999961
2664.0,0.25999999999993234,3.3900555555554543,3.597999999999912,50.0,41.15936075975088,0.049999999999999954,0.03999999999999961
2665.0,0.2597222222221546,3.3896388888887876,3.5976388888888007,50.0,41.162261159276056,0.049999999999999954,0.03999999999999961
2666.0,0.2594444444443768,3.3892222222221213,3.59727777777769,50.0,41.16516321827373,0.049999999999999954,0.03999999999999961
2667.0,0.25916666666659904,3.3888055555554546,3.5969166666665786,50.0,41.16806693570675,0.049999999999999954,0.03999999999999961
2668.0,0.2588888888888213,3.3883888888887883,3.596555555555468,50.0,41.170972310538616,0.049999999999999954,0.03999999999999961
2669.0,0.2586111111110435,3.3879722222221216,3.5961944444443565,50.0,41.173879341733425,0.049999999999999954,0.03999999999999961
2670.0,0.25833333333326575,3.3875555555554544,3.5958333333332453,50.0,41.17678802825594,0.049999999999999954,0.03999999999999961
2671.0,0.258055555555488,3.387138888888788,3.5954722222221345,50.0,41.179698369071616,0.049999999999999954,0.03999999999999961
2672.0,0.2577777777777102,3.3867222222221214,3.595111111111023,50.0,41.18261036314652,0.049999999999999954,0.03999999999999961
2673.0,0.25749999999993245,3.3863055555554546,3.594749999999912,50.0,41.18552400944736,0.049999999999999954,0.03999999999999961
2674.0,0.2572222222221547,3.3858888888887884,3.594388888888801,50.0,41.18843930694146,0.049999999999999954,0.03999999999999961
2675.0,0.2569444444443769,3.385472222222121,3.59402777777769,50.0,41.191356254596826,0.049999999999999954,0.03999999999999961
2676.0,0.25666666666659915,3.3850555555554545,3.5936666666665786,50.0,41.19427485138215,0.049999999999999954,0.03999999999999961
2677.0,0.2563888888888214,3.384638888888788,3.593305555555468,50.0,41.19719509626668,0.049999999999999954,0.03999999999999961
2678.0,0.2561111111110436,3.3842222222221214,3.5929444444443566,50.0,41.20011698822043,0.049999999999999954,0.03999999999999961
2679.0,0.25583333333326586,3.383805555555455,3.5925833333332458,50.0,41.2030405262139,0.049999999999999954,0.03999999999999961
2680.0,0.2555555555554881,3.3833888888887884,3.5922222222221345,50.0,41.20596570921833,0.049999999999999954,0.03999999999999961
2681.0,0.2552777777777103,3.3829722222221212,3.5918611111110232,50.0,41.20889253620561,0.049999999999999954,0.03999999999999961
2682.0,0.25499999999993256,3.382555555555455,3.5914999999999124,50.0,41.211821006148284,0.049999999999999954,0.03999999999999961
2683.0,0.2547222222221548,3.382138888888788,3.591138888888801,50.0,41.21475111801942,0.049999999999999954,0.03999999999999961
2684.0,0.254444444444377,3.3817222222221215,3.59077777777769,50.0,41.217682870792885,0.049999999999999954,0.03999999999999961
2685.0,0.25416666666659926,3.381305555555455,3.590416666666579,50.0,41.220616263443105,0.049999999999999954,0.03999999999999961
2686.0,0.2538888888888215,3.3808888888887885,3.590055555555468,50.0,41.22355129494514,0.049999999999999954,0.03999999999999961
2687.0,0.25361111111104373,3.3804722222221213,3.5896944444443566,50.0,41.22648796427467,0.049999999999999954,0.03999999999999961
2688.0,0.25333333333326596,3.380055555555455,3.589333333333246,50.0,41.22942627040811,0.049999999999999954,0.03999999999999961
2689.0,0.2530555555554882,3.3796388888887883,3.5889722222221345,50.0,41.23236621232246,0.049999999999999954,0.03999999999999961
2690.0,0.25277777777771043,3.379222222222122,3.5886111111110237,50.0,41.23530778899533,0.049999999999999954,0.03999999999999961
2691.0,0.25249999999993267,3.3788055555554553,3.5882499999999125,50.0,41.23825099940501,0.049999999999999954,0.03999999999999961
2692.0,0.2522222222221549,3.378388888888788,3.587888888888801,50.0,41.241195842530374,0.049999999999999954,0.03999999999999961
2693.0,0.25194444444437714,3.377972222222122,3.5875277777776904,50.0,41.24414231735102,0.049999999999999954,0.03999999999999961
2694.0,0.25166666666659937,3.377555555555455,3.587166666666579,50.0,41.24709042284712,0.049999999999999954,0.03999999999999961
2695.0,0.2513888888888216,3.3771388888887883,3.586805555555468,50.0,41.250040157999535,0.049999999999999954,0.03999999999999961
2696.0,0.25111111111104384,3.376722222222122,3.586444444444357,50.0,41.25299152178968,0.049999999999999954,0.03999999999999961
2697.0,0.2508333333332661,3.3763055555554553,3.586083333333246,50.0,41.255944513199665,0.049999999999999954,0.03999999999999961
2698.0,0.2505555555554883,3.3758888888887886,3.5857222222221345,50.0,41.258899131212274,0.049999999999999954,0.03999999999999961
2699.0,0.25027777777771054,3.375472222222122,3.5853611111110237,50.0,41.26185537481081,0.049999999999999954,0.03999999999999961
2700.0,0.24999999999993278,3.375055555555455,3.5849999999999125,50.0,41.2648132429793,0.049999999999999954,0.03999999999999961
2701.0,0.249722222222155,3.374638888888789,3.5846388888888017,50.0,41.26777273470242,0.049999999999999954,0.03999999999999961
2702.0,0.24944444444437724,3.374222222222122,3.5842777777776904,50.0,41.27073384896545,0.049999999999999954,0.03999999999999961
2703.0,0.24916666666659948,3.3738055555554554,3.583916666666579,50.0,41.273696584754305,0.049999999999999954,0.03999999999999961
2704.0,0.2488888888888217,3.3733888888887886,3.5835555555554683,50.0,41.276660941055525,0.049999999999999954,0.03999999999999961
2705.0,0.24861111111104395,3.372972222222122,3.583194444444357,50.0,41.27962691685627,0.049999999999999954,0.03999999999999961
2706.0,0.24833333333326618,3.372555555555455,3.582833333333246,50.0,41.28259451114434,0.049999999999999954,0.03999999999999961
2707.0,0.24805555555548842,3.372138888888789,3.582472222222135,50.0,41.28556372290819,0.049999999999999954,0.03999999999999961
2708.0,0.24777777777771065,3.371722222222122,3.5821111111110238,50.0,41.288534551136934,0.049999999999999954,0.03999999999999961
2709.0,0.24749999999993288,3.3713055555554554,3.5817499999999125,50.0,41.291506994820224,0.049999999999999954,0.03999999999999961
2710.0,0.24722222222215512,3.3708888888887887,3.5813888888888017,50.0,41.29448105294847,0.049999999999999954,0.03999999999999961
2711.0,0.24694444444437735,3.370472222222122,3.5810277777776904,50.0,41.297456724512585,0.049999999999999954,0.03999999999999961
2712.0,0.2466666666665996,3.3700555555554557,3.5806666666665796,50.0,41.300434008504226,0.049999999999999954,0.03999999999999961
2713.0,0.24638888888882182,3.369638888888789,3.5803055555554684,50.0,41.30341290391556,0.049999999999999954,0.03999999999999961
2714.0,0.24611111111104406,3.369222222222122,3.579944444444357,50.0,41.306393409739485,0.049999999999999954,0.03999999999999961
2715.0,0.2458333333332663,3.3688055555554555,3.5795833333332463,50.0,41.30937552496948,0.049999999999999954,0.03999999999999961
2716.0,0.24555555555548852,3.3683888888887887,3.579222222222135,50.0,41.312359248599705,0.049999999999999954,0.03999999999999961
2717.0,0.24527777777771076,3.367972222222122,3.578861111111024,50.0,41.31534457962488,0.049999999999999954,0.03999999999999961
2718.0,0.244999999999933,3.3675555555554557,3.578499999999913,50.0,41.318331517040406,0.049999999999999954,0.03999999999999961
2719.0,0.24472222222215523,3.367138888888789,3.5781388888888017,50.0,41.321320059842265,0.049999999999999954,0.03999999999999961
2720.0,0.24444444444437746,3.3667222222221223,3.5777777777776905,50.0,41.32431020702711,0.049999999999999954,0.03999999999999961
2721.0,0.2441666666665997,3.3663055555554555,3.5774166666665796,50.0,41.32730195759217,0.049999999999999954,0.03999999999999961
2722.0,0.24388888888882193,3.365888888888789,3.5770555555554684,50.0,41.33029531053535,0.049999999999999954,0.03999999999999961
2723.0,0.24361111111104417,3.3654722222221225,3.5766944444443576,50.0,41.33329026485518,0.049999999999999954,0.03999999999999961
2724.0,0.2433333333332664,3.3650555555554558,3.5763333333332463,50.0,41.336286819550764,0.049999999999999954,0.03999999999999961
2725.0,0.24305555555548863,3.364638888888789,3.575972222222135,50.0,41.339284973621886,0.049999999999999954,0.03999999999999961
2726.0,0.24277777777771087,3.3642222222221227,3.5756111111110243,50.0,41.342284726068954,0.049999999999999954,0.03999999999999961
2727.0,0.2424999999999331,3.3638055555554556,3.575249999999913,50.0,41.34528607589294,0.049999999999999954,0.03999999999999961
2728.0,0.24222222222215534,3.363388888888789,3.5748888888888017,50.0,41.348289022095514,0.049999999999999954,0.03999999999999961
2729.0,0.24194444444437757,3.3629722222221226,3.574527777777691,50.0,41.35129356367895,0.049999999999999954,0.03999999999999961
2730.0,0.2416666666665998,3.362555555555456,3.5741666666665797,50.0,41.354299699646106,0.049999999999999954,0.03999999999999961
2731.0,0.24138888888882204,3.362138888888789,3.5738055555554684,50.0,41.357307429000514,0.049999999999999954,0.03999999999999961
2732.0,0.24111111111104427,3.3617222222221224,3.5734444444443576,50.0,41.36031675074628,0.049999999999999954,0.03999999999999961
2733.0,0.2408333333332665,3.3613055555554556,3.5730833333332463,50.0,41.363327663888185,0.049999999999999954,0.03999999999999961
2734.0,0.24055555555548874,3.3608888888887893,3.5727222222221355,50.0,41.36634016743159,0.049999999999999954,0.03999999999999961
2735.0,0.24027777777771098,3.3604722222221226,3.5723611111110243,50.0,41.36935426038252,0.049999999999999954,0.03999999999999961
2736.0,0.2399999999999332,3.360055555555456,3.571999999999913,50.0,41.372369941747536,0.049999999999999954,0.03999999999999961
2737.0,0.23972222222215545,3.3596388888887896,3.571638888888802,50.0,41.37538721053397,0.049999999999999954,0.03999999999999961
2738.0,0.23944444444437768,3.359222222222123,3.571277777777691,50.0,41.37840606574963,0.049999999999999954,0.03999999999999961
2739.0,0.23916666666659991,3.3588055555554557,3.5709166666665797,50.0,41.38142650640299,0.049999999999999954,0.03999999999999961
2740.0,0.23888888888882215,3.3583888888887894,3.570555555555469,50.0,41.38444853150315,0.049999999999999954,0.03999999999999961
2741.0,0.23861111111104438,3.3579722222221227,3.5701944444443576,50.0,41.387472140059856,0.049999999999999954,0.03999999999999961
2742.0,0.23833333333326662,3.357555555555456,3.5698333333332464,50.0,41.39049733108345,0.049999999999999954,0.03999999999999961
2743.0,0.23805555555548885,3.3571388888887896,3.5694722222221356,50.0,41.393524103584866,0.049999999999999954,0.03999999999999961
2744.0,0.23777777777771109,3.3567222222221225,3.5691111111110243,50.0,41.396552456575705,0.049999999999999954,0.03999999999999961
2745.0,0.23749999999993332,3.356305555555456,3.5687499999999135,50.0,41.399582389068144,0.049999999999999954,0.03999999999999961
2746.0,0.23722222222215555,3.3558888888887894,3.5683888888888022,50.0,41.40261390007498,0.049999999999999954,0.03999999999999961
2747.0,0.2369444444443778,3.3554722222221227,3.568027777777691,50.0,41.40564698860965,0.049999999999999954,0.03999999999999961
2748.0,0.23666666666660002,3.3550555555554564,3.56766666666658,50.0,41.40868165368619,0.049999999999999954,0.03999999999999961
2749.0,0.23638888888882226,3.3546388888887897,3.567305555555469,50.0,41.41171789431928,0.049999999999999954,0.03999999999999961
2750.0,0.2361111111110445,3.3542222222221225,3.5669444444443577,50.0,41.41475570952423,0.049999999999999954,0.03999999999999961
2751.0,0.23583333333326673,3.3538055555554562,3.566583333333247,50.0,41.4177950983169,0.049999999999999954,0.03999999999999961
2752.0,0.23555555555548896,3.3533888888887895,3.5662222222221356,50.0,41.42083605971379,0.049999999999999954,0.03999999999999961
2753.0,0.2352777777777112,3.3529722222221228,3.5658611111110243,50.0,41.423878592732024,0.049999999999999954,0.03999999999999961
2754.0,0.23499999999993343,3.3525555555554565,3.5654999999999135,50.0,41.42692269638934,0.049999999999999954,0.03999999999999961
2755.0,0.23472222222215566,3.3521388888887893,3.5651388888888023,50.0,41.42996836970411,0.049999999999999954,0.03999999999999961
2756.0,0.2344444444443779,3.351722222222123,3.5647777777776914,50.0,41.43301561169528,0.049999999999999954,0.03999999999999961
2757.0,0.23416666666660013,3.3513055555554563,3.56441666666658,50.0,41.43606442138241,0.049999999999999954,0.03999999999999961
2758.0,0.23388888888882237,3.3508888888887896,3.564055555555469,50.0,41.43911479778569,0.049999999999999954,0.03999999999999961
2759.0,0.2336111111110446,3.3504722222221233,3.563694444444358,50.0,41.44216673992594,0.049999999999999954,0.03999999999999961
2760.0,0.23333333333326683,3.3500555555554565,3.563333333333247,50.0,41.44522024682459,0.049999999999999954,0.03999999999999961
2761.0,0.23305555555548907,3.3496388888887894,3.5629722222221356,50.0,41.44827531750366,0.049999999999999954,0.03999999999999961
2762.0,0.2327777777777113,3.349222222222123,3.562611111111025,50.0,41.451331950985775,0.049999999999999954,0.03999999999999961
2763.0,0.23249999999993354,3.3488055555554563,3.5622499999999135,50.0,41.4543901462942,0.049999999999999954,0.03999999999999961
2764.0,0.23222222222215577,3.3483888888887896,3.5618888888888023,50.0,41.457449902452765,0.049999999999999954,0.03999999999999961
2765.0,0.231944444444378,3.3479722222221233,3.5615277777776915,50.0,41.460511218485976,0.049999999999999954,0.03999999999999961
2766.0,0.23166666666660024,3.3475555555554566,3.56116666666658,50.0,41.463574093418856,0.049999999999999954,0.03999999999999961
2767.0,0.23138888888882247,3.34713888888879,3.5608055555554694,50.0,41.46663852627711,0.049999999999999954,0.03999999999999961
2768.0,0.2311111111110447,3.346722222222123,3.560444444444358,50.0,41.46970451608706,0.049999999999999954,0.03999999999999961
2769.0,0.23083333333326694,3.3463055555554564,3.560083333333247,50.0,41.47277206187562,0.049999999999999954,0.03999999999999961
2770.0,0.23055555555548918,3.34588888888879,3.559722222222136,50.0,41.47584116267029,0.049999999999999954,0.03999999999999961
2771.0,0.2302777777777114,3.3454722222221234,3.559361111111025,50.0,41.47891181749918,0.049999999999999954,0.03999999999999961
2772.0,0.22999999999993365,3.3450555555554566,3.5589999999999136,50.0,41.481984025391,0.049999999999999954,0.03999999999999961
2773.0,0.22972222222215588,3.34463888888879,3.5586388888888028,50.0,41.48505778537515,0.049999999999999954,0.03999999999999961
2774.0,0.22944444444437812,3.344222222222123,3.5582777777776915,50.0,41.48813309648153,0.049999999999999954,0.03999999999999961
2775.0,0.22916666666660035,3.3438055555554564,3.5579166666665802,50.0,41.49120995774069,0.049999999999999954,0.03999999999999961
2776.0,0.22888888888882258,3.34338888888879,3.5575555555554694,50.0,41.49428836818379,0.049999999999999954,0.03999999999999961
2777.0,0.22861111111104482,3.3429722222221234,3.557194444444358,50.0,41.49736832684255,0.049999999999999954,0.03999999999999961
2778.0,0.22833333333326705,3.342555555555457,3.5568333333332474,50.0,41.50044983274938,0.049999999999999954,0.03999999999999961
2779.0,0.2280555555554893,3.34213888888879,3.556472222222136,50.0,41.50353288493727,0.049999999999999954,0.03999999999999961
2780.0,0.22777777777771152,3.3417222222221232,3.556111111111025,50.0,41.506617482439765,0.049999999999999954,0.03999999999999961
2781.0,0.22749999999993376,3.341305555555457,3.555749999999914,50.0,41.509703624291035,0.049999999999999954,0.03999999999999961
2782.0,0.227222222222156,3.34088888888879,3.555388888888803,50.0,41.51279130952588,0.049999999999999954,0.03999999999999961
2783.0,0.22694444444437822,3.3404722222221235,3.5550277777776915,50.0,41.51588053717967,0.049999999999999954,0.03999999999999961
2784.0,0.22666666666660046,3.3400555555554567,3.5546666666665807,50.0,41.51897130628839,0.049999999999999954,0.03999999999999961
2785.0,0.2263888888888227,3.33963888888879,3.5543055555554695,50.0,41.52206361588861,0.049999999999999954,0.03999999999999961
2786.0,0.22611111111104493,3.3392222222221233,3.553944444444358,50.0,41.52515746501757,0.049999999999999954,0.03999999999999961
2787.0,0.22583333333326716,3.338805555555457,3.5535833333332474,50.0,41.528252852713024,0.049999999999999954,0.03999999999999961
2788.0,0.2255555555554894,3.3383888888887903,3.553222222222136,50.0,41.53134977801341,0.049999999999999954,0.03999999999999961
2789.0,0.22527777777771163,3.337972222222124,3.5528611111110253,50.0,41.534448239957726,0.049999999999999954,0.03999999999999961
2790.0,0.22499999999993386,3.337555555555457,3.552499999999914,50.0,41.537548237585554,0.049999999999999954,0.03999999999999961
2791.0,0.2247222222221561,3.33713888888879,3.552138888888803,50.0,41.54064976993709,0.049999999999999954,0.03999999999999961
2792.0,0.22444444444437833,3.336722222222124,3.551777777777692,50.0,41.5437528360531,0.049999999999999954,0.03999999999999961
2793.0,0.22416666666660057,3.336305555555457,3.5514166666665807,50.0,41.54685743497504,0.049999999999999954,0.03999999999999961
2794.0,0.2238888888888228,3.3358888888887903,3.5510555555554695,50.0,41.54996356574486,0.049999999999999954,0.03999999999999961
2795.0,0.22361111111104504,3.335472222222124,3.5506944444443587,50.0,41.553071227405155,0.049999999999999954,0.03999999999999961
2796.0,0.22333333333326727,3.335055555555457,3.5503333333332474,50.0,41.55618041899913,0.049999999999999954,0.03999999999999961
2797.0,0.2230555555554895,3.33463888888879,3.549972222222136,50.0,41.559291139570576,0.049999999999999954,0.03999999999999961
2798.0,0.22277777777771174,3.334222222222124,3.5496111111110253,50.0,41.56240338816389,0.049999999999999954,0.03999999999999961
2799.0,0.22249999999993397,3.333805555555457,3.549249999999914,50.0,41.56551716382404,0.049999999999999954,0.03999999999999961
2800.0,0.2222222222221562,3.333388888888791,3.5488888888888033,50.0,41.568632465596636,0.049999999999999954,0.03999999999999961
2801.0,0.22194444444437844,3.3329722222221236,3.548527777777692,50.0,41.57174929252784,0.049999999999999954,0.03999999999999961
2802.0,0.22166666666660068,3.332555555555457,3.5481666666665808,50.0,41.57486764366445,0.049999999999999954,0.03999999999999961
2803.0,0.2213888888888229,3.3321388888887906,3.54780555555547,50.0,41.57798751805382,0.049999999999999954,0.03999999999999961
2804.0,0.22111111111104514,3.331722222222124,3.5474444444443587,50.0,41.581108914743936,0.049999999999999954,0.03999999999999961
2805.0,0.22083333333326738,3.331305555555457,3.5470833333332474,50.0,41.58423183278336,0.049999999999999954,0.03999999999999961
2806.0,0.2205555555554896,3.330888888888791,3.5467222222221366,50.0,41.58735627122121,0.049999999999999954,0.03999999999999961
2807.0,0.22027777777771185,3.3304722222221237,3.5463611111110254,50.0,41.59048222910724,0.049999999999999954,0.03999999999999961
2808.0,0.21999999999993408,3.330055555555457,3.545999999999914,50.0,41.593609705491815,0.049999999999999954,0.03999999999999961
2809.0,0.21972222222215632,3.3296388888887907,3.5456388888888033,50.0,41.596738699425885,0.049999999999999954,0.03999999999999961
2810.0,0.21944444444437855,3.329222222222124,3.545277777777692,50.0,41.59986920996096,0.049999999999999954,0.03999999999999961
2811.0,0.21916666666660078,3.3288055555554577,3.5449166666665812,50.0,41.60300123614917,0.049999999999999954,0.03999999999999961
2812.0,0.21888888888882302,3.328388888888791,3.54455555555547,50.0,41.60613477704322,0.049999999999999954,0.03999999999999961
2813.0,0.21861111111104525,3.3279722222221237,3.5441944444443587,50.0,41.60926983169645,0.049999999999999954,0.03999999999999961
2814.0,0.2183333333332675,3.3275555555554575,3.543833333333248,50.0,41.61240639916275,0.049999999999999954,0.03999999999999961
2815.0,0.21805555555548972,3.3271388888887907,3.5434722222221366,50.0,41.61554447849659,0.049999999999999954,0.03999999999999961
2816.0,0.21777777777771196,3.326722222222124,3.5431111111110254,50.0,41.61868406875311,0.049999999999999954,0.03999999999999961
2817.0,0.2174999999999342,3.3263055555554577,3.5427499999999146,50.0,41.621825168987925,0.049999999999999954,0.03999999999999961
2818.0,0.21722222222215642,3.3258888888887905,3.5423888888888033,50.0,41.624967778257314,0.049999999999999954,0.03999999999999961
2819.0,0.21694444444437866,3.325472222222124,3.542027777777692,50.0,41.62811189561813,0.049999999999999954,0.03999999999999961
2820.0,0.2166666666666009,3.3250555555554575,3.5416666666665813,50.0,41.631257520127804,0.049999999999999954,0.03999999999999961
2821.0,0.21638888888882313,3.3246388888887908,3.54130555555547,50.0,41.634404650844374,0.049999999999999954,0.03999999999999961
2822.0,0.21611111111104536,3.324222222222124,3.5409444444443587,50.0,41.63755328682646,0.049999999999999954,0.03999999999999961
2823.0,0.2158333333332676,3.3238055555554578,3.540583333333248,50.0,41.6407034271333,0.049999999999999954,0.03999999999999961
2824.0,0.21555555555548983,3.3233888888887906,3.5402222222221367,50.0,41.64385507082466,0.049999999999999954,0.03999999999999961
2825.0,0.21527777777771206,3.3229722222221243,3.539861111111026,50.0,41.647008216960955,0.049999999999999954,0.03999999999999961
2826.0,0.2149999999999343,3.3225555555554576,3.5394999999999146,50.0,41.650162864603146,0.049999999999999954,0.03999999999999961
2827.0,0.21472222222215653,3.322138888888791,3.5391388888888033,50.0,41.653319012812744,0.049999999999999954,0.03999999999999961
2828.0,0.21444444444437877,3.3217222222221245,3.5387777777776925,50.0,41.65647666065195,0.049999999999999954,0.03999999999999961
2829.0,0.214166666666601,3.321305555555458,3.5384166666665813,50.0,41.65963580718346,0.049999999999999954,0.03999999999999961
2830.0,0.21388888888882324,3.3208888888887906,3.53805555555547,50.0,41.662796451470626,0.049999999999999954,0.03999999999999961
2831.0,0.21361111111104547,3.3204722222221243,3.537694444444359,50.0,41.66595859257734,0.049999999999999954,0.03999999999999961
2832.0,0.2133333333332677,3.3200555555554576,3.537333333333248,50.0,41.669122229568075,0.049999999999999954,0.03999999999999961
2833.0,0.21305555555548994,3.319638888888791,3.5369722222221367,50.0,41.67228736150793,0.049999999999999954,0.03999999999999961
2834.0,0.21277777777771217,3.3192222222221246,3.536611111111026,50.0,41.67545398746256,0.049999999999999954,0.03999999999999961
2835.0,0.2124999999999344,3.3188055555554574,3.5362499999999146,50.0,41.67862210649815,0.049999999999999954,0.03999999999999961
2836.0,0.21222222222215664,3.318388888888791,3.535888888888804,50.0,41.68179171768162,0.049999999999999954,0.03999999999999961
2837.0,0.21194444444437888,3.3179722222221244,3.5355277777776926,50.0,41.68496282008027,0.049999999999999954,0.03999999999999961
2838.0,0.2116666666666011,3.3175555555554577,3.5351666666665813,50.0,41.688135412762165,0.049999999999999954,0.03999999999999961
2839.0,0.21138888888882335,3.3171388888887914,3.5348055555554705,50.0,41.69130949479586,0.049999999999999954,0.03999999999999961
2840.0,0.21111111111104558,3.3167222222221246,3.5344444444443592,50.0,41.69448506525049,0.049999999999999954,0.03999999999999961
2841.0,0.21083333333326781,3.3163055555554575,3.534083333333248,50.0,41.69766212319581,0.049999999999999954,0.03999999999999961
2842.0,0.21055555555549005,3.315888888888791,3.533722222222137,50.0,41.70084066770215,0.049999999999999954,0.03999999999999961
2843.0,0.21027777777771228,3.3154722222221245,3.533361111111026,50.0,41.704020697840406,0.049999999999999954,0.03999999999999961
2844.0,0.20999999999993452,3.3150555555554577,3.5329999999999147,50.0,41.707202212682034,0.049999999999999954,0.03999999999999961
2845.0,0.20972222222215675,3.3146388888887914,3.532638888888804,50.0,41.710385211299126,0.049999999999999954,0.03999999999999961
2846.0,0.20944444444437899,3.3142222222221247,3.5322777777776926,50.0,41.71356969276428,0.049999999999999954,0.03999999999999961
2847.0,0.20916666666660122,3.313805555555458,3.5319166666665818,50.0,41.716755656150724,0.049999999999999954,0.03999999999999961
2848.0,0.20888888888882345,3.3133888888887912,3.5315555555554705,50.0,41.719943100532305,0.049999999999999954,0.03999999999999961
2849.0,0.2086111111110457,3.3129722222221245,3.5311944444443593,50.0,41.723132024983386,0.049999999999999954,0.03999999999999961
2850.0,0.20833333333326792,3.312555555555458,3.5308333333332484,50.0,41.7263224285789,0.049999999999999954,0.03999999999999961
2851.0,0.20805555555549016,3.3121388888887915,3.530472222222137,50.0,41.72951431039439,0.049999999999999954,0.03999999999999961
2852.0,0.2077777777777124,3.3117222222221243,3.530111111111026,50.0,41.73270766950594,0.049999999999999954,0.03999999999999961
2853.0,0.20749999999993463,3.311305555555458,3.529749999999915,50.0,41.73590250499029,0.049999999999999954,0.03999999999999961
2854.0,0.20722222222215686,3.3108888888887913,3.529388888888804,50.0,41.73909881592465,0.049999999999999954,0.03999999999999961
2855.0,0.2069444444443791,3.3104722222221246,3.5290277777776926,50.0,41.7422966013869,0.049999999999999954,0.03999999999999961
2856.0,0.20666666666660133,3.3100555555554583,3.528666666666582,50.0,41.74549586045549,0.049999999999999954,0.03999999999999961
2857.0,0.20638888888882356,3.3096388888887915,3.5283055555554705,50.0,41.7486965922094,0.049999999999999954,0.03999999999999961
2858.0,0.2061111111110458,3.309222222222125,3.5279444444443597,50.0,41.75189879572815,0.049999999999999954,0.03999999999999961
2859.0,0.20583333333326803,3.308805555555458,3.5275833333332485,50.0,41.75510247009191,0.049999999999999954,0.03999999999999961
2860.0,0.20555555555549027,3.3083888888887913,3.527222222222137,50.0,41.758307614381465,0.049999999999999954,0.03999999999999961
2861.0,0.2052777777777125,3.307972222222125,3.5268611111110264,50.0,41.76151422767805,0.049999999999999954,0.03999999999999961
2862.0,0.20499999999993473,3.3075555555554583,3.526499999999915,50.0,41.76472230906353,0.049999999999999954,0.03999999999999961
2863.0,0.20472222222215697,3.3071388888887916,3.526138888888804,50.0,41.76793185762034,0.049999999999999954,0.03999999999999961
2864.0,0.2044444444443792,3.306722222222125,3.525777777777693,50.0,41.77114287243154,0.049999999999999954,0.03999999999999961
2865.0,0.20416666666660144,3.306305555555458,3.525416666666582,50.0,41.7743553525807,0.049999999999999954,0.03999999999999961
2866.0,0.20388888888882367,3.3058888888887914,3.5250555555554706,50.0,41.77756929715201,0.049999999999999954,0.03999999999999961
2867.0,0.2036111111110459,3.305472222222125,3.5246944444443598,50.0,41.78078470523019,0.049999999999999954,0.03999999999999961
2868.0,0.20333333333326814,3.3050555555554584,3.5243333333332485,50.0,41.78400157590056,0.049999999999999954,0.03999999999999961
2869.0,0.20305555555549037,3.304638888888792,3.5239722222221377,50.0,41.78721990824897,0.049999999999999954,0.03999999999999961
2870.0,0.2027777777777126,3.304222222222125,3.5236111111110264,50.0,41.79043970136189,0.049999999999999954,0.03999999999999961
2871.0,0.20249999999993484,3.303805555555458,3.523249999999915,50.0,41.7936609543263,0.049999999999999954,0.03999999999999961
2872.0,0.20222222222215708,3.303388888888792,3.5228888888888044,50.0,41.79688366622986,0.049999999999999954,0.03999999999999961
2873.0,0.2019444444443793,3.302972222222125,3.522527777777693,50.0,41.80010783616069,0.049999999999999954,0.03999999999999961
2874.0,0.20166666666660155,3.3025555555554584,3.522166666666582,50.0,41.80333346320754,0.049999999999999954,0.03999999999999961
2875.0,0.20138888888882378,3.3021388888887917,3.521805555555471,50.0,41.80656054645971,0.049999999999999954,0.03999999999999961
2876.0,0.20111111111104601,3.301722222222125,3.52144444444436,50.0,41.80978908500708,0.049999999999999954,0.03999999999999961
2877.0,0.20083333333326825,3.3013055555554582,3.5210833333332485,50.0,41.813019077940055,0.049999999999999954,0.03999999999999961
2878.0,0.20055555555549048,3.300888888888792,3.5207222222221377,50.0,41.8162505243497,0.049999999999999954,0.03999999999999961
2879.0,0.20027777777771272,3.300472222222125,3.5203611111110265,50.0,41.81948342332754,0.049999999999999954,0.03999999999999961
2880.0,0.19999999999993495,3.3000555555554003,3.519999999999857,50.0,41.822717773965735,0.049999999999999954,0.03999999999999961
2881.0,0.1997222222221572,3.2993888888887333,3.519388888888746,50.0,41.825953575357005,0.049999999999999954,0.03999999999999961
2882.0,0.19944444444437942,3.2987222222220667,3.518777777777635,50.0,41.82919082659464,0.049999999999999954,0.03999999999999961
2883.0,0.19916666666660165,3.2980555555554,3.5181666666665237,50.0,41.832429526772444,0.049999999999999954,0.03999999999999961
2884.0,0.1988888888888239,3.2973888888887335,3.5175555555554125,50.0,41.8356696749849,0.049999999999999954,0.03999999999999961
2885.0,0.19861111111104612,3.296722222222067,3.5169444444443014,50.0,41.838911270326946,0.049999999999999954,0.03999999999999961
2886.0,0.19833333333326836,3.2960555555554003,3.5163333333331903,50.0,41.84215431189409,0.049999999999999954,0.03999999999999961
2887.0,0.1980555555554906,3.2953888888887333,3.515722222222079,50.0,41.84539879878247,0.049999999999999954,0.03999999999999961
2888.0,0.19777777777771283,3.2947222222220667,3.515111111110968,50.0,41.84864473008878,0.049999999999999954,0.03999999999999961
2889.0,0.19749999999993506,3.2940555555554,3.514499999999857,50.0,41.851892104910235,0.049999999999999954,0.03999999999999961
2890.0,0.1972222222221573,3.2933888888887335,3.513888888888746,50.0,41.855140922344674,0.049999999999999954,0.03999999999999961
2891.0,0.19694444444437953,3.2927222222220673,3.513277777777635,50.0,41.85839118149045,0.049999999999999954,0.03999999999999961
2892.0,0.19666666666660176,3.2920555555554007,3.512666666666524,50.0,41.86164288144647,0.049999999999999954,0.03999999999999961
2893.0,0.196388888888824,3.2913888888887337,3.512055555555413,50.0,41.864896021312234,0.049999999999999954,0.03999999999999961
2894.0,0.19611111111104623,3.290722222222067,3.511444444444302,50.0,41.86815060018779,0.049999999999999954,0.03999999999999961
2895.0,0.19583333333326847,3.2900555555554005,3.5108333333331907,50.0,41.87140661717376,0.049999999999999954,0.03999999999999961
2896.0,0.1955555555554907,3.289388888888734,3.5102222222220796,50.0,41.87466407137134,0.049999999999999954,0.03999999999999961
2897.0,0.19527777777771294,3.2887222222220673,3.5096111111109685,50.0,41.87792296188229,0.049999999999999954,0.03999999999999961
2898.0,0.19499999999993517,3.2880555555554003,3.5089999999998573,50.0,41.88118328780888,0.049999999999999954,0.03999999999999961
2899.0,0.1947222222221574,3.2873888888887337,3.5083888888887462,50.0,41.88444504825401,0.049999999999999954,0.03999999999999961
2900.0,0.19444444444437964,3.286722222222067,3.507777777777635,50.0,41.88770824232108,0.049999999999999954,0.03999999999999961
2901.0,0.19416666666660187,3.2860555555554005,3.507166666666524,50.0,41.89097286911408,0.049999999999999954,0.03999999999999961
2902.0,0.1938888888888241,3.285388888888734,3.506555555555413,50.0,41.89423892773755,0.049999999999999954,0.03999999999999961
2903.0,0.19361111111104634,3.2847222222220673,3.5059444444443018,50.0,41.8975064172966,0.049999999999999954,0.03999999999999961
2904.0,0.19333333333326858,3.2840555555554003,3.5053333333331906,50.0,41.90077533689691,0.049999999999999954,0.03999999999999961
2905.0,0.1930555555554908,3.283388888888734,3.50472222222208,50.0,41.90404568564469,0.049999999999999954,0.03999999999999961
2906.0,0.19277777777771304,3.2827222222220676,3.504111111110969,50.0,41.907317462646745,0.049999999999999954,0.03999999999999961
2907.0,0.19249999999993528,3.282055555555401,3.5034999999998577,50.0,41.910590667010354,0.049999999999999954,0.03999999999999961
2908.0,0.1922222222221575,3.2813888888887344,3.5028888888887466,50.0,41.91386529784347,0.049999999999999954,0.03999999999999961
2909.0,0.19194444444437975,3.2807222222220678,3.5022777777776355,50.0,41.91714135425457,0.049999999999999954,0.03999999999999961
2910.0,0.19166666666660198,3.2800555555554007,3.5016666666665244,50.0,41.92041883535262,0.049999999999999954,0.03999999999999961
2911.0,0.19138888888882422,3.279388888888734,3.5010555555554133,50.0,41.92369774024718,0.049999999999999954,0.03999999999999961
2912.0,0.19111111111104645,3.2787222222220676,3.500444444444302,50.0,41.92697806804841,0.049999999999999954,0.03999999999999961
2913.0,0.19083333333326868,3.278055555555401,3.499833333333191,50.0,41.93025981786701,0.049999999999999954,0.03999999999999961
2914.0,0.19055555555549092,3.2773888888887344,3.49922222222208,50.0,41.93354298881417,0.049999999999999954,0.03999999999999961
2915.0,0.19027777777771315,3.2767222222220673,3.498611111110969,50.0,41.936827580001705,0.049999999999999954,0.03999999999999961
2916.0,0.1899999999999354,3.2760555555554007,3.4979999999998577,50.0,41.940113590541955,0.049999999999999954,0.03999999999999961
2917.0,0.18972222222215762,3.275388888888734,3.4973888888887465,50.0,41.94340101954788,0.049999999999999954,0.03999999999999961
2918.0,0.18944444444437986,3.274722222222068,3.496777777777636,50.0,41.946689866132886,0.049999999999999954,0.03999999999999961
2919.0,0.1891666666666021,3.2740555555554014,3.4961666666665248,50.0,41.94998012941102,0.049999999999999954,0.03999999999999961
2920.0,0.18888888888882432,3.273388888888735,3.4955555555554136,50.0,41.95327180849682,0.049999999999999954,0.03999999999999961
2921.0,0.18861111111104656,3.2727222222220678,3.4949444444443025,50.0,41.95656490250542,0.049999999999999954,0.03999999999999961
2922.0,0.1883333333332688,3.272055555555401,3.4943333333331914,50.0,41.95985941055244,0.049999999999999954,0.03999999999999961
2923.0,0.18805555555549103,3.2713888888887346,3.4937222222220803,50.0,41.963155331754194,0.049999999999999954,0.03999999999999961
2924.0,0.18777777777771326,3.270722222222068,3.493111111110969,50.0,41.96645266522739,0.049999999999999954,0.03999999999999961
2925.0,0.1874999999999355,3.2700555555554014,3.492499999999858,50.0,41.96975141008943,0.049999999999999954,0.03999999999999961
2926.0,0.18722222222215773,3.269388888888735,3.491888888888747,50.0,41.97305156545815,0.049999999999999954,0.03999999999999961
2927.0,0.18694444444437996,3.2687222222220678,3.491277777777636,50.0,41.97635313045197,0.049999999999999954,0.03999999999999961
2928.0,0.1866666666666022,3.268055555555401,3.4906666666665247,50.0,41.97965610418987,0.049999999999999954,0.03999999999999961
2929.0,0.18638888888882443,3.2673888888887346,3.4900555555554136,50.0,41.98296048579141,0.049999999999999954,0.03999999999999961
2930.0,0.18611111111104667,3.266722222222068,3.4894444444443025,50.0,41.9862662743767,0.049999999999999954,0.03999999999999961
2931.0,0.1858333333332689,3.266055555555402,3.488833333333192,50.0,41.98957346906633,0.049999999999999954,0.03999999999999961
2932.0,0.18555555555549114,3.2653888888887352,3.4882222222220807,50.0,41.99288206898149,0.049999999999999954,0.03999999999999961
2933.0,0.18527777777771337,3.264722222222068,3.4876111111109696,50.0,41.99619207324395,0.049999999999999954,0.03999999999999961
2934.0,0.1849999999999356,3.2640555555554016,3.4869999999998584,50.0,41.99950348097593,0.049999999999999954,0.03999999999999961
2935.0,0.18472222222215784,3.263388888888735,3.4863888888887473,50.0,42.00281629130035,0.049999999999999954,0.03999999999999961
2936.0,0.18444444444438007,3.2627222222220684,3.485777777777636,50.0,42.0061305033405,0.049999999999999954,0.03999999999999961
2937.0,0.1841666666666023,3.262055555555402,3.485166666666525,50.0,42.009446116220374,0.049999999999999954,0.03999999999999961
2938.0,0.18388888888882454,3.261388888888735,3.484555555555414,50.0,42.01276312906441,0.049999999999999954,0.03999999999999961
2939.0,0.18361111111104678,3.260722222222068,3.483944444444303,50.0,42.01608154099762,0.049999999999999954,0.03999999999999961
2940.0,0.183333333333269,3.2600555555554016,3.4833333333331917,50.0,42.01940135114563,0.049999999999999954,0.03999999999999961
2941.0,0.18305555555549125,3.259388888888735,3.4827222222220806,50.0,42.022722558634484,0.049999999999999954,0.03999999999999961
2942.0,0.18277777777771348,3.2587222222220684,3.4821111111109695,50.0,42.02604516259089,0.049999999999999954,0.03999999999999961
2943.0,0.1824999999999357,3.258055555555402,3.4814999999998584,50.0,42.029369162142075,0.049999999999999954,0.03999999999999961
2944.0,0.18222222222215795,3.257388888888735,3.4808888888887473,50.0,42.03269455641572,0.049999999999999954,0.03999999999999961
2945.0,0.18194444444438018,3.256722222222068,3.480277777777636,50.0,42.03602134454019,0.049999999999999954,0.03999999999999961
2946.0,0.18166666666660242,3.256055555555402,3.4796666666665255,50.0,42.0393495256443,0.049999999999999954,0.03999999999999961
2947.0,0.18138888888882465,3.2553888888887355,3.4790555555554143,50.0,42.042679098857434,0.049999999999999954,0.03999999999999961
2948.0,0.18111111111104689,3.254722222222069,3.4784444444443032,50.0,42.04601006330955,0.049999999999999954,0.03999999999999961
2949.0,0.18083333333326912,3.2540555555554023,3.477833333333192,50.0,42.04934241813112,0.049999999999999954,0.03999999999999961
2950.0,0.18055555555549135,3.2533888888887352,3.477222222222081,50.0,42.05267616245311,0.049999999999999954,0.03999999999999961
2951.0,0.1802777777777136,3.2527222222220686,3.47661111111097,50.0,42.05601129540713,0.049999999999999954,0.03999999999999961
2952.0,0.17999999999993582,3.252055555555402,3.4759999999998588,50.0,42.059347816125296,0.049999999999999954,0.03999999999999961
2953.0,0.17972222222215806,3.2513888888887355,3.4753888888887476,50.0,42.06268572374023,0.049999999999999954,0.03999999999999961
2954.0,0.1794444444443803,3.250722222222069,3.4747777777776365,50.0,42.06602501738513,0.049999999999999954,0.03999999999999961
2955.0,0.17916666666660253,3.250055555555402,3.4741666666665254,50.0,42.0693656961937,0.049999999999999954,0.03999999999999961
2956.0,0.17888888888882476,3.2493888888887352,3.4735555555554143,50.0,42.07270775930027,0.049999999999999954,0.03999999999999961
2957.0,0.178611111111047,3.2487222222220686,3.472944444444303,50.0,42.076051205839576,0.049999999999999954,0.03999999999999961
2958.0,0.17833333333326923,3.248055555555402,3.472333333333192,50.0,42.079396034947024,0.049999999999999954,0.03999999999999961
2959.0,0.17805555555549146,3.247388888888736,3.4717222222220814,50.0,42.08274224575854,0.049999999999999954,0.03999999999999961
2960.0,0.1777777777777137,3.2467222222220693,3.4711111111109703,50.0,42.0860898374105,0.049999999999999954,0.03999999999999961
2961.0,0.17749999999993593,3.2460555555554023,3.470499999999859,50.0,42.089438809039905,0.049999999999999954,0.03999999999999961
2962.0,0.17722222222215817,3.2453888888887357,3.469888888888748,50.0,42.092789159784274,0.049999999999999954,0.03999999999999961
2963.0,0.1769444444443804,3.244722222222069,3.469277777777637,50.0,42.09614088878163,0.049999999999999954,0.03999999999999961
2964.0,0.17666666666660263,3.2440555555554025,3.468666666666526,50.0,42.099493995170576,0.049999999999999954,0.03999999999999961
2965.0,0.17638888888882487,3.243388888888736,3.4680555555554147,50.0,42.102848478090266,0.049999999999999954,0.03999999999999961
2966.0,0.1761111111110471,3.2427222222220693,3.4674444444443036,50.0,42.10620433668032,0.049999999999999954,0.03999999999999961
2967.0,0.17583333333326934,3.2420555555554023,3.4668333333331924,50.0,42.109561570080984,0.049999999999999954,0.03999999999999961
2968.0,0.17555555555549157,3.2413888888887357,3.4662222222220813,50.0,42.11292017743301,0.049999999999999954,0.03999999999999961
2969.0,0.1752777777777138,3.240722222222069,3.46561111111097,50.0,42.11628015787767,0.049999999999999954,0.03999999999999961
2970.0,0.17499999999993604,3.2400555555554025,3.464999999999859,50.0,42.11964151055679,0.049999999999999954,0.03999999999999961
2971.0,0.17472222222215827,3.239388888888736,3.464388888888748,50.0,42.123004234612665,0.049999999999999954,0.03999999999999961
2972.0,0.1744444444443805,3.2387222222220697,3.4637777777776373,50.0,42.12636832918827,0.049999999999999954,0.03999999999999961
2973.0,0.17416666666660274,3.2380555555554027,3.463166666666526,50.0,42.129733793426965,0.049999999999999954,0.03999999999999961
2974.0,0.17388888888882498,3.237388888888736,3.462555555555415,50.0,42.13310062647275,0.049999999999999954,0.03999999999999961
2975.0,0.1736111111110472,3.2367222222220695,3.461944444444304,50.0,42.13646882747008,0.049999999999999954,0.03999999999999961
2976.0,0.17333333333326945,3.236055555555403,3.461333333333193,50.0,42.13983839556403,0.049999999999999954,0.03999999999999961
2977.0,0.17305555555549168,3.2353888888887363,3.4607222222220817,50.0,42.14320932990012,0.049999999999999954,0.03999999999999961
2978.0,0.17277777777771391,3.2347222222220693,3.4601111111109706,50.0,42.14658162962451,0.049999999999999954,0.03999999999999961
2979.0,0.17249999999993615,3.2340555555554027,3.4594999999998595,50.0,42.14995529388375,0.049999999999999954,0.03999999999999961
2980.0,0.17222222222215838,3.233388888888736,3.4588888888887483,50.0,42.15333032182508,0.049999999999999954,0.03999999999999961
2981.0,0.17194444444438062,3.2327222222220695,3.4582777777776372,50.0,42.15670671259619,0.049999999999999954,0.03999999999999961
2982.0,0.17166666666660285,3.232055555555403,3.457666666666526,50.0,42.16008446534528,0.049999999999999954,0.03999999999999961
2983.0,0.17138888888882509,3.2313888888887363,3.457055555555415,50.0,42.163463579221116,0.049999999999999954,0.03999999999999961
2984.0,0.17111111111104732,3.2307222222220693,3.456444444444304,50.0,42.166844053372984,0.049999999999999954,0.03999999999999961
2985.0,0.17083333333326955,3.230055555555403,3.455833333333193,50.0,42.17022588695073,0.049999999999999954,0.03999999999999961
2986.0,0.1705555555554918,3.2293888888887365,3.455222222222082,50.0,42.17360907910472,0.049999999999999954,0.03999999999999961
2987.0,0.17027777777771402,3.22872222222207,3.454611111110971,50.0,42.17699362898583,0.049999999999999954,0.03999999999999961
2988.0,0.16999999999993626,3.2280555555554034,3.45399999999986,50.0,42.18037953574549,0.049999999999999954,0.03999999999999961
2989.0,0.1697222222221585,3.2273888888887368,3.4533888888887487,50.0,42.18376679853566,0.049999999999999954,0.03999999999999961
2990.0,0.16944444444438073,3.2267222222220697,3.4527777777776376,50.0,42.1871554165088,0.049999999999999954,0.03999999999999961
2991.0,0.16916666666660296,3.226055555555403,3.4521666666665265,50.0,42.19054538881795,0.049999999999999954,0.03999999999999961
2992.0,0.1688888888888252,3.2253888888887365,3.4515555555554154,50.0,42.1939367146166,0.049999999999999954,0.03999999999999961
2993.0,0.16861111111104743,3.22472222222207,3.4509444444443043,50.0,42.19732939305885,0.049999999999999954,0.03999999999999961
2994.0,0.16833333333326966,3.2240555555554034,3.450333333333193,50.0,42.20072342329928,0.049999999999999954,0.03999999999999961
2995.0,0.1680555555554919,3.2233888888887363,3.449722222222082,50.0,42.20411880449308,0.049999999999999954,0.03999999999999961
2996.0,0.16777777777771413,3.2227222222220697,3.449111111110971,50.0,42.207515535795835,0.049999999999999954,0.03999999999999961
2997.0,0.16749999999993637,3.222055555555403,3.44849999999986,50.0,42.21091361636377,0.049999999999999954,0.03999999999999961
2998.0,0.1672222222221586,3.2213888888887365,3.4478888888887487,50.0,42.21431304535355,0.049999999999999954,0.03999999999999961
2999.0,0.16694444444438084,3.22072222222207,3.4472777777776376,50.0,42.217713821922416,0.049999999999999954,0.03999999999999961
3000.0,0.16666666666660307,3.220055555555404,3.446666666666527,50.0,42.22111594522818,0.049999999999999954,0.03999999999999961
3001.0,0.1663888888888253,3.2193888888887368,3.4460555555554158,50.0,42.224519414429096,0.049999999999999954,0.03999999999999961
3002.0,0.16611111111104754,3.21872222222207,3.4454444444443046,50.0,42.227924228683946,0.049999999999999954,0.03999999999999961
3003.0,0.16583333333326977,3.2180555555554036,3.4448333333331935,50.0,42.23133038715213,0.049999999999999954,0.03999999999999961
3004.0,0.165555555555492,3.217388888888737,3.4442222222220824,50.0,42.23473788899349,0.049999999999999954,0.03999999999999961
3005.0,0.16527777777771424,3.2167222222220704,3.4436111111109713,50.0,42.23814673336841,0.049999999999999954,0.03999999999999961
3006.0,0.16499999999993648,3.216055555555404,3.44299999999986,50.0,42.24155691943781,0.049999999999999954,0.03999999999999961
3007.0,0.1647222222221587,3.2153888888887368,3.442388888888749,50.0,42.244968446363146,0.049999999999999954,0.03999999999999961
3008.0,0.16444444444438094,3.21472222222207,3.441777777777638,50.0,42.24838131330637,0.049999999999999954,0.03999999999999961
3009.0,0.16416666666660318,3.2140555555554036,3.441166666666527,50.0,42.251795519430004,0.049999999999999954,0.03999999999999961
3010.0,0.1638888888888254,3.213388888888737,3.4405555555554157,50.0,42.255211063897036,0.049999999999999954,0.03999999999999961
3011.0,0.16361111111104765,3.2127222222220704,3.4399444444443046,50.0,42.25862794587101,0.049999999999999954,0.03999999999999961
3012.0,0.16333333333326988,3.212055555555404,3.4393333333331935,50.0,42.26204616451594,0.049999999999999954,0.03999999999999961
3013.0,0.16305555555549212,3.211388888888737,3.438722222222083,50.0,42.26546571899644,0.049999999999999954,0.03999999999999961
3014.0,0.16277777777771435,3.2107222222220706,3.4381111111109717,50.0,42.2688866084776,0.049999999999999954,0.03999999999999961
3015.0,0.16249999999993658,3.210055555555404,3.4374999999998606,50.0,42.27230883212508,0.049999999999999954,0.03999999999999961
3016.0,0.16222222222215882,3.2093888888887374,3.4368888888887494,50.0,42.275732389104974,0.049999999999999954,0.03999999999999961
3017.0,0.16194444444438105,3.208722222222071,3.4362777777776383,50.0,42.27915727858402,0.049999999999999954,0.03999999999999961
3018.0,0.1616666666666033,3.208055555555404,3.435666666666527,50.0,42.282583499729355,0.049999999999999954,0.03999999999999961
3019.0,0.16138888888882552,3.207388888888737,3.435055555555416,50.0,42.28601105170867,0.049999999999999954,0.03999999999999961
3020.0,0.16111111111104776,3.2067222222220706,3.434444444444305,50.0,42.28943993369023,0.049999999999999954,0.03999999999999961
3021.0,0.16083333333327,3.206055555555404,3.433833333333194,50.0,42.292870144842766,0.049999999999999954,0.03999999999999961
3022.0,0.16055555555549222,3.2053888888887374,3.4332222222220827,50.0,42.29630168433556,0.049999999999999954,0.03999999999999961
3023.0,0.16027777777771446,3.204722222222071,3.4326111111109716,50.0,42.29973455133842,0.049999999999999954,0.03999999999999961
3024.0,0.1599999999999367,3.204055555555404,3.4319999999998605,50.0,42.303168745021594,0.049999999999999954,0.03999999999999961
3025.0,0.15972222222215893,3.203388888888737,3.4313888888887494,50.0,42.30660426455597,0.049999999999999954,0.03999999999999961
3026.0,0.15944444444438116,3.202722222222071,3.4307777777776387,50.0,42.31004110911283,0.049999999999999954,0.03999999999999961
3027.0,0.1591666666666034,3.2020555555554044,3.4301666666665276,50.0,42.313479277864076,0.049999999999999954,0.03999999999999961
3028.0,0.15888888888882563,3.201388888888738,3.4295555555554165,50.0,42.31691876998207,0.049999999999999954,0.03999999999999961
3029.0,0.15861111111104786,3.2007222222220713,3.4289444444443054,50.0,42.32035958463973,0.049999999999999954,0.03999999999999961
3030.0,0.1583333333332701,3.200055555555404,3.4283333333331942,50.0,42.323801721010454,0.049999999999999954,0.03999999999999961
3031.0,0.15805555555549233,3.1993888888887376,3.427722222222083,50.0,42.32724517826813,0.049999999999999954,0.03999999999999961
3032.0,0.15777777777771457,3.198722222222071,3.427111111110972,50.0,42.330689955587275,0.049999999999999954,0.03999999999999961
3033.0,0.1574999999999368,3.1980555555554044,3.426499999999861,50.0,42.33413605214281,0.049999999999999954,0.03999999999999961
3034.0,0.15722222222215904,3.197388888888738,3.4258888888887498,50.0,42.33758346711022,0.049999999999999954,0.03999999999999961
3035.0,0.15694444444438127,3.196722222222071,3.4252777777776386,50.0,42.341032199665506,0.049999999999999954,0.03999999999999961
3036.0,0.1566666666666035,3.196055555555404,3.4246666666665275,50.0,42.34448224898517,0.049999999999999954,0.03999999999999961
3037.0,0.15638888888882574,3.1953888888887376,3.4240555555554164,50.0,42.347933614246244,0.049999999999999954,0.03999999999999961
3038.0,0.15611111111104797,3.194722222222071,3.4234444444443053,50.0,42.35138629462625,0.049999999999999954,0.03999999999999961
3039.0,0.1558333333332702,3.1940555555554044,3.422833333333194,50.0,42.35484028930324,0.049999999999999954,0.03999999999999961
3040.0,0.15555555555549244,3.1933888888887383,3.4222222222220835,50.0,42.358295597455765,0.049999999999999954,0.03999999999999961
3041.0,0.15527777777771468,3.1927222222220712,3.4216111111109724,50.0,42.36175221826289,0.049999999999999954,0.03999999999999961
3042.0,0.1549999999999369,3.1920555555554047,3.4209999999998613,50.0,42.36521015090426,0.049999999999999954,0.03999999999999961
3043.0,0.15472222222215914,3.191388888888738,3.42038888888875,50.0,42.36866939455996,0.049999999999999954,0.03999999999999961
3044.0,0.15444444444438138,3.1907222222220715,3.419777777777639,50.0,42.37212994841059,0.049999999999999954,0.03999999999999961
3045.0,0.1541666666666036,3.190055555555405,3.419166666666528,50.0,42.375591811637264,0.049999999999999954,0.03999999999999961
3046.0,0.15388888888882585,3.1893888888887383,3.418555555555417,50.0,42.37905498342167,0.049999999999999954,0.03999999999999961
3047.0,0.15361111111104808,3.1887222222220712,3.4179444444443057,50.0,42.382519462945936,0.049999999999999954,0.03999999999999961
3048.0,0.15333333333327032,3.1880555555554047,3.4173333333331946,50.0,42.38598524939272,0.049999999999999954,0.03999999999999961
3049.0,0.15305555555549255,3.187388888888738,3.4167222222220834,50.0,42.38945234194517,0.049999999999999954,0.03999999999999961
3050.0,0.15277777777771478,3.1867222222220715,3.4161111111109723,50.0,42.39292073978703,0.049999999999999954,0.03999999999999961
3051.0,0.15249999999993702,3.186055555555405,3.415499999999861,50.0,42.396390442102415,0.049999999999999954,0.03999999999999961
3052.0,0.15222222222215925,3.1853888888887383,3.41488888888875,50.0,42.39986144807608,0.049999999999999954,0.03999999999999961
3053.0,0.1519444444443815,3.1847222222220712,3.414277777777639,50.0,42.40333375689323,0.049999999999999954,0.03999999999999961
3054.0,0.15166666666660372,3.184055555555405,3.4136666666665283,50.0,42.406807367739646,0.049999999999999954,0.03999999999999961
3055.0,0.15138888888882596,3.1833888888887385,3.413055555555417,50.0,42.41028227980149,0.049999999999999954,0.03999999999999961
3056.0,0.1511111111110482,3.182722222222072,3.412444444444306,50.0,42.413758492265515,0.049999999999999954,0.03999999999999961
3057.0,0.15083333333327043,3.1820555555554053,3.411833333333195,50.0,42.417236004318966,0.049999999999999954,0.03999999999999961
3058.0,0.15055555555549266,3.1813888888887383,3.411222222222084,50.0,42.42071481514961,0.049999999999999954,0.03999999999999961
3059.0,0.1502777777777149,3.1807222222220717,3.4106111111109727,50.0,42.42419492394572,0.049999999999999954,0.03999999999999961
3060.0,0.14999999999993713,3.180055555555405,3.4099999999998616,50.0,42.42767632989603,0.049999999999999954,0.03999999999999961
3061.0,0.14972222222215936,3.1793888888887385,3.4093888888887505,50.0,42.43115903218984,0.049999999999999954,0.03999999999999961
3062.0,0.1494444444443816,3.178722222222072,3.4087777777776394,50.0,42.43464303001696,0.049999999999999954,0.03999999999999961
3063.0,0.14916666666660383,3.1780555555554053,3.4081666666665282,50.0,42.43812832256765,0.049999999999999954,0.03999999999999961
3064.0,0.14888888888882607,3.1773888888887383,3.407555555555417,50.0,42.441614909032694,0.049999999999999954,0.03999999999999961
3065.0,0.1486111111110483,3.1767222222220717,3.406944444444306,50.0,42.445102788603435,0.049999999999999954,0.03999999999999961
3066.0,0.14833333333327053,3.176055555555405,3.406333333333195,50.0,42.448591960471674,0.049999999999999954,0.03999999999999961
3067.0,0.14805555555549277,3.175388888888739,3.405722222222084,50.0,42.45208242382972,0.049999999999999954,0.03999999999999961
3068.0,0.147777777777715,3.1747222222220723,3.405111111110973,50.0,42.4555741778704,0.049999999999999954,0.03999999999999961
3069.0,0.14749999999993724,3.1740555555554057,3.404499999999862,50.0,42.459067221786995,0.049999999999999954,0.03999999999999961
3070.0,0.14722222222215947,3.1733888888887387,3.403888888888751,50.0,42.4625615547734,0.049999999999999954,0.03999999999999961
3071.0,0.1469444444443817,3.172722222222072,3.4032777777776397,50.0,42.46605717602387,0.049999999999999954,0.03999999999999961
3072.0,0.14666666666660394,3.1720555555554055,3.4026666666665286,50.0,42.46955408473332,0.049999999999999954,0.03999999999999961
3073.0,0.14638888888882617,3.171388888888739,3.4020555555554175,50.0,42.47305228009702,0.049999999999999954,0.03999999999999961
3074.0,0.1461111111110484,3.1707222222220723,3.4014444444443064,50.0,42.47655176131087,0.049999999999999954,0.03999999999999961
3075.0,0.14583333333327064,3.1700555555554053,3.4008333333331953,50.0,42.48005252757116,0.049999999999999954,0.03999999999999961
3076.0,0.14555555555549288,3.1693888888887387,3.400222222222084,50.0,42.483554578074745,0.049999999999999954,0.03999999999999961
3077.0,0.1452777777777151,3.168722222222072,3.399611111110973,50.0,42.487057912019,0.049999999999999954,0.03999999999999961
3078.0,0.14499999999993735,3.1680555555554055,3.398999999999862,50.0,42.49056252860174,0.049999999999999954,0.03999999999999961
3079.0,0.14472222222215958,3.167388888888739,3.398388888888751,50.0,42.494068427021375,0.049999999999999954,0.03999999999999961
3080.0,0.14444444444438181,3.1667222222220723,3.3977777777776397,50.0,42.49757560647669,0.049999999999999954,0.03999999999999961
3081.0,0.14416666666660405,3.1660555555554057,3.397166666666529,50.0,42.501084066167095,0.049999999999999954,0.03999999999999961
3082.0,0.14388888888882628,3.165388888888739,3.396555555555418,50.0,42.504593805292416,0.049999999999999954,0.03999999999999961
3083.0,0.14361111111104852,3.1647222222220726,3.3959444444443068,50.0,42.508104823052975,0.049999999999999954,0.03999999999999961
3084.0,0.14333333333327075,3.164055555555406,3.3953333333331956,50.0,42.51161711864967,0.049999999999999954,0.03999999999999961
3085.0,0.14305555555549299,3.1633888888887394,3.3947222222220845,50.0,42.515130691283844,0.049999999999999954,0.03999999999999961
3086.0,0.14277777777771522,3.1627222222220728,3.3941111111109734,50.0,42.518645540157365,0.049999999999999954,0.03999999999999961
3087.0,0.14249999999993745,3.1620555555554057,3.3934999999998623,50.0,42.52216166447255,0.049999999999999954,0.03999999999999961
3088.0,0.1422222222221597,3.161388888888739,3.392888888888751,50.0,42.52567906343228,0.049999999999999954,0.03999999999999961
3089.0,0.14194444444438192,3.1607222222220726,3.39227777777764,50.0,42.52919773623984,0.049999999999999954,0.03999999999999961
3090.0,0.14166666666660416,3.160055555555406,3.391666666666529,50.0,42.53271768209913,0.049999999999999954,0.03999999999999961
3091.0,0.1413888888888264,3.1593888888887394,3.391055555555418,50.0,42.53623890021447,0.049999999999999954,0.03999999999999961
3092.0,0.14111111111104863,3.1587222222220728,3.3904444444443067,50.0,42.539761389790726,0.049999999999999954,0.03999999999999961
3093.0,0.14083333333327086,3.1580555555554057,3.3898333333331956,50.0,42.54328515003323,0.049999999999999954,0.03999999999999961
3094.0,0.1405555555554931,3.1573888888887396,3.389222222222085,50.0,42.546810180147816,0.049999999999999954,0.03999999999999961
3095.0,0.14027777777771533,3.156722222222073,3.388611111110974,50.0,42.550336479340785,0.049999999999999954,0.03999999999999961
3096.0,0.13999999999993756,3.1560555555554064,3.3879999999998627,50.0,42.553864046819,0.049999999999999954,0.03999999999999961
3097.0,0.1397222222221598,3.15538888888874,3.3873888888887516,50.0,42.557392881789724,0.049999999999999954,0.03999999999999961
3098.0,0.13944444444438203,3.1547222222220728,3.3867777777776404,50.0,42.56092298346084,0.049999999999999954,0.03999999999999961
3099.0,0.13916666666660427,3.154055555555406,3.3861666666665293,50.0,42.56445435104064,0.049999999999999954,0.03999999999999961
3100.0,0.1388888888888265,3.1533888888887396,3.385555555555418,50.0,42.56798698373791,0.049999999999999954,0.03999999999999961
3101.0,0.13861111111104873,3.152722222222073,3.384944444444307,50.0,42.571520880761966,0.049999999999999954,0.03999999999999961
3102.0,0.13833333333327097,3.1520555555554064,3.384333333333196,50.0,42.575056041322625,0.049999999999999954,0.03999999999999961
3103.0,0.1380555555554932,3.15138888888874,3.383722222222085,50.0,42.578592464630105,0.049999999999999954,0.03999999999999961
3104.0,0.13777777777771544,3.1507222222220728,3.3831111111109737,50.0,42.58213014989525,0.049999999999999954,0.03999999999999961
3105.0,0.13749999999993767,3.150055555555406,3.3824999999998626,50.0,42.585669096329354,0.049999999999999954,0.03999999999999961
3106.0,0.1372222222221599,3.1493888888887396,3.3818888888887515,50.0,42.58920930314417,0.049999999999999954,0.03999999999999961
3107.0,0.13694444444438214,3.148722222222073,3.3812777777776404,50.0,42.59275076955191,0.049999999999999954,0.03999999999999961
3108.0,0.13666666666660438,3.148055555555407,3.3806666666665297,50.0,42.596293494765405,0.049999999999999954,0.03999999999999961
3109.0,0.1363888888888266,3.1473888888887402,3.3800555555554186,50.0,42.59983747799782,0.049999999999999954,0.03999999999999961
3110.0,0.13611111111104884,3.146722222222073,3.3794444444443075,50.0,42.60338271846297,0.049999999999999954,0.03999999999999961
3111.0,0.13583333333327108,3.1460555555554066,3.3788333333331964,50.0,42.60692921537503,0.049999999999999954,0.03999999999999961
3112.0,0.1355555555554933,3.14538888888874,3.3782222222220852,50.0,42.610476967948784,0.049999999999999954,0.03999999999999961
3113.0,0.13527777777771555,3.1447222222220734,3.377611111110974,50.0,42.614025975399386,0.049999999999999954,0.03999999999999961
3114.0,0.13499999999993778,3.144055555555407,3.376999999999863,50.0,42.61757623694251,0.049999999999999954,0.03999999999999961
3115.0,0.13472222222216002,3.14338888888874,3.376388888888752,50.0,42.621127751794404,0.049999999999999954,0.03999999999999961
3116.0,0.13444444444438225,3.142722222222073,3.3757777777776408,50.0,42.62468051917176,0.049999999999999954,0.03999999999999961
3117.0,0.13416666666660448,3.1420555555554066,3.3751666666665296,50.0,42.628234538291736,0.049999999999999954,0.03999999999999961
3118.0,0.13388888888882672,3.14138888888874,3.3745555555554185,50.0,42.63178980837199,0.049999999999999954,0.03999999999999961
3119.0,0.13361111111104895,3.1407222222220734,3.3739444444443074,50.0,42.635346328630646,0.049999999999999954,0.03999999999999961
3120.0,0.1333333333332712,3.140055555555407,3.3733333333331963,50.0,42.63890409828639,0.049999999999999954,0.03999999999999961
3121.0,0.13305555555549342,3.1393888888887402,3.3727222222220856,50.0,42.642463116558304,0.049999999999999954,0.03999999999999961
3122.0,0.13277777777771566,3.1387222222220736,3.3721111111109745,50.0,42.64602338266599,0.049999999999999954,0.03999999999999961
3123.0,0.1324999999999379,3.138055555555407,3.3714999999998634,50.0,42.649584895829605,0.049999999999999954,0.03999999999999961
3124.0,0.13222222222216012,3.1373888888887405,3.3708888888887523,50.0,42.65314765526972,0.049999999999999954,0.03999999999999961
3125.0,0.13194444444438236,3.136722222222074,3.370277777777641,50.0,42.65671166020741,0.049999999999999954,0.03999999999999961
3126.0,0.1316666666666046,3.1360555555554073,3.36966666666653,50.0,42.660276909864194,0.049999999999999954,0.03999999999999961
3127.0,0.13138888888882683,3.1353888888887402,3.369055555555419,50.0,42.66384340346218,0.049999999999999954,0.03999999999999961
3128.0,0.13111111111104906,3.1347222222220736,3.368444444444308,50.0,42.66741114022392,0.049999999999999954,0.03999999999999961
3129.0,0.1308333333332713,3.134055555555407,3.3678333333331967,50.0,42.670980119372416,0.049999999999999954,0.03999999999999961
3130.0,0.13055555555549353,3.1333888888887405,3.3672222222220856,50.0,42.674550340131134,0.049999999999999954,0.03999999999999961
3131.0,0.13027777777771576,3.132722222222074,3.3666111111109744,50.0,42.6781218017241,0.049999999999999954,0.03999999999999961
3132.0,0.129999999999938,3.1320555555554073,3.3659999999998633,50.0,42.68169450337581,0.049999999999999954,0.03999999999999961
3133.0,0.12972222222216023,3.1313888888887402,3.365388888888752,50.0,42.68526844431119,0.049999999999999954,0.03999999999999961
3134.0,0.12944444444438247,3.1307222222220736,3.364777777777641,50.0,42.6888436237557,0.049999999999999954,0.03999999999999961
3135.0,0.1291666666666047,3.1300555555554075,3.3641666666665304,50.0,42.6924200409353,0.049999999999999954,0.03999999999999961
3136.0,0.12888888888882694,3.129388888888741,3.3635555555554193,50.0,42.695997695076414,0.049999999999999954,0.03999999999999961
3137.0,0.12861111111104917,3.1287222222220743,3.362944444444308,50.0,42.69957658540591,0.049999999999999954,0.03999999999999961
3138.0,0.1283333333332714,3.1280555555554073,3.362333333333197,50.0,42.703156711151166,0.049999999999999954,0.03999999999999961
3139.0,0.12805555555549364,3.1273888888887407,3.361722222222086,50.0,42.70673807154003,0.049999999999999954,0.03999999999999961
3140.0,0.12777777777771587,3.126722222222074,3.361111111110975,50.0,42.71032066580085,0.049999999999999954,0.03999999999999961
3141.0,0.1274999999999381,3.1260555555554075,3.3604999999998637,50.0,42.71390449316249,0.049999999999999954,0.03999999999999961
3142.0,0.12722222222216034,3.125388888888741,3.3598888888887526,50.0,42.71748955285426,0.049999999999999954,0.03999999999999961
3143.0,0.12694444444438258,3.1247222222220743,3.3592777777776415,50.0,42.72107584410594,0.049999999999999954,0.03999999999999961
3144.0,0.1266666666666048,3.1240555555554073,3.3586666666665304,50.0,42.72466336614781,0.049999999999999954,0.03999999999999961
3145.0,0.12638888888882704,3.1233888888887407,3.3580555555554192,50.0,42.72825211821066,0.049999999999999954,0.03999999999999961
3146.0,0.12611111111104928,3.122722222222074,3.357444444444308,50.0,42.73184209952569,0.049999999999999954,0.03999999999999961
3147.0,0.1258333333332715,3.1220555555554075,3.356833333333197,50.0,42.735433309324605,0.049999999999999954,0.03999999999999961
3148.0,0.12555555555549375,3.121388888888741,3.356222222222086,50.0,42.739025746839616,0.049999999999999954,0.03999999999999961
3149.0,0.12527777777771598,3.1207222222220747,3.355611111110975,50.0,42.742619411303394,0.049999999999999954,0.03999999999999961
3150.0,0.1249999999999382,3.1200555555554077,3.354999999999864,50.0,42.746214301949124,0.049999999999999954,0.03999999999999961
3151.0,0.12472222222216042,3.119388888888741,3.354388888888753,50.0,42.749810418010384,0.049999999999999954,0.03999999999999961
3152.0,0.12444444444438264,3.1187222222220745,3.353777777777642,50.0,42.75340775872132,0.049999999999999954,0.03999999999999961
3153.0,0.12416666666660486,3.118055555555408,3.3531666666665307,50.0,42.757006323316546,0.049999999999999954,0.03999999999999961
3154.0,0.12388888888882708,3.1173888888887413,3.3525555555554196,50.0,42.760606111031166,0.049999999999999954,0.03999999999999961
3155.0,0.1236111111110493,3.1167222222220743,3.3519444444443085,50.0,42.76420712110064,0.049999999999999954,0.03999999999999961
3156.0,0.12333333333327152,3.1160555555554077,3.3513333333331974,50.0,42.76780935276105,0.049999999999999954,0.03999999999999961
3157.0,0.12305555555549375,3.115388888888741,3.3507222222220863,50.0,42.77141280524893,0.049999999999999954,0.03999999999999961
3158.0,0.12277777777771597,3.1147222222220745,3.350111111110975,50.0,42.775017477801214,0.049999999999999954,0.03999999999999961
3159.0,0.12249999999993819,3.114055555555408,3.349499999999864,50.0,42.77862336965535,0.049999999999999954,0.03999999999999961
3160.0,0.1222222222221604,3.1133888888887413,3.348888888888753,50.0,42.78223048004929,0.049999999999999954,0.03999999999999961
3161.0,0.12194444444438263,3.1127222222220743,3.348277777777642,50.0,42.78583880822151,0.049999999999999954,0.03999999999999961
3162.0,0.12166666666660485,3.1120555555554077,3.3476666666665307,50.0,42.78944835341082,0.049999999999999954,0.03999999999999961
3163.0,0.12138888888882707,3.111388888888741,3.3470555555554196,50.0,42.79305911485659,0.049999999999999954,0.03999999999999961
3164.0,0.12111111111104929,3.1107222222220745,3.3464444444443084,50.0,42.796671091798714,0.049999999999999954,0.03999999999999961
3165.0,0.12083333333327151,3.110055555555408,3.3458333333331973,50.0,42.800284283477424,0.049999999999999954,0.03999999999999961
3166.0,0.12055555555549373,3.109388888888741,3.345222222222086,50.0,42.803898689133575,0.049999999999999954,0.03999999999999961
3167.0,0.12027777777771595,3.1087222222220743,3.344611111110975,50.0,42.80751430800842,0.049999999999999954,0.03999999999999961
3168.0,0.11999999999993817,3.1080555555554077,3.343999999999864,50.0,42.81113113934367,0.049999999999999954,0.03999999999999961
3169.0,0.11972222222216039,3.107388888888741,3.343388888888753,50.0,42.814749182381604,0.049999999999999954,0.03999999999999961
3170.0,0.11944444444438261,3.1067222222220745,3.3427777777776417,50.0,42.818368436364835,0.049999999999999954,0.03999999999999961
3171.0,0.11916666666660483,3.106055555555408,3.3421666666665306,50.0,42.82198890053655,0.049999999999999954,0.03999999999999961
3172.0,0.11888888888882705,3.105388888888741,3.3415555555554195,50.0,42.8256105741404,0.049999999999999954,0.03999999999999961
3173.0,0.11861111111104927,3.1047222222220743,3.3409444444443084,50.0,42.82923345642047,0.049999999999999954,0.03999999999999961
3174.0,0.11833333333327149,3.1040555555554077,3.3403333333331973,50.0,42.83285754662131,0.049999999999999954,0.03999999999999961
3175.0,0.11805555555549371,3.103388888888741,3.339722222222086,50.0,42.836482843987994,0.049999999999999954,0.03999999999999961
3176.0,0.11777777777771593,3.1027222222220745,3.339111111110975,50.0,42.84010934776603,0.049999999999999954,0.03999999999999961
3177.0,0.11749999999993815,3.1020555555554075,3.338499999999864,50.0,42.84373705720145,0.049999999999999954,0.03999999999999961
3178.0,0.11722222222216037,3.101388888888741,3.337888888888753,50.0,42.84736597154068,0.049999999999999954,0.03999999999999961
3179.0,0.1169444444443826,3.1007222222220743,3.3372777777776417,50.0,42.85099609003072,0.049999999999999954,0.03999999999999961
3180.0,0.11666666666660482,3.1000555555554077,3.3366666666665306,50.0,42.8546274119189,0.049999999999999954,0.03999999999999961
3181.0,0.11638888888882704,3.099388888888741,3.3360555555554194,50.0,42.85825993645312,0.049999999999999954,0.03999999999999961
3182.0,0.11611111111104926,3.0987222222220745,3.3354444444443083,50.0,42.861893662881755,0.049999999999999954,0.03999999999999961
3183.0,0.11583333333327148,3.0980555555554075,3.334833333333197,50.0,42.86552859045355,0.049999999999999954,0.03999999999999961
3184.0,0.1155555555554937,3.097388888888741,3.334222222222086,50.0,42.869164718417835,0.049999999999999954,0.03999999999999961
3185.0,0.11527777777771592,3.0967222222220743,3.333611111110975,50.0,42.87280204602439,0.049999999999999954,0.03999999999999961
3186.0,0.11499999999993814,3.0960555555554077,3.332999999999864,50.0,42.87644057252339,0.049999999999999954,0.03999999999999961
3187.0,0.11472222222216036,3.095388888888741,3.3323888888887527,50.0,42.88008029716559,0.049999999999999954,0.03999999999999961
3188.0,0.11444444444438258,3.094722222222074,3.3317777777776416,50.0,42.88372121920207,0.049999999999999954,0.03999999999999961
3189.0,0.1141666666666048,3.0940555555554075,3.3311666666665305,50.0,42.887363337884494,0.049999999999999954,0.03999999999999961
3190.0,0.11388888888882702,3.093388888888741,3.3305555555554194,50.0,42.89100665246497,0.049999999999999954,0.03999999999999961
3191.0,0.11361111111104924,3.0927222222220743,3.3299444444443083,50.0,42.894651162196055,0.049999999999999954,0.03999999999999961
3192.0,0.11333333333327146,3.0920555555554077,3.329333333333197,50.0,42.89829686633078,0.049999999999999954,0.03999999999999961
3193.0,0.11305555555549368,3.091388888888741,3.328722222222086,50.0,42.90194376412268,0.049999999999999954,0.03999999999999961
3194.0,0.1127777777777159,3.090722222222074,3.328111111110975,50.0,42.90559185482567,0.049999999999999954,0.03999999999999961
3195.0,0.11249999999993812,3.0900555555554075,3.327499999999864,50.0,42.90924113769421,0.049999999999999954,0.03999999999999961
3196.0,0.11222222222216034,3.089388888888741,3.3268888888887527,50.0,42.91289161198313,0.049999999999999954,0.03999999999999961
3197.0,0.11194444444438256,3.0887222222220743,3.3262777777776416,50.0,42.916543276947834,0.049999999999999954,0.03999999999999961
3198.0,0.11166666666660478,3.0880555555554077,3.3256666666665304,50.0,42.92019613184419,0.049999999999999954,0.03999999999999961
3199.0,0.111388888888827,3.0873888888887406,3.3250555555554193,50.0,42.923850175928465,0.049999999999999954,0.03999999999999961
3200.0,0.11111111111104922,3.086722222222074,3.324444444444308,50.0,42.92750540845742,0.049999999999999954,0.03999999999999961
3201.0,0.11083333333327144,3.0860555555554074,3.323833333333197,50.0,42.93116182868823,0.049999999999999954,0.03999999999999961
3202.0,0.11055555555549366,3.085388888888741,3.323222222222086,50.0,42.93481943587864,0.049999999999999954,0.03999999999999961
3203.0,0.11027777777771589,3.0847222222220743,3.322611111110975,50.0,42.93847822928677,0.049999999999999954,0.03999999999999961
3204.0,0.1099999999999381,3.0840555555554077,3.3219999999998637,50.0,42.94213820817123,0.049999999999999954,0.03999999999999961
3205.0,0.10972222222216033,3.0833888888887406,3.3213888888887526,50.0,42.94579937179111,0.049999999999999954,0.03999999999999961
3206.0,0.10944444444438255,3.082722222222074,3.3207777777776415,50.0,42.949461719405974,0.049999999999999954,0.03999999999999961
3207.0,0.10916666666660477,3.0820555555554074,3.3201666666665304,50.0,42.953125250275775,0.049999999999999954,0.03999999999999961
3208.0,0.10888888888882699,3.081388888888741,3.3195555555554193,50.0,42.95678996366104,0.049999999999999954,0.03999999999999961
3209.0,0.10861111111104921,3.0807222222220743,3.318944444444308,50.0,42.96045585882263,0.049999999999999954,0.03999999999999961
3210.0,0.10833333333327143,3.080055555555407,3.318333333333197,50.0,42.964122935021976,0.049999999999999954,0.03999999999999961
3211.0,0.10805555555549365,3.0793888888887406,3.317722222222086,50.0,42.96779119152092,0.049999999999999954,0.03999999999999961
3212.0,0.10777777777771587,3.078722222222074,3.317111111110975,50.0,42.97146062758179,0.049999999999999954,0.03999999999999961
3213.0,0.10749999999993809,3.0780555555554074,3.3164999999998637,50.0,42.97513124246734,0.049999999999999954,0.03999999999999961
3214.0,0.10722222222216031,3.077388888888741,3.3158888888887526,50.0,42.97880303544082,0.049999999999999954,0.03999999999999961
3215.0,0.10694444444438253,3.0767222222220743,3.3152777777776414,50.0,42.982476005765875,0.049999999999999954,0.03999999999999961
3216.0,0.10666666666660475,3.076055555555407,3.3146666666665303,50.0,42.98615015270673,0.049999999999999954,0.03999999999999961
3217.0,0.10638888888882697,3.0753888888887406,3.314055555555419,50.0,42.98982547552794,0.049999999999999954,0.03999999999999961
3218.0,0.10611111111104919,3.074722222222074,3.313444444444308,50.0,42.99350197349463,0.049999999999999954,0.03999999999999961
3219.0,0.10583333333327141,3.0740555555554074,3.312833333333197,50.0,42.997179645872336,0.049999999999999954,0.03999999999999961
3220.0,0.10555555555549363,3.073388888888741,3.312222222222086,50.0,43.00085849192698,0.049999999999999954,0.03999999999999961
3221.0,0.10527777777771585,3.072722222222074,3.3116111111109747,50.0,43.0045385109251,0.049999999999999954,0.03999999999999961
3222.0,0.10499999999993807,3.072055555555407,3.3109999999998636,50.0,43.008219702133545,0.049999999999999954,0.03999999999999961
3223.0,0.1047222222221603,3.0713888888887406,3.3103888888887525,50.0,43.01190206481971,0.049999999999999954,0.03999999999999961
3224.0,0.10444444444438251,3.070722222222074,3.3097777777776414,50.0,43.01558559825139,0.049999999999999954,0.03999999999999961
3225.0,0.10416666666660473,3.0700555555554074,3.3091666666665303,50.0,43.019270301696906,0.049999999999999954,0.03999999999999961
3226.0,0.10388888888882696,3.069388888888741,3.308555555555419,50.0,43.02295617442502,0.049999999999999954,0.03999999999999961
3227.0,0.10361111111104918,3.068722222222074,3.307944444444308,50.0,43.026643215704894,0.049999999999999954,0.03999999999999961
3228.0,0.1033333333332714,3.068055555555407,3.307333333333197,50.0,43.03033142480621,0.049999999999999954,0.03999999999999961
3229.0,0.10305555555549362,3.0673888888887406,3.306722222222086,50.0,43.03402080099903,0.049999999999999954,0.03999999999999961
3230.0,0.10277777777771584,3.066722222222074,3.3061111111109747,50.0,43.03771134355395,0.049999999999999954,0.03999999999999961
3231.0,0.10249999999993806,3.0660555555554074,3.3054999999998635,50.0,43.04140305174201,0.049999999999999954,0.03999999999999961
3232.0,0.10222222222216028,3.0653888888887404,3.3048888888887524,50.0,43.0450959248347,0.049999999999999954,0.03999999999999961
3233.0,0.1019444444443825,3.064722222222074,3.3042777777776413,50.0,43.04878996210391,0.049999999999999954,0.03999999999999961
3234.0,0.10166666666660472,3.064055555555407,3.30366666666653,50.0,43.05248516282205,0.049999999999999954,0.03999999999999961
3235.0,0.10138888888882694,3.0633888888887406,3.303055555555419,50.0,43.05618152626198,0.049999999999999954,0.03999999999999961
3236.0,0.10111111111104916,3.062722222222074,3.302444444444308,50.0,43.05987905169695,0.049999999999999954,0.03999999999999961
3237.0,0.10083333333327138,3.0620555555554074,3.301833333333197,50.0,43.06357773840074,0.049999999999999954,0.03999999999999961
3238.0,0.1005555555554936,3.0613888888887404,3.3012222222220857,50.0,43.06727758564756,0.049999999999999954,0.03999999999999961
3239.0,0.10027777777771582,3.060722222222074,3.3006111111109746,50.0,43.070978592712095,0.049999999999999954,0.03999999999999961
3240.0,0.09999999999993804,3.060055555555358,3.299999999999814,50.0,43.07468075886942,0.049999999999999954,0.03999999999999961
3241.0,0.09972222222216026,3.0591666666664628,3.2991666666664807,50.0,43.07838408339512,0.049999999999999954,0.03999999999999961
3242.0,0.09944444444438248,3.058249999999796,3.2983333333331473,50.0,43.08209030167632,0.049999999999999954,0.03999999999999961
3243.0,0.0991666666666047,3.057333333333129,3.297499999999814,50.0,43.08579941190442,0.049999999999999954,0.03999999999999961
3244.0,0.09888888888882692,3.056416666666463,3.296666666666481,50.0,43.089511412271975,0.049999999999999954,0.03999999999999961
3245.0,0.09861111111104914,3.055499999999796,3.2958333333331473,50.0,43.09322630097262,0.049999999999999954,0.03999999999999961
3246.0,0.09833333333327136,3.054583333333129,3.294999999999814,50.0,43.09694407620117,0.049999999999999954,0.03999999999999961
3247.0,0.09805555555549358,3.0536666666664622,3.2941666666664804,50.0,43.10066473615353,0.049999999999999954,0.03999999999999961
3248.0,0.0977777777777158,3.0527499999997962,3.2933333333331474,50.0,43.10438827902675,0.049999999999999954,0.03999999999999961
3249.0,0.09749999999993803,3.0518333333331293,3.292499999999814,50.0,43.108114703019,0.049999999999999954,0.03999999999999961
3250.0,0.09722222222216025,3.0509166666664624,3.2916666666664804,50.0,43.11184400632959,0.049999999999999954,0.03999999999999961
3251.0,0.09694444444438247,3.0499999999997955,3.290833333333147,50.0,43.11557618715898,0.049999999999999954,0.03999999999999961
3252.0,0.09666666666660469,3.049083333333129,3.289999999999814,50.0,43.119311243708694,0.049999999999999954,0.03999999999999961
3253.0,0.0963888888888269,3.0481666666664626,3.2891666666664805,50.0,43.1230491741814,0.049999999999999954,0.03999999999999961
3254.0,0.09611111111104913,3.0472499999997957,3.288333333333147,50.0,43.126789976780856,0.049999999999999954,0.03999999999999961
3255.0,0.09583333333327135,3.0463333333331293,3.287499999999814,50.0,43.13053364971205,0.049999999999999954,0.03999999999999961
3256.0,0.09555555555549357,3.0454166666664624,3.2866666666664806,50.0,43.134280191181006,0.049999999999999954,0.03999999999999961
3257.0,0.09527777777771579,3.044499999999796,3.285833333333147,50.0,43.13802959939483,0.049999999999999954,0.03999999999999961
3258.0,0.09499999999993801,3.043583333333129,3.2849999999998136,50.0,43.141781872561864,0.049999999999999954,0.03999999999999961
3259.0,0.09472222222216023,3.0426666666664626,3.2841666666664806,50.0,43.145537008891495,0.049999999999999954,0.03999999999999961
3260.0,0.09444444444438245,3.0417499999997957,3.283333333333147,50.0,43.149295006594286,0.049999999999999954,0.03999999999999961
3261.0,0.09416666666660467,3.0408333333331288,3.2824999999998137,50.0,43.15305586388183,0.049999999999999954,0.03999999999999961
3262.0,0.09388888888882689,3.0399166666664628,3.2816666666664807,50.0,43.15681957896692,0.049999999999999954,0.03999999999999961
3263.0,0.09361111111104911,3.038999999999796,3.280833333333147,50.0,43.16058615006341,0.049999999999999954,0.03999999999999961
3264.0,0.09333333333327133,3.038083333333129,3.2799999999998137,50.0,43.16435557538631,0.049999999999999954,0.03999999999999961
3265.0,0.09305555555549355,3.037166666666462,3.2791666666664803,50.0,43.1681278531517,0.049999999999999954,0.03999999999999961
3266.0,0.09277777777771577,3.036249999999796,3.2783333333331472,50.0,43.17190298157681,0.049999999999999954,0.03999999999999961
3267.0,0.09249999999993799,3.035333333333129,3.277499999999814,50.0,43.17568095887998,0.049999999999999954,0.03999999999999961
3268.0,0.09222222222216021,3.0344166666664623,3.2766666666664803,50.0,43.17946178328066,0.049999999999999954,0.03999999999999961
3269.0,0.09194444444438243,3.033499999999796,3.2758333333331473,50.0,43.183245452999415,0.049999999999999954,0.03999999999999961
3270.0,0.09166666666660465,3.0325833333331293,3.274999999999814,50.0,43.18703196625796,0.049999999999999954,0.03999999999999961
3271.0,0.09138888888882687,3.0316666666664625,3.2741666666664804,50.0,43.19082132127903,0.049999999999999954,0.03999999999999961
3272.0,0.0911111111110491,3.0307499999997956,3.273333333333147,50.0,43.19461351628655,0.049999999999999954,0.03999999999999961
3273.0,0.09083333333327132,3.029833333333129,3.272499999999814,50.0,43.19840854950553,0.049999999999999954,0.03999999999999961
3274.0,0.09055555555549354,3.0289166666664626,3.2716666666664804,50.0,43.20220641916211,0.049999999999999954,0.03999999999999961
3275.0,0.09027777777771576,3.0279999999997957,3.270833333333147,50.0,43.20600712348346,0.049999999999999954,0.03999999999999961
3276.0,0.08999999999993798,3.0270833333331293,3.269999999999814,50.0,43.20981066069794,0.049999999999999954,0.03999999999999961
3277.0,0.0897222222221602,3.0261666666664624,3.2691666666664805,50.0,43.21361702903499,0.049999999999999954,0.03999999999999961
3278.0,0.08944444444438242,3.0252499999997955,3.268333333333147,50.0,43.217426226725195,0.049999999999999954,0.03999999999999961
3279.0,0.08916666666660464,3.024333333333129,3.2674999999998136,50.0,43.22123825200015,0.049999999999999954,0.03999999999999961
3280.0,0.08888888888882686,3.0234166666664626,3.2666666666664805,50.0,43.22505310309265,0.049999999999999954,0.03999999999999961
3281.0,0.08861111111104908,3.0224999999997957,3.265833333333147,50.0,43.22887077823657,0.049999999999999954,0.03999999999999961
3282.0,0.0883333333332713,3.021583333333129,3.2649999999998136,50.0,43.232691275666866,0.049999999999999954,0.03999999999999961
3283.0,0.08805555555549352,3.0206666666664623,3.2641666666664806,50.0,43.236514593619574,0.049999999999999954,0.03999999999999961
3284.0,0.08777777777771574,3.019749999999796,3.263333333333147,50.0,43.24034073033192,0.049999999999999954,0.03999999999999961
3285.0,0.08749999999993796,3.018833333333129,3.2624999999998137,50.0,43.244169684042106,0.049999999999999954,0.03999999999999961
3286.0,0.08722222222216018,3.017916666666462,3.26166666666648,50.0,43.24800145298957,0.049999999999999954,0.03999999999999961
3287.0,0.0869444444443824,3.0169999999997956,3.260833333333147,50.0,43.25183603541478,0.049999999999999954,0.03999999999999961
3288.0,0.08666666666660462,3.016083333333129,3.2599999999998137,50.0,43.255673429559295,0.049999999999999954,0.03999999999999961
3289.0,0.08638888888882684,3.0151666666664623,3.2591666666664802,50.0,43.25951363366585,0.049999999999999954,0.03999999999999961
3290.0,0.08611111111104906,3.014249999999796,3.2583333333331472,50.0,43.26335664597815,0.049999999999999954,0.03999999999999961
3291.0,0.08583333333327128,3.013333333333129,3.2574999999998138,50.0,43.2672024647411,0.049999999999999954,0.03999999999999961
3292.0,0.0855555555554935,3.0124166666664625,3.2566666666664803,50.0,43.271051088200636,0.049999999999999954,0.03999999999999961
3293.0,0.08527777777771572,3.0114999999997956,3.255833333333147,50.0,43.274902514603866,0.049999999999999954,0.03999999999999961
3294.0,0.08499999999993794,3.010583333333129,3.254999999999814,50.0,43.27875674219888,0.049999999999999954,0.03999999999999961
3295.0,0.08472222222216017,3.009666666666462,3.2541666666664804,50.0,43.28261376923501,0.049999999999999954,0.03999999999999961
3296.0,0.08444444444438239,3.0087499999997953,3.253333333333147,50.0,43.28647359396257,0.049999999999999954,0.03999999999999961
3297.0,0.0841666666666046,3.0078333333331293,3.252499999999814,50.0,43.29033621463299,0.049999999999999954,0.03999999999999961
3298.0,0.08388888888882683,3.0069166666664624,3.2516666666664804,50.0,43.29420162949884,0.049999999999999954,0.03999999999999961
3299.0,0.08361111111104905,3.0059999999997955,3.250833333333147,50.0,43.29806983681374,0.049999999999999954,0.03999999999999961
3300.0,0.08333333333327127,3.0050833333331286,3.2499999999998135,50.0,43.30194083483241,0.049999999999999954,0.03999999999999961
3301.0,0.08305555555549349,3.0041666666664626,3.2491666666664805,50.0,43.30581462181061,0.049999999999999954,0.03999999999999961
3302.0,0.08277777777771571,3.0032499999997957,3.248333333333147,50.0,43.3096911960053,0.049999999999999954,0.03999999999999961
3303.0,0.08249999999993793,3.002333333333129,3.2474999999998135,50.0,43.31357055567446,0.049999999999999954,0.03999999999999961
3304.0,0.08222222222216015,3.0014166666664623,3.2466666666664805,50.0,43.31745269907714,0.049999999999999954,0.03999999999999961
3305.0,0.08194444444438237,3.000499999999796,3.245833333333147,50.0,43.32133762447353,0.049999999999999954,0.03999999999999961
3306.0,0.08166666666660459,2.999583333333129,3.2449999999998136,50.0,43.32522533012491,0.049999999999999954,0.03999999999999961
3307.0,0.08138888888882681,2.998666666666462,3.24416666666648,50.0,43.32911581429357,0.049999999999999954,0.03999999999999961
3308.0,0.08111111111104903,2.9977499999997956,3.243333333333147,50.0,43.333009075242956,0.049999999999999954,0.03999999999999961
3309.0,0.08083333333327125,2.9968333333331287,3.2424999999998136,50.0,43.33690511123757,0.049999999999999954,0.03999999999999961
3310.0,0.08055555555549347,2.9959166666664623,3.24166666666648,50.0,43.34080392054307,0.049999999999999954,0.03999999999999961
3311.0,0.08027777777771569,2.994999999999796,3.240833333333147,50.0,43.34470550142606,0.049999999999999954,0.03999999999999961
3312.0,0.07999999999993791,2.994083333333129,3.2399999999998137,50.0,43.34860985215431,0.049999999999999954,0.03999999999999961
3313.0,0.07972222222216013,2.993166666666462,3.2391666666664802,50.0,43.3525169709967,0.049999999999999954,0.03999999999999961
3314.0,0.07944444444438235,2.9922499999997956,3.2383333333331468,50.0,43.35642685622315,0.049999999999999954,0.03999999999999961
3315.0,0.07916666666660457,2.991333333333129,3.2374999999998137,50.0,43.36033950610471,0.049999999999999954,0.03999999999999961
3316.0,0.0788888888888268,2.990416666666462,3.2366666666664803,50.0,43.36425491891339,0.049999999999999954,0.03999999999999961
3317.0,0.07861111111104901,2.9894999999997953,3.235833333333147,50.0,43.368173092922405,0.049999999999999954,0.03999999999999961
3318.0,0.07833333333327124,2.988583333333129,3.2349999999998134,50.0,43.37209402640599,0.049999999999999954,0.03999999999999961
3319.0,0.07805555555549346,2.9876666666664624,3.2341666666664803,50.0,43.37601771763951,0.049999999999999954,0.03999999999999961
3320.0,0.07777777777771568,2.9867499999997955,3.233333333333147,50.0,43.379944164899314,0.049999999999999954,0.03999999999999961
3321.0,0.0774999999999379,2.9858333333331286,3.2324999999998134,50.0,43.38387336646292,0.049999999999999954,0.03999999999999961
3322.0,0.07722222222216012,2.984916666666462,3.2316666666664804,50.0,43.38780532060889,0.049999999999999954,0.03999999999999961
3323.0,0.07694444444438234,2.9839999999997957,3.230833333333147,50.0,43.391740025616855,0.049999999999999954,0.03999999999999961
3324.0,0.07666666666660456,2.983083333333129,3.2299999999998135,50.0,43.39567747976753,0.049999999999999954,0.03999999999999961
3325.0,0.07638888888882678,2.982166666666462,3.22916666666648,50.0,43.39961768134265,0.049999999999999954,0.03999999999999961
3326.0,0.076111111111049,2.9812499999997955,3.228333333333147,50.0,43.403560628625144,0.049999999999999954,0.03999999999999961
3327.0,0.07583333333327122,2.980333333333129,3.2274999999998135,50.0,43.407506319898914,0.049999999999999954,0.03999999999999961
3328.0,0.07555555555549344,2.979416666666462,3.22666666666648,50.0,43.41145475344899,0.049999999999999954,0.03999999999999961
3329.0,0.07527777777771566,2.9784999999997956,3.225833333333147,50.0,43.41540592756144,0.049999999999999954,0.03999999999999961
3330.0,0.07499999999993788,2.9775833333331287,3.2249999999998136,50.0,43.419359840523384,0.049999999999999954,0.03999999999999961
3331.0,0.0747222222221601,2.976666666666462,3.22416666666648,50.0,43.42331649062305,0.049999999999999954,0.03999999999999961
3332.0,0.07444444444438232,2.9757499999997954,3.2233333333331466,50.0,43.427275876149736,0.049999999999999954,0.03999999999999961
3333.0,0.07416666666660454,2.974833333333129,3.2224999999998136,50.0,43.431237995393815,0.049999999999999954,0.03999999999999961
3334.0,0.07388888888882676,2.973916666666462,3.22166666666648,50.0,43.43520284664669,0.049999999999999954,0.03999999999999961
3335.0,0.07361111111104898,2.972999999999795,3.2208333333331467,50.0,43.439170428200896,0.049999999999999954,0.03999999999999961
3336.0,0.0733333333332712,2.972083333333129,3.2199999999998137,50.0,43.44314073834994,0.049999999999999954,0.03999999999999961
3337.0,0.07305555555549342,2.9711666666664622,3.21916666666648,50.0,43.44711377538846,0.049999999999999954,0.03999999999999961
3338.0,0.07277777777771564,2.9702499999997953,3.2183333333331468,50.0,43.45108953761218,0.049999999999999954,0.03999999999999961
3339.0,0.07249999999993786,2.9693333333331284,3.2174999999998133,50.0,43.455068023317835,0.049999999999999954,0.03999999999999961
3340.0,0.07222222222216008,2.9684166666664624,3.2166666666664803,50.0,43.45904923080326,0.049999999999999954,0.03999999999999961
3341.0,0.0719444444443823,2.9674999999997955,3.215833333333147,50.0,43.46303315836735,0.049999999999999954,0.03999999999999961
3342.0,0.07166666666660453,2.9665833333331286,3.2149999999998133,50.0,43.46701980431004,0.049999999999999954,0.03999999999999961
3343.0,0.07138888888882675,2.9656666666664617,3.21416666666648,50.0,43.47100916693233,0.049999999999999954,0.03999999999999961
3344.0,0.07111111111104897,2.9647499999997953,3.213333333333147,50.0,43.475001244536315,0.049999999999999954,0.03999999999999961
3345.0,0.07083333333327119,2.963833333333129,3.2124999999998134,50.0,43.478996035425155,0.049999999999999954,0.03999999999999961
3346.0,0.07055555555549341,2.962916666666462,3.21166666666648,50.0,43.48299353790304,0.049999999999999954,0.03999999999999961
3347.0,0.07027777777771563,2.9619999999997955,3.210833333333147,50.0,43.48699375027519,0.049999999999999954,0.03999999999999961
3348.0,0.06999999999993785,2.9610833333331286,3.2099999999998134,50.0,43.49099667084795,0.049999999999999954,0.03999999999999961
3349.0,0.06972222222216007,2.960166666666462,3.20916666666648,50.0,43.49500229792869,0.049999999999999954,0.03999999999999961
3350.0,0.06944444444438229,2.959249999999795,3.2083333333331465,50.0,43.49901062982582,0.049999999999999954,0.03999999999999961
3351.0,0.06916666666660451,2.9583333333331288,3.2074999999998135,50.0,43.50302166484886,0.049999999999999954,0.03999999999999961
3352.0,0.06888888888882673,2.957416666666462,3.20666666666648,50.0,43.507035401308315,0.049999999999999954,0.03999999999999961
3353.0,0.06861111111104895,2.9564999999997954,3.2058333333331466,50.0,43.51105183751582,0.049999999999999954,0.03999999999999961
3354.0,0.06833333333327117,2.955583333333129,3.2049999999998136,50.0,43.51507097178404,0.049999999999999954,0.03999999999999961
3355.0,0.06805555555549339,2.954666666666462,3.20416666666648,50.0,43.519092802426655,0.049999999999999954,0.03999999999999961
3356.0,0.06777777777771561,2.953749999999795,3.2033333333331466,50.0,43.523117327758484,0.049999999999999954,0.03999999999999961
3357.0,0.06749999999993783,2.9528333333331283,3.202499999999813,50.0,43.527144546095315,0.049999999999999954,0.03999999999999961
3358.0,0.06722222222216005,2.9519166666664622,3.20166666666648,50.0,43.53117445575401,0.049999999999999954,0.03999999999999961
3359.0,0.06694444444438227,2.9509999999997953,3.2008333333331467,50.0,43.535207055052524,0.049999999999999954,0.03999999999999961
3360.0,0.0666666666666045,2.9500833333331284,3.199999999999813,50.0,43.53924234230976,0.049999999999999954,0.03999999999999961
3361.0,0.06638888888882671,2.949166666666462,3.19916666666648,50.0,43.543280315845834,0.049999999999999954,0.03999999999999961
3362.0,0.06611111111104893,2.948249999999795,3.1983333333331467,50.0,43.547320973981755,0.049999999999999954,0.03999999999999961
3363.0,0.06583333333327115,2.9473333333331286,3.1974999999998133,50.0,43.55136431503968,0.049999999999999954,0.03999999999999961
3364.0,0.06555555555549337,2.9464166666664617,3.19666666666648,50.0,43.55541033734278,0.049999999999999954,0.03999999999999961
3365.0,0.0652777777777156,2.9454999999997953,3.195833333333147,50.0,43.559459039215255,0.049999999999999954,0.03999999999999961
3366.0,0.06499999999993782,2.9445833333331284,3.1949999999998133,50.0,43.56351041898239,0.049999999999999954,0.03999999999999961
3367.0,0.06472222222216004,2.943666666666462,3.19416666666648,50.0,43.56756447497054,0.049999999999999954,0.03999999999999961
3368.0,0.06444444444438226,2.9427499999997955,3.193333333333147,50.0,43.57162120550703,0.049999999999999954,0.03999999999999961
3369.0,0.06416666666660448,2.9418333333331286,3.1924999999998134,50.0,43.575680608920266,0.049999999999999954,0.03999999999999961
3370.0,0.0638888888888267,2.9409166666664617,3.19166666666648,50.0,43.57974268353968,0.049999999999999954,0.03999999999999961
3371.0,0.06361111111104892,2.939999999999795,3.1908333333331464,50.0,43.583807427695774,0.049999999999999954,0.03999999999999961
3372.0,0.06333333333327114,2.9390833333331288,3.1899999999998134,50.0,43.58787483972014,0.049999999999999954,0.03999999999999961
3373.0,0.06305555555549336,2.938166666666462,3.18916666666648,50.0,43.59194491794534,0.049999999999999954,0.03999999999999961
3374.0,0.06277777777771558,2.937249999999795,3.1883333333331465,50.0,43.596017660704945,0.049999999999999954,0.03999999999999961
3375.0,0.0624999999999378,2.936333333333129,3.1874999999998135,50.0,43.60009306633367,0.049999999999999954,0.03999999999999961
3376.0,0.06222222222216002,2.935416666666462,3.18666666666648,50.0,43.6041711331672,0.049999999999999954,0.03999999999999961
3377.0,0.06194444444438224,2.934499999999795,3.1858333333331466,50.0,43.60825185954229,0.049999999999999954,0.03999999999999961
3378.0,0.06166666666660446,2.9335833333331283,3.184999999999813,50.0,43.612335243796736,0.049999999999999954,0.03999999999999961
3379.0,0.06138888888882668,2.932666666666462,3.18416666666648,50.0,43.616421284269336,0.049999999999999954,0.03999999999999961
3380.0,0.0611111111110489,2.9317499999997954,3.1833333333331466,50.0,43.62050997929998,0.049999999999999954,0.03999999999999961
3381.0,0.06083333333327112,2.9308333333331285,3.182499999999813,50.0,43.624601327229584,0.049999999999999954,0.03999999999999961
3382.0,0.06055555555549334,2.929916666666462,3.18166666666648,50.0,43.62869532640008,0.049999999999999954,0.03999999999999961
3383.0,0.06027777777771556,2.928999999999795,3.1808333333331467,50.0,43.63279197515442,0.049999999999999954,0.03999999999999961
3384.0,0.059999999999937784,2.9280833333331286,3.179999999999813,50.0,43.63689127183659,0.049999999999999954,0.03999999999999961
3385.0,0.059722222222160004,2.9271666666664617,3.1791666666664797,50.0,43.640993214791706,0.049999999999999954,0.03999999999999961
3386.0,0.059444444444382225,2.9262499999997953,3.1783333333331467,50.0,43.6450978023658,0.049999999999999954,0.03999999999999961
3387.0,0.059166666666604445,2.9253333333331284,3.1774999999998133,50.0,43.64920503290597,0.049999999999999954,0.03999999999999961
3388.0,0.058888888888826665,2.924416666666462,3.17666666666648,50.0,43.65331490476041,0.049999999999999954,0.03999999999999961
3389.0,0.058611111111048886,2.9234999999997955,3.1758333333331468,50.0,43.65742741627827,0.049999999999999954,0.03999999999999961
3390.0,0.058333333333271106,2.9225833333331286,3.1749999999998133,50.0,43.66154256580978,0.049999999999999954,0.03999999999999961
3391.0,0.05805555555549333,2.9216666666664617,3.17416666666648,50.0,43.66566035170615,0.049999999999999954,0.03999999999999961
3392.0,0.05777777777771555,2.920749999999795,3.1733333333331464,50.0,43.669780772319655,0.049999999999999954,0.03999999999999961
3393.0,0.05749999999993777,2.9198333333331288,3.1724999999998134,50.0,43.673903826003595,0.049999999999999954,0.03999999999999961
3394.0,0.05722222222215999,2.918916666666462,3.17166666666648,50.0,43.678029511112356,0.049999999999999954,0.03999999999999961
3395.0,0.05694444444438221,2.917999999999795,3.1708333333331464,50.0,43.68215782600123,0.049999999999999954,0.03999999999999961
3396.0,0.05666666666660443,2.9170833333331285,3.1699999999998134,50.0,43.686288769026646,0.049999999999999954,0.03999999999999961
3397.0,0.05638888888882665,2.9161666666664616,3.16916666666648,50.0,43.690422338546,0.049999999999999954,0.03999999999999961
3398.0,0.05611111111104887,2.915249999999795,3.1683333333331465,50.0,43.69455853291777,0.049999999999999954,0.03999999999999961
3399.0,0.05583333333327109,2.9143333333331283,3.167499999999813,50.0,43.698697350501334,0.049999999999999954,0.03999999999999961
3400.0,0.05555555555549331,2.913416666666462,3.16666666666648,50.0,43.70283878965728,0.049999999999999954,0.03999999999999961
3401.0,0.05527777777771553,2.912499999999795,3.1658333333331465,50.0,43.70698284874709,0.049999999999999954,0.03999999999999961
3402.0,0.05499999999993775,2.9115833333331285,3.164999999999813,50.0,43.71112952613328,0.049999999999999954,0.03999999999999961
3403.0,0.05472222222215997,2.9106666666664616,3.1641666666664796,50.0,43.715278820179435,0.049999999999999954,0.03999999999999961
3404.0,0.05444444444438219,2.909749999999795,3.1633333333331466,50.0,43.71943072925018,0.049999999999999954,0.03999999999999961
3405.0,0.05416666666660441,2.908833333333128,3.162499999999813,50.0,43.723585251711086,0.049999999999999954,0.03999999999999961
3406.0,0.05388888888882663,2.9079166666664618,3.1616666666664797,50.0,43.727742385928764,0.049999999999999954,0.03999999999999961
3407.0,0.053611111111048854,2.9069999999997953,3.1608333333331466,50.0,43.731902130270896,0.049999999999999954,0.03999999999999961
3408.0,0.053333333333271074,2.9060833333331284,3.159999999999813,50.0,43.736064483106134,0.049999999999999954,0.03999999999999961
3409.0,0.053055555555493294,2.9051666666664615,3.1591666666664797,50.0,43.74022944280421,0.049999999999999954,0.03999999999999961
3410.0,0.052777777777715515,2.9042499999997946,3.1583333333331463,50.0,43.74439700773581,0.049999999999999954,0.03999999999999961
3411.0,0.052499999999937735,2.9033333333331286,3.1574999999998132,50.0,43.74856717627267,0.049999999999999954,0.03999999999999961
3412.0,0.052222222222159956,2.9024166666664617,3.1566666666664798,50.0,43.75273994678753,0.049999999999999954,0.03999999999999961
3413.0,0.051944444444382176,2.901499999999795,3.1558333333331463,50.0,43.75691531765415,0.049999999999999954,0.03999999999999961
3414.0,0.0516666666666044,2.9005833333331283,3.1549999999998133,50.0,43.76109328724726,0.049999999999999954,0.03999999999999961
3415.0,0.05138888888882662,2.899666666666462,3.15416666666648,50.0,43.765273853942745,0.049999999999999954,0.03999999999999961
3416.0,0.05111111111104884,2.898749999999795,3.1533333333331464,50.0,43.76945701611737,0.049999999999999954,0.03999999999999961
3417.0,0.05083333333327106,2.897833333333128,3.152499999999813,50.0,43.773642772148946,0.049999999999999954,0.03999999999999961
3418.0,0.05055555555549328,2.8969166666664616,3.15166666666648,50.0,43.77783112041635,0.049999999999999954,0.03999999999999961
3419.0,0.0502777777777155,2.895999999999795,3.1508333333331464,50.0,43.782022059299436,0.049999999999999954,0.03999999999999961
3420.0,0.04999999999993772,2.8950833333331283,3.149999999999813,50.0,43.786215587179015,0.049999999999999954,0.03999999999999961
3421.0,0.04972222222215994,2.894166666666462,3.14916666666648,50.0,43.79041170243704,0.049999999999999954,0.03999999999999961
3422.0,0.04944444444438216,2.893249999999795,3.1483333333331465,50.0,43.794610403456375,0.049999999999999954,0.03999999999999961
3423.0,0.04916666666660438,2.892333333333128,3.147499999999813,50.0,43.7988116886209,0.049999999999999954,0.03999999999999961
3424.0,0.0488888888888266,2.8914166666664616,3.1466666666664795,50.0,43.80301555631553,0.049999999999999954,0.03999999999999961
3425.0,0.04861111111104882,2.890499999999795,3.1458333333331465,50.0,43.80722200492619,0.049999999999999954,0.03999999999999961
3426.0,0.04833333333327104,2.8895833333331282,3.144999999999813,50.0,43.81143103283978,0.049999999999999954,0.03999999999999961
3427.0,0.04805555555549326,2.8886666666664613,3.1441666666664796,50.0,43.815642638444274,0.049999999999999954,0.03999999999999961
3428.0,0.04777777777771548,2.887749999999795,3.143333333333146,50.0,43.819856820128564,0.049999999999999954,0.03999999999999961
3429.0,0.0474999999999377,2.8868333333331284,3.142499999999813,50.0,43.82407357628267,0.049999999999999954,0.03999999999999961
3430.0,0.047222222222159924,2.8859166666664615,3.1416666666664796,50.0,43.828292905297474,0.049999999999999954,0.03999999999999961
3431.0,0.046944444444382144,2.8849999999997946,3.140833333333146,50.0,43.83251480556498,0.049999999999999954,0.03999999999999961
3432.0,0.046666666666604364,2.884083333333128,3.139999999999813,50.0,43.83673927547818,0.049999999999999954,0.03999999999999961
3433.0,0.046388888888826585,2.8831666666664617,3.1391666666664797,50.0,43.84096631343101,0.049999999999999954,0.03999999999999961
3434.0,0.046111111111048805,2.882249999999795,3.1383333333331462,50.0,43.845195917818444,0.049999999999999954,0.03999999999999961
3435.0,0.045833333333271026,2.881333333333128,3.1374999999998128,50.0,43.84942808703647,0.049999999999999954,0.03999999999999961
3436.0,0.045555555555493246,2.8804166666664615,3.1366666666664798,50.0,43.853662819482054,0.049999999999999954,0.03999999999999961
3437.0,0.04527777777771547,2.879499999999795,3.1358333333331463,50.0,43.85790011355323,0.049999999999999954,0.03999999999999961
3438.0,0.04499999999993769,2.878583333333128,3.134999999999813,50.0,43.86213996764894,0.049999999999999954,0.03999999999999961
3439.0,0.04472222222215991,2.8776666666664616,3.13416666666648,50.0,43.86638238016917,0.049999999999999954,0.03999999999999961
3440.0,0.04444444444438213,2.8767499999997947,3.1333333333331463,50.0,43.870627349514905,0.049999999999999954,0.03999999999999961
3441.0,0.04416666666660435,2.8758333333331283,3.132499999999813,50.0,43.87487487408811,0.049999999999999954,0.03999999999999961
3442.0,0.04388888888882657,2.8749166666664614,3.1316666666664794,50.0,43.87912495229182,0.049999999999999954,0.03999999999999961
3443.0,0.04361111111104879,2.873999999999795,3.1308333333331464,50.0,43.88337758252999,0.049999999999999954,0.03999999999999961
3444.0,0.04333333333327101,2.873083333333128,3.129999999999813,50.0,43.88763276320759,0.049999999999999954,0.03999999999999961
3445.0,0.04305555555549323,2.872166666666461,3.1291666666664795,50.0,43.89189049273057,0.049999999999999954,0.03999999999999961
3446.0,0.04277777777771545,2.871249999999795,3.1283333333331464,50.0,43.89615076950594,0.049999999999999954,0.03999999999999961
3447.0,0.04249999999993767,2.8703333333331282,3.127499999999813,50.0,43.900413591941685,0.049999999999999954,0.03999999999999961
3448.0,0.04222222222215989,2.8694166666664613,3.1266666666664795,50.0,43.90467895844671,0.049999999999999954,0.03999999999999961
3449.0,0.04194444444438211,2.8684999999997944,3.125833333333146,50.0,43.90894686743104,0.049999999999999954,0.03999999999999961
3450.0,0.04166666666660433,2.8675833333331284,3.124999999999813,50.0,43.913217317305566,0.049999999999999954,0.03999999999999961
3451.0,0.04138888888882655,2.8666666666664615,3.1241666666664796,50.0,43.91749030648225,0.049999999999999954,0.03999999999999961
3452.0,0.04111111111104877,2.8657499999997946,3.123333333333146,50.0,43.921765833374025,0.049999999999999954,0.03999999999999961
3453.0,0.040833333333270994,2.864833333333128,3.122499999999813,50.0,43.926043896394845,0.049999999999999954,0.03999999999999961
3454.0,0.040555555555493214,2.8639166666664617,3.1216666666664796,50.0,43.930324493959574,0.049999999999999954,0.03999999999999961
3455.0,0.040277777777715434,2.862999999999795,3.120833333333146,50.0,43.93460762448416,0.049999999999999954,0.03999999999999961
3456.0,0.039999999999937655,2.862083333333128,3.1199999999998127,50.0,43.93889328638551,0.049999999999999954,0.03999999999999961
3457.0,0.039722222222159875,2.8611666666664615,3.1191666666664797,50.0,43.9431814780815,0.049999999999999954,0.03999999999999961
3458.0,0.039444444444382096,2.8602499999997946,3.118333333333146,50.0,43.94747219799103,0.049999999999999954,0.03999999999999961
3459.0,0.039166666666604316,2.859333333333128,3.1174999999998128,50.0,43.951765444533976,0.049999999999999954,0.03999999999999961
3460.0,0.03888888888882654,2.8584166666664617,3.1166666666664797,50.0,43.95606121613116,0.049999999999999954,0.03999999999999961
3461.0,0.03861111111104876,2.8574999999997948,3.1158333333331463,50.0,43.96035951120439,0.049999999999999954,0.03999999999999961
3462.0,0.03833333333327098,2.856583333333128,3.114999999999813,50.0,43.964660328176535,0.049999999999999954,0.03999999999999961
3463.0,0.0380555555554932,2.8556666666664614,3.1141666666664793,50.0,43.96896366547145,0.049999999999999954,0.03999999999999961
3464.0,0.03777777777771542,2.854749999999795,3.1133333333331463,50.0,43.973269521513885,0.049999999999999954,0.03999999999999961
3465.0,0.03749999999993764,2.853833333333128,3.112499999999813,50.0,43.97757789472962,0.049999999999999954,0.03999999999999961
3466.0,0.03722222222215986,2.852916666666461,3.1116666666664794,50.0,43.9818887835454,0.049999999999999954,0.03999999999999961
3467.0,0.03694444444438208,2.8519999999997947,3.1108333333331464,50.0,43.986202186388994,0.049999999999999954,0.03999999999999961
3468.0,0.0366666666666043,2.8510833333331282,3.109999999999813,50.0,43.99051810168919,0.049999999999999954,0.03999999999999961
3469.0,0.03638888888882652,2.8501666666664613,3.1091666666664795,50.0,43.994836527875634,0.049999999999999954,0.03999999999999961
3470.0,0.03611111111104874,2.8492499999997944,3.108333333333146,50.0,43.99915746337905,0.049999999999999954,0.03999999999999961
3471.0,0.03583333333327096,2.848333333333128,3.107499999999813,50.0,44.003480906631125,0.049999999999999954,0.03999999999999961
3472.0,0.03555555555549318,2.8474166666664615,3.1066666666664795,50.0,44.00780685606446,0.049999999999999954,0.03999999999999961
3473.0,0.0352777777777154,2.8464999999997946,3.105833333333146,50.0,44.01213531011274,0.049999999999999954,0.03999999999999961
3474.0,0.03499999999993762,2.845583333333128,3.104999999999813,50.0,44.0164662672106,0.049999999999999954,0.03999999999999961
3475.0,0.03472222222215984,2.8446666666664613,3.1041666666664796,50.0,44.02079972579361,0.049999999999999954,0.03999999999999961
3476.0,0.034444444444382064,2.8437499999997944,3.103333333333146,50.0,44.025135684298334,0.049999999999999954,0.03999999999999961
3477.0,0.034166666666604284,2.842833333333128,3.1024999999998126,50.0,44.029474141162325,0.049999999999999954,0.03999999999999961
3478.0,0.033888888888826504,2.8419166666664615,3.1016666666664796,50.0,44.03381509482409,0.049999999999999954,0.03999999999999961
3479.0,0.033611111111048725,2.8409999999997946,3.100833333333146,50.0,44.03815854372317,0.049999999999999954,0.03999999999999961
3480.0,0.033333333333270945,2.8400833333331277,3.0999999999998127,50.0,44.042504486300004,0.049999999999999954,0.03999999999999961
3481.0,0.033055555555493166,2.8391666666664617,3.0991666666664797,50.0,44.04685292099606,0.049999999999999954,0.03999999999999961
3482.0,0.032777777777715386,2.8382499999997948,3.098333333333146,50.0,44.05120384625377,0.049999999999999954,0.03999999999999961
3483.0,0.03249999999993761,2.837333333333128,3.0974999999998127,50.0,44.05555726051654,0.049999999999999954,0.03999999999999961
3484.0,0.03222222222215983,2.836416666666461,3.0966666666664793,50.0,44.059913162228725,0.049999999999999954,0.03999999999999961
3485.0,0.03194444444438205,2.835499999999795,3.0958333333331463,50.0,44.06427154983567,0.049999999999999954,0.03999999999999961
3486.0,0.03166666666660427,2.834583333333128,3.094999999999813,50.0,44.06863242178366,0.049999999999999954,0.03999999999999961
3487.0,0.03138888888882649,2.833666666666461,3.0941666666664793,50.0,44.07299577652003,0.049999999999999954,0.03999999999999961
3488.0,0.031111111111048712,2.8327499999997947,3.0933333333331463,50.0,44.077361612493064,0.049999999999999954,0.03999999999999961
3489.0,0.030833333333270936,2.8318333333331283,3.092499999999813,50.0,44.0817299281519,0.049999999999999954,0.03999999999999961
3490.0,0.03055555555549316,2.8309166666664614,3.0916666666664794,50.0,44.08610072194682,0.049999999999999954,0.03999999999999961
3491.0,0.030277777777715384,2.8299999999997945,3.090833333333146,50.0,44.09047399232895,0.049999999999999954,0.03999999999999961
3492.0,0.029999999999937608,2.829083333333128,3.089999999999813,50.0,44.094849737750394,0.049999999999999954,0.03999999999999961
3493.0,0.02972222222215983,2.828166666666461,3.0891666666664794,50.0,44.09922795666432,0.049999999999999954,0.03999999999999961
3494.0,0.029444444444382056,2.8272499999997946,3.088333333333146,50.0,44.103608647524766,0.049999999999999954,0.03999999999999961
3495.0,0.02916666666660428,2.826333333333128,3.087499999999813,50.0,44.10799180878672,0.049999999999999954,0.03999999999999961
3496.0,0.028888888888826503,2.8254166666664613,3.0866666666664795,50.0,44.11237743890621,0.049999999999999954,0.03999999999999961
3497.0,0.028611111111048727,2.8244999999997944,3.085833333333146,50.0,44.11676553634021,0.049999999999999954,0.03999999999999961
3498.0,0.02833333333327095,2.8235833333331284,3.084999999999813,50.0,44.12115609954668,0.049999999999999954,0.03999999999999961
3499.0,0.028055555555493175,2.8226666666664615,3.0841666666664795,50.0,44.12554912698448,0.049999999999999954,0.03999999999999961
3500.0,0.0277777777777154,2.8217499999997946,3.083333333333146,50.0,44.12994461711344,0.049999999999999954,0.03999999999999961
3501.0,0.027499999999937623,2.8208333333331277,3.0824999999998126,50.0,44.1343425683944,0.049999999999999954,0.03999999999999961
3502.0,0.027222222222159847,2.8199166666664612,3.0816666666664796,50.0,44.138742979289134,0.049999999999999954,0.03999999999999961
3503.0,0.02694444444438207,2.818999999999795,3.080833333333146,50.0,44.14314584826042,0.049999999999999954,0.03999999999999961
3504.0,0.026666666666604295,2.818083333333128,3.0799999999998127,50.0,44.147551173771944,0.049999999999999954,0.03999999999999961
3505.0,0.02638888888882652,2.8171666666664614,3.0791666666664796,50.0,44.15195895428832,0.049999999999999954,0.03999999999999961
3506.0,0.026111111111048742,2.8162499999997945,3.078333333333146,50.0,44.15636918827522,0.049999999999999954,0.03999999999999961
3507.0,0.025833333333270966,2.815333333333128,3.0774999999998127,50.0,44.160781874199245,0.049999999999999954,0.03999999999999961
3508.0,0.02555555555549319,2.8144166666664616,3.0766666666664797,50.0,44.16519701052789,0.049999999999999954,0.03999999999999961
3509.0,0.025277777777715414,2.8134999999997947,3.0758333333331462,50.0,44.16961459572963,0.049999999999999954,0.03999999999999961
3510.0,0.024999999999937638,2.812583333333128,3.0749999999998128,50.0,44.174034628273944,0.049999999999999954,0.03999999999999961
3511.0,0.024722222222159862,2.811666666666462,3.0741666666664798,50.0,44.1784571066313,0.049999999999999954,0.03999999999999961
3512.0,0.024444444444382086,2.810749999999795,3.0733333333331463,50.0,44.182882029273,0.049999999999999954,0.03999999999999961
3513.0,0.02416666666660431,2.809833333333128,3.072499999999813,50.0,44.18730939467139,0.049999999999999954,0.03999999999999961
3514.0,0.023888888888826534,2.808916666666461,3.0716666666664794,50.0,44.1917392012997,0.049999999999999954,0.03999999999999961
3515.0,0.023611111111048758,2.807999999999795,3.0708333333331463,50.0,44.196171447632196,0.049999999999999954,0.03999999999999961
3516.0,0.02333333333327098,2.807083333333128,3.069999999999813,50.0,44.20060613214412,0.049999999999999954,0.03999999999999961
3517.0,0.023055555555493205,2.8061666666664613,3.0691666666664794,50.0,44.205043253311544,0.049999999999999954,0.03999999999999961
3518.0,0.02277777777771543,2.805249999999795,3.0683333333331464,50.0,44.209482809611586,0.049999999999999954,0.03999999999999961
3519.0,0.022499999999937653,2.804333333333128,3.067499999999813,50.0,44.21392479952226,0.049999999999999954,0.03999999999999961
3520.0,0.022222222222159877,2.8034166666664615,3.0666666666664795,50.0,44.21836922152255,0.049999999999999954,0.03999999999999961
3521.0,0.0219444444443821,2.802499999999795,3.0658333333331464,50.0,44.22281607409241,0.049999999999999954,0.03999999999999961
3522.0,0.021666666666604325,2.801583333333128,3.064999999999813,50.0,44.227265355712746,0.049999999999999954,0.03999999999999961
3523.0,0.02138888888882655,2.8006666666664612,3.0641666666664795,50.0,44.23171706486545,0.049999999999999954,0.03999999999999961
3524.0,0.021111111111048773,2.799749999999795,3.063333333333146,50.0,44.236171200033255,0.049999999999999954,0.03999999999999961
